# timestamp[secs] tx ty tz qx qy qz qw
0.025 -0.0 -0.0 -0.0 -0.0 -0.0 -0.0 1.0
0.075 -0.0 -0.0 -0.0 -0.0 -0.0 -0.0 1.0
0.125 0.0019170930609107018 -0.0012858626432716846 0.32044336199760437 -2.6938818336930126e-05 0.001084089046344161 -0.00011758197069866583 0.9999994039535522
0.175 0.0019170930609107018 -0.0012858626432716846 0.32044336199760437 -2.6938818336930126e-05 0.001084089046344161 -0.00011758197069866583 0.9999994039535522
0.225 0.0047853803262114525 0.0006242077215574682 0.6569440364837646 0.0004642126150429249 0.0020792847499251366 -0.0008567783515900373 0.9999973773956299
0.275 0.0047853803262114525 0.0006242077215574682 0.6569440364837646 0.0004642126150429249 0.0020792847499251366 -0.0008567783515900373 0.9999973773956299
0.325 0.008173538371920586 -0.0037399965804070234 1.0063495635986328 -0.00021519383881241083 0.0030166208744049072 -0.0019846248906105757 0.9999935030937195
0.375 0.008173538371920586 -0.0037399965804070234 1.0063495635986328 -0.00021519383881241083 0.0030166208744049072 -0.0019846248906105757 0.9999935030937195
0.425 0.010591255500912666 -0.004214205779135227 1.3731822967529297 -0.00038364939973689616 0.003961699083447456 -0.0023998934775590897 0.9999892115592957
0.475 0.010591255500912666 -0.004214205779135227 1.3731822967529297 -0.00038364939973689616 0.003961699083447456 -0.0023998934775590897 0.9999892115592957
0.525 0.014021719805896282 -0.006086211185902357 1.6907069683074951 -0.00025226245634257793 0.005262977909296751 -0.0027980604209005833 0.9999822378158569
0.575 0.014021719805896282 -0.006086211185902357 1.6907069683074951 -0.00025226245634257793 0.005262977909296751 -0.0027980604209005833 0.9999822378158569
0.625 0.014021719805896282 -0.006086211185902357 1.6907069683074951 -0.00025226245634257793 0.005262977909296751 -0.0027980604209005833 0.9999822378158569
0.675 0.014021719805896282 -0.006086211185902357 1.6907069683074951 -0.00025226245634257793 0.005262977909296751 -0.0027980604209005833 0.9999822378158569
0.725 0.025079192593693733 -0.006274494342505932 2.39428448677063 -5.069817416369915e-05 0.007733766920864582 -0.004037909675389528 0.9999619722366333
0.775 0.025079192593693733 -0.006274494342505932 2.39428448677063 -5.069817416369915e-05 0.007733766920864582 -0.004037909675389528 0.9999619722366333
0.825 0.039710093289613724 -0.007306394632905722 3.039513111114502 0.000175619512447156 0.008972926996648312 -0.004498609807342291 0.9999496340751648
0.875 0.04379342496395111 -0.007599071133881807 3.248591423034668 0.00039067951729521155 0.00964261032640934 -0.0047861686907708645 0.9999420046806335
0.925 0.04882200062274933 -0.002739629242569208 3.498072385787964 0.0006215174798853695 0.01031883992254734 -0.004855009727180004 0.9999347925186157
0.975 0.05546989291906357 -0.009167967364192009 3.70358943939209 0.0008752195280976593 0.011091537773609161 -0.0056098285131156445 0.9999224543571472
1.025 0.061438724398612976 -0.00727596040815115 3.932511568069458 0.0011114721419289708 0.011793490499258041 -0.0056288293562829494 0.9999140501022339
1.075 0.06827379018068314 -0.006958157289773226 4.17141056060791 0.0013913678703829646 0.012489493936300278 -0.005919782444834709 0.9999035000801086
1.125 0.08129163831472397 -0.015575876459479332 4.465329647064209 0.0015375460498034954 0.013143960386514664 -0.006142923142760992 0.9998936057090759
1.175 0.08868560940027237 -0.017194774001836777 4.706553936004639 0.001784181804396212 0.013944911770522594 -0.005956676788628101 0.9998834729194641
1.225 0.09719057381153107 -0.017787223681807518 4.963754653930664 0.0019342368468642235 0.01463747676461935 -0.006700549740344286 0.9998685717582703
1.275 0.10565707832574844 -0.02046937122941017 5.217898368835449 0.0018478999845683575 0.015339728444814682 -0.006768449209630489 0.9998577833175659
1.325 0.11388080567121506 -0.022122807800769806 5.489354610443115 0.0016510901041328907 0.015944037586450577 -0.006461969576776028 0.9998506307601929
1.375 0.12356693297624588 -0.019826332107186317 5.775366306304932 0.0015187974786385894 0.01654321886599064 -0.006441810633987188 0.9998412728309631
1.425 0.13113346695899963 -0.030750766396522522 6.040689945220947 0.001158796832896769 0.017293592914938927 -0.006837909109890461 0.9998264312744141
1.475 0.13983254134655 -0.024341313168406487 6.347667694091797 0.0010875868611037731 0.01805523969233036 -0.006999192293733358 0.9998119473457336
1.525 0.15336520969867706 -0.02891344577074051 6.644159317016602 0.0008626811322756112 0.018526021391153336 -0.006986372638493776 0.9998036026954651
1.575 0.1619080752134323 -0.02192077413201332 6.938465595245361 0.0009786949958652258 0.01910325139760971 -0.0071181124076247215 0.9997917413711548
1.625 0.17738696932792664 -0.02564636431634426 7.231785297393799 0.0005723169888369739 0.019527163356542587 -0.0068921721540391445 0.9997854828834534
1.675 0.18202117085456848 -0.024575157091021538 7.518349647521973 0.00016064335068222135 0.020021356642246246 -0.006749594118446112 0.9997768402099609
1.725 0.20331057906150818 -0.031118426471948624 7.8336052894592285 -0.0002916127268690616 0.020243443548679352 -0.00674453703686595 0.999772310256958
1.775 0.22021909058094025 -0.03820424526929855 8.129737854003906 -0.0008029948803596199 0.020497886463999748 -0.00666465749964118 0.9997674226760864
1.825 0.2348226010799408 -0.04087356850504875 8.424138069152832 -0.0012439466081559658 0.02053392305970192 -0.006010457407683134 0.9997704029083252
1.875 0.25026530027389526 -0.04272489994764328 8.740994453430176 -0.001775239361450076 0.020416809245944023 -0.005702592432498932 0.9997737407684326
1.925 0.2723923325538635 -0.05297362431883812 9.038167953491211 -0.0024610860273241997 0.020232336595654488 -0.0052604093216359615 0.9997785091400146
1.975 0.2727489769458771 -0.043779000639915466 9.390192985534668 -0.002691075671464205 0.02015417441725731 -0.005198597442358732 0.9997798204421997
2.025 0.28424710035324097 -0.046872325241565704 9.718310356140137 -0.0030993097461760044 0.01992407999932766 -0.005154904909431934 0.999783456325531
2.075 0.29121533036231995 -0.03800549358129501 10.05264949798584 -0.0033174087293446064 0.019620349630713463 -0.005102174822241068 0.9997889995574951
2.125 0.3055272400379181 -0.061165571212768555 10.338726997375488 -0.004199294839054346 0.018941788002848625 -0.004407364409416914 0.9998021125793457
2.175 0.3123236298561096 -0.03972155973315239 10.693431854248047 -0.004268239717930555 0.018508639186620712 -0.004460027441382408 0.9998096227645874
2.225 0.3277583718299866 -0.043775252997875214 11.01747989654541 -0.004788304679095745 0.017694007605314255 -0.004289555363357067 0.9998227953910828
2.275 0.34219619631767273 -0.046901628375053406 11.344171524047852 -0.005484797526150942 0.016910267993807793 -0.004421856254339218 0.9998322129249573
2.325 0.34546929597854614 -0.03932837396860123 11.679964065551758 -0.005946004763245583 0.016186509281396866 -0.004436578135937452 0.9998415112495422
2.375 0.35156315565109253 -0.03763936460018158 12.006444931030273 -0.006453481502830982 0.015479044988751411 -0.004614782053977251 0.9998487830162048
2.425 0.3516250252723694 -0.03028406947851181 12.336786270141602 -0.006670383736491203 0.014755729585886002 -0.004576936364173889 0.9998584389686584
2.475 0.36273378133773804 -0.025366630405187607 12.700841903686523 -0.007034526206552982 0.013665554113686085 -0.004927556961774826 0.9998697638511658
2.525 0.3689988851547241 -0.020331356674432755 13.04100227355957 -0.007353769615292549 0.012447517365217209 -0.004923577886074781 0.9998834133148193
2.575 0.37757357954978943 -0.016171129420399666 13.380224227905273 -0.007566062267869711 0.011183256283402443 -0.004931062459945679 0.999896764755249
2.625 0.382084459066391 -0.01438086573034525 13.727527618408203 -0.007756985258311033 0.009891647845506668 -0.004782575182616711 0.9999095797538757
2.675 0.38827675580978394 -0.005168834701180458 14.067852973937988 -0.007744597736746073 0.008346066810190678 -0.004409716464579105 0.9999254941940308
2.725 0.3891546428203583 -0.003121260553598404 14.409257888793945 -0.008136434480547905 0.006616808939725161 -0.004408013541251421 0.9999353289604187
2.775 0.3877995014190674 0.005314427427947521 14.761022567749023 -0.00836157612502575 0.004696831572800875 -0.003910183906555176 0.9999463558197021
2.825 0.38462451100349426 0.01779928058385849 15.121146202087402 -0.008585303090512753 0.0026011273730546236 -0.00425861869007349 0.9999507665634155
2.875 0.37840041518211365 0.012974865734577179 15.473199844360352 -0.008963851258158684 0.00027856172528117895 -0.003908971790224314 0.9999521970748901
2.925 0.36265769600868225 0.027892334386706352 15.84640884399414 -0.008932487107813358 -0.002207322046160698 -0.003886213293299079 0.9999501705169678
2.975 0.3650355339050293 0.030918685719370842 16.218303680419922 -0.009252575226128101 -0.005403975956141949 -0.003132790559902787 0.9999377131462097
3.025 0.35372474789619446 0.03879614919424057 16.578590393066406 -0.009693131782114506 -0.008692875504493713 -0.0029199018608778715 0.9999110102653503
3.075 0.3337762653827667 0.04481784999370575 16.948097229003906 -0.010371019132435322 -0.012384956702589989 -0.0029030190780758858 0.9998653531074524
3.125 0.31124147772789 0.049635350704193115 17.330957412719727 -0.01139193493872881 -0.01628958061337471 -0.002898518228903413 0.9997982382774353
3.175 0.28247952461242676 0.06968545913696289 17.72653579711914 -0.012235738337039948 -0.020147746428847313 -0.00374040100723505 0.9997152090072632
3.225 0.2559203505516052 0.07496098428964615 18.095956802368164 -0.013066860847175121 -0.024635253474116325 -0.00408856850117445 0.999602735042572
3.275 0.22806529700756073 0.07960251718759537 18.489137649536133 -0.01364183984696865 -0.029302192851901054 -0.004359527491033077 0.9994680285453796
3.325 0.17647387087345123 0.09276382625102997 18.859163284301758 -0.013756120577454567 -0.03376457840204239 -0.004413803573697805 0.9993253946304321
3.375 0.1399572342634201 0.102227121591568 19.245718002319336 -0.013842754065990448 -0.03896745294332504 -0.0038257050327956676 0.999137282371521
3.425 0.10080792754888535 0.11641900986433029 19.64340591430664 -0.013477250002324581 -0.04435349628329277 -0.002680759644135833 0.9989213943481445
3.475 0.054270271211862564 0.11902735382318497 20.01996421813965 -0.013124004006385803 -0.04965677112340927 -0.0019830723758786917 0.9986782073974609
3.525 -0.0059763286262750626 0.13178394734859467 20.41750144958496 -0.012736805714666843 -0.0548272542655468 -0.0024202161002904177 0.9984117150306702
3.575 -0.06474155932664871 0.1425522416830063 20.81145668029785 -0.01273998711258173 -0.06043912097811699 -0.002717845141887665 0.9980869293212891
3.625 -0.12600351870059967 0.15131893754005432 21.196712493896484 -0.013052315451204777 -0.0662858784198761 -0.002288674470037222 0.9977127313613892
3.675 -0.20369426906108856 0.16314862668514252 21.591096878051758 -0.013331710360944271 -0.07213187217712402 -0.0010018277680501342 0.9973055720329285
3.725 -0.27159589529037476 0.16894768178462982 21.991172790527344 -0.013614888302981853 -0.0784023180603981 -0.0003426393959671259 0.9968287944793701
3.775 -0.34993425011634827 0.1768924742937088 22.384599685668945 -0.013896879740059376 -0.0848604142665863 0.0002096274693030864 0.9962959885597229
3.825 -0.43192633986473083 0.18634070456027985 22.784528732299805 -0.01423126645386219 -0.09150977432727814 0.0009237371850758791 0.9957021474838257
3.875 -0.5247666835784912 0.19325289130210876 23.173919677734375 -0.014457017183303833 -0.09800415486097336 0.0013039902551099658 0.9950801730155945
3.925 -0.6269791126251221 0.2003684639930725 23.584686279296875 -0.014663266949355602 -0.10449312627315521 0.0015667818952351809 0.9944162964820862
3.975 -0.729692816734314 0.20979924499988556 23.980634689331055 -0.01481688767671585 -0.1114530935883522 0.0017724259523674846 0.993657648563385
4.025 -0.8451828956604004 0.21927493810653687 24.378053665161133 -0.015177596360445023 -0.11843793839216232 0.0015535028651356697 0.99284428358078
4.075 -0.9599370956420898 0.22866062819957733 24.782855987548828 -0.015764500945806503 -0.1254335641860962 0.0021471665240824223 0.9919744729995728
4.125 -1.079856276512146 0.23635955154895782 25.17744255065918 -0.016341567039489746 -0.13254036009311676 0.0032932457979768515 0.9910374879837036
4.175 -1.207650065422058 0.24977929890155792 25.57979965209961 -0.016933081671595573 -0.13972562551498413 0.00395355187356472 0.9900376200675964
4.225 -1.3424420356750488 0.26368486881256104 25.9765625 -0.01754499040544033 -0.14673267304897308 0.004172006621956825 0.9890117645263672
4.275 -1.4790478944778442 0.26965317130088806 26.378293991088867 -0.018017340451478958 -0.15366016328334808 0.0044389027170836926 0.9879494905471802
4.325 -1.6242728233337402 0.2797902822494507 26.770864486694336 -0.017982281744480133 -0.16051289439201355 0.0043501583859324455 0.9868603944778442
4.375 -1.7748478651046753 0.2887575924396515 27.1595458984375 -0.017895689234137535 -0.16738419234752655 0.0036576618440449238 0.985722541809082
4.425 -1.9376952648162842 0.30144956707954407 27.562326431274414 -0.017843130975961685 -0.17404979467391968 0.0032436507754027843 0.9845698475837708
4.475 -2.103834867477417 0.3144720494747162 27.953853607177734 -0.01774219051003456 -0.18095602095127106 0.003006622428074479 0.9833266139030457
4.525 -2.275338649749756 0.32336103916168213 28.346118927001953 -0.017780035734176636 -0.18810231983661652 0.002595036057755351 0.9819850921630859
4.575 -2.447499990463257 0.33744898438453674 28.737504959106445 -0.017979539930820465 -0.19521595537662506 0.002385560190305114 0.980592668056488
4.625 -2.634016513824463 0.3475843369960785 29.127147674560547 -0.01818169094622135 -0.20248693227767944 0.002098281169310212 0.9791139364242554
4.675 -2.8237266540527344 0.36090704798698425 29.517410278320312 -0.018054598942399025 -0.20989231765270233 0.0014896208886057138 0.9775567054748535
4.725 -3.0200586318969727 0.3733758330345154 29.906604766845703 -0.017917023971676826 -0.21707360446453094 0.0007855607545934618 0.9759905338287354
4.775 -3.220503330230713 0.38405224680900574 30.28987693786621 -0.017601942643523216 -0.22446247935295105 0.000505881558638066 0.9743236899375916
4.825 -3.430889129638672 0.3942132294178009 30.668798446655273 -0.016933249309659004 -0.2316821664571762 -0.00026799694751389325 0.9726441502571106
4.875 -3.6422696113586426 0.40507251024246216 31.046398162841797 -0.016182448714971542 -0.2388654202222824 -0.000529806362465024 0.9709177017211914
4.925 -3.8631434440612793 0.4164256155490875 31.420066833496094 -0.015386784449219704 -0.24608579277992249 -0.0009160604677163064 0.969125509262085
4.975 -4.089366912841797 0.4266778528690338 31.795425415039062 -0.014782176353037357 -0.2534100413322449 -0.0008723592036403716 0.9672456383705139
5.025 -4.32535457611084 0.43620842695236206 32.163307189941406 -0.014442785643041134 -0.2604462504386902 -0.0014278694288805127 0.9653792977333069
5.075 -4.562169551849365 0.4462820887565613 32.525794982910156 -0.014430084265768528 -0.2677380442619324 -0.0020650578662753105 0.9633815288543701
5.125 -4.80745792388916 0.4518415331840515 32.888404846191406 -0.014653877355158329 -0.27498090267181396 -0.0023402550723403692 0.9613352417945862
5.175 -5.066999435424805 0.4634459912776947 33.254722595214844 -0.01505661103874445 -0.2818193733692169 -0.002667850349098444 0.9593456387519836
5.225 -5.316636085510254 0.47087550163269043 33.616207122802734 -0.015840264037251472 -0.28901007771492004 -0.0013897763565182686 0.9571940302848816
5.275 -5.576386451721191 0.47953832149505615 33.97180938720703 -0.0157764945179224 -0.29588407278060913 -0.00031416284036822617 0.9550935626029968
5.325 -5.838776588439941 0.48090076446533203 34.31937789916992 -0.014991206116974354 -0.30261799693107605 -0.0004544156545307487 0.9529939889907837
5.375 -6.11348295211792 0.48824572563171387 34.663368225097656 -0.01404834445565939 -0.3090467154979706 -0.0005650299717672169 0.9509429931640625
5.425 -6.384702682495117 0.4951865077018738 35.01118850708008 -0.013000794686377048 -0.3154633045196533 -0.00022815428383182734 0.9488486647605896
5.475 -6.652377605438232 0.5022605657577515 35.34484100341797 -0.011916585266590118 -0.32169806957244873 -0.00023684758343733847 0.9467673301696777
5.525 -6.939720153808594 0.5089966058731079 35.68485641479492 -0.01165507361292839 -0.3279016315937042 -0.00019469829567242414 0.9446399211883545
5.575 -7.229282379150391 0.5165586471557617 36.02647399902344 -0.012562219984829426 -0.3339177072048187 -0.00017946618027053773 0.9425185322761536
5.625 -7.522747993469238 0.5198795199394226 36.36332321166992 -0.013655436225235462 -0.339311808347702 -0.00016618482186459005 0.9405748844146729
5.675 -7.824545860290527 0.5267525911331177 36.703609466552734 -0.014917019754648209 -0.3444560766220093 0.0011478838277980685 0.9386832118034363
5.725 -8.13017463684082 0.5352017879486084 37.04676055908203 -0.016135312616825104 -0.3495998978614807 0.0026701840106397867 0.9367563724517822
5.775 -8.428003311157227 0.5424501299858093 37.373023986816406 -0.016445275396108627 -0.3541538417339325 0.004258953500539064 0.9350329041481018
5.825 -8.736371040344238 0.5486469864845276 37.70724868774414 -0.01616208627820015 -0.358664870262146 0.005829573143273592 0.9333083033561707
5.875 -9.04241943359375 0.5502525568008423 38.02968215942383 -0.015377742238342762 -0.36278942227363586 0.007271564099937677 0.9317159652709961
5.925 -9.358985900878906 0.5575717091560364 38.35363006591797 -0.014149132184684277 -0.36654597520828247 0.008622979745268822 0.9302524328231812
5.975 -9.681580543518066 0.5624975562095642 38.678977966308594 -0.013000192120671272 -0.37029844522476196 0.00923715066164732 0.92877596616745
6.025 -9.99586296081543 0.5582846403121948 38.995391845703125 -0.012266060337424278 -0.37380149960517883 0.009616890922188759 0.9273778200149536
6.075 -10.32923698425293 0.5730384588241577 39.32341766357422 -0.011756994761526585 -0.3769616484642029 0.009770623408257961 0.9261027574539185
6.125 -10.65410041809082 0.5779154896736145 39.64185333251953 -0.011182225309312344 -0.38013729453086853 0.009698468260467052 0.9248117208480835
6.175 -10.985298156738281 0.5809796452522278 39.959861755371094 -0.010884490795433521 -0.38295623660087585 0.009343484416604042 0.9236551523208618
6.225 -11.322481155395508 0.5857945680618286 40.27680969238281 -0.010415888391435146 -0.3855495750904083 0.009002909995615482 0.9225844740867615
6.275 -11.661467552185059 0.5793961882591248 40.596187591552734 -0.009559457190334797 -0.38779348134994507 0.008298528380692005 0.9216594099998474
6.325 -11.999063491821289 0.5784159898757935 40.91396713256836 -0.008545128628611565 -0.39005938172340393 0.007642169948667288 0.9207183122634888
6.375 -12.354040145874023 0.5844955444335938 41.23867416381836 -0.007775645703077316 -0.3918483257293701 0.007159300148487091 0.9199692010879517
6.425 -12.693928718566895 0.5793949365615845 41.5614013671875 -0.007637249771505594 -0.3935166895389557 0.00681914109736681 0.9192604422569275
6.475 -13.038883209228516 0.5788924694061279 41.88022994995117 -0.0077438876032829285 -0.3951522409915924 0.006716128438711166 0.9185584783554077
6.525 -13.384798049926758 0.5780208110809326 42.193519592285156 -0.007902989163994789 -0.3964988887310028 0.006057390943169594 0.9179812669754028
6.575 -13.726978302001953 0.5794163942337036 42.50170135498047 -0.008373606018722057 -0.3976477384567261 0.005610921420156956 0.917482852935791
6.625 -14.076348304748535 0.5805816054344177 42.82252502441406 -0.009076743386685848 -0.39890241622924805 0.006069886032491922 0.9169284105300903
6.675 -14.418876647949219 0.5801868438720703 43.140838623046875 -0.009441695176064968 -0.40018710494041443 0.006705038715153933 0.9163603186607361
6.725 -14.759639739990234 0.5857939720153809 43.4472541809082 -0.009374504908919334 -0.4010714888572693 0.007050085812807083 0.9159716963768005
6.775 -15.104618072509766 0.5853210091590881 43.760780334472656 -0.009045829065144062 -0.40211039781570435 0.007021037396043539 0.915519654750824
6.825 -15.45827865600586 0.5903749465942383 44.07696533203125 -0.008484765887260437 -0.4028957784175873 0.007225625682622194 0.9151780605316162
6.875 -15.796453475952148 0.5940405130386353 44.37600326538086 -0.007817031815648079 -0.4034711718559265 0.006640080362558365 0.9149348735809326
6.925 -16.1463680267334 0.5929854512214661 44.68629837036133 -0.007302470039576292 -0.40422919392585754 0.006098139565438032 0.9146082997322083
6.975 -16.501850128173828 0.5918190479278564 45.00115203857422 -0.007086016703397036 -0.4049108624458313 0.00564521923661232 0.9143112897872925
7.025 -16.840145111083984 0.5986328125 45.29477310180664 -0.006970938295125961 -0.4053317606449127 0.00515426741912961 0.9141285419464111
7.075 -17.1912784576416 0.596791684627533 45.60608673095703 -0.007277071475982666 -0.40581366419792175 0.004485351033508778 0.9139158725738525
7.125 -17.541223526000977 0.597131609916687 45.920494079589844 -0.007732624653726816 -0.4061543047428131 0.0039999173022806644 0.9137631058692932
7.175 -17.903255462646484 0.6010870337486267 46.239051818847656 -0.008312465623021126 -0.40635624527931213 0.003373953513801098 0.9136707186698914
7.225 -18.25301742553711 0.6066893339157104 46.53596496582031 -0.008688919246196747 -0.40629610419273376 0.0027184602804481983 0.9136961698532104
7.275 -18.601152420043945 0.605920135974884 46.8474235534668 -0.009216093458235264 -0.40660181641578674 0.002261056797578931 0.9135562181472778
7.325 -18.95257568359375 0.6070530414581299 47.15895080566406 -0.009790382348001003 -0.4068215787410736 0.0019654242787510157 0.9134530425071716
7.375 -19.308298110961914 0.6099728345870972 47.46761703491211 -0.01015419140458107 -0.40696755051612854 0.001564812264405191 0.9133849143981934
7.425 -19.660125732421875 0.614620566368103 47.76771545410156 -0.010567746125161648 -0.406780868768692 0.0012204365339130163 0.913463830947876
7.475 -20.01129913330078 0.6171954870223999 48.079978942871094 -0.011048040352761745 -0.4068051874637604 0.0010782271856442094 0.9134474992752075
7.525 -20.358848571777344 0.6210466027259827 48.39100646972656 -0.011589154601097107 -0.40675950050354004 0.001268216990865767 0.9134609699249268
7.575 -20.705890655517578 0.623582124710083 48.6987190246582 -0.012356417253613472 -0.4068082869052887 0.0016185970744118094 0.913428544998169
7.625 -21.05060577392578 0.6347098350524902 49.00733184814453 -0.012906590476632118 -0.40657439827919006 0.0016832106048241258 0.9135249853134155
7.675 -21.394062042236328 0.638788640499115 49.31926345825195 -0.013467339798808098 -0.4065698981285095 0.0018496211851015687 0.9135186076164246
7.725 -21.74728775024414 0.6452069282531738 49.635826110839844 -0.01379386056214571 -0.4065178334712982 0.0019742692820727825 0.9135366082191467
7.775 -22.09697723388672 0.6509779691696167 49.94792175292969 -0.013768533244729042 -0.4063180088996887 0.0020937614608556032 0.9136255979537964
7.825 -22.44037437438965 0.6619362235069275 50.24726867675781 -0.013378982432186604 -0.40614989399909973 0.0024223760701715946 0.9137054085731506
7.875 -22.783843994140625 0.6712110042572021 50.55377960205078 -0.012619029730558395 -0.4061261713504791 0.0027540812734514475 0.9137257933616638
7.925 -23.126644134521484 0.6736484169960022 50.85753631591797 -0.011201695539057255 -0.4061223566532135 0.0025831684470176697 0.9137464165687561
7.975 -23.46938705444336 0.6747406125068665 51.175254821777344 -0.009992715902626514 -0.40612971782684326 0.002873467979952693 0.9137563109397888
8.025 -23.812095642089844 0.678946852684021 51.486289978027344 -0.008837752975523472 -0.40607360005378723 0.0032021570950746536 0.913792073726654
8.075 -24.158092498779297 0.6814855337142944 51.792816162109375 -0.0077636404894292355 -0.4059065580368042 0.00344535312615335 0.913875162601471
8.125 -24.498903274536133 0.680679976940155 52.100746154785156 -0.007206674199551344 -0.40580394864082336 0.003548750886693597 0.9139249324798584
8.175 -24.857933044433594 0.681159257888794 52.41478729248047 -0.006891551893204451 -0.40548014640808105 0.0032227030023932457 0.9140722155570984
8.225 -25.194385528564453 0.6798869371414185 52.72072982788086 -0.006798301823437214 -0.40533143281936646 0.003043570788577199 0.9141395092010498
8.275 -25.54195785522461 0.6801633238792419 53.030635833740234 -0.006615541875362396 -0.4049373269081116 0.002861485118046403 0.9143160581588745
8.325 -25.8939208984375 0.6803747415542603 53.349517822265625 -0.006689245346933603 -0.40484219789505005 0.002841017907485366 0.9143577814102173
8.375 -26.232824325561523 0.6787720918655396 53.658409118652344 -0.006391395814716816 -0.40476182103157043 0.002345495158806443 0.9143968820571899
8.425 -26.57476806640625 0.6785833239555359 53.96047592163086 -0.005917582660913467 -0.4044938087463379 0.0017812164733186364 0.9145199060440063
8.475 -26.91754150390625 0.6769155263900757 54.27064514160156 -0.005565844476222992 -0.40424975752830505 0.0013897836906835437 0.9146307110786438
8.525 -27.253206253051758 0.6671081185340881 54.58721923828125 -0.005725733935832977 -0.40425071120262146 0.0012829030165448785 0.9146293997764587
8.575 -27.5933837890625 0.6670510768890381 54.89310836791992 -0.005433410871773958 -0.40401574969291687 0.000777430715970695 0.9147355556488037
8.625 -27.927783966064453 0.6673485040664673 55.19451904296875 -0.005102560389786959 -0.4038158059120178 0.00022557044576387852 0.9148260951042175
8.675 -28.27542495727539 0.6671061515808105 55.50153350830078 -0.004759959876537323 -0.4034821689128876 -0.0006046566995792091 0.9149749875068665
8.725 -28.608028411865234 0.6644799113273621 55.80560302734375 -0.004371308255940676 -0.4032619595527649 -0.0008362049702554941 0.915073812007904
8.775 -28.940248489379883 0.6636826395988464 56.09934997558594 -0.003881120355799794 -0.402984082698822 -0.0013860097387805581 0.9151977300643921
8.825 -29.28254508972168 0.6582719683647156 56.40983581542969 -0.00345488078892231 -0.4027332663536072 -0.001376474741846323 0.9153099060058594
8.875 -29.610044479370117 0.6572538614273071 56.707862854003906 -0.0028287272434681654 -0.4025365710258484 -0.0013433280400931835 0.9153985977172852
8.925 -29.940460205078125 0.6540062427520752 57.012935638427734 -0.0020219944417476654 -0.4022403061389923 -0.0017660156590864062 0.915530264377594
8.975 -30.266239166259766 0.650797963142395 57.30274963378906 -0.0013021433260291815 -0.40174928307533264 -0.0021137408912181854 0.9157463908195496
9.025 -30.589338302612305 0.645453929901123 57.60057830810547 -0.000987808220088482 -0.4014471769332886 -0.0020826857071369886 0.9158792495727539
9.075 -30.9227294921875 0.6472499370574951 57.90451431274414 -0.0005177311832085252 -0.4010302424430847 -0.0019032818963751197 0.9160627126693726
9.125 -31.2469482421875 0.6359347105026245 58.20464324951172 -0.0005756543832831085 -0.4007035195827484 -0.0019136857008561492 0.916205644607544
9.175 -31.57611083984375 0.6354995965957642 58.504791259765625 -0.00031076406594365835 -0.4003109633922577 -0.0020292564295232296 0.9163771271705627
9.225 -31.902297973632812 0.6323825716972351 58.80278015136719 -0.0002534181112423539 -0.39987480640411377 -0.0017709069652482867 0.9165680408477783
9.275 -32.22179412841797 0.6286027431488037 59.101844787597656 -0.00042507704347372055 -0.3994373679161072 -0.0015382957644760609 0.9167591333389282
9.325 -32.538169860839844 0.6239452362060547 59.395751953125 -0.00024102802854031324 -0.3990175127983093 -0.0013387138023972511 0.916942298412323
9.375 -32.85910415649414 0.6204451322555542 59.69056701660156 0.00016935981693677604 -0.3987036645412445 -0.0015208804979920387 0.9170786142349243
9.425 -33.17143630981445 0.6157983541488647 59.987464904785156 0.0006848122575320303 -0.398271381855011 -0.0012784652644768357 0.9172665476799011
9.475 -33.48526382446289 0.6006904244422913 60.28268051147461 0.0008042424451559782 -0.39779552817344666 -0.0008779139025136828 0.9174733757972717
9.525 -33.811309814453125 0.605538010597229 60.58941650390625 0.0016141640953719616 -0.3972981870174408 -0.0009371940977871418 0.917687714099884
9.575 -34.126930236816406 0.6001492142677307 60.88219451904297 0.0021650444250553846 -0.3967570960521698 -0.0009959721937775612 0.9179205298423767
9.625 -34.43486404418945 0.5917549729347229 61.17518997192383 0.002340022474527359 -0.39620110392570496 -0.0010323162423446774 0.9181602001190186
9.675 -34.751956939697266 0.5882487297058105 61.46656036376953 0.002638988196849823 -0.39546722173690796 -0.000792711041867733 0.9184759855270386
9.725 -35.061920166015625 0.576168417930603 61.763145446777344 0.002549720462411642 -0.3948513865470886 -0.0007840988109819591 0.9187411665916443
9.775 -35.366943359375 0.5686155557632446 62.051673889160156 0.0029477644711732864 -0.3942376375198364 -0.0012177093885838985 0.9190030694007874
9.825 -35.67186737060547 0.5632330775260925 62.345367431640625 0.003450133604928851 -0.39363905787467957 -0.001213360927067697 0.9192578196525574
9.875 -35.96746826171875 0.5559526085853577 62.63009262084961 0.00391530804336071 -0.3928634226322174 -0.0013648368185386062 0.9195874929428101
9.925 -36.26888656616211 0.5472762584686279 62.91859436035156 0.004223322030156851 -0.39217785000801086 -0.0014258655719459057 0.9198786616325378
9.975 -36.569766998291016 0.5424914956092834 63.2075309753418 0.0045806411653757095 -0.3914457857608795 -0.0017236943822354078 0.9201881885528564
10.025 -36.8680419921875 0.5300061702728271 63.49660110473633 0.004616033285856247 -0.39071157574653625 -0.0023800006601959467 0.9204985499382019
10.075 -37.16785430908203 0.5164884924888611 63.78691864013672 0.0045594810508191586 -0.3897703289985657 -0.002859758445993066 0.9208964109420776
10.125 -37.46430206298828 0.5087385773658752 64.07916259765625 0.0044197202660143375 -0.38896551728248596 -0.0030479859560728073 0.9212367534637451
10.175 -37.757972717285156 0.49927040934562683 64.36519622802734 0.004456415306776762 -0.38790276646614075 -0.0034230377059429884 0.921683132648468
10.225 -38.041847229003906 0.4865889549255371 64.64618682861328 0.004812605679035187 -0.38691288232803345 -0.004159130621701479 0.9220943450927734
10.275 -38.34723663330078 0.4831027090549469 64.94759368896484 0.0055520134046673775 -0.3856580853462219 -0.004842931870371103 0.9226123690605164
10.325 -38.63507843017578 0.4747048616409302 65.23208618164062 0.0059482259675860405 -0.3844190835952759 -0.005217553116381168 0.9231248497962952
10.375 -38.918521881103516 0.46764057874679565 65.51860046386719 0.006239730399101973 -0.38316428661346436 -0.005362566560506821 0.9236435890197754
10.425 -39.19602966308594 0.45861494541168213 65.79649353027344 0.0064310296438634396 -0.38177645206451416 -0.005910660605877638 0.9242134690284729
10.475 -39.49525451660156 0.453241765499115 66.09413146972656 0.006401325576007366 -0.3802933096885681 -0.006341924890875816 0.9248220324516296
10.525 -39.77452850341797 0.44829246401786804 66.38011932373047 0.006191749591380358 -0.3788169026374817 -0.006786700803786516 0.9254260659217834
10.575 -40.05015182495117 0.44282621145248413 66.66460418701172 0.006004141643643379 -0.37723463773727417 -0.00723463436588645 0.9260700345039368
10.625 -40.34834289550781 0.43834546208381653 66.96090698242188 0.005572455935180187 -0.37535977363586426 -0.007611775305122137 0.9268311858177185
10.675 -40.61969757080078 0.4311649799346924 67.24728393554688 0.005513658281415701 -0.3737162947654724 -0.007329277228564024 0.9274977445602417
10.725 -40.879730224609375 0.4208453595638275 67.52338409423828 0.006278965622186661 -0.3719688653945923 -0.007516892161220312 0.9281935691833496
10.775 -41.151580810546875 0.4131280779838562 67.8125228881836 0.007306095212697983 -0.36988386511802673 -0.007392710540443659 0.9290198683738708
10.825 -41.422733306884766 0.40570566058158875 68.1025619506836 0.008438151329755783 -0.36767053604125977 -0.007254720665514469 0.9298895597457886
10.875 -41.682350158691406 0.39756083488464355 68.38390350341797 0.00933457538485527 -0.36547067761421204 -0.006950671784579754 0.9307501316070557
10.925 -41.94056701660156 0.388830304145813 68.66919708251953 0.010076652280986309 -0.3632684051990509 -0.006505080033093691 0.9316073656082153
10.975 -42.19174575805664 0.3797808885574341 68.94490051269531 0.010488596744835377 -0.3609568476676941 -0.00570934871211648 0.9325060844421387
11.025 -42.43878936767578 0.36923855543136597 69.22633361816406 0.010779226198792458 -0.3586226999759674 -0.005104294512420893 0.933406412601471
11.075 -42.6862678527832 0.35449719429016113 69.5313720703125 0.010897384025156498 -0.35632479190826416 -0.004380917176604271 0.9342883825302124
11.125 -42.93023681640625 0.34103646874427795 69.81581115722656 0.01067972183227539 -0.3537406623363495 -0.003482148051261902 0.9352760910987854
11.175 -43.16935348510742 0.3311208486557007 70.10531616210938 0.0103126410394907 -0.35108381509780884 -0.0023091586772352457 0.9362844228744507
11.225 -43.39776611328125 0.3164263665676117 70.3857421875 0.009765809401869774 -0.34820663928985596 -0.001419307547621429 0.9373658895492554
11.275 -43.64963150024414 0.31084027886390686 70.69185638427734 0.009505399502813816 -0.3450518548488617 -0.001134919235482812 0.9385347962379456
11.325 -43.88411331176758 0.30029138922691345 70.98143005371094 0.009290066547691822 -0.34192749857902527 -0.000790229591075331 0.9396800994873047
11.375 -44.115928649902344 0.2886791527271271 71.2789535522461 0.008939982391893864 -0.3387032151222229 -0.0003721755347214639 0.9408507347106934
11.425 -44.35190200805664 0.2817767262458801 71.57684326171875 0.008507141843438148 -0.33523228764533997 0.0003643475938588381 0.9420970678329468
11.475 -44.57794952392578 0.2661476731300354 71.87017059326172 0.00785323791205883 -0.33173879981040955 0.0010621981928125024 0.9433379769325256
11.525 -44.803096771240234 0.2547394037246704 72.17198181152344 0.007580231875181198 -0.32823678851127625 0.001460083294659853 0.9445639848709106
11.575 -45.02983856201172 0.24699221551418304 72.477294921875 0.007365812081843615 -0.32439181208610535 0.0019176010973751545 0.9458922147750854
11.625 -45.249603271484375 0.2392348200082779 72.77880096435547 0.0071642473340034485 -0.32026055455207825 0.0022927920799702406 0.9472996592521667
11.675 -45.473663330078125 0.2318124920129776 73.0951919555664 0.006704835686832666 -0.31599682569503784 0.002702504163607955 0.9487327337265015
11.725 -45.68621826171875 0.2225572019815445 73.38726043701172 0.006014153361320496 -0.3111942708492279 0.0029089762829244137 0.9503228664398193
11.775 -45.89667892456055 0.21192120015621185 73.69975280761719 0.005099352449178696 -0.3065715730190277 0.003306075232103467 0.9518282413482666
11.825 -46.11068344116211 0.20918580889701843 74.01856231689453 0.004577808082103729 -0.30151650309562683 0.0033159733284264803 0.953444242477417
11.875 -46.31840896606445 0.198947012424469 74.3319320678711 0.004189654253423214 -0.2963908910751343 0.002703042235225439 0.9550536870956421
11.925 -46.515830993652344 0.18912261724472046 74.64364624023438 0.003672142745926976 -0.2909556031227112 0.002026838716119528 0.9567273855209351
11.975 -46.71274185180664 0.18576940894126892 74.96490478515625 0.0033310153521597385 -0.2854337990283966 0.0020877167116850615 0.9583904147148132
12.025 -46.90127944946289 0.1764119267463684 75.2769775390625 0.0027606014627963305 -0.2796577215194702 0.0015152943087741733 0.9600946307182312
12.075 -47.09028244018555 0.17224039137363434 75.60830688476562 0.0019081885693594813 -0.27371665835380554 0.0012628650292754173 0.9618076682090759
12.125 -47.26668930053711 0.16535881161689758 75.92399597167969 0.0011852150782942772 -0.2675306499004364 0.000980924814939499 0.9635481238365173
12.175 -47.44498825073242 0.16436323523521423 76.25301361083984 0.000876911508385092 -0.26099416613578796 0.0009210173157043755 0.9653396010398865
12.225 -47.60652160644531 0.15093085169792175 76.56526184082031 0.0003369322221260518 -0.2542504072189331 0.0007700733840465546 0.9671380519866943
12.275 -47.78948211669922 0.15138936042785645 76.92025756835938 1.1451440514065325e-05 -0.24702133238315582 0.0004974615876562893 0.9690099358558655
12.325 -47.94340133666992 0.1457928568124771 77.24496459960938 -0.0007599848904646933 -0.24008655548095703 0.0006706734420731664 0.9707509875297546
12.375 -48.093528747558594 0.1453908085823059 77.575927734375 -0.001124997274018824 -0.23294523358345032 0.0010824862401932478 0.9724886417388916
12.425 -48.23582077026367 0.13751418888568878 77.89948272705078 -0.0010739597491919994 -0.22554686665534973 0.00096866738749668 0.9742312431335449
12.475 -48.36753845214844 0.13084524869918823 78.2213134765625 -0.0009959811577573419 -0.21817101538181305 0.0016536375042051077 0.9759086966514587
12.525 -48.497581481933594 0.12773774564266205 78.54695129394531 -0.001335582579486072 -0.21063178777694702 0.002084119478240609 0.9775623679161072
12.575 -48.624908447265625 0.12325629591941833 78.8808822631836 -0.0015679190400987864 -0.2029533088207245 0.0016909311525523663 0.9791857600212097
12.625 -48.7525749206543 0.11840149760246277 79.2160873413086 -0.0016846857033669949 -0.19522155821323395 0.0012025347677990794 0.9807570576667786
12.675 -48.857147216796875 0.1157534271478653 79.53145599365234 -0.0018906038021668792 -0.18754449486732483 0.0010355236008763313 0.9822537302970886
12.725 -48.966373443603516 0.11189104616641998 79.86185455322266 -0.0023077670484781265 -0.1799403429031372 0.0010233694920316339 0.9836742877960205
12.775 -49.06855392456055 0.1093946322798729 80.18898010253906 -0.0026759777683764696 -0.1722918152809143 0.0008158538839779794 0.9850420355796814
12.825 -49.158729553222656 0.10507217049598694 80.52417755126953 -0.003108756151050329 -0.16479086875915527 0.0010765589540824294 0.9863231182098389
12.875 -49.25674819946289 0.1037042960524559 80.86917877197266 -0.0034291117917746305 -0.15709111094474792 0.0010760618606582284 0.9875776171684265
12.925 -49.34450149536133 0.10163480788469315 81.20709991455078 -0.003777615027502179 -0.14955070614814758 0.001446540467441082 0.9887458086013794
12.975 -49.42643356323242 0.10477782040834427 81.55592346191406 -0.003797088749706745 -0.14199025928974152 0.0016231854679062963 0.9898595213890076
13.025 -49.50410079956055 0.09815557301044464 81.87211608886719 -0.003768750699236989 -0.13425350189208984 0.0014749475521966815 0.9909387826919556
13.075 -49.586185455322266 0.09958125650882721 82.2165298461914 -0.0035622974392026663 -0.12650597095489502 0.0011702242773026228 0.9919587969779968
13.125 -49.64948654174805 0.09382662922143936 82.54238891601562 -0.0034036205615848303 -0.11918710917234421 0.001041803159750998 0.9928655028343201
13.175 -49.712581634521484 0.09334473311901093 82.8809814453125 -0.003107155207544565 -0.112002432346344 0.0009314320050179958 0.9937026500701904
13.225 -49.78042221069336 0.09508229792118073 83.22882843017578 -0.0029951215256005526 -0.10486003011465073 0.0012842139694839716 0.9944816827774048
13.275 -49.82054901123047 0.08994384855031967 83.55796813964844 -0.0024530752561986446 -0.09802297502756119 0.0012265866389498115 0.9951803684234619
13.325 -49.86992263793945 0.09141142666339874 83.89276885986328 -0.002115683862939477 -0.09096231311559677 0.0014695965219289064 0.9958510398864746
13.375 -49.915557861328125 0.08396774530410767 84.22028350830078 -0.001565434504300356 -0.08368802070617676 0.001377783133648336 0.9964898228645325
13.425 -49.94779586791992 0.08138076215982437 84.56047821044922 -0.0006591890123672783 -0.07678120583295822 0.000851677090395242 0.9970474243164062
13.475 -49.98601531982422 0.07694769650697708 84.88229370117188 0.00016083083755802363 -0.06945323199033737 0.0003788767789956182 0.997585117816925
13.525 -50.01377487182617 0.07425463199615479 85.21588897705078 0.0010664284927770495 -0.06249614432454109 -0.00013957603368908167 0.9980447292327881
13.575 -50.043243408203125 0.07251331210136414 85.55455017089844 0.0017627220368012786 -0.05549022927880287 -0.0008247796213254333 0.9984574317932129
13.625 -50.06003952026367 0.0646897554397583 85.8899154663086 0.0022969364654272795 -0.048571161925792694 -0.001329740509390831 0.9988162517547607
13.675 -50.070831298828125 0.05477950721979141 86.21204376220703 0.0027802269905805588 -0.04148415848612785 -0.0017476653447374701 0.9991337656974792
13.725 -50.080562591552734 0.04996251314878464 86.54006958007812 0.0034942454658448696 -0.034565575420856476 -0.0020612855441868305 0.9993942379951477
13.775 -50.084068298339844 0.04652022197842598 86.87645721435547 0.004215065389871597 -0.02756526507437229 -0.003323919838294387 0.9996055960655212
13.825 -50.08829116821289 0.03560173884034157 87.20598602294922 0.004752401728183031 -0.02024819329380989 -0.004382648970931768 0.9997740983963013
13.875 -50.08049392700195 0.024233777076005936 87.53990936279297 0.005094969645142555 -0.013070193119347095 -0.004445190075784922 0.9998917579650879
13.925 -50.07103729248047 0.021073531359434128 87.87628173828125 0.005185268819332123 -0.005959231406450272 -0.004743827506899834 0.9999575614929199
13.975 -50.05767059326172 0.017033498734235764 88.21366119384766 0.004817995708435774 0.001261383993551135 -0.004682350903749466 0.9999766945838928
14.025 -50.03695297241211 0.011289148591458797 88.55021667480469 0.004154544789344072 0.008464082144200802 -0.004804121796041727 0.9999440908432007
14.075 -50.0094108581543 0.003680739551782608 88.88811492919922 0.0038434655871242285 0.015406297519803047 -0.005123879760503769 0.9998608231544495
14.125 -49.97895050048828 -0.002888668328523636 89.22349548339844 0.003666370175778866 0.022164421156048775 -0.005346096120774746 0.9997333288192749
14.175 -49.94953155517578 -0.005339536815881729 89.56114196777344 0.0032641012221574783 0.029145976528525352 -0.005385507829487324 0.9995553493499756
14.225 -49.90883255004883 -0.0103510282933712 89.900390625 0.002378110308200121 0.03575567528605461 -0.005743701942265034 0.9993412494659424
14.275 -49.87245559692383 -0.02129848301410675 90.24566650390625 0.0016069439006969333 0.042451608926057816 -0.006499983835965395 0.9990761280059814
14.325 -49.82700729370117 -0.025803763419389725 90.5872802734375 0.0009976718574762344 0.04891926795244217 -0.007624232210218906 0.9987731575965881
14.375 -49.777122497558594 -0.02715492621064186 90.92932891845703 0.0010228882310912013 0.05572003498673439 -0.007807426154613495 0.9984154105186462
14.425 -49.71977996826172 -0.0275263674557209 91.27162170410156 0.000885707966517657 0.06244497373700142 -0.007560586091130972 0.9980194568634033
14.475 -49.657196044921875 -0.028110817074775696 91.61822509765625 0.0003457707352936268 0.06924325972795486 -0.006760259624570608 0.997576892375946
14.525 -49.59162521362305 -0.0357777401804924 91.95874786376953 -0.0004887557588517666 0.07622459530830383 -0.006481859367340803 0.9970695376396179
14.575 -49.524234771728516 -0.040010180324316025 92.29833221435547 -0.000810404890216887 0.08339828252792358 -0.006288577802479267 0.9964961409568787
14.625 -49.45370101928711 -0.0405382364988327 92.65059661865234 -0.0002153782988898456 0.09093942493200302 -0.006726141087710857 0.995833694934845
14.675 -49.366241455078125 -0.04694946110248566 92.98634338378906 0.00050733593525365 0.09841196238994598 -0.007328522391617298 0.9951186776161194
14.725 -49.28062438964844 -0.05165065824985504 93.32231903076172 0.0013021329650655389 0.10615009069442749 -0.007708789315074682 0.9943194389343262
14.775 -49.186092376708984 -0.05447950214147568 93.6564712524414 0.002204679185524583 0.11364899575710297 -0.007873522117733955 0.9934873580932617
14.825 -49.09296417236328 -0.0624464750289917 93.97020721435547 0.003060137154534459 0.12130536139011383 -0.007961823605000973 0.9925785660743713
14.875 -48.98929214477539 -0.06110568344593048 94.31722259521484 0.00461153406649828 0.1291029304265976 -0.0067296396009624004 0.9915976524353027
14.925 -48.878910064697266 -0.06842195987701416 94.6394271850586 0.005642870906740427 0.13689856231212616 -0.006384221836924553 0.9905484914779663
14.975 -48.772640228271484 -0.07513664662837982 94.95996856689453 0.0066330311819911 0.14503028988838196 -0.006288458127528429 0.9893850684165955
15.025 -48.65184020996094 -0.09227687120437622 95.26831817626953 0.006972270552068949 0.15319474041461945 -0.006754151079803705 0.9881483912467957
15.075 -48.523807525634766 -0.08930957317352295 95.61949920654297 0.007681057322770357 0.16166628897190094 -0.006895310711115599 0.9867914915084839
15.125 -48.39647674560547 -0.1030922532081604 95.92971801757812 0.007912683300673962 0.16982914507389069 -0.007653508801013231 0.985412061214447
15.175 -48.26375198364258 -0.11164957284927368 96.25334930419922 0.008036261424422264 0.1780528724193573 -0.007838022895157337 0.9839569330215454
15.225 -48.12385940551758 -0.11186343431472778 96.5701675415039 0.008219134993851185 0.18610231578350067 -0.007264383602887392 0.9824691414833069
15.275 -47.97866439819336 -0.11624956130981445 96.8788070678711 0.008584287017583847 0.19414527714252472 -0.006505553610622883 0.9809136390686035
15.325 -47.832801818847656 -0.12795108556747437 97.17911529541016 0.0089206388220191 0.20247933268547058 -0.006371000315994024 0.979225218296051
15.375 -47.67035675048828 -0.12756359577178955 97.49787902832031 0.009297465905547142 0.21063518524169922 -0.006374986842274666 0.9774997234344482
15.425 -47.518653869628906 -0.14700737595558167 97.79092407226562 0.009090191684663296 0.21937762200832367 -0.00703310314565897 0.9755723476409912
15.475 -47.3494873046875 -0.1435709297657013 98.09037780761719 0.009678001515567303 0.22754351794719696 -0.007169783115386963 0.9736934900283813
15.525 -47.18273162841797 -0.15242570638656616 98.39066314697266 0.00981996301561594 0.23570656776428223 -0.0071543119847774506 0.9717483520507812
15.575 -47.011756896972656 -0.17272627353668213 98.67201232910156 0.009672289714217186 0.24374601244926453 -0.006984861567616463 0.9697657227516174
15.625 -46.8270263671875 -0.1771070659160614 98.97181701660156 0.010018126107752323 0.25183993577957153 -0.006190567277371883 0.967697262763977
15.675 -46.63314437866211 -0.18329107761383057 99.26216125488281 0.010765322484076023 0.2598653733730316 -0.004701012745499611 0.9655734300613403
15.725 -46.443809509277344 -0.2025262415409088 99.54116821289062 0.011688020080327988 0.2678385078907013 -0.0029622262809425592 0.9633883833885193
15.775 -46.24961471557617 -0.21894443035125732 99.80652618408203 0.0119162043556571 0.2757221460342407 -0.002811847720295191 0.9611594080924988
15.825 -46.05088806152344 -0.2350965142250061 100.07190704345703 0.011903496459126472 0.28358349204063416 -0.0034949462860822678 0.9588673710823059
15.875 -45.83787536621094 -0.23133009672164917 100.37063598632812 0.012335291132330894 0.2920420169830322 -0.0028934567235410213 0.9563215970993042
15.925 -45.63140869140625 -0.24746692180633545 100.63362121582031 0.012294622138142586 0.2997848689556122 -0.002539670327678323 0.9539242386817932
15.975 -45.415740966796875 -0.24815571308135986 100.9083023071289 0.012455221265554428 0.30729609727859497 -0.002054812852293253 0.9515302777290344
16.025 -45.198856353759766 -0.2669808864593506 101.15689849853516 0.012373319827020168 0.31436359882354736 -0.0013969566207379103 0.9492210149765015
16.075 -44.97150421142578 -0.2687422037124634 101.43016052246094 0.013025875203311443 0.3215772807598114 -0.0001169760143966414 0.9467937350273132
16.125 -44.73671340942383 -0.27770060300827026 101.69157409667969 0.013325255364179611 0.32873377203941345 0.0004366216599009931 0.9443286061286926
16.175 -44.52593994140625 -0.29328858852386475 101.9455337524414 0.013710147701203823 0.33637315034866333 0.001756728976033628 0.9416273832321167
16.225 -44.27741241455078 -0.3060991168022156 102.19580078125 0.013841567561030388 0.3435962200164795 0.0018896552501246333 0.9390136003494263
16.275 -44.03620910644531 -0.3194313645362854 102.44574737548828 0.01463260781019926 0.35097068548202515 0.0008461336838081479 0.9362717270851135
16.325 -43.79033279418945 -0.3179663419723511 102.70068359375 0.01578790508210659 0.3582148849964142 -1.4326317796076182e-05 0.9335057139396667
16.375 -43.55491638183594 -0.33298730850219727 102.9372787475586 0.016129009425640106 0.365561306476593 -0.0003202492371201515 0.9306474328041077
16.425 -43.286354064941406 -0.3479868769645691 103.17243957519531 0.015986377373337746 0.37246283888816833 -7.78429166530259e-05 0.9279094338417053
16.475 -43.034324645996094 -0.3467932343482971 103.46109771728516 0.015386637300252914 0.3803848326206207 -0.0013126077828928828 0.9246994256973267
16.525 -42.7772216796875 -0.35894376039505005 103.68946838378906 0.014604439958930016 0.3878535330295563 -0.0006400897982530296 0.921605110168457
16.575 -42.50642776489258 -0.3649411201477051 103.92601776123047 0.01381070725619793 0.3954426944255829 -0.001275456277653575 0.9183859825134277
16.625 -42.24052047729492 -0.3795739412307739 104.14753723144531 0.012829420156776905 0.40296703577041626 -0.001961719011887908 0.9151225090026855
16.675 -41.967323303222656 -0.39671510457992554 104.37294006347656 0.012052859179675579 0.41059157252311707 -0.0018473634263500571 0.911737859249115
16.725 -41.68877410888672 -0.40250706672668457 104.59335327148438 0.011898587457835674 0.41844895482063293 -0.0018229051493108273 0.9081606268882751
16.775 -41.40855407714844 -0.4155369997024536 104.79222869873047 0.012107973918318748 0.42618393898010254 -0.0021531200036406517 0.9045529961585999
16.825 -41.11701583862305 -0.4224236011505127 105.01934814453125 0.012220693752169609 0.4343900978565216 -0.003608786268159747 0.900634765625
16.875 -40.822078704833984 -0.4260213375091553 105.237548828125 0.012335944920778275 0.4427029490470886 -0.005513472016900778 0.8965665698051453
16.925 -40.528926849365234 -0.4364362955093384 105.43287658691406 0.012287051416933537 0.45091739296913147 -0.007256240118294954 0.8924517035484314
16.975 -40.24718475341797 -0.45401227474212646 105.61738586425781 0.011188455857336521 0.4591338336467743 -0.008663385175168514 0.8882544040679932
17.025 -39.91892623901367 -0.4642525911331177 105.82068634033203 0.010487578809261322 0.4670981764793396 -0.00872129201889038 0.8841003179550171
17.075 -39.60570526123047 -0.47126173973083496 106.00889587402344 0.010578379034996033 0.4749020040035248 -0.008671167306602001 0.8799324631690979
17.125 -39.30035400390625 -0.5005024671554565 106.15419006347656 0.009899596683681011 0.482185423374176 -0.009134811349213123 0.8759656548500061
17.175 -38.97338104248047 -0.5086187124252319 106.33531951904297 0.009547305293381214 0.4901292026042938 -0.009264210239052773 0.8715483546257019
17.225 -38.62247085571289 -0.5107502341270447 106.55352783203125 0.009275585412979126 0.49835944175720215 -0.009187883697450161 0.866872251033783
17.275 -38.29707717895508 -0.5231799483299255 106.72048950195312 0.008292854763567448 0.505953848361969 -0.009809193201363087 0.8624649047851562
17.325 -37.95594024658203 -0.5325595140457153 106.88249969482422 0.007117130793631077 0.513272762298584 -0.010551069863140583 0.8581311702728271
17.375 -37.61601638793945 -0.5394139289855957 107.04496765136719 0.006089729256927967 0.5206433534622192 -0.011154243722558022 0.8536797761917114
17.425 -37.26412582397461 -0.547058641910553 107.20890808105469 0.005004892125725746 0.5276654958724976 -0.011939835734665394 0.849353551864624
17.475 -36.91350555419922 -0.5519755482673645 107.36590576171875 0.004069799091666937 0.5346603989601135 -0.0124523239210248 0.8449655175209045
17.525 -36.56633758544922 -0.5620942115783691 107.51593780517578 0.0031645919661968946 0.541612982749939 -0.012572837062180042 0.8405280113220215
17.575 -36.21326446533203 -0.5631911158561707 107.64197540283203 0.0029935629572719336 0.5481444597244263 -0.011926673352718353 0.8362933397293091
17.625 -35.83598327636719 -0.5757079124450684 107.79812622070312 0.0029900772497057915 0.5548968315124512 -0.010850598104298115 0.8318430781364441
17.675 -35.488014221191406 -0.583477795124054 107.92182922363281 0.002688299398869276 0.5613808631896973 -0.010339906439185143 0.8274886012077332
17.725 -35.10932159423828 -0.5872064828872681 108.05816650390625 0.0019484753720462322 0.5678702592849731 -0.010276343673467636 0.8230516910552979
17.775 -34.77222442626953 -0.5977823138237 108.16233825683594 0.0007449985132552683 0.5741226673126221 -0.010552981868386269 0.8187009692192078
17.825 -34.385520935058594 -0.6088167428970337 108.27953338623047 -0.00029686957714147866 0.5800994038581848 -0.010989654809236526 0.8144714832305908
17.875 -34.0247802734375 -0.6120249629020691 108.38597106933594 -0.0008673982229083776 0.5859641432762146 -0.011141865514218807 0.8102599382400513
17.925 -33.66918182373047 -0.6171008348464966 108.48674774169922 -0.0014493989292532206 0.5917547345161438 -0.010968099348247051 0.8060421943664551
17.975 -33.28728485107422 -0.6244639158248901 108.59349822998047 -0.0018943173345178366 0.5973438024520874 -0.010696562007069588 0.8019117116928101
18.025 -32.924598693847656 -0.6318333148956299 108.67916870117188 -0.0019465102814137936 0.6026719808578491 -0.010014879517257214 0.7979238629341125
18.075 -32.56095886230469 -0.6431294083595276 108.76351165771484 -0.002023467095568776 0.6082174777984619 -0.009516721591353416 0.7937108278274536
18.125 -32.17828369140625 -0.6397679448127747 108.84622192382812 -0.0013692983193323016 0.6136295199394226 -0.008978630416095257 0.7895419001579285
18.175 -31.821701049804688 -0.6573896408081055 108.9166030883789 -0.0018698782660067081 0.619114875793457 -0.008974294178187847 0.7852469682693481
18.225 -31.45288848876953 -0.6649305820465088 108.98682403564453 -0.00206496543250978 0.6241496205329895 -0.008724876679480076 0.7812533974647522
18.275 -31.08094024658203 -0.6721903681755066 109.0553207397461 -0.002649174304679036 0.6291683316230774 -0.00887681171298027 0.7772139310836792
18.325 -30.71826171875 -0.6712132692337036 109.1205825805664 -0.0025803796015679836 0.633950412273407 -0.008202837780117989 0.7733259797096252
18.375 -30.34825897216797 -0.6859177947044373 109.16763305664062 -0.0028576806653290987 0.6384990215301514 -0.007753273472189903 0.7695783376693726
18.425 -29.983505249023438 -0.6911077499389648 109.21977233886719 -0.002649698406457901 0.6430123448371887 -0.0069552231580019 0.7658197283744812
18.475 -29.621627807617188 -0.6959816217422485 109.27338409423828 -0.0026155265513807535 0.64753258228302 -0.00636631716042757 0.7620067000389099
18.525 -29.24327850341797 -0.6953881978988647 109.31757354736328 -0.002478573005646467 0.6516917943954468 -0.005812094081193209 0.758457601070404
18.575 -28.86730194091797 -0.7102586030960083 109.34611511230469 -0.0027165815699845552 0.6558895707130432 -0.005286681465804577 0.7548335194587708
18.625 -28.498764038085938 -0.715136706829071 109.38320922851562 -0.002868248848244548 0.6599045991897583 -0.004652094095945358 0.7513296008110046
18.675 -28.123512268066406 -0.7192714810371399 109.42245483398438 -0.0034686950966715813 0.6638916730880737 -0.004253906197845936 0.7478086352348328
18.725 -27.759002685546875 -0.7239049673080444 109.45207977294922 -0.004207576159387827 0.667742908000946 -0.00409363629296422 0.7443689107894897
18.775 -27.38239288330078 -0.7311328053474426 109.47505187988281 -0.004813411273062229 0.6713152527809143 -0.003868439933285117 0.7411462664604187
18.825 -27.01012420654297 -0.7352958917617798 109.49851989746094 -0.005107805598527193 0.6746891736984253 -0.0036346856504678726 0.7380753755569458
18.875 -26.647254943847656 -0.7409531474113464 109.5208740234375 -0.005267095286399126 0.6780728101730347 -0.0035095505882054567 0.7349674701690674
18.925 -26.2840576171875 -0.7488352060317993 109.53851318359375 -0.004906896967440844 0.6813295483589172 -0.0028125012759119272 0.7319550514221191
18.975 -25.909698486328125 -0.7562215328216553 109.55362701416016 -0.004658143036067486 0.6845630407333374 -0.0027941646985709667 0.7289334535598755
19.025 -25.540199279785156 -0.7608519196510315 109.56723022460938 -0.004118125885725021 0.6877130270004272 -0.0027514302637428045 0.7259657382965088
19.075 -25.176773071289062 -0.7596406936645508 109.57066345214844 -0.003539338009431958 0.6907627582550049 -0.0031132011208683252 0.7230661511421204
19.125 -24.807632446289062 -0.7664749026298523 109.5709457397461 -0.0029905051924288273 0.6936700344085693 -0.002929874463006854 0.7202808260917664
19.175 -24.44152069091797 -0.7688935399055481 109.58000946044922 -0.00250528147444129 0.696564257144928 -0.0027378229424357414 0.7174848914146423
19.225 -24.07062530517578 -0.7712870836257935 109.58009338378906 -0.002257786924019456 0.6991402506828308 -0.0021971464157104492 0.7149776220321655
19.275 -23.70098876953125 -0.7788987159729004 109.57431030273438 -0.002212918596342206 0.7015746831893921 -0.0013806523056700826 0.7125911712646484
19.325 -23.328895568847656 -0.7775861024856567 109.57090759277344 -0.002394862473011017 0.7039745450019836 -0.0009347161976620555 0.7102206349372864
19.375 -22.96942901611328 -0.7834993600845337 109.56047821044922 -0.0025925026275217533 0.7062044143676758 -0.00021787719742860645 0.7080031633377075
19.425 -22.60338592529297 -0.7870715260505676 109.55376434326172 -0.0027640038169920444 0.7083711624145508 0.000557281426154077 0.7058345675468445
19.475 -22.247779846191406 -0.7908318042755127 109.54339599609375 -0.002850519958883524 0.7104206681251526 0.0012727854773402214 0.7037703990936279
19.525 -21.886444091796875 -0.7938571572303772 109.53166198730469 -0.0030434743966907263 0.7123130559921265 0.0019694773945957422 0.701852560043335
19.575 -21.50603485107422 -0.7948135733604431 109.51763916015625 -0.003144355956465006 0.7140991687774658 0.0024396791122853756 0.7000331878662109
19.625 -21.1397705078125 -0.7949049472808838 109.50249481201172 -0.0030932892113924026 0.7157061696052551 0.002817753702402115 0.6983890533447266
19.675 -20.776145935058594 -0.7986083030700684 109.48933410644531 -0.0032849155832082033 0.7173610925674438 0.0028240929823368788 0.696688175201416
19.725 -20.418045043945312 -0.8031678199768066 109.4726333618164 -0.0032033585011959076 0.7190291881561279 0.003061443567276001 0.6949657797813416
19.775 -20.039703369140625 -0.7996377348899841 109.44880676269531 -0.003211468691006303 0.720543622970581 0.002934492425993085 0.6933959722518921
19.825 -19.681800842285156 -0.8027060031890869 109.43150329589844 -0.003333993721753359 0.7220674753189087 0.0026612915098667145 0.6918095350265503
19.875 -19.31427764892578 -0.8022717237472534 109.40778350830078 -0.0034152809530496597 0.7235115170478821 0.0023545408621430397 0.6902998089790344
19.925 -18.962387084960938 -0.8050805330276489 109.38955688476562 -0.0032747318036854267 0.7251062989234924 0.002050594659522176 0.6886261105537415
19.975 -18.59215545654297 -0.8093339204788208 109.36279296875 -0.003005071310326457 0.72635817527771 0.0018212723080068827 0.6873074173927307
20.025 -18.23833465576172 -0.8101257681846619 109.33898162841797 -0.0027702408842742443 0.7275767922401428 0.0015409068437293172 0.6860189437866211
20.075 -17.88329315185547 -0.8118987083435059 109.31130981445312 -0.0022238611709326506 0.728591799736023 0.0022057683672755957 0.6849409937858582
20.125 -17.52373504638672 -0.8176020979881287 109.28865814208984 -0.001850536442361772 0.7296141386032104 0.0027393007185310125 0.6838510632514954
20.175 -17.16199493408203 -0.8232377767562866 109.25675201416016 -0.001955262618139386 0.7303366661071777 0.0030823303386569023 0.6830776929855347
20.225 -16.792091369628906 -0.8298312425613403 109.22348022460938 -0.0018621641211211681 0.7308565974235535 0.003988869953900576 0.682516872882843
20.275 -16.443954467773438 -0.8336522579193115 109.19793701171875 -0.002042022068053484 0.7314368486404419 0.004504237323999405 0.6818913221359253
20.325 -16.089942932128906 -0.8325879573822021 109.1722412109375 -0.0025893617421388626 0.7319210171699524 0.004813671577721834 0.6813675761222839
20.375 -15.743583679199219 -0.8307883739471436 109.14505767822266 -0.0031306419987231493 0.7322814464569092 0.00484017888084054 0.6809777617454529
20.425 -15.376396179199219 -0.8342474102973938 109.11579132080078 -0.0034003444015979767 0.7323554754257202 0.005138067062944174 0.6808946132659912
20.475 -15.031623840332031 -0.8365862369537354 109.09002685546875 -0.0034414399415254593 0.7325184941291809 0.0050713978707790375 0.6807196140289307
20.525 -14.683433532714844 -0.8335663080215454 109.06364440917969 -0.003466167254373431 0.732708752155304 0.004489616956561804 0.6805187463760376
20.575 -14.339691162109375 -0.8412622213363647 109.0360336303711 -0.0035312611144036055 0.7328546047210693 0.004343732260167599 0.680362343788147
20.625 -13.99395751953125 -0.8449041843414307 109.01703643798828 -0.0035555679351091385 0.7331001162528992 0.0037726308219134808 0.6801010370254517
20.675 -13.651985168457031 -0.848095715045929 108.98805236816406 -0.003192615695297718 0.7331764698028564 0.0035928869619965553 0.6800214648246765
20.725 -13.311477661132812 -0.8505245447158813 108.95958709716797 -0.0027600214816629887 0.733250081539154 0.0033563587348908186 0.6799452304840088
20.775 -12.971153259277344 -0.8497238159179688 108.93782043457031 -0.0027683116495609283 0.733420729637146 0.002858873689547181 0.6797633767127991
20.825 -12.643218994140625 -0.856107234954834 108.9167709350586 -0.0027033330406993628 0.7336753010749817 0.002624880988150835 0.6794898509979248
20.875 -12.299140930175781 -0.8577854633331299 108.8864517211914 -0.002499334281310439 0.733843207359314 0.0026275822892785072 0.6793091893196106
20.925 -11.966171264648438 -0.8583716154098511 108.85922241210938 -0.0022829785011708736 0.7340140342712402 0.0026784485671669245 0.6791252493858337
20.975 -11.64471435546875 -0.866047203540802 108.83477020263672 -0.0026046771090477705 0.7342086434364319 0.002641513245180249 0.6789137721061707
21.025 -11.314849853515625 -0.8648313879966736 108.81108093261719 -0.0028203327674418688 0.7344507575035095 0.0026844581589102745 0.6786508560180664
21.075 -10.980674743652344 -0.8701035976409912 108.79010009765625 -0.0030423570424318314 0.7347420454025269 0.0027705077081918716 0.6783341765403748
21.125 -10.651115417480469 -0.870654821395874 108.7623519897461 -0.0031557490583509207 0.7349352836608887 0.002750695450231433 0.6781243681907654
21.175 -10.328086853027344 -0.8768406510353088 108.73983764648438 -0.003486591624096036 0.7353036403656006 0.0026261599268764257 0.67772376537323
21.225 -9.999343872070312 -0.8818460702896118 108.70124816894531 -0.003239045152440667 0.7353779077529907 0.0028323400765657425 0.6776436567306519
21.275 -9.677772521972656 -0.8757932186126709 108.6767578125 -0.002955100266262889 0.7356753945350647 0.0027763366233557463 0.6773221492767334
21.325 -9.362319946289062 -0.8852860927581787 108.65353393554688 -0.002883382374420762 0.7359347939491272 0.003150718053802848 0.6770390272140503
21.375 -9.049774169921875 -0.8868494033813477 108.62850952148438 -0.0023391779977828264 0.7361786961555481 0.0033291224390268326 0.6767750382423401
21.425 -8.741714477539062 -0.8902559280395508 108.59976959228516 -0.0021157709416002035 0.7363937497138977 0.003154878970235586 0.6765426397323608
21.475 -8.4354248046875 -0.8930615186691284 108.5711898803711 -0.0019641751423478127 0.7365553379058838 0.002948533045127988 0.676367998123169
21.525 -8.126945495605469 -0.8964110612869263 108.55440521240234 -0.0018901071744039655 0.7369866967201233 0.0025186860002577305 0.6758999824523926
21.575 -7.811958312988281 -0.904247522354126 108.52188110351562 -0.0020833732560276985 0.7373046278953552 0.002127941232174635 0.6755538582801819
21.625 -7.507080078125 -0.9064774513244629 108.49668884277344 -0.0022479635663330555 0.7374505996704102 0.0018629829864948988 0.6753948330879211
21.675 -7.20941162109375 -0.9073823094367981 108.46458435058594 -0.002460124436765909 0.7375072836875916 0.0017918689409270883 0.6753323674201965
21.725 -6.911872863769531 -0.9131878614425659 108.43962097167969 -0.0028311973437666893 0.7377156615257263 0.0021308076102286577 0.6751022934913635
21.775 -6.608940124511719 -0.9147093296051025 108.41100311279297 -0.0028039347380399704 0.7378771901130676 0.0024930087383836508 0.6749245524406433
21.825 -6.300323486328125 -0.9109795093536377 108.38505554199219 -0.00286979041993618 0.7381350994110107 0.0027130460366606712 0.6746413707733154
21.875 -6.0049591064453125 -0.9108037948608398 108.35758972167969 -0.0029729707166552544 0.7383167147636414 0.0030133507680147886 0.6744409203529358
21.925 -5.7233123779296875 -0.9142848253250122 108.3251724243164 -0.003339310409501195 0.7383735179901123 0.003228958696126938 0.6743760704994202
21.975 -5.435020446777344 -0.9142951965332031 108.3038330078125 -0.003402292961254716 0.7384946346282959 0.0037055015563964844 0.6742405891418457
22.025 -5.1487274169921875 -0.920061469078064 108.27938842773438 -0.003680064808577299 0.7387814521789551 0.003945858217775822 0.6739234924316406
22.075 -4.8670654296875 -0.9217455983161926 108.25765991210938 -0.0037163165397942066 0.7390293478965759 0.0037364396266639233 0.673652708530426
22.125 -4.591499328613281 -0.9255255460739136 108.23121643066406 -0.0036873905919492245 0.7391377091407776 0.00351475621573627 0.6735351085662842
22.175 -4.312469482421875 -0.9256089329719543 108.20487976074219 -0.0035560119431465864 0.7393102645874023 0.0028381862211972475 0.6733495593070984
22.225 -4.025398254394531 -0.9248837232589722 108.17851257324219 -0.003195981029421091 0.7393739819526672 0.002206584205850959 0.6732838749885559
22.275 -3.7733078002929688 -0.9294177293777466 108.1602783203125 -0.0031771718058735132 0.7397472262382507 0.0016379597363993526 0.6728754043579102
22.325 -3.5007095336914062 -0.9299182891845703 108.13288116455078 -0.002676012460142374 0.7398079633712769 0.0012828224571421742 0.6728115677833557
22.375 -3.2275543212890625 -0.9336060285568237 108.10604858398438 -0.002218167297542095 0.739815354347229 0.0011990962084382772 0.6728052496910095
22.425 -2.9654769897460938 -0.9381119012832642 108.0831298828125 -0.0019150564912706614 0.739959716796875 0.0010491102002561092 0.6726476550102234
22.475 -2.6944122314453125 -0.9431051015853882 108.0580825805664 -0.001882002456113696 0.7401152849197388 0.0007685258169658482 0.6724770069122314
22.525 -2.436248779296875 -0.9515740871429443 108.0373764038086 -0.0017706678481772542 0.7402932047843933 0.0007187506998889148 0.6722814440727234
22.575 -2.1829376220703125 -0.954238772392273 108.01710510253906 -0.0014798961346969008 0.7405580282211304 0.0008432157919742167 0.6719902157783508
22.625 -1.9268035888671875 -0.9605034589767456 107.99235534667969 -0.0014570121420547366 0.7406023740768433 0.0010926397517323494 0.6719411015510559
22.675 -1.6723556518554688 -0.9638080596923828 107.95741271972656 -0.0016087080584838986 0.7404904365539551 0.00162023538723588 0.6720630526542664
22.725 -1.4189224243164062 -0.967065691947937 107.9361572265625 -0.002024458721280098 0.7406448721885681 0.002058367244899273 0.6718904972076416
22.775 -1.1622314453125 -0.9688798189163208 107.90799713134766 -0.0024839448742568493 0.740809440612793 0.0027308459393680096 0.6717051267623901
22.825 -0.9051437377929688 -0.9683818817138672 107.8884048461914 -0.003068546298891306 0.7410534620285034 0.002980719320476055 0.671432375907898
22.875 -0.6391830444335938 -0.9683434963226318 107.86421203613281 -0.0033536413684487343 0.7410816550254822 0.0035333228297531605 0.67139732837677
22.925 -0.3877716064453125 -0.9687812924385071 107.84138488769531 -0.003934916574507952 0.74126136302948 0.003281327662989497 0.6711969971656799
22.975 -0.13181304931640625 -0.9677104949951172 107.81610107421875 -0.00410635769367218 0.7413236498832703 0.003337738336995244 0.6711268424987793
23.025 0.12026214599609375 -0.9681686758995056 107.79426574707031 -0.0046576689928770065 0.7415199875831604 0.002994007896631956 0.6709080338478088
23.075 0.36826324462890625 -0.9705120325088501 107.76690673828125 -0.004804675001651049 0.7415909171104431 0.0033098426647484303 0.6708270311355591
23.125 0.6126327514648438 -0.970603883266449 107.749755859375 -0.005095676518976688 0.741766631603241 0.003452103119343519 0.6706299185752869
23.175 0.8605117797851562 -0.9797340631484985 107.71955871582031 -0.004974068142473698 0.7417858242988586 0.004089138470590115 0.6706059575080872
23.225 1.1036911010742188 -0.9802940487861633 107.6913833618164 -0.004551962949335575 0.7418842315673828 0.004336031619459391 0.6704984903335571
23.275 1.3450851440429688 -0.9835308194160461 107.66620635986328 -0.003926314413547516 0.7420002222061157 0.004417236894369125 0.6703735589981079
23.325 1.5813446044921875 -0.9856213331222534 107.64298248291016 -0.003740029176697135 0.742213785648346 0.004057883284986019 0.6701404452323914
23.375 1.8293838500976562 -0.9822667241096497 107.6212158203125 -0.003677194705232978 0.7424092292785645 0.0036669846158474684 0.6699265241622925
23.425 2.0635223388671875 -0.9883477687835693 107.5985336303711 -0.003871649270877242 0.7425656318664551 0.003377356566488743 0.6697536706924438
23.475 2.3255996704101562 -0.98282790184021 107.56915283203125 -0.004044136963784695 0.7426407933235168 0.0031712769996374846 0.6696702837944031
23.525 2.561309814453125 -0.9861540794372559 107.545654296875 -0.004409297369420528 0.7426739931106567 0.00319218379445374 0.6696311235427856
23.575 2.8073577880859375 -0.9852707386016846 107.51594543457031 -0.004452472552657127 0.7426586151123047 0.0029372249264270067 0.6696490049362183
23.625 3.0492172241210938 -0.9862313270568848 107.49790954589844 -0.004745746497064829 0.7428392171859741 0.0026112033519893885 0.6694479584693909
23.675 3.2788543701171875 -0.9886470437049866 107.46942901611328 -0.004342449828982353 0.7429291009902954 0.002325562061741948 0.6693520545959473
23.725 3.527099609375 -0.9851338267326355 107.44554138183594 -0.003999232780188322 0.7430557012557983 0.0020040548406541348 0.6692147254943848
23.775 3.7579498291015625 -0.9810493588447571 107.42503356933594 -0.003694134531542659 0.7430902719497681 0.0018780598184093833 0.6691783666610718
23.825 3.9922332763671875 -0.9847368597984314 107.3998794555664 -0.003372778883203864 0.7431589961051941 0.001997045474126935 0.6691034436225891
23.875 4.226325988769531 -0.9871675372123718 107.37539672851562 -0.00322098471224308 0.7432020306587219 0.0019520954228937626 0.6690564751625061
23.925 4.464042663574219 -0.9898072481155396 107.34911346435547 -0.0031455776188522577 0.7433313131332397 0.0017623843159526587 0.668913722038269
23.975 4.7068939208984375 -0.991598904132843 107.32600402832031 -0.003293766872957349 0.7435012459754944 0.0014522186247631907 0.6687249541282654
24.025 4.938758850097656 -0.9945992231369019 107.29669189453125 -0.003212969982996583 0.7434906959533691 0.0014320210320875049 0.6687371134757996
24.075 5.1968841552734375 -0.9899611473083496 107.27114868164062 -0.0027189464308321476 0.7434542775154114 0.0012106004869565368 0.6687802076339722
24.125 5.434135437011719 -0.9930598735809326 107.24468231201172 -0.002749762963503599 0.7435164451599121 0.0011571344221010804 0.6687110066413879
24.175 5.660728454589844 -0.9992897510528564 107.2180404663086 -0.0029425222892314196 0.7435277104377747 0.0012575776781886816 0.6686974763870239
24.225 5.90179443359375 -0.9985600113868713 107.19759368896484 -0.0028033284470438957 0.7437548041343689 0.001283912337385118 0.6684455275535583
24.275 6.1369781494140625 -0.9954180717468262 107.17221069335938 -0.0025413413532078266 0.7438497543334961 0.0012202532961964607 0.6683409214019775
24.325 6.376487731933594 -0.9979195594787598 107.14839935302734 -0.0022542092483490705 0.7439817190170288 0.0013936411123722792 0.6681947708129883
24.375 6.606048583984375 -0.9990090131759644 107.12732696533203 -0.002244202885776758 0.7442013025283813 0.0012479728320613503 0.6679505705833435
24.425 6.8388824462890625 -1.0055350065231323 107.09959411621094 -0.0020869255531579256 0.7442294359207153 0.001377246924676001 0.6679193377494812
24.475 7.068626403808594 -1.0083365440368652 107.08192443847656 -0.0019022220512852073 0.7443358302116394 0.0013446814846247435 0.6678014993667603
24.525 7.3217315673828125 -1.0068438053131104 107.04454803466797 -0.0017865517875179648 0.7441052198410034 0.0012919447617605329 0.6680588126182556
24.575 7.554710388183594 -1.0106403827667236 107.01880645751953 -0.0017996185924857855 0.7441766858100891 0.001367302262224257 0.6679790616035461
24.625 7.787406921386719 -1.0132436752319336 106.99161529541016 -0.0016376450657844543 0.744141697883606 0.0014448037836700678 0.6680182814598083
24.675 8.024162292480469 -1.0154731273651123 106.96795654296875 -0.0014122280990704894 0.7442564964294434 0.0015402352437376976 0.6678906679153442
24.725 8.261703491210938 -1.01312255859375 106.9445571899414 -0.0010053373407572508 0.7443612813949585 0.0015268252464011312 0.6677746772766113
24.775 8.487693786621094 -1.0196870565414429 106.92046356201172 -0.0011032256297767162 0.7444614171981812 0.0016448822570964694 0.6676625609397888
24.825 8.720512390136719 -1.0189478397369385 106.89079284667969 -0.0009080195450223982 0.7444701790809631 0.0012421522988006473 0.6676539778709412
24.875 8.948478698730469 -1.0271085500717163 106.86888122558594 -0.0009171157726086676 0.7444708943367004 0.0008963087457232177 0.6676537394523621
24.925 9.174148559570312 -1.0295054912567139 106.84680938720703 -0.0010297823464497924 0.744548499584198 0.00022732207435183227 0.6675676107406616
24.975 9.408157348632812 -1.0326035022735596 106.81546783447266 -0.0008747629472054541 0.7444707155227661 0.0002967884938698262 0.6676545143127441
25.025 9.641639709472656 -1.0292391777038574 106.79244995117188 -0.0006616993341594934 0.7445096373558044 0.00020646140910685062 0.6676114797592163
25.075 9.870925903320312 -1.0324894189834595 106.76961517333984 -0.000551398319657892 0.7445217370986938 0.0005611110245808959 0.667597770690918
25.125 10.093574523925781 -1.0393182039260864 106.74575805664062 -0.00042523458250798285 0.7445444464683533 0.0010045379167422652 0.667572021484375
25.175 10.326766967773438 -1.0450921058654785 106.71368408203125 -0.0004004291840828955 0.7445567846298218 0.0014358076732605696 0.6675575375556946
25.225 10.54644775390625 -1.0482815504074097 106.688232421875 -0.00012517697177827358 0.7446393370628357 0.0015316206263378263 0.667465329170227
25.275 10.774330139160156 -1.0493381023406982 106.66364288330078 3.898594877682626e-05 0.7446703910827637 0.0013151123421266675 0.667431116104126
25.325 11.000770568847656 -1.0525166988372803 106.64171600341797 -0.00011393542808946222 0.7447608709335327 0.0009969857055693865 0.6673307418823242
25.375 11.235336303710938 -1.0569055080413818 106.62382507324219 -0.0006941290339455009 0.7449951171875 0.0005621973541565239 0.6670693755149841
25.425 11.465751647949219 -1.0575635433197021 106.59210968017578 -0.0009785548318177462 0.7448576092720032 0.0005897594965063035 0.6672224998474121
25.475 11.694252014160156 -1.0644195079803467 106.5716781616211 -0.0014730492839589715 0.7449145913124084 0.0008504801662638783 0.667157769203186
25.525 11.928024291992188 -1.0611603260040283 106.54642486572266 -0.0013298493577167392 0.7449637651443481 0.0009921134915202856 0.6671029329299927
25.575 12.150039672851562 -1.0632375478744507 106.52255249023438 -0.0011911767069250345 0.74489426612854 0.0008802828378975391 0.6671808958053589
25.625 12.379592895507812 -1.0631935596466064 106.49456787109375 -0.0009201275533996522 0.744764506816864 0.0008526542806066573 0.6673262715339661
25.675 12.607322692871094 -1.0606719255447388 106.4728775024414 -0.0007767377537675202 0.7449140548706055 0.0005720474873669446 0.6671598553657532
25.725 12.832992553710938 -1.0715446472167969 106.44610595703125 -0.0007743964670225978 0.7449901700019836 0.0008263724157586694 0.6670745611190796
25.775 13.063018798828125 -1.0697734355926514 106.42288970947266 -0.0005933795473538339 0.7449575066566467 0.0006829724297858775 0.6671112775802612
25.825 13.291793823242188 -1.0750350952148438 106.40237426757812 -0.0010478771291673183 0.7450533509254456 0.0003536880249157548 0.6670040488243103
25.875 13.529754638671875 -1.0741331577301025 106.37237548828125 -0.0010127781424671412 0.7449631690979004 0.0003989016404375434 0.6671047806739807
25.925 13.755973815917969 -1.0784404277801514 106.34829711914062 -0.0012660318752750754 0.7449862360954285 0.0004466820100788027 0.6670784950256348
25.975 13.984809875488281 -1.0782568454742432 106.3246841430664 -0.0012040172005072236 0.7449495196342468 7.869114051572978e-05 0.6671198010444641
26.025 14.212814331054688 -1.0776296854019165 106.30268859863281 -0.0013014849973842502 0.745002031326294 -0.0003527238150127232 0.6670608520507812
26.075 14.436492919921875 -1.0843292474746704 106.275634765625 -0.001152085023932159 0.7450103759765625 -0.0003973294224124402 0.6670518517494202
26.125 14.661666870117188 -1.0863652229309082 106.24600982666016 -0.0007985423435457051 0.74476557970047 -0.0007862657075747848 0.6673252582550049
26.175 14.895698547363281 -1.0902602672576904 106.22659301757812 -0.0004606237052939832 0.7450284957885742 -0.0008373729069717228 0.6670319437980652
26.225 15.131805419921875 -1.0919101238250732 106.20085906982422 -0.00046522688353434205 0.7449623942375183 -0.0012881994480267167 0.6671050786972046
26.275 15.361289978027344 -1.0942871570587158 106.18120574951172 -0.0003239970246795565 0.7451292872428894 -0.00147864012978971 0.6669183373451233
26.325 15.589797973632812 -1.098264217376709 106.15349578857422 -0.00022393754625227302 0.7450922131538391 -0.0014705195790156722 0.666959822177887
26.375 15.828330993652344 -1.0984749794006348 106.12910461425781 -0.0001832084235502407 0.7450658082962036 -0.0017091361805796623 0.666988730430603
26.425 16.052650451660156 -1.1017768383026123 106.10088348388672 -9.052804671227932e-05 0.745008647441864 -0.0019431518157944083 0.6670519709587097
26.475 16.290016174316406 -1.100907564163208 106.07774353027344 9.105712524615228e-05 0.7449576258659363 -0.0024846827145665884 0.6671071648597717
26.525 16.52399444580078 -1.103958249092102 106.05467987060547 0.0001385530922561884 0.7451667189598083 -0.003255529562011361 0.6668702960014343
26.575 16.757347106933594 -1.106487512588501 106.02976989746094 0.0004971025045961142 0.7451019287109375 -0.0038347828667610884 0.6669394373893738
26.625 17.00030517578125 -1.1095300912857056 106.00477600097656 0.0007021522615104914 0.7451392412185669 -0.004517385270446539 0.6668933629989624
26.675 17.239219665527344 -1.114258885383606 105.97722625732422 0.0010026295203715563 0.7450811266899109 -0.005345402285456657 0.6669516563415527
26.725 17.49195098876953 -1.1211354732513428 105.95197296142578 0.0011264857603237033 0.7451142072677612 -0.005840884987264872 0.6669104099273682
26.775 17.736129760742188 -1.1248565912246704 105.92813110351562 0.0014429583679884672 0.7452847957611084 -0.0059610758908092976 0.666718065738678
26.825 17.988388061523438 -1.1345728635787964 105.89850616455078 0.0012312247417867184 0.7451813817024231 -0.005299624055624008 0.6668397188186646
26.875 18.26050567626953 -1.1353082656860352 105.86531066894531 0.001471951138228178 0.7451469898223877 -0.00515538826584816 0.6668788194656372
26.925 18.520790100097656 -1.1389951705932617 105.83553314208984 0.001169645576737821 0.7451191544532776 -0.005088899750262499 0.6669110059738159
26.975 18.788490295410156 -1.1411645412445068 105.8050765991211 0.0011966850142925978 0.7451601624488831 -0.004871360957622528 0.6668667793273926
27.025 19.060928344726562 -1.1425033807754517 105.77716064453125 0.0009237949852831662 0.7452428340911865 -0.004874903243035078 0.6667748093605042
27.075 19.335289001464844 -1.146379828453064 105.74728393554688 0.0006466525373980403 0.7452810406684875 -0.0045806472189724445 0.6667343974113464
27.125 19.634780883789062 -1.1515470743179321 105.71724700927734 0.0002294779260409996 0.7453539967536926 -0.004417928401380777 0.6666542887687683
27.175 19.913780212402344 -1.1594421863555908 105.68629455566406 -0.0003355643420945853 0.745309054851532 -0.0038013721350580454 0.66670823097229
27.225 20.204055786132812 -1.1599291563034058 105.65196228027344 -0.0006504821358248591 0.7453834414482117 -0.003834407078102231 0.6666247248649597
27.275 20.502235412597656 -1.1554412841796875 105.61957550048828 -0.0003238443750888109 0.745438814163208 -0.004729252774268389 0.6665571928024292
27.325 20.790008544921875 -1.1556611061096191 105.58853149414062 0.00029250464285723865 0.7454346418380737 -0.005168491974473 0.6665587425231934
27.375 21.09575653076172 -1.1596726179122925 105.5563735961914 0.00044976509525440633 0.7454445958137512 -0.005616433918476105 0.6665439009666443
27.425 21.40692138671875 -1.1600961685180664 105.51570892333984 0.0005695816944353282 0.7453686594963074 -0.0057500978000462055 0.6666275262832642
27.475 21.709716796875 -1.1669925451278687 105.47943115234375 0.0005995713290758431 0.7452815175056458 -0.005492941942065954 0.6667271256446838
27.525 22.02062225341797 -1.1693809032440186 105.44732666015625 0.000548813259229064 0.7452587485313416 -0.005555244162678719 0.6667520403862
27.575 22.31512451171875 -1.1778886318206787 105.41500091552734 0.00045419149682857096 0.7451894879341125 -0.005622169002890587 0.666828989982605
27.625 22.63843536376953 -1.1815474033355713 105.38446807861328 0.000300496380077675 0.7451400756835938 -0.005641003139317036 0.6668840646743774
27.675 22.95105743408203 -1.1873563528060913 105.34828186035156 0.00013122096424922347 0.7450074553489685 -0.005792458076030016 0.6670310497283936
27.725 23.276321411132812 -1.1927943229675293 105.31214904785156 0.000141918208100833 0.7450163960456848 -0.005932338535785675 0.6670198440551758
27.775 23.59075927734375 -1.1995470523834229 105.28075408935547 2.4818620659061708e-05 0.7449642419815063 -0.005872849840670824 0.6670786142349243
27.825 23.90795135498047 -1.2058080434799194 105.2462158203125 6.179385673021898e-05 0.7448702454566956 -0.005988879129290581 0.6671825647354126
27.875 24.23119354248047 -1.2109445333480835 105.21712493896484 0.00015330981113947928 0.7448979616165161 -0.006086512003093958 0.6671506762504578
27.925 24.56482696533203 -1.2167317867279053 105.1785888671875 0.0002700247860047966 0.7448002099990845 -0.0063133505173027515 0.6672576665878296
27.975 24.89282989501953 -1.2254043817520142 105.13960266113281 0.00047525507397949696 0.7447445392608643 -0.006201498676091433 0.667320728302002
28.025 25.218795776367188 -1.231484293937683 105.10440826416016 0.0007514648023061454 0.7447241544723511 -0.005958455614745617 0.6673455238342285
28.075 25.545921325683594 -1.2360177040100098 105.06708526611328 0.0008464333368465304 0.7445791959762573 -0.006077296566218138 0.6675060391426086
28.125 25.86829376220703 -1.2455109357833862 105.03311920166016 0.0009678910719230771 0.7446091771125793 -0.006007687654346228 0.6674729585647583
28.175 26.207229614257812 -1.2562557458877563 104.99581146240234 0.0008987479959614575 0.7445924282073975 -0.006014340557157993 0.6674917340278625
28.225 26.53217315673828 -1.2646336555480957 104.95812225341797 0.0010654641082510352 0.7444542646408081 -0.005801905877888203 0.6676474809646606
28.275 26.864463806152344 -1.2730509042739868 104.92510223388672 0.0010778080904856324 0.7443724870681763 -0.005776129197329283 0.6677389144897461
28.325 27.192359924316406 -1.28208589553833 104.89404296875 0.0011876424541696906 0.7443754076957703 -0.005717257969081402 0.6677358150482178
28.375 27.534088134765625 -1.291125774383545 104.85142517089844 0.0014223266625776887 0.744223415851593 -0.00557814072817564 0.6679059863090515
28.425 27.863677978515625 -1.2947428226470947 104.81890869140625 0.001683840062469244 0.7441977858543396 -0.005733350291848183 0.6679325699806213
28.475 28.2010498046875 -1.3041683435440063 104.78148651123047 0.0019228457240387797 0.7439954876899719 -0.005450468044728041 0.6681596636772156
28.525 28.541824340820312 -1.3116300106048584 104.74690246582031 0.0021571454126387835 0.7440179586410522 -0.005386151373386383 0.6681345105171204
28.575 28.877822875976562 -1.3222616910934448 104.70518493652344 0.002256989013403654 0.743859589099884 -0.004847549833357334 0.6683145761489868
28.625 29.21556854248047 -1.331539511680603 104.6698226928711 0.002355153439566493 0.743772566318512 -0.004291982389986515 0.668414831161499
28.675 29.543472290039062 -1.3378788232803345 104.63516998291016 0.002184894634410739 0.7437293529510498 -0.004135909024626017 0.6684645414352417
28.725 29.896095275878906 -1.3429996967315674 104.5994873046875 0.0020981566049158573 0.7437304258346558 -0.004076517652720213 0.6684640049934387
28.775 30.22296142578125 -1.3510864973068237 104.56646728515625 0.0017826346447691321 0.7437418699264526 -0.004456925671547651 0.6684498190879822
28.825 30.561973571777344 -1.3611748218536377 104.52665710449219 0.0016317216213792562 0.7437317371368408 -0.004953975323587656 0.6684578657150269
28.875 30.89239501953125 -1.3732662200927734 104.49143981933594 0.001892305095680058 0.7436273097991943 -0.005276056006550789 0.668570876121521
28.925 31.223052978515625 -1.3822077512741089 104.45024108886719 0.002077296609058976 0.743455708026886 -0.006105523556470871 0.6687541007995605
28.975 31.56391143798828 -1.386500358581543 104.41908264160156 0.002733898814767599 0.7434465289115906 -0.007042492274194956 0.6687528491020203
29.025 31.9189453125 -1.3909913301467896 104.38441467285156 0.0033972805831581354 0.7433279156684875 -0.007952369749546051 0.6688713431358337
29.075 32.25684356689453 -1.397977352142334 104.3470230102539 0.004284870810806751 0.7432721853256226 -0.008396121673285961 0.6689227223396301
29.125 32.591339111328125 -1.4051600694656372 104.30945587158203 0.004843316040933132 0.7431595325469971 -0.008579160086810589 0.6690416932106018
29.175 32.94224548339844 -1.414650559425354 104.2770004272461 0.0048287720419466496 0.7431885004043579 -0.009089064784348011 0.6690030097961426
29.225 33.28314208984375 -1.421802282333374 104.24230194091797 0.00471012108027935 0.7432452440261841 -0.009338963776826859 0.6689373254776001
29.275 33.60577392578125 -1.4397835731506348 104.21116638183594 0.004013241268694401 0.7432799339294434 -0.009410182945430279 0.6689023971557617
29.325 33.945587158203125 -1.444067120552063 104.17367553710938 0.0029017403721809387 0.7431808114051819 -0.009725554846227169 0.6690137386322021
29.375 34.277427673339844 -1.455910086631775 104.14326477050781 0.0015864168526604772 0.7431854009628296 -0.010022999718785286 0.6690086722373962
29.425 34.608909606933594 -1.4616625308990479 104.1130142211914 0.0008129666675813496 0.7431318163871765 -0.01036300789564848 0.6690644025802612
29.475 34.95844268798828 -1.4667192697525024 104.08467864990234 0.0001127503055613488 0.7430676221847534 -0.011100423522293568 0.6691243052482605
29.525 35.284828186035156 -1.473986268043518 104.05262756347656 -0.00018153322162106633 0.7428668141365051 -0.011210533790290356 0.6693453788757324
29.575 35.621238708496094 -1.4946887493133545 104.01277923583984 -5.069105827715248e-05 0.742790699005127 -0.01054078433662653 0.669440746307373
29.625 35.952720642089844 -1.5022274255752563 103.98204040527344 0.0005264225765131414 0.7427617311477661 -0.01043486688286066 0.6694743633270264
29.675 36.28919982910156 -1.5113701820373535 103.94670867919922 0.0013581053353846073 0.7428140640258789 -0.010837679728865623 0.6694086790084839
29.725 36.61882019042969 -1.525481939315796 103.9131851196289 0.0018983010668307543 0.7428302764892578 -0.011455763131380081 0.6693791151046753
29.775 36.95703887939453 -1.5340869426727295 103.87445068359375 0.0027119829319417477 0.7428529262542725 -0.01179464440792799 0.6693452596664429
29.825 37.2918701171875 -1.5453840494155884 103.8373794555664 0.003295742906630039 0.7430950999259949 -0.012167316861450672 0.6690672039985657
29.875 37.625823974609375 -1.5562083721160889 103.8011703491211 0.0034391526132822037 0.7431368827819824 -0.012786833569407463 0.6690084338188171
29.925 37.95856475830078 -1.565260887145996 103.77018737792969 0.0036444722209125757 0.7432190775871277 -0.013669034466147423 0.6688986420631409
29.975 38.292755126953125 -1.5726786851882935 103.73298645019531 0.004268014803528786 0.7433156371116638 -0.013459421694278717 0.6687918901443481
30.025 38.62067413330078 -1.5908329486846924 103.69951629638672 0.004021004308015108 0.7432336211204529 -0.012506845407187939 0.6689029932022095
30.075 38.957664489746094 -1.605252742767334 103.66725158691406 0.002849780721589923 0.7432992458343506 -0.012024329043924809 0.668844997882843
30.125 39.29487609863281 -1.6149096488952637 103.63542938232422 0.0019091205904260278 0.7434188723564148 -0.011475125327706337 0.6687249541282654
30.175 39.62678527832031 -1.6218593120574951 103.6016845703125 0.0014262784970924258 0.7436066269874573 -0.010846729390323162 0.6685279011726379
30.225 39.970428466796875 -1.6320016384124756 103.57267761230469 0.0006709760054945946 0.7436811327934265 -0.009633241221308708 0.6684648394584656
30.275 40.29926300048828 -1.641124963760376 103.52671813964844 0.00027087415219284594 0.7436439990997314 -0.007348820101469755 0.6685354709625244
30.325 40.630210876464844 -1.6488428115844727 103.48827362060547 -0.0001235462405020371 0.743744432926178 -0.005491040181368589 0.6684415340423584
30.375 40.963157653808594 -1.6501655578613281 103.44569396972656 -0.0004172000044491142 0.7438520193099976 -0.0038976813666522503 0.6683328747749329
30.425 41.315391540527344 -1.6523219347000122 103.4171142578125 -0.00019565667025744915 0.7442062497138977 -0.002837033709511161 0.6679438352584839
30.475 41.643898010253906 -1.6633344888687134 103.38166809082031 -6.57800046610646e-05 0.7443720102310181 -0.0021437061950564384 0.6677617430686951
30.525 41.98601531982422 -1.6714993715286255 103.33602905273438 -0.0004575784259941429 0.7447130680084229 -0.0025011817924678326 0.6673799753189087
30.575 42.314849853515625 -1.677978515625 103.30641174316406 -0.00043047944200225174 0.7448869347572327 -0.002774331718683243 0.6671848893165588
30.625 42.66102600097656 -1.6883738040924072 103.26513671875 -8.562357834307477e-05 0.7449758648872375 -0.003045956837013364 0.6670845150947571
30.675 42.991729736328125 -1.6911488771438599 103.22772216796875 0.0007359680603258312 0.7450019717216492 -0.0036861521657556295 0.6670517325401306
30.725 43.34129333496094 -1.6938393115997314 103.1861572265625 0.0020155159290879965 0.7448853254318237 -0.0031409680377691984 0.6671821475028992
30.775 43.672637939453125 -1.7035902738571167 103.1296615600586 0.0036093629896640778 0.7449315786361694 -0.001800624537281692 0.6671286821365356
30.825 44.00281524658203 -1.7106552124023438 103.08792114257812 0.004889635369181633 0.7450610995292664 -0.0006628816481679678 0.6669780611991882
30.875 44.35151672363281 -1.7115075588226318 103.0499267578125 0.0063992892391979694 0.7451470494270325 0.00023501456598751247 0.6668695211410522
30.925 44.685791015625 -1.7245516777038574 103.0048828125 0.006658301688730717 0.7452893853187561 0.000594895042013377 0.6667076945304871
30.975 45.02128601074219 -1.729583740234375 102.96372985839844 0.007060872856527567 0.7454439997673035 0.00039266477688215673 0.6665308475494385
31.025 45.34912109375 -1.7514537572860718 102.92440795898438 0.006882327143102884 0.7456464171409607 -0.0006412860821001232 0.6663060188293457
31.075 45.68193054199219 -1.7586407661437988 102.88905334472656 0.007086782716214657 0.745726466178894 -0.002040316816419363 0.6662114262580872
31.125 46.014259338378906 -1.7717114686965942 102.85696411132812 0.00819146353751421 0.7455538511276245 -0.003082506824284792 0.6663879156112671
31.175 46.36128234863281 -1.7780836820602417 102.81553649902344 0.009576612152159214 0.7452352643013 -0.004056217148900032 0.6667206287384033
31.225 46.685340881347656 -1.7866928577423096 102.7784423828125 0.010584920644760132 0.7450768947601318 -0.004865538794547319 0.6668769121170044
31.275 47.01909637451172 -1.809687852859497 102.74272155761719 0.011537972837686539 0.7450298070907593 -0.00509798526763916 0.6669120192527771
31.325 47.35630798339844 -1.8193681240081787 102.70591735839844 0.01203552633523941 0.7451140284538269 -0.005319082643836737 0.6668072938919067
31.375 47.698875427246094 -1.8300014734268188 102.67684936523438 0.011659752577543259 0.7453012466430664 -0.0051796045154333115 0.6666058897972107
31.425 48.02970886230469 -1.8349330425262451 102.63481903076172 0.010409797541797161 0.7453559041023254 -0.005478412378579378 0.666563093662262
31.475 48.37525939941406 -1.8580989837646484 102.59457397460938 0.00919277872890234 0.7452078461647034 -0.005466181319206953 0.6667464971542358
31.525 48.7069091796875 -1.8638896942138672 102.57827758789062 0.007582786493003368 0.7454938292503357 -0.006687354762107134 0.6664358377456665
31.575 49.04765319824219 -1.8766250610351562 102.54329681396484 0.006280910689383745 0.7454078793525696 -0.007363333832472563 0.6665384769439697
31.625 49.3829345703125 -1.882734775543213 102.509033203125 0.005470708478242159 0.7452763915061951 -0.00794051680713892 0.6666859984397888
31.675 49.72392272949219 -1.8948442935943604 102.48135375976562 0.004731785040348768 0.745306670665741 -0.008121072314679623 0.6666556596755981
31.725 50.065269470214844 -1.9017964601516724 102.43843841552734 0.004658007062971592 0.7450281381607056 -0.008087892085313797 0.6669677495956421
31.775 50.394065856933594 -1.9202147722244263 102.39544677734375 0.004183201119303703 0.744931697845459 -0.0076843067072331905 0.6670833826065063
31.825 50.72900390625 -1.9258283376693726 102.359130859375 0.0036957969423383474 0.7449124455451965 -0.007545367814600468 0.6671094298362732
31.875 51.07575225830078 -1.9309360980987549 102.32225799560547 0.0032398374751210213 0.745009183883667 -0.007065408863127232 0.6670089960098267
31.925 51.41724395751953 -1.932185173034668 102.28614807128906 0.0022821975871920586 0.7451916933059692 -0.006834806874394417 0.666811466217041
31.975 51.76384735107422 -1.9378211498260498 102.24527740478516 0.0016204598359763622 0.7452972531318665 -0.006018853280693293 0.6667032837867737
32.025 52.095703125 -1.9531183242797852 102.21565246582031 0.0008567211334593594 0.7456071972846985 -0.005740117281675339 0.6663605570793152
32.075 52.44190979003906 -1.9586806297302246 102.17752075195312 0.0008579426212236285 0.7455783486366272 -0.006098584737628698 0.6663895845413208
32.125 52.781089782714844 -1.9697068929672241 102.136474609375 0.0016414608107879758 0.7455661296844482 -0.005845562554895878 0.6664040684700012
32.175 53.114166259765625 -1.970508098602295 102.09507751464844 0.0026267091743648052 0.7456412315368652 -0.0056035141460597515 0.666318953037262
32.225 53.449974060058594 -1.9850478172302246 102.06061553955078 0.0021514997351914644 0.7457086443901062 -0.005753743927925825 0.666243851184845
32.275 53.80315399169922 -1.9880397319793701 102.01289367675781 0.002004567300900817 0.7456724643707275 -0.006794007495045662 0.666275143623352
32.325 54.13639831542969 -1.9965217113494873 101.979248046875 0.0012612628052011132 0.7457541823387146 -0.007672691717743874 0.666175901889801
32.375 54.48081970214844 -1.9993356466293335 101.94906616210938 0.0005098357796669006 0.7457987666130066 -0.00827973335981369 0.6661196947097778
32.425 54.823768615722656 -2.0046496391296387 101.90426635742188 -1.3391139873419888e-05 0.7455697059631348 -0.008167076855897903 0.6663777232170105
32.475 55.167510986328125 -2.0159497261047363 101.86981964111328 -0.00042714946903288364 0.7456822991371155 -0.007863592356443405 0.6662551760673523
32.525 55.50284957885742 -2.027571201324463 101.82682037353516 0.0007760862936265767 0.7454949617385864 -0.006591530051082373 0.6664782166481018
32.575 55.84054183959961 -2.0368599891662598 101.787109375 0.001997303916141391 0.7454048991203308 -0.00634569488465786 0.6665788292884827
32.625 56.19056701660156 -2.0436394214630127 101.744384765625 0.0021516168490052223 0.745415449142456 -0.006997008342295885 0.6665600538253784
32.675 56.5220832824707 -2.055670976638794 101.7093276977539 0.0016597036737948656 0.7456470131874084 -0.008201101794838905 0.6662886142730713
32.725 56.86159133911133 -2.0732293128967285 101.67448425292969 0.001207042601890862 0.7461423873901367 -0.008933912962675095 0.6657254695892334
32.775 57.20952224731445 -2.0761594772338867 101.63894653320312 0.001534756040200591 0.7463098764419556 -0.009693490341305733 0.6655263304710388
32.825 57.54903030395508 -2.089326858520508 101.60377502441406 0.001135256141424179 0.74641352891922 -0.00971089955419302 0.6654106974601746
32.875 57.8984260559082 -2.0923194885253906 101.56224060058594 0.0009818306425586343 0.7463123798370361 -0.009143795818090439 0.6655323505401611
32.925 58.22806167602539 -2.107212781906128 101.52540588378906 0.0019119549542665482 0.7462560534477234 -0.007303356658667326 0.6656162738800049
32.975 58.57467269897461 -2.109273672103882 101.47232055664062 0.002927464433014393 0.7460843920707703 -0.005594398360699415 0.6658215522766113
33.025 58.92494583129883 -2.1327579021453857 101.43397521972656 0.003406860399991274 0.7463183403015137 -0.00332133611664176 0.6655721664428711
33.075 59.265296936035156 -2.1427435874938965 101.3912353515625 0.0037493885029107332 0.746582567691803 -0.001738135702908039 0.6652800440788269
33.125 59.61383056640625 -2.1436405181884766 101.35120391845703 0.0038207327015697956 0.7469517588615417 -0.0010972010204568505 0.6648663878440857
33.175 59.953636169433594 -2.1524181365966797 101.31399536132812 0.0034846158232539892 0.7472336888313293 -0.0008943256689235568 0.6645516753196716
33.225 60.29869842529297 -2.156165361404419 101.26947784423828 0.004275988321751356 0.747317373752594 -0.00013606592256110162 0.6644535660743713
33.275 60.65729904174805 -2.180783748626709 101.22816467285156 0.004928299225866795 0.747424840927124 0.0013269407209008932 0.6643268465995789
33.325 60.99532699584961 -2.1874873638153076 101.18830871582031 0.004934537690132856 0.7474623322486877 0.0013035592855885625 0.6642845869064331
33.375 61.340938568115234 -2.189918041229248 101.15662384033203 0.004070748575031757 0.7476655840873718 -9.512728865956888e-05 0.6640629768371582
33.425 61.68574905395508 -2.19215989112854 101.12015533447266 0.003650170285254717 0.7478141188621521 -0.0016905497759580612 0.6638960242271423
33.475 62.024635314941406 -2.2018074989318848 101.08099365234375 0.003643399802967906 0.7479128837585449 -0.0027960070874542 0.6637809872627258
33.525 62.38722229003906 -2.2103829383850098 101.04167175292969 0.0034188267309218645 0.7478838562965393 -0.003699394641444087 0.6638104915618896
33.575 62.72892761230469 -2.216602325439453 101.00534057617188 0.0033689236734062433 0.7477994561195374 -0.005108864512294531 0.6638965010643005
33.625 63.069637298583984 -2.2248408794403076 100.96575164794922 0.00499331159517169 0.7476122975349426 -0.005920658353716135 0.6640903353691101
33.675 63.41583251953125 -2.2312676906585693 100.91972351074219 0.007094323635101318 0.7474119067192078 -0.006860097870230675 0.6642877459526062
33.725 63.76238250732422 -2.2498857975006104 100.87431335449219 0.0081887012347579 0.7474029660224915 -0.008187412284314632 0.6642701029777527
33.775 64.10455322265625 -2.257577896118164 100.83660125732422 0.008258897811174393 0.7476615309715271 -0.010629843920469284 0.6639436483383179
33.825 64.43711853027344 -2.2706801891326904 100.80254364013672 0.007835665717720985 0.7480513453483582 -0.012853454798460007 0.6634700894355774
33.875 64.78262329101562 -2.283355474472046 100.76667785644531 0.0085239103063941 0.748230516910553 -0.014070844277739525 0.6632348895072937
33.925 65.11731719970703 -2.294440984725952 100.73155212402344 0.009057626128196716 0.748294472694397 -0.01523479726165533 0.6631298661231995
33.975 65.48361206054688 -2.3165066242218018 100.68221282958984 0.009020527824759483 0.7481210827827454 -0.015190968289971352 0.6633269786834717
34.025 65.81666564941406 -2.3311595916748047 100.64261627197266 0.009310323745012283 0.7481237053871155 -0.014806319028139114 0.6633287668228149
34.075 66.16236877441406 -2.3459858894348145 100.59910583496094 0.009893933311104774 0.7481929659843445 -0.013684798963367939 0.6632663011550903
34.125 66.499755859375 -2.356825113296509 100.55569458007812 0.009944134391844273 0.7482607364654541 -0.012887862510979176 0.6632050275802612
34.175 66.86312866210938 -2.376171827316284 100.5080795288086 0.009618113748729229 0.7483518123626709 -0.011761843226850033 0.6631280183792114
34.225 67.2004165649414 -2.3889358043670654 100.46663665771484 0.009427682496607304 0.7486317157745361 -0.010934735648334026 0.6628289818763733
34.275 67.53921508789062 -2.403385639190674 100.42500305175781 0.009334597736597061 0.7488546967506409 -0.010316574014723301 0.6625882387161255
34.325 67.88345336914062 -2.4185068607330322 100.38551330566406 0.008933257311582565 0.7489913105964661 -0.010480008088052273 0.6624367833137512
34.375 68.21794891357422 -2.42799973487854 100.343994140625 0.009081193245947361 0.7488760352134705 -0.010325826704502106 0.6625674962997437
34.425 68.5743408203125 -2.448047637939453 100.3062744140625 0.00901619903743267 0.7489205598831177 -0.009890662506222725 0.6625246405601501
34.475 68.90904235839844 -2.4610133171081543 100.2624282836914 0.008989596739411354 0.748864471912384 -0.009288194589316845 0.6625971794128418
34.525 69.23503112792969 -2.4720566272735596 100.22908020019531 0.008963007479906082 0.7489476203918457 -0.008756936527788639 0.6625107526779175
34.575 69.56271362304688 -2.4873294830322266 100.18212890625 0.008865541778504848 0.7487726211547852 -0.008186383172869682 0.6627171039581299
34.625 69.88502502441406 -2.499552011489868 100.1407241821289 0.008591804653406143 0.7486154437065125 -0.007882370613515377 0.6629019975662231
34.675 70.20125579833984 -2.514233112335205 100.1029281616211 0.008220828138291836 0.7486056685447693 -0.007616651244461536 0.6629208326339722
34.725 70.53402709960938 -2.5247721672058105 100.06985473632812 0.007818015292286873 0.7486332058906555 -0.00737066799774766 0.6628973484039307
34.775 70.83865356445312 -2.538170099258423 100.03343963623047 0.007156219333410263 0.7485195398330688 -0.007332612760365009 0.6630336046218872
34.825 71.15170288085938 -2.545286178588867 99.99751281738281 0.006985716987401247 0.7484979629516602 -0.0074116806499660015 0.663058876991272
34.875 71.44621276855469 -2.559591770172119 99.96778106689453 0.006601681001484394 0.7484848499298096 -0.007577382959425449 0.6630756855010986
34.925 71.73820495605469 -2.5686957836151123 99.9346923828125 0.006757822819054127 0.7484310865402222 -0.007663043215870857 0.6631339192390442
