37050.810866000 0.000000000 0.000000000 0.000000000 0.000000000 0.000000000 -0.000000000 1.000000000
37051.012586000 -0.002402646 0.002364371 0.005531866 -0.000009940 -0.000019581 0.000090099 0.999999996
37051.214306000 -0.001237791 0.000705326 0.006817044 0.000000589 0.000010079 0.000049981 0.999999999
37051.416026000 -0.001390927 0.002367978 0.005725286 -0.000000867 -0.000049868 0.000070089 0.999999996
37051.617745000 -0.000624217 0.003417705 0.005518573 -0.000010269 -0.000029594 0.000080117 0.999999996
37051.819465000 -0.001962221 0.002437897 0.008368945 -0.000011526 -0.000079560 0.000090208 0.999999993
37052.021185000 -0.002093437 0.000775948 0.005702467 -0.000000533 -0.000029924 0.000040053 0.999999999
37052.222905000 0.001894562 0.002451735 0.006043793 0.000010984 0.000029774 0.000029880 0.999999999
37052.424625000 -0.001184242 0.003157210 0.008162701 0.000019590 -0.000030420 0.000059924 0.999999998
37052.626345000 -0.001045108 0.002084021 0.003123445 -0.000018879 0.000020670 0.000090091 0.999999996
37052.828064000 -0.000471113 0.002935119 0.006418390 -0.000020998 -0.000069233 0.000130253 0.999999989
37053.029784000 0.000775807 0.002254746 0.002461310 -0.000030860 -0.000059005 0.000110300 0.999999992
37053.231504000 -0.001154615 0.002954942 0.007382823 -0.000002058 -0.000099817 0.000090179 0.999999991
37053.433224000 -0.001148234 0.001875776 0.008144570 -0.000022315 -0.000109285 0.000090327 0.999999990
37053.634944000 -0.000152658 0.000995914 0.006359501 -0.000000468 -0.000029907 0.000050053 0.999999998
37053.836664000 0.000790537 0.002262818 0.001611182 -0.000022909 -0.000129294 0.000080363 0.999999988
37054.038383000 0.001560199 0.001852393 0.001646852 0.000044820 -0.000211150 0.000060057 0.999999975
37054.240103000 0.004396569 -0.006934548 0.035363590 0.000379353 -0.001081026 -0.000340700 0.999999286
37054.441823000 -0.001290135 -0.012200497 0.170832257 0.000395122 -0.003161934 -0.000217383 0.999994899
37054.643543000 -0.012506226 -0.009909109 0.333065073 0.000484765 -0.006205357 -0.000202971 0.999980608
37054.845263000 -0.028112979 -0.007183573 0.510706073 0.000527734 -0.010628038 -0.000215990 0.999943358
37055.046983000 -0.046599055 -0.003995400 0.708405487 0.000530964 -0.015780189 -0.000297558 0.999875301
37055.248703000 -0.066902780 -0.005165230 0.898093693 0.000815680 -0.022380216 -0.000428578 0.999749107
37055.450422000 -0.110588262 0.004594871 1.130816959 0.000535647 -0.031505497 -0.000211772 0.999503409
37055.652142000 -0.179895168 0.017344452 1.408302922 0.000259994 -0.043472063 -0.000070335 0.999054598
37055.853862000 -0.266867253 0.021474284 1.705818348 -0.000111416 -0.058032034 -0.002584074 0.998311366
37056.055582000 -0.317667875 0.009787138 1.956303483 -0.000277783 -0.072411443 -0.001969373 0.997372848
37056.257302000 -0.385406433 0.014147136 2.258513575 0.000025117 -0.088413307 -0.001045058 0.996083301
37056.459022000 -0.474215161 0.014497580 2.530316568 0.000007027 -0.106049790 -0.001306001 0.994359964
37056.660741000 -0.575661147 0.016999141 2.833178900 0.000242903 -0.123360899 -0.000749105 0.992361538
37056.862461000 -0.707744314 0.020766485 3.150088680 0.001455806 -0.141091342 -0.002087913 0.989993244
37057.064181000 -0.843091273 0.029475843 3.491272116 0.001832253 -0.160856841 -0.000697897 0.986975910
37057.265901000 -0.973632258 0.013964328 3.862614738 0.000915878 -0.178492824 0.002457090 0.983937792
37057.467621000 -1.144632634 0.057634328 4.289794550 -0.002389746 -0.197688045 0.015350349 0.980141800
37057.669341000 -1.331635351 0.015545545 4.693978664 -0.003707640 -0.214061690 0.019315873 0.976622011
37057.871060000 -1.559619722 0.007673986 5.071622488 -0.001738254 -0.230243932 0.017239643 0.972978747
37058.072781000 -1.781526845 -0.000712637 5.480028334 -0.000760891 -0.243459793 0.019795042 0.969708750
37058.274501000 -2.010068466 -0.014240546 5.896785945 0.000890221 -0.254571041 0.023562681 0.966766790
37058.476221000 -2.227357612 -0.010960858 6.329623164 0.005162885 -0.264011297 0.031430390 0.963993273
37058.677941000 -2.495375659 -0.015840226 6.769533786 0.004908460 -0.267468462 0.030967921 0.963056607
37058.879661000 -2.757069251 -0.035095565 7.212896959 0.005727055 -0.267064038 0.029041948 0.963224477
37059.081380000 -3.016623531 -0.046846192 7.699634880 0.006762523 -0.260575102 0.029604246 0.964975487
37059.283100000 -3.285902532 -0.052516043 8.209306567 0.007002964 -0.248963321 0.027003703 0.968110993
37059.484820000 -3.547471147 -0.065004099 8.762010279 0.006846932 -0.234096234 0.025590249 0.971852327
37059.686540000 -3.795507885 -0.083232062 9.353226291 0.007168819 -0.216731477 0.024429706 0.975899246
37059.888260000 -4.039261704 -0.091129065 9.999908744 0.006767520 -0.196307329 0.022678804 0.980256882
37060.089980000 -4.276120743 -0.097127252 10.696464370 0.007113735 -0.174451606 0.020840576 0.984419491
37060.291700000 -4.495683793 -0.102507636 11.450827818 0.007748683 -0.151093788 0.018828056 0.988309740
37060.493419000 -4.692324551 -0.107578045 12.252522777 0.007584871 -0.126306661 0.015838428 0.991835862
37060.695139000 -4.853240675 -0.110512072 13.098342930 0.007816001 -0.101157772 0.013665586 0.994745874
37060.896859000 -4.975345386 -0.119641866 13.967531416 0.008146534 -0.077816700 0.014165026 0.996833737
37061.098579000 -5.053859061 -0.132165239 14.880803025 0.008090759 -0.057267858 0.014291661 0.998223749
37061.300299000 -5.109944302 -0.153071123 15.795902599 0.007827734 -0.039155126 0.013993625 0.999104482
37061.502019000 -5.145484072 -0.167105095 16.728987706 0.007264614 -0.024445772 0.013693184 0.999580975
37061.703738000 -5.157334975 -0.178581566 17.685685115 0.006665267 -0.013344028 0.014818913 0.999778932
37061.905458000 -5.165268834 -0.178935346 18.627118453 0.006049536 -0.004695878 0.014168687 0.999870292
37062.107178000 -5.150628595 -0.191360090 19.612685816 0.006556878 0.001215822 0.015845691 0.999852210
37062.308898000 -5.126948189 -0.205483033 20.615557573 0.006547204 0.005374821 0.014348912 0.999861167
37062.510618000 -5.102301330 -0.223548766 21.626229694 0.007165078 0.009281094 0.015018537 0.999818467
37062.712338000 -5.064970631 -0.231291631 22.639402453 0.007089279 0.012355003 0.015473990 0.999778802
37062.914058000 -5.020873476 -0.246003495 23.653852683 0.006999894 0.014161570 0.017471588 0.999722558
37063.115777000 -4.980465185 -0.251989371 24.693353139 0.006741179 0.014181455 0.019153257 0.999693249
37063.317497000 -4.948860073 -0.266494024 25.733684837 0.006724619 0.013643926 0.020334387 0.999677517
37063.519217000 -4.904655704 -0.270886515 26.785968282 0.007429138 0.013718735 0.022239655 0.999630932
37063.720937000 -4.867666804 -0.286217827 27.851646900 0.008249162 0.013429014 0.023384791 0.999602301
37063.922657000 -4.833939074 -0.314212839 28.908797319 0.008416830 0.013056589 0.024534434 0.999578285
37064.124377000 -4.806750629 -0.323462444 30.024400802 0.006361128 0.012398566 0.023368817 0.999629787
37064.326096000 -4.770345565 -0.340481249 31.127406826 0.006421628 0.010648210 0.024421208 0.999624418
37064.527816000 -4.751508487 -0.351629521 32.221627247 0.007312421 0.009643519 0.023957169 0.999639728
37064.729536000 -4.731473773 -0.366499184 33.316716009 0.007238031 0.008106706 0.024930187 0.999630120
37064.931256000 -4.725480313 -0.375117099 34.405395665 0.006092475 0.006585093 0.024170178 0.999667607
37065.132976000 -4.698723086 -0.387097706 35.487105673 0.004982913 0.005133705 0.024049831 0.999685164
37065.334696000 -4.693581379 -0.397806105 36.546953650 0.006485433 0.004692023 0.023070606 0.999701790
37065.536416000 -4.686698307 -0.408201853 37.583949278 0.007722245 0.003577766 0.022424368 0.999712314
37065.738135000 -4.673699553 -0.429059224 38.639542730 0.008358686 0.003040872 0.022481216 0.999707699
37065.939855000 -4.670061310 -0.442134415 39.696244298 0.008503117 0.002995791 0.021800246 0.999721696
37066.141575000 -4.650936414 -0.464660489 40.748430578 0.008788468 0.003098992 0.022188259 0.999710378
37066.343295000 -4.644732904 -0.480862965 41.817060867 0.008828953 0.003646983 0.021567052 0.999721766
37066.545015000 -4.627786325 -0.496061860 42.906220116 0.008767056 0.004219659 0.022026563 0.999710040
37066.746735000 -4.614102548 -0.512006178 43.978051415 0.009791099 0.005053333 0.022278518 0.999691085
37066.948454000 -4.598862916 -0.537849082 45.058719044 0.010159879 0.005525473 0.023235318 0.999663124
37067.150174000 -4.578763637 -0.570923588 46.150087185 0.009935074 0.005972551 0.023766123 0.999650336
37067.351894000 -4.560361517 -0.601554275 47.245922450 0.009785679 0.005857505 0.024337334 0.999638748
37067.553614000 -4.536477436 -0.612576985 48.345069959 0.010439434 0.005620065 0.024313342 0.999634077
37067.755334000 -4.513995661 -0.634991504 49.458075597 0.010636900 0.005455300 0.024572519 0.999626577
37067.957054000 -4.496339216 -0.653616959 50.576696518 0.010672013 0.005545172 0.024992186 0.999615305
37068.158773000 -4.480107279 -0.687097484 51.696691115 0.010600706 0.005497035 0.024992703 0.999616315
37068.360493000 -4.459760132 -0.717787420 52.821314478 0.010037382 0.005573302 0.025756105 0.999602325
37068.562213000 -4.437831068 -0.736730818 53.953788450 0.010196915 0.005810088 0.026244838 0.999586654
37068.763933000 -4.416369043 -0.759908766 55.077762219 0.010739681 0.005254750 0.025831999 0.999594791
37068.965653000 -4.401958799 -0.793015985 56.211558359 0.010926300 0.004587964 0.024922005 0.999619158
37069.167373000 -4.393977284 -0.810533368 57.353310890 0.011754786 0.003914699 0.024297737 0.999627992
37069.369092000 -4.370149995 -0.832378001 58.480247157 0.013216365 0.003651026 0.027088707 0.999538994
37069.570812000 -4.366517857 -0.852282551 59.621281870 0.012109627 0.003559155 0.026486027 0.999569498
37069.772532000 -4.355648323 -0.898616668 60.762882920 0.010247978 0.002599272 0.027179583 0.999574652
37069.974253000 -4.348311915 -0.927104299 61.880667113 0.011822119 0.002093813 0.025150218 0.999611583
37070.175973000 -4.346621885 -0.937498675 63.002668416 0.012574560 0.000981161 0.023837251 0.999636288
37070.377693000 -4.339737681 -0.972362816 64.105985691 0.010920519 0.000613720 0.023268522 0.999669417
37070.579413000 -4.343086770 -1.007075112 65.182428652 0.010790477 0.000075357 0.022380188 0.999691295
37070.781132000 -4.333650307 -1.019548054 66.253091843 0.012245434 -0.000453739 0.022131620 0.999679966
37070.982852000 -4.335210131 -1.048891976 67.315074033 0.012611998 -0.001304039 0.021960663 0.999678432
37071.184572000 -4.335291891 -1.074567579 68.369390418 0.012737399 -0.001629176 0.021020397 0.999696580
37071.386292000 -4.329143717 -1.109225531 69.432251230 0.013382816 -0.001855951 0.021216428 0.999683607
37071.588012000 -4.329425417 -1.129189713 70.483329468 0.013571000 -0.001501195 0.021004776 0.999686140
37071.789732000 -4.322184478 -1.165363244 71.537275462 0.013515540 -0.001207678 0.022074503 0.999664235
37071.991451000 -4.309575318 -1.198248424 72.612791638 0.012983896 -0.000850960 0.023477508 0.999639686
37072.193171000 -4.313655518 -1.217009697 73.698113370 0.012333926 -0.000443774 0.023401057 0.999649973
37072.394891000 -4.303310194 -1.246242405 74.779888412 0.012377079 -0.000473839 0.024000954 0.999635206
37072.596611000 -4.301844815 -1.275619990 75.867421560 0.012853267 -0.000755552 0.024538316 0.999615976
37072.798331000 -4.298281130 -1.304639768 76.973240889 0.014148666 -0.001161125 0.023880348 0.999614020
37073.000051000 -4.291253438 -1.331264829 78.082063831 0.014956718 -0.001090824 0.024785088 0.999580315
37073.201770000 -4.292881770 -1.367380879 79.198348803 0.014707898 -0.001186037 0.023816909 0.999607438
37073.403490000 -4.285962454 -1.398809857 80.320910644 0.015546845 -0.001906273 0.025022497 0.999564170
37073.605210000 -4.278447762 -1.439784560 81.450844448 0.016475246 -0.001247631 0.026655571 0.999508126
37073.806930000 -4.278313349 -1.476581267 82.598119772 0.016020786 -0.001530422 0.024058858 0.999580993
37074.008650000 -4.274013492 -1.518432466 83.760506648 0.014664757 -0.002042509 0.025298560 0.999570285
37074.210370000 -4.276201233 -1.546862414 84.898093120 0.014480669 -0.001748045 0.025019261 0.999580557
37074.412090000 -4.279104915 -1.572253185 86.051779621 0.014562905 -0.002221875 0.024199534 0.999598604
37074.613809000 -4.282710332 -1.608971840 87.220659621 0.014105775 -0.001821742 0.023041712 0.999633324
37074.815529000 -4.279542622 -1.639945429 88.401726423 0.014678065 -0.000907141 0.022716473 0.999633777
37075.017249000 -4.272339753 -1.677419403 89.543386772 0.015328732 0.000084379 0.021820585 0.999644376
37075.218969000 -4.263793792 -1.709292656 90.726010116 0.014631347 0.001223954 0.022223461 0.999645212
37075.420689000 -4.252552439 -1.753890147 91.914966962 0.013872026 0.002804355 0.022095790 0.999655683
37075.622409000 -4.234863837 -1.775285527 93.111863980 0.013467341 0.004336981 0.022865864 0.999638423
37075.824128000 -4.217345104 -1.811650849 94.292666313 0.014854125 0.006722044 0.023372816 0.999593855
37076.025848000 -4.184980646 -1.832529291 95.492157115 0.016670231 0.009637408 0.024656328 0.999510524
37076.227568000 -4.139588027 -1.880749581 96.681797863 0.017023821 0.013492610 0.026447644 0.999414154
37076.429288000 -4.090855259 -1.927709311 97.881595052 0.015652204 0.016708272 0.025491300 0.999412842
37076.631008000 -4.031042571 -1.961816105 99.093149363 0.014862197 0.019760129 0.025421473 0.999371001
37076.832728000 -3.965948056 -1.993722164 100.287925341 0.015629172 0.023080674 0.025250995 0.999292446
37077.034447000 -3.889686393 -2.034471441 101.474473038 0.016679624 0.026275545 0.026118891 0.999174247
37077.236167000 -3.805464358 -2.070844213 102.686062354 0.016914179 0.029023827 0.027923134 0.999045466
37077.437887000 -3.716352116 -2.116767758 103.893155449 0.016923499 0.031567641 0.029808703 0.998913662
37077.639607000 -3.625163473 -2.153360080 105.090779513 0.017245574 0.033490197 0.029973548 0.998840618
37077.841327000 -3.529590079 -2.197709597 106.272647444 0.016983085 0.035049446 0.030962692 0.998761441
37078.043047000 -3.431239489 -2.238359926 107.488332006 0.016784964 0.036006971 0.031982521 0.998698598
37078.244766000 -3.339222343 -2.274790187 108.688110465 0.017200288 0.035796220 0.032090264 0.998695659
37078.446486000 -3.247211832 -2.309642604 109.858715721 0.017738698 0.035192910 0.032737738 0.998686665
37078.648206000 -3.154847824 -2.349291604 111.026256483 0.018316343 0.034459300 0.033795215 0.998666596
37078.849926000 -3.072147579 -2.391223092 112.195373864 0.018848085 0.033615801 0.034412890 0.998664337
37079.051647000 -2.989263813 -2.431221598 113.384987339 0.018923574 0.032755999 0.035664075 0.998647600
37079.253367000 -2.906968718 -2.479255879 114.564387602 0.019353907 0.031524805 0.036103106 0.998663187
37079.455086000 -2.829761554 -2.526013240 115.728328504 0.019630382 0.029986175 0.035643879 0.998721674
37079.656806000 -2.756159096 -2.569724461 116.908698215 0.019378654 0.028253357 0.036298306 0.998753539
37079.858526000 -2.694589844 -2.622605374 118.086551164 0.019315810 0.026552400 0.035061763 0.998845615
37080.060246000 -2.636668410 -2.667940133 119.257275284 0.019162375 0.024786755 0.035575667 0.998875774
37080.261966000 -2.577525594 -2.703164210 120.433194984 0.019369404 0.023279687 0.035106469 0.998924621
37080.463685000 -2.525363348 -2.746691495 121.595423395 0.019716148 0.021567727 0.033837157 0.999000077
37080.665405000 -2.464783319 -2.782055964 122.759013702 0.018996381 0.019976869 0.034244349 0.999033220
37080.867125000 -2.419659962 -2.830154683 123.923505436 0.019607884 0.018408174 0.033113044 0.999089684
37081.068845000 -2.375843470 -2.872414757 125.061545489 0.020510320 0.016573837 0.033210163 0.999100454
37081.270565000 -2.331853890 -2.913858027 126.178122593 0.021073499 0.015029453 0.033808961 0.999093072
37081.472285000 -2.293653563 -2.957703800 127.275560853 0.021085473 0.013558894 0.033931414 0.999109713
37081.674004000 -2.257585677 -3.013955408 128.363153121 0.019678527 0.012145842 0.034082826 0.999151435
37081.875724000 -2.231648335 -3.064797816 129.422891755 0.018980171 0.010614451 0.034449945 0.999169800
37082.077444000 -2.209690557 -3.107532725 130.432681834 0.017863252 0.009163965 0.034749435 0.999194370
37082.279164000 -2.189324231 -3.150562681 131.411022038 0.018249956 0.007711848 0.033949536 0.999227154
37082.480884000 -2.176500150 -3.193950423 132.341350791 0.018383558 0.006447023 0.033490665 0.999249147
37082.682604000 -2.161983326 -3.222817650 133.249704209 0.018510543 0.005232971 0.033341838 0.999258876
37082.884323000 -2.153009404 -3.272339023 134.134107032 0.018386203 0.004494659 0.032603833 0.999289116
37083.086043000 -2.138904210 -3.308287841 134.959722890 0.019065997 0.004225658 0.032099689 0.999293866
37083.287763000 -2.124708187 -3.341358848 135.762832928 0.019764056 0.003866325 0.031685697 0.999294970
37083.489483000 -2.110184836 -3.380640816 136.538290410 0.020424382 0.003588042 0.031262132 0.999296083
37083.691203000 -2.089003703 -3.412641944 137.294042207 0.020848578 0.003327013 0.031429589 0.999282963
37083.892923000 -2.082748629 -3.455050155 138.028837669 0.020382614 0.003129092 0.031323143 0.999296567
37084.094642000 -2.080037758 -3.497666323 138.702085134 0.024462309 0.002949207 0.030236808 0.999239028
37084.296362000 -2.067456385 -3.538466796 139.356565015 0.038300359 0.002638004 0.027317264 0.998889330
37084.498082000 -2.058709603 -3.549201708 140.002020277 0.037492829 0.001902515 0.029203797 0.998868267
37084.699802000 -2.053473310 -3.587800753 140.626983640 0.037415019 0.001815824 0.029914401 0.998850312
37084.901522000 -2.058191044 -3.629501668 141.255306895 0.028528793 0.001869536 0.029251996 0.999163111
37085.103243000 -2.062377528 -3.696965544 141.856118365 0.020764316 0.002333846 0.028641760 0.999371324
37085.304962000 -2.045847854 -3.716454148 142.399585095 0.021907100 0.001864795 0.029365245 0.999326920
37085.506682000 -2.040541988 -3.737431391 142.956947561 0.022623591 0.001745663 0.029290590 0.999313353
37085.708402000 -2.025197481 -3.762542681 143.510321450 0.023380337 0.001826873 0.029935750 0.999276680
37085.910122000 -2.019717296 -3.793136884 144.112379573 0.023907165 0.001722739 0.029842477 0.999267189
37086.111842000 -2.007559457 -3.824967752 144.731146683 0.023488963 0.001734270 0.030105123 0.999269205
37086.313562000 -2.009362722 -3.855279326 145.393883066 0.022627796 0.001786428 0.029760626 0.999299304
37086.515281000 -2.010216595 -3.875072406 146.067596257 0.022328396 0.001083900 0.029653696 0.999310225
37086.717001000 -1.989404464 -3.910814573 146.762955236 0.022149223 0.001270359 0.030564688 0.999286549
37086.918721000 -1.985275238 -3.945271792 147.476790998 0.021953279 0.001375981 0.030795576 0.999283635
37087.120441000 -1.980023293 -3.961115484 148.161208246 0.022666817 0.001887209 0.030740252 0.999268580
37087.322161000 -1.962366947 -3.992865878 148.816270287 0.022642428 0.002137676 0.030599862 0.999272931
37087.523881000 -1.961395444 -4.021910826 149.451165922 0.023068425 0.002326704 0.030716900 0.999259180
37087.725600000 -1.951634716 -4.078173056 150.127220009 0.013779056 0.002278134 0.028447370 0.999497724
37087.927320000 -1.931151413 -4.083388193 150.843331485 -0.005834959 0.002691806 0.025714134 0.999648685
37088.129040000 -1.935570486 -4.038906565 151.460721088 -0.004353369 0.002024831 0.027055527 0.999622400
37088.330760000 -1.934962553 -4.099198212 152.065089691 -0.002247643 0.001980866 0.028001898 0.999603378
37088.532480000 -1.937081581 -4.039987573 152.668489847 0.004385390 0.001506244 0.028489558 0.999583333
37088.734199000 -1.952107186 -4.015561845 153.242170355 0.023614485 0.001590699 0.029994522 0.999269811
37088.935919000 -1.940065247 -4.100521002 153.848415143 0.022975491 0.001426316 0.029328787 0.999304709
37089.137639000 -1.944177034 -4.131522860 154.505047532 0.022790127 0.001631077 0.029209730 0.999312131
37089.339359000 -1.937185571 -4.156197420 155.177447694 0.023368259 0.001625233 0.028896096 0.999307913
37089.541079000 -1.936196963 -4.182112050 155.905940185 0.024010147 0.001737933 0.028691719 0.999298395
37089.742799000 -1.928153097 -4.218290527 156.698565090 0.024058660 0.002076641 0.028620839 0.999298614
37089.944518000 -1.924379666 -4.256421256 157.565962649 0.024432604 0.001886349 0.028428808 0.999295404
37090.146238000 -1.923740977 -4.307818548 158.513474168 0.024490656 0.001484318 0.028238953 0.999300038
37090.347958000 -1.908915993 -4.343657233 159.515129124 0.024321155 0.001069076 0.028470797 0.999298132
37090.549678000 -1.900174703 -4.390396625 160.595283295 0.024426286 0.000806768 0.028780586 0.999286942
37090.751398000 -1.904007562 -4.441894707 161.758508905 0.023821127 0.000212780 0.028905461 0.999298248
37090.953118000 -1.893221725 -4.488554263 162.956632304 0.023071948 -0.000636708 0.029461706 0.999299399
37091.154837000 -1.890133047 -4.542660803 164.200078995 0.022648725 -0.001605167 0.029846141 0.999296591
37091.356557000 -1.884503709 -4.598361194 165.473242450 0.022184722 -0.002503249 0.029830661 0.999305617
37091.558277000 -1.893288215 -4.663212258 166.774825287 0.022185635 -0.002823546 0.029741124 0.999307409
37091.759997000 -1.885830952 -4.725403365 168.086538378 0.021802043 -0.003343461 0.029804325 0.999312358
37091.961718000 -1.892403154 -4.781559770 169.399202807 0.021453996 -0.003974817 0.029617598 0.999323129
37092.163438000 -1.896974086 -4.834957901 170.728530071 0.021382010 -0.004433039 0.029638849 0.999322116
37092.365157000 -1.905527922 -4.875347364 172.046171617 0.021763413 -0.004383189 0.029606496 0.999315071
37092.566877000 -1.907586661 -4.922843645 173.362362563 0.022005267 -0.004408876 0.029994886 0.999298075
37092.768597000 -1.908626755 -4.971443227 174.664218374 0.022245480 -0.004405175 0.030013193 0.999292217
37092.970317000 -1.908924307 -5.023235181 175.987245073 0.022308890 -0.004587455 0.029723181 0.999298657
37093.172037000 -1.913653905 -5.094328322 177.314922376 0.022462247 -0.004712492 0.029202337 0.999309994
37093.373757000 -1.921844714 -5.151821577 178.622529411 0.022012277 -0.004921887 0.028535641 0.999338259
37093.575476000 -1.931102816 -5.220950475 179.930262487 0.020887752 -0.004985699 0.026603088 0.999415395
37093.777196000 -1.937165506 -5.279114413 181.235556733 0.021012420 -0.005310983 0.025562709 0.999438254
37093.978916000 -1.948164699 -5.332464454 182.514214577 0.021802134 -0.005523314 0.024797874 0.999439456
37094.180636000 -1.958302687 -5.390637814 183.787984628 0.021881404 -0.005727016 0.023957731 0.999457072
37094.382356000 -1.973085262 -5.451053875 185.042618130 0.021574326 -0.005730811 0.022899674 0.999488526
37094.584076000 -1.988150593 -5.508920892 186.275558799 0.021453398 -0.006170349 0.021471111 0.999520220
37094.785795000 -2.007979371 -5.562924522 187.506354051 0.021886612 -0.006504144 0.020228725 0.999534623
37094.987515000 -2.026109635 -5.614315473 188.696693061 0.022185262 -0.006684067 0.019167191 0.999547778
37095.189235000 -2.042209885 -5.669873469 189.852874943 0.022123583 -0.006335317 0.017496903 0.999582046
37095.390955000 -2.044456764 -5.731281893 190.969245455 0.022822734 -0.002654940 0.016166399 0.999605287
37095.592675000 -2.028429373 -5.777701503 192.067202126 0.022687445 0.005667296 0.013813473 0.999631106
37095.794395000 -1.968982849 -5.823397709 193.127044430 0.021444727 0.019850245 0.011128217 0.999511007
37095.996114000 -1.877870813 -5.871696958 194.145474178 0.021047140 0.040573810 0.008716771 0.998916821
37096.197834000 -1.735073888 -5.915532619 195.107789270 0.021616793 0.066942578 0.005969665 0.997504747
37096.399554000 -1.536128569 -5.955488725 196.038352189 0.021666038 0.098038895 0.003918289 0.994939006
37096.601274000 -1.288227441 -6.006594457 196.907353702 0.021417438 0.135118695 0.004059042 0.990589608
37096.802994000 -0.985963249 -6.044361816 197.754699351 0.021303781 0.176513207 0.002781792 0.984063648
37097.004714000 -0.577672947 -6.077970141 198.519466909 0.021415651 0.219546829 0.003360449 0.975361042
37097.206433000 -0.120154483 -6.106764396 199.236625400 0.021033211 0.263702972 0.003350464 0.964368854
37097.408153000 0.414099191 -6.137618200 199.887376827 0.020046351 0.306715399 0.004286293 0.951580447
37097.609873000 0.971962885 -6.165636016 200.487988953 0.018212918 0.348547825 0.004439538 0.937103085
37097.811593000 1.581463164 -6.182461699 201.002095008 0.017663835 0.389009432 0.006156724 0.921043253
37098.013314000 2.210463356 -6.207064120 201.500456681 0.018275878 0.429491429 0.007896348 0.902851187
37098.215034000 2.916184247 -6.216419896 201.921232726 0.019548314 0.467614602 0.008475558 0.883676585
37098.416753000 3.703497150 -6.236254072 202.265943728 0.021881604 0.501506598 0.009424778 0.864826788
37098.618473000 4.539250764 -6.243427877 202.570068063 0.025116841 0.526613048 0.012542547 0.849641018
37098.820193000 5.390630482 -6.249956759 202.883989955 0.026502034 0.542923558 0.014616744 0.839234620
37099.021913000 6.235560575 -6.277379418 203.194087993 0.026695758 0.550309743 0.015883580 0.834384811
37099.223633000 7.077768840 -6.293076267 203.504044479 0.027673813 0.549182136 0.017058990 0.835070095
37099.425353000 7.918700691 -6.312968901 203.842656796 0.028393684 0.540530441 0.018368468 0.840643207
37099.627072000 8.716577618 -6.352580472 204.252903046 0.029052592 0.524971733 0.018369874 0.850426594
37099.828792000 9.495906243 -6.382996795 204.702705697 0.029684893 0.503533878 0.018230823 0.863272152
37100.030512000 10.255078568 -6.425023801 205.207989715 0.030376830 0.478280184 0.018137917 0.877495647
37100.232232000 10.976273478 -6.465792851 205.764909769 0.031254893 0.448331329 0.018131155 0.893135455
37100.433952000 11.677347319 -6.494385359 206.393752284 0.032141184 0.414748150 0.018760561 0.909174031
37100.635672000 12.309590327 -6.557457572 207.079360228 0.032740300 0.378938752 0.018125433 0.924664091
37100.837391000 12.900356574 -6.602136456 207.814868795 0.033418199 0.341399968 0.018162759 0.939148440
37101.039111000 13.446302310 -6.637408144 208.599524460 0.034273879 0.302606078 0.019920863 0.952290847
37101.240831000 13.910330955 -6.699787539 209.453898834 0.034553574 0.262983453 0.019534024 0.963983246
37101.442551000 14.324341268 -6.750095989 210.354889674 0.034640555 0.222737613 0.019729532 0.974062849
37101.644271000 14.657833914 -6.810216869 211.279370695 0.034509780 0.183146234 0.019155357 0.982292927
37101.845990000 14.933858632 -6.858185183 212.247526421 0.034997225 0.144760442 0.019535171 0.988654530
37102.047710000 15.139442953 -6.919609928 213.257743202 0.035496613 0.108385439 0.019691730 0.993279833
37102.249430000 15.281699874 -6.986952703 214.290041964 0.036673000 0.072823882 0.020662553 0.996456164
37102.451150000 15.341200992 -7.046306340 215.349226316 0.038212807 0.036952647 0.021881448 0.998346387
37102.652870000 15.324014074 -7.121402730 216.428035595 0.039291069 0.002429386 0.020510904 0.999014312
37102.854590000 15.253297771 -7.208324022 217.536763018 0.040066988 -0.027425637 0.018214820 0.998654428
37103.056309000 15.125169175 -7.296914902 218.658366781 0.040884511 -0.050752686 0.014197742 0.997773030
37103.258029000 14.957919291 -7.373493060 219.782375255 0.041557474 -0.068630657 0.011962652 0.996704393
37103.459749000 14.769333571 -7.453885273 220.919229010 0.042345881 -0.080160782 0.009296457 0.995838678
37103.661469000 14.563852907 -7.543302817 222.062277574 0.044034590 -0.086491229 0.007085779 0.995253708
37103.863189000 14.349054374 -7.619532771 223.192444789 0.045554983 -0.088626342 0.004939374 0.995010407
37104.064909000 14.153797518 -7.731633303 224.349414421 0.045553648 -0.087657859 0.003867767 0.995100993
37104.266628000 13.947265289 -7.830760846 225.501075955 0.045715944 -0.085836191 0.001383671 0.995258914
37104.468348000 13.756829892 -7.964737708 226.679450627 0.045566625 -0.084026277 -0.001258390 0.995420352
37104.670068000 13.583537065 -8.069298756 227.840525160 0.045346882 -0.080880174 -0.001702135 0.995690291
37104.871788000 13.401409711 -8.169585092 229.017970489 0.046181827 -0.076411362 -0.002224903 0.996003781
37105.073508000 13.246888871 -8.292038269 230.195802707 0.047210218 -0.071524657 -0.000889589 0.996320540
37105.275228000 13.084225474 -8.398980148 231.401553038 0.047103305 -0.065973414 -0.002978041 0.996704499
37105.476947000 12.947464082 -8.508586856 232.607749331 0.046985054 -0.060605684 -0.001456055 0.997054254
37105.678667000 12.812979820 -8.616219459 233.826967871 0.047448716 -0.055096845 -0.001818124 0.997351311
37105.880387000 12.689962140 -8.744244150 235.072765921 0.047387604 -0.050454862 -0.002435366 0.997598519
37106.082108000 12.567340577 -8.871124845 236.331839817 0.048567250 -0.046545746 -0.003069463 0.997730070
37106.283828000 12.467229537 -8.977483879 237.601673901 0.050516626 -0.042835843 -0.002988227 0.997799696
37106.485548000 12.370010957 -9.107625171 238.883948494 0.050392523 -0.040468034 -0.000931261 0.997908851
37106.687267000 12.278693634 -9.238154361 240.170765455 0.050482636 -0.039866264 0.001257218 0.997928163
37106.888987000 12.180591103 -9.369253185 241.485828105 0.050017301 -0.040498228 0.004581371 0.997916431
37107.090707000 12.082301707 -9.501993329 242.814304966 0.048420633 -0.043765722 0.010847253 0.997808775
37107.292427000 11.975784418 -9.620037065 244.128300877 0.046849852 -0.049203582 0.017636470 0.997533468
37107.494147000 11.849705832 -9.749652489 245.428662669 0.045855783 -0.057351706 0.022506562 0.997046401
37107.695867000 11.692985415 -9.872921711 246.709152838 0.044741090 -0.068669222 0.026382485 0.996286500
37107.897586000 11.504050117 -9.995150883 247.955500001 0.043570639 -0.081166768 0.029570631 0.995308575
37108.099306000 11.277736617 -10.118888156 249.204252736 0.043545408 -0.094617643 0.031212838 0.994070941
37108.301026000 11.020280117 -10.228337511 250.425233893 0.043542246 -0.107867140 0.033894602 0.992632775
37108.502746000 10.726326795 -10.351219080 251.644964382 0.044162545 -0.121188379 0.034212663 0.991056341
37108.704466000 10.405228195 -10.472838742 252.844778857 0.044574620 -0.133960741 0.035730905 0.989338659
37108.906186000 10.055070335 -10.596390190 254.044995463 0.045537338 -0.145920728 0.035524259 0.987609016
37109.107905000 9.673926900 -10.716814938 255.248808493 0.046384716 -0.157628443 0.034998008 0.985787510
37109.309625000 9.259314247 -10.854105477 256.455596900 0.046566995 -0.167937559 0.034233575 0.984101842
37109.511345000 8.810051440 -10.974948083 257.671323813 0.045771079 -0.176799870 0.034043276 0.982592339
37109.713065000 8.357910831 -11.101663922 258.877538865 0.045186279 -0.184227770 0.034279500 0.981245919
37109.914785000 7.872157514 -11.223730154 260.072414589 0.044529610 -0.189982897 0.033653076 0.980199531
37110.116505000 7.375817281 -11.357890774 261.283839375 0.044726690 -0.194579052 0.033469161 0.979294616
37110.318224000 6.857242710 -11.482858960 262.501583788 0.045605944 -0.197836043 0.032658966 0.978628881
37110.519944000 6.335625519 -11.620729748 263.714639059 0.046396426 -0.200298143 0.031967704 0.978113384
37110.721664000 5.814044840 -11.749205597 264.918098454 0.046596497 -0.201754590 0.031728824 0.977812316
37110.923384000 5.277094965 -11.882925023 266.150237037 0.046649012 -0.202988399 0.030950581 0.977579504
37111.125104000 4.734613726 -12.016728674 267.376631594 0.046912942 -0.202117327 0.029537358 0.977790989
37111.326824000 4.192003503 -12.160001288 268.631133165 0.047459753 -0.199483988 0.027539369 0.978363426
37111.528543000 3.647572110 -12.303804071 269.903217844 0.047530166 -0.196266502 0.026793673 0.979031323
37111.730263000 3.121102235 -12.442948667 271.192598474 0.048339250 -0.192047448 0.026351509 0.979840131
37111.931983000 2.632189655 -12.591001943 272.469429239 0.049794124 -0.187784540 0.026575133 0.980587316
37112.133703000 2.150503295 -12.732588528 273.732712098 0.051266595 -0.183451879 0.026198332 0.981341274
37112.335423000 1.677152437 -12.889793603 275.038657353 0.052494897 -0.179466274 0.024973932 0.982045209
37112.537143000 1.189176956 -13.058043920 276.351245981 0.052407242 -0.174797597 0.021736678 0.982968416
37112.738862000 0.715233579 -13.225734724 277.675002701 0.051349971 -0.170573866 0.018836601 0.983825794
37112.940582000 0.268518284 -13.365876653 278.981636773 0.051142702 -0.165858471 0.017070011 0.984674430
37113.142302000 -0.186630769 -13.503381664 280.278921145 0.052603291 -0.161371663 0.014143170 0.985389310
37113.344022000 -0.616753859 -13.651603875 281.591710731 0.052555616 -0.158003612 0.011567871 0.985971040
37113.545742000 -1.028115772 -13.796494942 282.863631941 0.053560070 -0.154253982 0.009185184 0.986535802
37113.747462000 -1.436057825 -13.955496144 284.121883768 0.055570447 -0.151007802 0.008216762 0.986935307
37113.949181000 -1.822516890 -14.106483475 285.396103111 0.056384880 -0.147198761 0.007255139 0.987471793
37114.150902000 -2.187147489 -14.267275403 286.662526439 0.056536471 -0.144362187 0.006749462 0.987885303
37114.352622000 -2.575219887 -14.417084115 287.906713663 0.056823267 -0.141585049 0.004063034 0.988285631
37114.554342000 -2.902590488 -14.567561673 289.159727485 0.057711289 -0.140256406 0.004515063 0.988421515
37114.756062000 -3.259103476 -14.706180207 290.404191140 0.058143649 -0.137856903 0.004348297 0.988734385
37114.957782000 -3.612644491 -14.876765541 291.655818104 0.056154950 -0.137044258 0.004409906 0.988962059
37115.159501000 -3.950427553 -15.013391218 292.898776667 0.054551143 -0.136181012 0.004988948 0.989168381
37115.361221000 -4.314466854 -15.153174778 294.141271128 0.052695046 -0.134993713 0.003919050 0.989436565
37115.562941000 -4.636942857 -15.286434813 295.389244749 0.051590291 -0.134132912 0.004394818 0.989609771
37115.764661000 -4.953237578 -15.408344935 296.647879788 0.051597349 -0.132638297 0.007072411 0.989795416
37115.966381000 -5.271446838 -15.541034729 297.897414765 0.051067365 -0.131388817 0.009743865 0.989966812
37116.168101000 -5.593823629 -15.684484842 299.165314916 0.049046785 -0.131576372 0.019877460 0.989892349
37116.369821000 -5.907940771 -15.808970483 300.420059935 0.048946742 -0.131880692 0.027298824 0.989679986
37116.571540000 -6.246647411 -15.938466932 301.664292830 0.051547997 -0.132696831 0.029113375 0.989387128
37116.773260000 -6.568238904 -16.074691015 302.923505818 0.051109874 -0.134440711 0.031929145 0.989087516
37116.974980000 -6.910108043 -16.216559717 304.177939814 0.049950878 -0.135430384 0.031598147 0.989022234
37117.176700000 -7.259114608 -16.359708532 305.416741970 0.049891614 -0.136073250 0.029659701 0.988997132
37117.378420000 -7.602674646 -16.505633228 306.666063503 0.050287646 -0.137165205 0.028868827 0.988849569
37117.580140000 -7.952521663 -16.644653800 307.901874280 0.051833066 -0.137666888 0.028569619 0.988708751
37117.781859000 -8.304200046 -16.774376122 309.141311783 0.052623316 -0.138302120 0.026495543 0.988636168
37117.983579000 -8.649719528 -16.916284267 310.375929134 0.051735752 -0.138408698 0.025881263 0.988684183
37118.185299000 -9.002616577 -17.073266879 311.597198899 0.052227842 -0.138178768 0.022117669 0.988781879
37118.387019000 -9.350687865 -17.212120647 312.812977406 0.054581547 -0.138026613 0.018852014 0.988743620
37118.588739000 -9.692466607 -17.351634448 314.026846036 0.057349466 -0.137102420 0.017632574 0.988738156
37118.790459000 -10.037291622 -17.485416024 315.235024938 0.055477376 -0.134691939 0.012190657 0.989258211
37118.992178000 -10.366499572 -17.641176208 316.449788518 0.054968973 -0.132797194 0.012460845 0.989539324
37119.193898000 -10.689445002 -17.779551324 317.661522772 0.055269852 -0.130296325 0.011594808 0.989865573
37119.395618000 -11.004586632 -17.917074807 318.888495230 0.054032736 -0.126836652 0.008837046 0.990411419
37119.597338000 -11.315639467 -18.057406579 320.104865472 0.052734821 -0.122656287 0.006028581 0.991028845
37119.799058000 -11.596137107 -18.193597762 321.325010325 0.053110408 -0.118033940 0.006508575 0.991566950
37120.000778000 -11.872331779 -18.328016421 322.542754235 0.055376240 -0.112170999 0.006554179 0.992123020
37120.202497000 -12.137675568 -18.463141301 323.783039257 0.054198940 -0.105697818 0.006801256 0.992896912
37120.404217000 -12.371118280 -18.602818014 325.013974111 0.054228314 -0.098532932 0.008359318 0.993619984
37120.605937000 -12.588825226 -18.745900311 326.240262132 0.055455643 -0.089572231 0.008346627 0.994400229
37120.807657000 -12.790860174 -18.887785884 327.488936790 0.055001595 -0.080376461 0.008774521 0.995207270
37121.009377000 -12.957447378 -19.021769752 328.735387937 0.053993135 -0.070875785 0.008925437 0.995982759
37121.211097000 -13.107112083 -19.164478563 329.962782943 0.053443738 -0.061589839 0.008133804 0.996636517
37121.412816000 -13.222911237 -19.290611426 331.198640728 0.054405488 -0.052908872 0.009963349 0.997066431
37121.614536000 -13.323517780 -19.420921425 332.404675913 0.056552643 -0.043797778 0.012394432 0.997361477
37121.816256000 -13.399342470 -19.569488577 333.613109982 0.055488783 -0.035398580 0.011477612 0.997765623
37122.017976000 -13.444589364 -19.708800650 334.832650285 0.054116091 -0.026743653 0.014462322 0.998071668
37122.219696000 -13.470756054 -19.829478534 336.036755590 0.054468501 -0.018142962 0.018315976 0.998182609
37122.421416000 -13.465458152 -19.963923835 337.240398892 0.054445508 -0.010247310 0.019583201 0.998272089
37122.623135000 -13.447422722 -20.088798872 338.462584079 0.052713685 -0.003751708 0.023753933 0.998320060
37122.824855000 -13.412945929 -20.214008716 339.679212785 0.053014402 0.001901091 0.028592737 0.998182496
37123.026575000 -13.380368843 -20.350758888 340.930873574 0.055073493 0.006592318 0.030821624 0.997984690
37123.228295000 -13.336226736 -20.483430610 342.167492131 0.055121003 0.008312200 0.031098624 0.997960647
37123.430015000 -13.281517409 -20.617358548 343.350912844 0.055323746 0.008777120 0.031176470 0.997943008
37123.631735000 -13.239764184 -20.755755214 344.540045263 0.056080646 0.008197426 0.031432675 0.997897675
37123.833454000 -13.188894234 -20.891321763 345.756824380 0.056364470 0.006720191 0.031873231 0.997878747
37124.035175000 -13.161276973 -21.054006682 346.977179285 0.055539365 0.005193015 0.032721191 0.997906691
37124.236895000 -13.136044527 -21.163850041 348.186482713 0.055253610 0.003164975 0.035566200 0.997833671
37124.438615000 -13.128074500 -21.290420635 349.424646490 0.055767771 0.001314292 0.037516152 0.997737834
37124.640335000 -13.127257145 -21.431679333 350.667210985 0.055498303 -0.000909542 0.037421589 0.997756866
37124.842055000 -13.118427563 -21.565754353 351.900371379 0.056059210 -0.003234434 0.037831450 0.997705185
37125.043774000 -13.130172178 -21.691880239 353.129382410 0.057673823 -0.005136642 0.038464248 0.997580993
37125.245494000 -13.141172557 -21.845070121 354.372283338 0.058273958 -0.006474373 0.037702662 0.997567423
37125.447214000 -13.146149212 -21.992812775 355.628726462 0.057456792 -0.007691752 0.038510074 0.997575347
37125.648934000 -13.161545058 -22.136205426 356.875819983 0.056463197 -0.008684810 0.039047878 0.997602985
37125.850654000 -13.175905480 -22.273998375 358.114697396 0.056168649 -0.009127958 0.038620539 0.997632295
37126.052374000 -13.191553918 -22.416321731 359.374061080 0.056558870 -0.009630267 0.037608734 0.997644173
37126.254093000 -13.199005736 -22.562621050 360.645618269 0.056589720 -0.009623851 0.036108724 0.997697932
37126.455813000 -13.218976368 -22.703409597 361.893957290 0.056589436 -0.009646516 0.034628648 0.997750187
37126.657533000 -13.233477269 -22.843375849 363.167999974 0.056036788 -0.009781751 0.034762634 0.997775424
37126.859253000 -13.242795407 -22.991614578 364.429592257 0.055366525 -0.009652095 0.035796731 0.997777531
37127.060973000 -13.256555128 -23.133257959 365.699802789 0.056036133 -0.009580349 0.035452050 0.997753122
37127.262693000 -13.267657573 -23.269605165 366.972527405 0.057205240 -0.009350419 0.035864038 0.997674226
37127.464412000 -13.271858726 -23.417130317 368.244375476 0.057668903 -0.008994231 0.034940445 0.997683584
37127.666132000 -13.296108767 -23.571028890 369.526614605 0.058415660 -0.007897249 0.032943958 0.997717377
37127.867852000 -13.295811376 -23.706689839 370.814434309 0.058170359 -0.005879634 0.033172224 0.997738072
37128.069572000 -13.287247783 -23.860740636 372.116110763 0.055698773 -0.001752715 0.033241371 0.997892562
37128.271292000 -13.270626894 -24.010160701 373.413427126 0.054439427 0.002276077 0.035502972 0.997883100
37128.473012000 -13.235542187 -24.149320850 374.713166647 0.055213265 0.005310351 0.037503272 0.997755901
37128.674731000 -13.203706073 -24.284234776 376.006760182 0.055490698 0.008263844 0.037376644 0.997725173
37128.876451000 -13.169478550 -24.435550856 377.304115176 0.056356313 0.010460974 0.036987198 0.997670525
37129.078171000 -13.115499516 -24.567378509 378.609029922 0.056498183 0.012440567 0.038413237 0.997585911
37129.279891000 -13.073831602 -24.722315093 379.927042944 0.056428941 0.013980159 0.036950795 0.997624641
37129.481611000 -13.019559959 -24.867985738 381.231738504 0.056099685 0.014689699 0.037251882 0.997621831
37129.683331000 -12.972426785 -25.013634205 382.549380736 0.056257798 0.015104842 0.036810115 0.997623120
37129.885050000 -12.924662706 -25.148663741 383.851511085 0.057509020 0.015241021 0.036321949 0.997567623
37130.086770000 -12.869228631 -25.297536974 385.194415203 0.057755583 0.015534241 0.036179627 0.997553996
37130.288490000 -12.809255134 -25.452424792 386.541469771 0.055436287 0.016005460 0.036033954 0.997683400
37130.490210000 -12.755864999 -25.604056261 387.878141566 0.053969912 0.016333094 0.035273211 0.997785707
37130.691930000 -12.704840317 -25.753661169 389.216645458 0.054557777 0.016836144 0.034398532 0.997775912
37130.893650000 -12.646820946 -25.905660297 390.555987816 0.056257487 0.018097627 0.032235164 0.997731652
37131.095369000 -12.584246895 -26.051941357 391.887861005 0.059108627 0.019573068 0.032414159 0.997533136
37131.297089000 -12.515827520 -26.202975579 393.248984647 0.058561619 0.021049203 0.033065277 0.997513968
37131.498809000 -12.441216468 -26.362680923 394.602162082 0.054856310 0.022407654 0.033087130 0.997694284
37131.700529000 -12.368703044 -26.510050160 395.953312863 0.054640642 0.023743595 0.032916450 0.997680881
37131.902249000 -12.288637545 -26.655612364 397.307791647 0.057015871 0.024661118 0.032959387 0.997524263
37132.103969000 -12.198143399 -26.813365316 398.661832621 0.056807318 0.026127994 0.033318590 0.997486922
37132.305689000 -12.114653382 -26.967678918 400.034073902 0.057471052 0.027015086 0.030272574 0.997522336
37132.507408000 -12.012572455 -27.131084322 401.402359135 0.058388622 0.027882315 0.030955139 0.997424223
37132.709128000 -11.916721321 -27.287744135 402.808454654 0.057956896 0.029778423 0.027515016 0.997495470
37132.910848000 -11.819764475 -27.436699687 404.203950098 0.059315514 0.030830049 0.026074235 0.997422322
37133.112568000 -11.707170493 -27.597674121 405.543562337 0.059685192 0.030879879 0.025751879 0.997407129
37133.314288000 -11.611052746 -27.752696543 406.902142366 0.059116131 0.031123428 0.024985012 0.997452924
37133.516008000 -11.516735087 -27.905376213 408.246569936 0.060011465 0.029471715 0.026272096 0.997416590
37133.717727000 -11.426886512 -28.061607171 409.592002416 0.060515017 0.027459444 0.027361940 0.997414253
37133.919447000 -11.346665170 -28.243589732 410.955610174 0.060896532 0.024187702 0.026965033 0.997486586
37134.121167000 -11.273122485 -28.396453241 412.325993713 0.060696492 0.019261306 0.027074244 0.997603074
37134.322887000 -11.231993311 -28.561085015 413.679296945 0.060957593 0.014131676 0.026511088 0.997688151
37134.524607000 -11.204798337 -28.721231293 415.057743984 0.061225780 0.008171265 0.025829162 0.997756244
37134.726327000 -11.192785792 -28.892974376 416.428428604 0.061174617 0.002549958 0.025468645 0.997798839
37134.928046000 -11.187852610 -29.059933058 417.818741844 0.060831255 -0.002723949 0.024849617 0.997834996
37135.129766000 -11.203775423 -29.229601463 419.242105886 0.060251197 -0.007530889 0.024511049 0.997853824
37135.331486000 -11.231181110 -29.400462271 420.596224992 0.058949971 -0.013089603 0.023888734 0.997889221
37135.533206000 -11.278644248 -29.553119498 421.987295468 0.059209353 -0.018018320 0.023825153 0.997798561
37135.734926000 -11.343845972 -29.720722157 423.378865828 0.059917256 -0.022760783 0.022718385 0.997685215
37135.936646000 -11.432790752 -29.889912762 424.773183239 0.059274325 -0.026637775 0.021198762 0.997661058
37136.138365000 -11.508895472 -30.062387717 426.170932630 0.058488124 -0.028892202 0.018707455 0.997694527
37136.340085000 -11.598336823 -30.215155587 427.572886485 0.058968048 -0.030709296 0.016747413 0.997646862
37136.541805000 -11.704139074 -30.368489894 428.981057792 0.060281516 -0.031898736 0.014350741 0.997568384
37136.743525000 -11.795800108 -30.548044242 430.379839977 0.061195973 -0.031077321 0.011673320 0.997573532
37136.945245000 -11.862721538 -30.729047272 431.809404369 0.061608340 -0.029236841 0.012167697 0.997597908
37137.146966000 -11.940093142 -30.906428983 433.235550690 0.059622743 -0.026994672 0.011536897 0.997789218
37137.348685000 -12.021727427 -31.072459314 434.636715533 0.058729558 -0.027252985 0.010573143 0.997845859
37137.550405000 -12.092708359 -31.220596043 436.037291721 0.061108778 -0.026290053 0.007985965 0.997752850
37137.752125000 -12.165269026 -31.399510477 437.438608717 0.061425163 -0.024781951 0.005821426 0.997787022
37137.953845000 -12.224585239 -31.592908842 438.868204005 0.061436609 -0.023025761 0.003518402 0.997839158
37138.155565000 -12.273939140 -31.776443677 440.305198492 0.061525014 -0.021246981 0.003754900 0.997872296
37138.357285000 -12.321242099 -31.948844591 441.705910551 0.061423522 -0.018325779 0.002390741 0.997940677
37138.559004000 -12.358757811 -32.141804124 443.121693056 0.059940092 -0.016218278 0.001046900 0.998069667
37138.760724000 -12.395196637 -32.309365544 444.519636467 0.059214536 -0.013860433 -0.000142280 0.998149044
37138.962444000 -12.429786094 -32.476807413 445.927727886 0.060802359 -0.012431963 -0.000194951 0.998072374
37139.164164000 -12.449731575 -32.640864773 447.313988040 0.062165232 -0.010877250 -0.000056360 0.998006610
37139.365884000 -12.470601856 -32.806537855 448.717017236 0.061229960 -0.009181738 0.000026939 0.998081447
37139.567604000 -12.482038311 -32.980355606 450.113188306 0.061447730 -0.008246464 0.000434000 0.998076156
37139.769324000 -12.497064764 -33.160838320 451.499693441 0.062180514 -0.007365706 0.000327786 0.998037695
37139.971043000 -12.519261066 -33.342473448 452.874316821 0.063698272 -0.006705691 0.000276833 0.997946649
37140.172763000 -12.515691947 -33.506620117 454.261854252 0.064185333 -0.006448443 0.000293244 0.997917130
37140.374483000 -12.534802334 -33.676312042 455.653348343 0.061720958 -0.006133525 0.000088742 0.998074576
37140.576203000 -12.537858448 -33.851617381 457.013366550 0.062011806 -0.006111335 0.000036817 0.998056718
37140.777923000 -12.557899541 -34.019651456 458.373233259 0.062408051 -0.006671712 0.000195164 0.998028405
37140.979643000 -12.577565241 -34.192409178 459.709894759 0.062290996 -0.007338618 0.000317021 0.998030996
37141.181363000 -12.602705889 -34.359329021 461.036132042 0.061872095 -0.008457766 0.000421586 0.998048168
37141.383082000 -12.625068551 -34.534404078 462.351934413 0.062049629 -0.009412032 0.000842008 0.998028337
37141.584802000 -12.651327499 -34.698112979 463.645212956 0.062123843 -0.010043988 0.000972567 0.998017445
37141.786522000 -12.676798332 -34.859875172 464.914692643 0.062722034 -0.010529550 0.001169468 0.997974784
37141.988242000 -12.697992885 -35.015218342 466.189584110 0.063714212 -0.010756601 0.000783388 0.997909907
37142.189962000 -12.714907647 -35.171336513 467.458078878 0.062914945 -0.010417463 -0.000401998 0.997964422
37142.391682000 -12.736184242 -35.336056860 468.707565699 0.062053235 -0.010365595 -0.000886492 0.998018625
37142.593402000 -12.749964997 -35.489531393 469.962575446 0.063860489 -0.009161659 -0.000170202 0.997916780
37142.795121000 -12.769291139 -35.649751327 471.250893071 0.063264650 -0.006866733 -0.001090114 0.997972556
37142.996841000 -12.773179294 -35.828629230 472.515310403 0.062122074 -0.005267213 -0.001775323 0.998053069
37143.198561000 -12.779919212 -35.983241983 473.763866091 0.063002704 -0.003928808 -0.001093238 0.998005044
37143.400281000 -12.779567268 -36.141675393 475.027952287 0.064070087 -0.002258346 -0.002152940 0.997940521
37143.602001000 -12.770364439 -36.306337459 476.301691373 0.064796491 -0.000897116 -0.002179907 0.997895733
37143.803721000 -12.766456031 -36.481558909 477.588872520 0.065327766 0.000520460 -0.001555664 0.997862501
37144.005441000 -12.756255863 -36.642701319 478.881799776 0.065938153 0.001565388 -0.001171341 0.997821789
37144.207160000 -12.739551514 -36.833037991 480.184612882 0.065529379 0.002719576 0.000459461 0.997846842
37144.408880000 -12.722969672 -37.000370769 481.488849058 0.063067153 0.002833470 -0.000224734 0.998005257
37144.610600000 -12.706027483 -37.151881056 482.785616751 0.063064314 0.002773178 -0.000414621 0.998005544
37144.812320000 -12.700683224 -37.310962414 484.074112098 0.064022135 0.001656634 -0.000869028 0.997946739
37145.014040000 -12.692283567 -37.487614507 485.382576869 0.064191009 0.001119990 -0.001969276 0.997935079
37145.215760000 -12.687905489 -37.654388427 486.684641430 0.065042903 0.000218779 -0.001063307 0.997881870
37145.417480000 -12.676195303 -37.820373494 487.988027051 0.066325349 -0.000244167 -0.000450873 0.997797927
37145.619200000 -12.681339726 -37.995196008 489.335607765 0.066981660 -0.000269530 0.000654921 0.997753938
37145.820919000 -12.677157855 -38.179610825 490.637732560 0.065557578 -0.000722580 0.000354923 0.997848470
37146.022639000 -12.674788067 -38.349426642 491.954185497 0.065541153 -0.000321155 0.000824381 0.997849477
37146.224359000 -12.668497902 -38.526470188 493.275294911 0.066128576 -0.000096233 0.001030196 0.997810571
37146.426079000 -12.665244136 -38.707671499 494.620361431 0.065824514 0.001843779 0.001739010 0.997828005
37146.627799000 -12.655297308 -38.874000893 495.961909942 0.066514139 0.004945946 0.001369417 0.997772274
37146.829519000 -12.621000932 -39.058627027 497.327370696 0.067636324 0.009408902 0.001964803 0.997663723
37147.031239000 -12.583386087 -39.244323051 498.664260986 0.067650074 0.014870228 0.001785761 0.997596705
37147.232958000 -12.518214247 -39.424427980 499.977752390 0.065989573 0.020575928 0.001667190 0.997606766
37147.434678000 -12.439665377 -39.593694343 501.301379251 0.064748070 0.027000774 0.001504715 0.997535177
37147.636398000 -12.338025073 -39.752296780 502.614298220 0.065207553 0.033500161 0.001141044 0.997308592
37147.838118000 -12.223183796 -39.933035531 503.927447693 0.065075508 0.039845820 0.001221479 0.997083724
37148.039838000 -12.099353193 -40.111208186 505.269735160 0.064552056 0.046032776 0.001674743 0.996850642
37148.241558000 -11.951977351 -40.283739743 506.585279668 0.066466617 0.052664199 0.001401410 0.996396885
37148.443278000 -11.781907535 -40.461338026 507.875974372 0.067603738 0.058589079 0.002944333 0.995986168
37148.644997000 -11.587797536 -40.635225229 509.164056610 0.069299779 0.064250480 0.005414054 0.995509972
37148.846717000 -11.394013026 -40.803250304 510.447431237 0.070153586 0.069374891 0.008170176 0.995087382
37149.048437000 -11.179306896 -40.996170923 511.734250768 0.070047753 0.072502112 0.009935792 0.994855830
37149.250157000 -10.964731283 -41.178210619 513.012053085 0.069755799 0.074447675 0.014134520 0.994681783
37149.451877000 -10.747342142 -41.344313191 514.293111021 0.070020722 0.075254799 0.016211533 0.994570753
37149.653597000 -10.537146231 -41.528568439 515.592675941 0.069313000 0.074328314 0.018787829 0.994644731
37149.855317000 -10.331370753 -41.705437172 516.857526700 0.068960159 0.071830194 0.020914163 0.994810289
37150.057036000 -10.143949264 -41.887878060 518.158026748 0.069382104 0.068620001 0.021906802 0.994986225
37150.258756000 -9.961486963 -42.065377682 519.435600416 0.069758805 0.064500126 0.022761137 0.995216280
37150.460476000 -9.784331801 -42.245194344 520.748193183 0.069363729 0.060089228 0.023090812 0.995512296
37150.662196000 -9.628123128 -42.429042118 522.058908724 0.068514708 0.055950521 0.023183179 0.995810128
37150.863916000 -9.469870550 -42.599619528 523.352928818 0.068464709 0.052391701 0.023839323 0.995991643
37151.065636000 -9.327358495 -42.776922663 524.658282554 0.068265070 0.050096558 0.023994440 0.996119715
37151.267356000 -9.193473675 -42.959608873 525.969571357 0.068692828 0.048762711 0.022913771 0.996181923
37151.469076000 -9.046715641 -43.122564658 527.266403743 0.068627198 0.048068011 0.024815561 0.996174705
37151.670795000 -8.905535419 -43.302297697 528.596990696 0.067634944 0.048344532 0.024951535 0.996225780
37151.872515000 -8.769833336 -43.476478150 529.897693483 0.068916041 0.047739397 0.024464099 0.996179225
37152.074235000 -8.627503237 -43.649310554 531.199930994 0.069672382 0.048488484 0.023927836 0.996103424
37152.275955000 -8.480489286 -43.842111614 532.525431350 0.069881847 0.049292879 0.023575285 0.996057720
37152.477675000 -8.339301642 -44.032468688 533.844925444 0.070257409 0.049632086 0.023022280 0.996027393
37152.679395000 -8.200005628 -44.217281547 535.160152641 0.070558139 0.049922286 0.021919840 0.996016511
37152.881115000 -8.060907907 -44.397359696 536.468653204 0.070399001 0.049605935 0.021891222 0.996044146
37153.082834000 -7.919554302 -44.578581127 537.791911308 0.070551090 0.049150312 0.020901110 0.996077295
37153.284554000 -7.777332426 -44.766611612 539.124155144 0.069669902 0.049004158 0.021446927 0.996134856
37153.486274000 -7.637815317 -44.956774301 540.438219659 0.069108371 0.048558988 0.021511320 0.996194386
37153.687994000 -7.499508763 -45.138110422 541.764127823 0.068719215 0.048070270 0.022094712 0.996232256
37153.889714000 -7.366654232 -45.312375939 543.081209633 0.069501567 0.047829247 0.021790147 0.996196336
37154.091435000 -7.222266096 -45.503030439 544.415753743 0.070204399 0.047200141 0.021696546 0.996179082
37154.293154000 -7.089709501 -45.696177097 545.731518453 0.070496321 0.047319272 0.019944404 0.996189432
37154.494874000 -6.954412735 -45.876349057 547.065254452 0.071257519 0.046327968 0.019511051 0.996190442
37154.696594000 -6.822838824 -46.066740916 548.401901500 0.071271753 0.045535962 0.018762244 0.996240326
37154.898314000 -6.706434113 -46.258050340 549.734008585 0.071635405 0.043733255 0.017392817 0.996319860
37155.100034000 -6.587270301 -46.446103810 551.064872358 0.072077299 0.042288315 0.015802328 0.996376883
37155.301754000 -6.471907425 -46.642457609 552.418964992 0.071856202 0.039881192 0.014687654 0.996509138
37155.503473000 -6.365076507 -46.835656620 553.766517777 0.071835278 0.037779418 0.013911156 0.996603652
37155.705193000 -6.262137774 -47.034276374 555.102084499 0.072285568 0.035523993 0.012241997 0.996675990
37155.906913000 -6.159363335 -47.228118503 556.471635211 0.072425508 0.033450850 0.012994483 0.996728025
37156.108633000 -6.064941690 -47.433375153 557.857009327 0.072428750 0.031197877 0.011948061 0.996813906
37156.310353000 -5.978768808 -47.629033943 559.223870908 0.071911926 0.028899128 0.011015206 0.996931374
37156.512073000 -5.907823092 -47.820070529 560.573113517 0.071501607 0.026494469 0.008461756 0.997052622
37156.713792000 -5.835192860 -48.020567324 561.943121167 0.071592712 0.023838689 0.007125489 0.997123556
37156.915512000 -5.774644898 -48.213945163 563.305995534 0.070639875 0.021728455 0.004555094 0.997254772
37157.117232000 -5.716757287 -48.405276438 564.688464281 0.069235831 0.019520570 0.002127825 0.997407063
37157.318952000 -5.676564624 -48.582414105 566.054864425 0.070117623 0.018520704 -0.001306356 0.997365950
37157.520672000 -5.641278053 -48.779622036 567.436209750 0.070847944 0.018846297 -0.004131697 0.997300511
37157.722392000 -5.579651109 -48.975455807 568.812021423 0.070688333 0.020186768 -0.006422892 0.997273464
37157.924111000 -5.523032009 -49.166122089 570.195167342 0.070513195 0.021926089 -0.009694678 0.997222703
37158.125831000 -5.457167589 -49.364640915 571.564305719 0.071328565 0.023754284 -0.010263046 0.997117181
37158.327551000 -5.379304627 -49.561090403 572.925602506 0.072051531 0.027114610 -0.011193262 0.996969454
37158.529271000 -5.295811870 -49.760427695 574.304567824 0.070912144 0.030545974 -0.011111448 0.996952814
37158.730991000 -5.193772355 -49.965862694 575.680612490 0.070657388 0.035006459 -0.010047161 0.996835589
37158.932711000 -5.089487553 -50.158558681 577.091902439 0.071734664 0.040539994 -0.009913201 0.996550236
37159.134430000 -4.953632710 -50.361063471 578.464122333 0.072116774 0.045062094 -0.009523082 0.996332202
37159.336150000 -4.779516889 -50.564497337 579.810224382 0.072605314 0.050832992 -0.008695761 0.996026563
37159.537870000 -4.615894339 -50.777881682 581.192531809 0.072944404 0.057807741 -0.007989391 0.995627238
37159.739590000 -4.435022580 -50.982582976 582.550552278 0.072652192 0.064028381 -0.007407652 0.995272378
37159.941310000 -4.231448387 -51.191558300 583.912762240 0.073338840 0.071033251 -0.007283645 0.994747552
37160.143031000 -4.014554165 -51.390343042 585.263448605 0.073609456 0.078030015 -0.006416858 0.994209137
37160.344750000 -3.769055967 -51.598564822 586.609944376 0.073707555 0.085631837 -0.005289931 0.993582576
37160.546470000 -3.502346723 -51.795526217 587.960373833 0.073893215 0.092652695 -0.003832657 0.992945472
37160.748190000 -3.229489779 -51.998946792 589.280793244 0.074045598 0.100082918 -0.002925818 0.992215818
37160.949910000 -2.921234077 -52.200346171 590.604649243 0.074609748 0.107052895 -0.001400884 0.991449008
37161.151630000 -2.601547556 -52.394337388 591.916218479 0.075558806 0.114504076 0.000360759 0.990545172
37161.353350000 -2.257420357 -52.603773772 593.209213730 0.075772485 0.121205229 0.002918434 0.989726948
37161.555069000 -1.894387123 -52.800019278 594.494494224 0.075784481 0.127821517 0.005607535 0.988881618
37161.756789000 -1.531528454 -52.999023152 595.784180480 0.075864018 0.131926640 0.008860340 0.988312397
37161.958509000 -1.158691113 -53.198826561 597.076363221 0.076820955 0.133518678 0.012661569 0.987983215
37162.160229000 -0.793553387 -53.389801478 598.353021186 0.077533874 0.133943916 0.014356364 0.987846937
37162.361949000 -0.426536322 -53.587694021 599.637668465 0.077033573 0.132723118 0.017771738 0.987995341
37162.563669000 -0.059023836 -53.801116599 600.932528245 0.076187144 0.131169267 0.020079878 0.988224272
37162.765388000 0.293088840 -53.984842741 602.221279275 0.076672025 0.128965346 0.020660135 0.988464610
37162.967108000 0.637716320 -54.183013401 603.511512720 0.076994712 0.127246190 0.020300954 0.988669864
37163.168828000 0.968911375 -54.382737623 604.819346451 0.077194291 0.126114768 0.017111446 0.988859607
37163.370548000 1.332279993 -54.590599422 606.097263666 0.076938294 0.125682952 0.017963842 0.988919421
37163.572268000 1.672207998 -54.799966208 607.394986214 0.077066166 0.127319007 0.017080368 0.988715896
37163.773988000 2.035097613 -54.998403416 608.688691429 0.076431148 0.127786649 0.017533723 0.988696901
37163.975707000 2.396002493 -55.205277330 609.990003568 0.075423762 0.129475859 0.018857472 0.988530046
37164.177427000 2.755800526 -55.400544477 611.287693772 0.074998571 0.131296708 0.018377215 0.988331224
37164.379147000 3.129025223 -55.597993104 612.582190180 0.075273637 0.133671403 0.018661623 0.987986710
37164.580867000 3.503541010 -55.786258878 613.873243044 0.076816741 0.136540842 0.018126890 0.987485409
37164.782587000 3.889290397 -55.984610608 615.166799475 0.077148137 0.139173302 0.018400393 0.987086898
37164.984307000 4.288834670 -56.185070570 616.464309758 0.076934492 0.142311125 0.018926660 0.986646145
37165.186026000 4.687283282 -56.372624495 617.757705888 0.077517312 0.145175212 0.018498060 0.986191149
37165.387746000 5.100603696 -56.571675489 619.051154191 0.077873344 0.147627501 0.018611805 0.985796956
37165.589466000 5.517946167 -56.765921365 620.338948327 0.077772873 0.150000225 0.018108568 0.985456049
37165.791186000 5.940973731 -56.978080353 621.623134820 0.078239312 0.151867052 0.017682371 0.985140750
37165.992907000 6.367650472 -57.172295426 622.898537933 0.078438229 0.153695372 0.019308111 0.984810806
37166.194627000 6.800249400 -57.381476299 624.171737054 0.077933274 0.154661963 0.020789870 0.984669436
37166.396346000 7.221922381 -57.590098451 625.439256174 0.077196979 0.154682031 0.021354577 0.984712114
37166.598066000 7.643024844 -57.796681953 626.713865817 0.077383272 0.154346242 0.020543999 0.984767567
37166.799786000 8.056236266 -57.988314709 627.964701694 0.078525465 0.153973114 0.019287086 0.984760878
37167.001506000 8.487375903 -58.190187467 629.225198022 0.078644471 0.153520252 0.019417085 0.984819569
37167.203226000 8.906384982 -58.397545272 630.505672679 0.076424311 0.153518825 0.019551480 0.984991839
37167.404946000 9.329568054 -58.591957800 631.753638216 0.078042888 0.152922921 0.023192085 0.984878720
37167.606665000 9.746509685 -58.791443248 633.014772960 0.081429293 0.152451793 0.022890694 0.984684448
37167.808385000 10.165078301 -58.991895879 634.279308788 0.081013922 0.152414494 0.023773493 0.984703593
37168.010105000 10.582442011 -59.203418563 635.555970895 0.079626107 0.152611368 0.023312334 0.984797513
37168.211825000 10.989180905 -59.399857490 636.820277050 0.079452092 0.153805030 0.022441517 0.984646127
37168.413545000 11.417055221 -59.606759165 638.089893070 0.078804207 0.155739496 0.021152380 0.984422435
37168.615265000 11.839339473 -59.796239057 639.347316567 0.078590456 0.160404730 0.020066081 0.983712878
37168.816984000 12.287182219 -59.988439637 640.607988416 0.078672688 0.165590372 0.017737014 0.982891515
37169.018704000 12.762999666 -60.188993633 641.857081817 0.079229092 0.172066998 0.016912806 0.981748328
37169.220424000 13.252749822 -60.394394104 643.091572251 0.079612104 0.179858751 0.016417516 0.980328186
37169.422144000 13.739841484 -60.592577271 644.334058305 0.080098279 0.188448824 0.016220272 0.978676901
37169.623864000 14.276778033 -60.790985201 645.550580039 0.080501518 0.197129196 0.015233356 0.976948157
37169.825584000 14.821097340 -61.001188726 646.758112929 0.080407689 0.207172744 0.013767457 0.974897321
37170.027303000 15.385681545 -61.204242750 647.956092100 0.080270593 0.218768964 0.013219268 0.972379591
37170.229023000 16.002327429 -61.407344100 649.131402322 0.080164904 0.231205528 0.012479567 0.969516521
37170.430743000 16.655324768 -61.598854361 650.294546878 0.080762279 0.243761022 0.011814954 0.966394249
37170.632463000 17.311459938 -61.793227215 651.436375250 0.081203445 0.256226001 0.011931732 0.963126376
37170.834183000 18.038862522 -61.999115771 652.557378657 0.080471976 0.268510473 0.012556323 0.959827647
37171.035903000 18.730130784 -62.189824132 653.667171850 0.080551781 0.280671818 0.012285819 0.956338854
37171.237622000 19.469094889 -62.382315089 654.726676707 0.081884376 0.291912952 0.012988772 0.952845210
37171.439342000 20.253512444 -62.572039677 655.778971312 0.081255051 0.303775139 0.014133388 0.949167551
37171.641062000 21.056797331 -62.765680482 656.833419714 0.079267724 0.314819590 0.014428065 0.945725091
37171.842782000 21.894282275 -62.948328570 657.856376985 0.080056948 0.322997602 0.017949550 0.942836053
37172.044502000 22.694904343 -63.117563186 658.843101117 0.080633620 0.330310248 0.019913943 0.940210917
37172.246222000 23.534517353 -63.302462558 659.836137574 0.081489888 0.335096538 0.022850719 0.938375556
37172.447942000 24.373285565 -63.488730485 660.812401394 0.081489249 0.339049172 0.023604244 0.936935989
37172.649661000 25.232187893 -63.661868120 661.804063090 0.082407616 0.341903843 0.024093384 0.935804031
37172.851381000 26.087290218 -63.828788888 662.770478722 0.084115726 0.344020868 0.024288886 0.934871085
37173.053101000 26.946163478 -63.999784336 663.734926479 0.084958552 0.344991350 0.025331875 0.934409655
37173.254821000 27.795047712 -64.175796660 664.694317308 0.086042443 0.344662512 0.025695319 0.934421619
37173.456541000 28.643943697 -64.351129227 665.648096819 0.086770841 0.344144581 0.025941521 0.934538764
37173.658261000 29.484183106 -64.536640520 666.599679276 0.087088574 0.343556143 0.026460372 0.934710851
37173.859980000 30.307557076 -64.724141338 667.548694604 0.087473176 0.343015904 0.026248793 0.934879495
37174.061701000 31.114291326 -64.909121128 668.486833744 0.088088058 0.342557622 0.025785456 0.935002281
37174.263421000 31.903570460 -65.093367999 669.403594699 0.088770817 0.342399181 0.025251314 0.935010567
37174.465141000 32.681501195 -65.273990125 670.300213041 0.089518379 0.342329646 0.025096605 0.934969127
37174.666861000 33.449124147 -65.459000724 671.197155617 0.088773806 0.342809001 0.023960746 0.934894892
37174.868581000 34.214950511 -65.658954555 672.080044088 0.085995185 0.344551215 0.023425876 0.934527288
37175.070300000 34.978214349 -65.845231685 672.937646202 0.084474456 0.348160727 0.022569790 0.933348393
37175.272020000 35.719484279 -65.998616753 673.772696829 0.082727007 0.353720619 0.018931844 0.931492763
37175.473740000 36.456193297 -66.143729211 674.563142531 0.080389015 0.360559161 0.016165737 0.929124363
37175.675460000 37.161863558 -66.280374000 675.300744966 0.079348336 0.367393204 0.011271301 0.926606730
37175.877180000 37.831114986 -66.414953954 675.994989842 0.079133290 0.374303202 0.006991237 0.923897666
37176.078900000 38.479185363 -66.549815561 676.638781770 0.078335753 0.380054653 0.005516963 0.921625243
37176.280619000 39.094685868 -66.686407576 677.243537438 0.077668914 0.384711082 0.004013613 0.919755565
37176.482339000 39.679869282 -66.808912093 677.826856630 0.076030277 0.387962538 0.001818878 0.918533307
37176.684059000 40.241611209 -66.910663122 678.369653267 0.073812808 0.390375712 0.000289277 0.917691584
37176.885779000 40.793629855 -67.014467085 678.885285886 0.071399648 0.392483776 0.000521525 0.916984335
37177.087499000 41.320653284 -67.113846097 679.380323304 0.068904675 0.394256542 0.000464822 0.916412942
37177.289219000 41.824409019 -67.209111344 679.846264608 0.068656817 0.395903916 0.000243727 0.915721444
37177.490938000 42.322763272 -67.290605271 680.297698102 0.069340150 0.397049817 0.000607423 0.915174777
37177.692658000 42.810343108 -67.372969232 680.735592778 0.069479793 0.395788618 0.002628636 0.915706435
37177.894378000 43.272619854 -67.464959385 681.189108134 0.069487848 0.391134267 0.001256187 0.917706422
37178.096098000 43.733628229 -67.545003236 681.652872357 0.071218931 0.381828340 -0.000749850 0.921484160
37178.297818000 44.183260045 -67.630434174 682.124399571 0.072891919 0.367481267 -0.000517171 0.927169912
37178.499538000 44.613149845 -67.722861037 682.631597439 0.074292847 0.347186864 -0.000982979 0.934848301
37178.701257000 45.019762566 -67.821336367 683.204078055 0.072432177 0.322021991 -0.003189619 0.943951719
37178.902977000 45.411219187 -67.921278164 683.833600911 0.069565268 0.290552904 -0.005299366 0.954311920
37179.104697000 45.751085236 -68.016896994 684.483912593 0.066016887 0.256025260 -0.005979669 0.964395043
37179.306417000 46.047909012 -68.121018773 685.185109247 0.062921787 0.217711323 -0.006006606 0.973964124
37179.508137000 46.297918619 -68.227967048 685.961876639 0.060193067 0.177605305 -0.008683107 0.982220798
37179.709857000 46.489548854 -68.311091689 686.783905540 0.057583327 0.134585863 -0.010385542 0.989172798
37179.911576000 46.636619603 -68.398894937 687.630832418 0.055359434 0.090421113 -0.009678630 0.994316727
37180.113296000 46.683212806 -68.484058236 688.518009197 0.053228150 0.046231085 -0.009922190 0.997462269
37180.315016000 46.658945230 -68.571804872 689.435201647 0.049043475 0.003009350 -0.008434051 0.998756510
37180.516736000 46.571111383 -68.670811057 690.404287069 0.044284287 -0.038076750 -0.007005615 0.998268498
37180.718456000 46.397126107 -68.728991280 691.381245833 0.040457310 -0.077685763 -0.005125645 0.996143465
37180.920176000 46.155459653 -68.806616934 692.359466624 0.041502978 -0.114153909 -0.003652572 0.992589076
37181.121895000 45.827577370 -68.891772239 693.350890668 0.043486491 -0.146759714 -0.004441981 0.988205937
37181.323615000 45.418954261 -68.989249990 694.374060650 0.042910135 -0.175622633 -0.003330826 0.983516423
37181.525335000 44.967906671 -69.076016241 695.406209106 0.041228887 -0.202014299 -0.002156531 0.978511923
37181.727055000 44.451713433 -69.158505473 696.423703805 0.043275613 -0.226986947 -0.001218837 0.972935339
37181.928775000 43.884383912 -69.255395446 697.437094551 0.043867211 -0.250805926 0.000586459 0.967042587
37182.130496000 43.252852463 -69.367100878 698.446406981 0.041976010 -0.272605472 -0.000055475 0.961209810
37182.332215000 42.562267347 -69.453791451 699.447462147 0.041057975 -0.292559473 -0.000086754 0.955365870
37182.533935000 41.831570431 -69.544078393 700.423453469 0.042413142 -0.310090475 -0.000316793 0.949760411
37182.735655000 41.058887741 -69.633233535 701.394775831 0.043536681 -0.324044790 0.000008813 0.945039494
37182.937375000 40.255759335 -69.746889903 702.361996283 0.044635986 -0.334607979 -0.000261002 0.941299704
37183.139095000 39.435445347 -69.850708353 703.329312334 0.045051918 -0.341212415 -0.000222866 0.938906420
37183.340815000 38.609917241 -69.967467887 704.299733600 0.045705852 -0.344178417 0.000147760 0.937790978
37183.542534000 37.763293761 -70.066232313 705.292853006 0.045424391 -0.345151559 0.000791204 0.937447140
37183.744254000 36.894926324 -70.190577954 706.287615824 0.042467047 -0.346413501 0.000372494 0.937120095
37183.945974000 36.049301940 -70.297038055 707.282631409 0.041522322 -0.347369124 0.000500208 0.936808765
37184.147694000 35.198810539 -70.380688588 708.290281483 0.042531597 -0.347772198 0.002004338 0.936611523
37184.349414000 34.344875841 -70.482435079 709.286553395 0.044327189 -0.348292264 0.001753519 0.936336221
37184.551134000 33.480552178 -70.590409593 710.293603323 0.044056310 -0.349073349 0.003266609 0.936054311
37184.752854000 32.593413017 -70.712914760 711.323455967 0.044682902 -0.349507568 0.003003217 0.935862311
37184.954573000 31.694786706 -70.827156577 712.351539701 0.045716503 -0.350415384 0.002587974 0.935473855
37185.156293000 30.796927974 -70.951312656 713.390384958 0.046401048 -0.351066082 0.002754613 0.935196690
37185.358013000 29.892643524 -71.071586048 714.419005395 0.047215537 -0.351277809 0.002719664 0.935076536
37185.559733000 28.965569530 -71.190542065 715.477682528 0.044891810 -0.351686540 0.002415433 0.935037974
37185.761453000 28.046122779 -71.325539753 716.528406219 0.043612122 -0.352285072 0.001864728 0.934874914
37185.963173000 27.132184646 -71.444964680 717.575218443 0.045403761 -0.352729793 0.002333810 0.934620094
37186.164892000 26.202088685 -71.554788269 718.633530227 0.045653064 -0.353207103 0.002592985 0.934427380
37186.366612000 25.263722227 -71.688913449 719.701945905 0.045398785 -0.353709956 0.002475456 0.934249546
37186.568332000 24.335136703 -71.812559069 720.767290714 0.045054074 -0.354292276 0.002568664 0.934045850
37186.770052000 23.392529363 -71.943419430 721.825538379 0.044972634 -0.354620913 0.002149721 0.933926079
37186.971772000 22.459007875 -72.067105102 722.879565094 0.045677753 -0.354449104 0.002204855 0.933956840
37187.173492000 21.528884775 -72.190679395 723.934239544 0.045793905 -0.354191509 0.002113670 0.934048797
37187.375211000 20.606168419 -72.315223955 724.981117251 0.045315499 -0.353928726 0.001346327 0.934172597
37187.576931000 19.682537581 -72.433225635 726.031530243 0.045808171 -0.353433989 0.001202314 0.934336891
37187.778651000 18.770829258 -72.556273815 727.082184002 0.046351871 -0.352998551 0.001488075 0.934474600
37187.980371000 17.853581077 -72.680828662 728.142446471 0.046677224 -0.352275471 0.000944752 0.934731011
37188.182091000 16.934168713 -72.799384418 729.191552914 0.045785675 -0.351813199 0.000399779 0.934949758
37188.383811000 16.027639470 -72.905782086 730.254105933 0.044738916 -0.351417547 -0.000664089 0.935149146
37188.585530000 15.117242021 -73.044696112 731.301657141 0.045284920 -0.350830242 -0.000588598 0.935342879
37188.787250000 14.216875455 -73.160341008 732.352585006 0.046958738 -0.350661805 0.000770268 0.935323311
37188.988970000 13.300941595 -73.295360953 733.403645900 0.047525523 -0.350128208 -0.000384314 0.935494619
37189.190690000 12.382116286 -73.408483817 734.456339689 0.047250887 -0.350041208 0.000077336 0.935541594
37189.392410000 11.464553953 -73.537805503 735.509171858 0.047734443 -0.349576975 -0.001316602 0.935689931
37189.594130000 10.554218216 -73.670341229 736.566482414 0.046155570 -0.349325997 -0.002066761 0.935861310
37189.795849000 9.640616783 -73.787346635 737.622988695 0.045326338 -0.348724190 -0.002792363 0.936123984
37189.997569000 8.724752542 -73.899814339 738.688482442 0.046271080 -0.348011310 -0.003509702 0.936341031
37190.199289000 7.821722299 -74.024842508 739.755743397 0.044147571 -0.346884732 -0.002397735 0.936865704
37190.401009000 6.926301761 -74.137482955 740.808954222 0.044423365 -0.345431371 -0.002801917 0.937388064
37190.602729000 6.041038445 -74.245800625 741.862031904 0.046176382 -0.344072953 -0.001745505 0.937804529
37190.804449000 5.161621022 -74.369831357 742.913447328 0.046583232 -0.342593484 -0.000630565 0.938328180
37191.006169000 4.280868318 -74.509460104 743.966057065 0.045664777 -0.340868817 -0.001187435 0.939000360
37191.207889000 3.434028901 -74.614896424 744.994889630 0.045058008 -0.339693532 -0.002345437 0.939452948
37191.409609000 2.586709410 -74.729040197 746.025329646 0.045389619 -0.338379942 -0.001299729 0.939912961
37191.611329000 1.752464741 -74.854232520 747.045262544 0.045642494 -0.336939802 -0.002173769 0.940417099
37191.813049000 0.926248797 -74.956231074 748.064015141 0.045050497 -0.335671236 -0.001421977 0.940900208
37192.014769000 0.113233237 -75.074640096 749.079588770 0.044393389 -0.334162890 -0.000930171 0.941468947
37192.216488000 -0.702615627 -75.188404021 750.094373180 0.044624357 -0.332968048 -0.001023634 0.941880925
37192.418208000 -1.524880225 -75.297804354 751.132582671 0.044926277 -0.331746934 -0.001127608 0.942297663
37192.619928000 -2.325465171 -75.415551810 752.137084139 0.045925176 -0.330953671 -0.001505415 0.942527869
37192.821648000 -3.133760496 -75.518344198 753.150411392 0.046004345 -0.330183942 -0.001647186 0.942793049
37193.023368000 -3.942786900 -75.636626183 754.172849028 0.046305197 -0.329002230 -0.001741087 0.943191393
37193.225088000 -4.758481962 -75.752009207 755.207235537 0.046554591 -0.327609971 -0.001414998 0.943664954
37193.426807000 -5.590489334 -75.873295412 756.267928393 0.047611847 -0.325855669 -0.001304743 0.944219095
37193.628527000 -6.395983718 -75.974383043 757.291294861 0.049483761 -0.323474184 -0.001560826 0.944940836
37193.830247000 -7.201479573 -76.113109407 758.344693796 0.050877139 -0.320023004 -0.002885587 0.946038479
37194.031967000 -8.013282432 -76.255362071 759.441240499 0.048127880 -0.315905594 -0.002374438 0.947565577
37194.233687000 -8.813530965 -76.377449608 760.534188892 0.045911830 -0.311118543 -0.002727916 0.949257801
37194.435407000 -9.591028162 -76.482267069 761.646681442 0.046054778 -0.306394949 0.000073471 0.950789745
37194.637127000 -10.360237605 -76.604190444 762.758718171 0.048211008 -0.300965547 0.001940574 0.952413269
37194.838846000 -11.113272237 -76.733466211 763.880552016 0.048985680 -0.295952479 0.003727360 0.953938625
37195.040566000 -11.887086757 -76.877193177 765.038005498 0.049922824 -0.290634381 0.003192503 0.955525115
37195.242286000 -12.640962437 -77.029446148 766.219763875 0.049167315 -0.285470463 0.004458963 0.957114668
37195.444006000 -13.408504243 -77.174499248 767.421429742 0.049597019 -0.281021913 0.004688905 0.958407655
37195.645726000 -14.154576208 -77.312488789 768.622334396 0.049743741 -0.277003964 0.004761353 0.959568613
37195.847446000 -14.901008945 -77.454214122 769.843087973 0.050110604 -0.273003008 0.004872419 0.960695223
37196.049165000 -15.616836835 -77.599614493 771.039168028 0.050177347 -0.270182707 0.005217357 0.961486778
37196.250885000 -16.356958197 -77.741719862 772.258231153 0.049978268 -0.268062971 0.006055145 0.962084726
37196.452605000 -17.077341250 -77.876774826 773.482644482 0.050625504 -0.265771576 0.005457189 0.962690342
37196.654325000 -17.808101830 -78.027271497 774.723270999 0.050891658 -0.264289891 0.004943031 0.963087164
37196.856045000 -18.527711724 -78.169411589 775.974051524 0.049807687 -0.262847415 0.006257723 0.963530583
37197.057765000 -19.274110438 -78.311417328 777.233746216 0.049338679 -0.261467421 0.005388515 0.963935722
37197.259484000 -19.991774322 -78.461178045 778.480936515 0.049707641 -0.261056555 0.005105415 0.964029383
37197.461204000 -20.713458042 -78.597321326 779.720620432 0.051266844 -0.259688578 0.003962993 0.964322307
37197.662924000 -21.427402299 -78.746727751 780.969185994 0.050414436 -0.258625555 0.003936788 0.964652936
37197.864644000 -22.146376667 -78.898445940 782.232138382 0.050018932 -0.258056756 0.003818447 0.964826772
37198.066364000 -22.870658906 -79.035283702 783.481240546 0.051199276 -0.257539217 0.003219912 0.964905421
37198.268084000 -23.575765308 -79.186990232 784.732192472 0.052066224 -0.257368396 0.005104040 0.964896408
37198.469803000 -24.291297201 -79.331061065 785.987239746 0.052576149 -0.256490319 0.004639234 0.965104310
37198.671523000 -25.005878820 -79.497073098 787.237666752 0.053167070 -0.256709043 0.004025769 0.965017068
37198.873243000 -25.724002491 -79.643336637 788.481434223 0.053026181 -0.257485402 0.003987955 0.964818049
37199.074963000 -26.445118500 -79.797011112 789.732133472 0.052689765 -0.258486671 0.004021784 0.964568539
37199.276683000 -27.160799799 -79.954303783 790.981033282 0.051855736 -0.259713792 0.003879196 0.964284225
37199.478403000 -27.896159600 -80.101591571 792.230584638 0.051643268 -0.261300682 0.003753204 0.963867813
37199.680123000 -28.618267148 -80.248863342 793.478109753 0.051520756 -0.263385561 0.004227407 0.963304285
37199.881842000 -29.361584796 -80.394387429 794.718129744 0.050660170 -0.264734946 0.003505209 0.962982980
37200.083562000 -30.095959281 -80.546449103 795.947732082 0.050359486 -0.266930911 0.003040786 0.962394613
37200.285282000 -30.826492307 -80.690119900 797.177045661 0.051804784 -0.268956395 0.004364733 0.961748369
37200.487002000 -31.571322235 -80.842257556 798.394325830 0.054123503 -0.270936722 0.004452885 0.961063742
37200.688722000 -32.311782738 -80.992103503 799.609623781 0.055589080 -0.273156546 0.004987032 0.960349214
37200.890442000 -33.068277929 -81.151707969 800.831012149 0.054610356 -0.275152884 0.004126652 0.959839398
37201.092162000 -33.845554079 -81.314330744 802.048770512 0.053218712 -0.277307917 0.003489222 0.959299723
37201.293881000 -34.592338495 -81.458838074 803.252800567 0.052820857 -0.279258753 0.004035047 0.958754001
37201.495601000 -35.363714429 -81.618092773 804.461104825 0.053189437 -0.281128568 0.003745697 0.958187847
37201.697321000 -36.142797747 -81.766190925 805.663280747 0.054133984 -0.283384512 0.002843222 0.957472798
37201.899041000 -36.929086245 -81.925879977 806.861432455 0.053810413 -0.285678226 0.002389087 0.956810625
37202.100761000 -37.708925956 -82.079909660 808.052882791 0.054453734 -0.287597538 0.001438033 0.956200927
37202.302481000 -38.499969127 -82.229811310 809.244569204 0.055169749 -0.289287225 0.001496153 0.955650019
37202.504201000 -39.299513762 -82.398637422 810.445882175 0.055354349 -0.291083555 0.000307874 0.955094421
37202.705920000 -40.114242597 -82.558183168 811.655868840 0.054538312 -0.292945227 -0.000723784 0.954572032
37202.907640000 -40.928376451 -82.706235647 812.852042460 0.054474356 -0.294076539 -0.001391532 0.954227473
37203.109360000 -41.754790140 -82.848172455 814.064166247 0.053564871 -0.295543703 -0.001463215 0.953825667
37203.311080000 -42.564987463 -82.987073690 815.267009399 0.052085070 -0.296652640 -0.001381760 0.953562753
37203.512800000 -43.391092687 -83.137320522 816.474194710 0.053440607 -0.298217963 -0.000407986 0.953000468
37203.714520000 -44.226220091 -83.291623188 817.668745058 0.056002841 -0.299634320 0.000927709 0.952408708
37203.916239000 -45.071998593 -83.470703872 818.873845571 0.057279525 -0.300948423 0.001071569 0.951918224
37204.117960000 -45.913161462 -83.629321071 820.066982213 0.055979510 -0.302867472 -0.000296862 0.951387416
37204.319680000 -46.758414707 -83.788037545 821.256055524 0.055140071 -0.304128598 -0.001229363 0.951033712
37204.521400000 -47.596894363 -83.935676556 822.435546393 0.054912964 -0.306153554 -0.001744573 0.950395896
37204.723120000 -48.445727973 -84.089057779 823.618404086 0.054841010 -0.308571168 -0.001410124 0.949618179
37204.924840000 -49.302030248 -84.236631503 824.778110290 0.055521300 -0.310676875 -0.000481066 0.948892278
37205.126560000 -50.157149876 -84.393176980 825.939283564 0.055474884 -0.312505015 -0.000157756 0.948294364
37205.328279000 -51.015535711 -84.550637890 827.094139435 0.054951543 -0.314583587 0.000059062 0.947638068
37205.529999000 -51.866536347 -84.690693800 828.229198272 0.054512609 -0.316139574 0.000494479 0.947144604
37205.731719000 -52.719130569 -84.844582878 829.358500048 0.054091654 -0.317649572 0.000349692 0.946663580
37205.933439000 -53.573091405 -85.007483642 830.474205196 0.054479437 -0.317662446 -0.000022816 0.946637762
37206.135159000 -54.427247644 -85.151323956 831.594650434 0.056510943 -0.317253476 0.000043306 0.946654980
37206.336879000 -55.251309912 -85.312150104 832.690627326 0.058021476 -0.317465582 -0.000666183 0.946492531
37206.538598000 -56.050101774 -85.462283109 833.763101822 0.055108092 -0.317680124 -0.000216881 0.946595660
37206.740318000 -56.852213157 -85.604197409 834.845544635 0.054732863 -0.317127716 -0.000105343 0.946801929
37206.942038000 -57.644707351 -85.734535039 835.915205626 0.051369343 -0.317238208 0.000006712 0.946953223
37207.143758000 -58.432260082 -85.858364512 836.982933760 0.052305374 -0.318291745 0.002042406 0.946546895
37207.345478000 -59.209684527 -85.982766244 838.004145931 0.055754144 -0.320319458 0.003793343 0.945659856
37207.547198000 -59.994683075 -86.136814252 839.016485813 0.056801063 -0.322058523 0.004139416 0.945005706
37207.748917000 -60.776681008 -86.300209824 840.020571342 0.056370295 -0.324328215 0.004045941 0.944255412
37207.950637000 -61.559615217 -86.428890806 841.017845825 0.053899678 -0.327154735 0.003296619 0.943426968
37208.152357000 -62.334367492 -86.569449128 841.989256020 0.053969933 -0.330558122 0.003321753 0.942235912
37208.354077000 -63.118573141 -86.693378460 842.951430181 0.053873573 -0.334892121 0.004679496 0.940703066
37208.555797000 -63.909254262 -86.827686026 843.882842790 0.054423166 -0.340410241 0.003944970 0.938692116
37208.757517000 -64.706926019 -86.957533303 844.816423582 0.054097714 -0.347456086 0.004038677 0.936126264
37208.959236000 -65.526539270 -87.095301481 845.701388951 0.054919076 -0.355386590 0.001046276 0.933104821
37209.160956000 -66.338420078 -87.223718216 846.571218352 0.059246585 -0.364284024 -0.000247291 0.929401195
37209.362676000 -67.175924781 -87.339857074 847.433444041 0.060914418 -0.372534236 -0.002484635 0.926013233
37209.564396000 -68.028044998 -87.487677835 848.275186308 0.060934859 -0.380097136 -0.007102468 0.922909906
37209.766116000 -68.877819520 -87.616829353 849.114002611 0.061875862 -0.384720335 -0.009801106 0.920905558
37209.967836000 -69.735543936 -87.754237609 849.956134235 0.062385436 -0.386483447 -0.011831435 0.920106721
37210.169556000 -70.589374709 -87.876017995 850.801194955 0.063171730 -0.384467632 -0.013019941 0.920882062
37210.371275000 -71.423662689 -88.008980131 851.651097065 0.064336245 -0.379269740 -0.013606133 0.922946992
37210.572995000 -72.240917941 -88.139643629 852.522005124 0.065147220 -0.371385005 -0.011724301 0.926116899
37210.774715000 -73.051669641 -88.270215679 853.411301159 0.066397656 -0.360385450 -0.013360466 0.930341238
37210.976435000 -73.827459661 -88.418608521 854.311439359 0.066658162 -0.348299937 -0.013302071 0.934916023
37211.178155000 -74.582906957 -88.566105032 855.241234482 0.067412701 -0.335342851 -0.012988164 0.939591240
37211.379875000 -75.317760603 -88.718125387 856.199783772 0.065234138 -0.322181083 -0.012395649 0.944346828
37211.581594000 -76.012653254 -88.864646251 857.177034618 0.064617095 -0.308935789 -0.010373304 0.948828736
37211.783314000 -76.689589158 -88.999611204 858.168920067 0.065326067 -0.295688749 -0.009119665 0.953004968
37211.985035000 -77.328183321 -89.142750983 859.189260266 0.065607538 -0.282146119 -0.007013630 0.957099817
37212.186755000 -77.942908766 -89.295850603 860.228692042 0.065984318 -0.268487020 -0.004628448 0.961009590
37212.388475000 -78.536695353 -89.449911353 861.286169652 0.065494275 -0.256053470 -0.001315593 0.964440422
37212.590195000 -79.112296595 -89.601388145 862.362275194 0.065306338 -0.246145597 0.003389457 0.967023993
37212.791914000 -79.667232799 -89.754700532 863.450139644 0.064000000 -0.240242116 0.007688369 0.968570373
37212.993634000 -80.231181066 -89.920405284 864.545593205 0.061441015 -0.238568089 0.010462288 0.969123506
37213.195354000 -80.798960630 -90.071987550 865.638978450 0.061131924 -0.240789625 0.011908049 0.968577204
37213.397074000 -81.368121937 -90.225042868 866.727364985 0.060775109 -0.246058200 0.013879051 0.967248335
37213.598794000 -81.963333653 -90.380500510 867.799144477 0.059877985 -0.253594103 0.015797327 0.965326666
37213.800514000 -82.589616321 -90.544371713 868.869849785 0.058926084 -0.262993608 0.015318960 0.962874952
37214.002234000 -83.242157877 -90.692621128 869.941750220 0.057889078 -0.271936591 0.016850424 0.960425017
37214.203953000 -83.890270055 -90.846827205 870.981940919 0.058275285 -0.279846435 0.017720819 0.958110558
37214.405673000 -84.587893011 -91.009436619 872.039137725 0.058594043 -0.287111495 0.016240718 0.955965854
37214.607393000 -85.273204927 -91.150115630 873.078758089 0.058354113 -0.293025209 0.017262001 0.954166498
37214.809113000 -85.972892183 -91.299060057 874.094924965 0.059369296 -0.298300446 0.018003950 0.952453327
37215.010833000 -86.677808816 -91.462309451 875.106579222 0.060019388 -0.301908445 0.018785721 0.951260225
37215.212553000 -87.384242256 -91.618613136 876.108951733 0.059155172 -0.305015285 0.020036525 0.950297524
37215.414272000 -88.100634254 -91.785954247 877.118607278 0.057873334 -0.306398812 0.020897049 0.949912256
37215.615992000 -88.818575294 -91.934683676 878.125062273 0.055656941 -0.307280784 0.022023095 0.949735128
37215.817712000 -89.524415087 -92.080600644 879.110203487 0.055773051 -0.307471753 0.022252533 0.949660569
37216.019432000 -90.270967680 -92.236224359 880.161786853 0.056448121 -0.307482469 0.021448242 0.949636194
37216.221152000 -90.963550272 -92.377667165 881.132054187 0.055726654 -0.307542890 0.021523006 0.949657415
37216.422872000 -91.680837898 -92.527486153 882.126426450 0.056715420 -0.307420952 0.020756397 0.949655620
37216.624591000 -92.392649023 -92.682631858 883.126271970 0.057056015 -0.307259838 0.020203833 0.949698916
37216.826311000 -93.136120191 -92.836143122 884.163051500 0.057680801 -0.306763776 0.020488837 0.949814788
37217.028031000 -93.835216989 -92.992848916 885.144446494 0.058745806 -0.307566228 0.019753389 0.949506444
37217.229751000 -94.545668297 -93.143021019 886.148595105 0.057479997 -0.309066378 0.022063948 0.949044880
37217.431471000 -95.284304682 -93.302586268 887.161072589 0.056989110 -0.309312317 0.022947591 0.948973549
37217.633191000 -96.027139335 -93.465774869 888.171863280 0.056222920 -0.310247958 0.021144231 0.948756476
37217.834911000 -96.760653844 -93.616006963 889.181732081 0.056026980 -0.310942724 0.020056471 0.948563445
37218.036630000 -97.487943826 -93.746666317 890.175277914 0.059204270 -0.310796700 0.020385619 0.948411500
37218.238350000 -98.220368479 -93.911948487 891.170814010 0.060919271 -0.310348779 0.017613781 0.948505738
37218.440070000 -98.957793791 -94.086121738 892.182817586 0.059184064 -0.309953322 0.016864351 0.948758217
37218.641790000 -99.701712216 -94.238122624 893.218507520 0.058371082 -0.307880957 0.017236274 0.949476569
37218.843510000 -100.439518270 -94.400087227 894.243913833 0.058824810 -0.305621638 0.016349479 0.950193190
37219.045230000 -101.161665534 -94.564688730 895.268192632 0.059721854 -0.304026358 0.015501012 0.950663117
37219.246949000 -101.891327222 -94.725412104 896.313504399 0.059108166 -0.302257738 0.016982179 0.951240263
37219.448669000 -102.616782436 -94.876291239 897.337842184 0.060661192 -0.299579865 0.015697640 0.952011270
37219.650389000 -103.309793385 -95.037190734 898.357105342 0.061635463 -0.297496919 0.015457964 0.952606138
37219.852109000 -104.014906328 -95.209450146 899.406246508 0.061529997 -0.294762327 0.015814160 0.953456744
37220.053830000 -104.713765288 -95.374566517 900.431034737 0.062733653 -0.292504434 0.014832567 0.954089004
37220.255550000 -105.379853857 -95.524768112 901.442475103 0.064393615 -0.290875543 0.015819101 0.954460356
37220.457269000 -106.057475814 -95.687565326 902.456081186 0.064607245 -0.289599820 0.015825568 0.954833376
37220.658989000 -106.726551290 -95.866457559 903.478818321 0.063413843 -0.289008820 0.016002421 0.955089809
37220.860709000 -107.389347897 -96.035051513 904.474327114 0.064153513 -0.288100140 0.015256142 0.955327362
37221.062429000 -108.040716177 -96.189437427 905.472678339 0.065042977 -0.286641169 0.015407876 0.955703039
37221.264149000 -108.687010032 -96.346276603 906.483020865 0.065457187 -0.284392078 0.016041610 0.956336640
37221.465869000 -109.342493981 -96.508741083 907.484392180 0.065690596 -0.282415598 0.016266765 0.956901894
37221.667589000 -109.978906916 -96.688997837 908.495748919 0.066134907 -0.281198135 0.016501979 0.957226264
37221.869308000 -110.616274989 -96.844629233 909.496881218 0.066281694 -0.280748430 0.017330189 0.957332868
37222.071028000 -111.263998466 -97.012507732 910.499920996 0.066312888 -0.280769556 0.017570071 0.957320367
37222.272748000 -111.895430464 -97.179935393 911.492663871 0.066588912 -0.280857368 0.017298414 0.957280394
37222.474468000 -112.532668140 -97.335369609 912.477554634 0.067122781 -0.281142274 0.017445474 0.957157102
37222.676188000 -113.163824671 -97.493779109 913.460520695 0.067201048 -0.281632515 0.017695678 0.957002396
37222.877908000 -113.800243010 -97.669004407 914.455078833 0.066953806 -0.282058166 0.016767987 0.956911180
37223.079627000 -114.434578474 -97.837203340 915.449061881 0.067222017 -0.282214974 0.017106525 0.956840234
37223.281347000 -115.061124983 -97.993012685 916.438153837 0.067439370 -0.281109577 0.016853218 0.957154395
37223.483067000 -115.680088070 -98.157184932 917.427520217 0.067830145 -0.278720334 0.016436778 0.957832668
37223.684787000 -116.290886369 -98.324210408 918.413358111 0.069501598 -0.274691471 0.017119284 0.958864101
37223.886507000 -116.880147040 -98.485447303 919.407956658 0.071569096 -0.270150330 0.019678464 0.959952601
37224.088227000 -117.468054672 -98.649575989 920.416341464 0.070116691 -0.264856853 0.020979175 0.961505827
37224.289946000 -118.049110973 -98.825657723 921.442521741 0.066650216 -0.260036488 0.020473954 0.963078317
37224.491666000 -118.607344215 -99.006857044 922.456301738 0.066043516 -0.255253832 0.023120100 0.964338824
37224.693386000 -119.169913749 -99.173179142 923.479665726 0.068468344 -0.250807287 0.022557012 0.965349203
37224.895106000 -119.740353993 -99.332784616 924.528520440 0.070224448 -0.246753762 0.020818757 0.966305797
37225.096826000 -120.294924198 -99.506220446 925.585104838 0.068688398 -0.243012534 0.021582801 0.967347568
37225.298546000 -120.849143669 -99.684942904 926.638655566 0.067990353 -0.239422923 0.021191384 0.968300005
37225.500266000 -121.403334350 -99.856575543 927.718735065 0.068188822 -0.236696573 0.022115737 0.968935731
37225.701985000 -121.951383785 -100.021537805 928.810053935 0.067840728 -0.234473073 0.022734134 0.969485673
37225.903705000 -122.498561172 -100.189035927 929.905831399 0.067858231 -0.232634030 0.022521070 0.969932553
37226.105425000 -123.061816979 -100.386748824 931.035153758 0.069465761 -0.230936426 0.022787934 0.970218417
37226.307145000 -123.616626688 -100.577064370 932.157868908 0.070281494 -0.229400006 0.021930184 0.970544135
37226.508865000 -124.156922671 -100.751569192 933.274423595 0.069728294 -0.228374654 0.021932064 0.970825669
37226.710585000 -124.705290891 -100.928229899 934.413864823 0.069048482 -0.227753384 0.022645304 0.971003347
37226.912304000 -125.266189322 -101.125117892 935.547010586 0.070319455 -0.227929420 0.021847404 0.970889346
37227.114024000 -125.824083598 -101.301020051 936.684502466 0.069772618 -0.227784048 0.021820631 0.970963276
37227.315744000 -126.388290336 -101.491211336 937.832489082 0.069206412 -0.227663617 0.020304251 0.971065408
37227.517464000 -126.939208835 -101.667516609 938.959736035 0.069231798 -0.227461025 0.021873763 0.971076899
37227.719184000 -127.498810586 -101.848181860 940.115677251 0.069651649 -0.226978478 0.023020127 0.971132921
37227.920904000 -128.064712063 -102.047294468 941.284079989 0.070689852 -0.227074305 0.024563689 0.970997976
37228.122623000 -128.607435219 -102.247333149 942.406672506 0.071073677 -0.226754732 0.023870560 0.971061698
37228.324343000 -129.170491651 -102.425315435 943.546451418 0.072127280 -0.226732307 0.024253727 0.970979861
37228.526063000 -129.731188044 -102.633299035 944.703664621 0.072490171 -0.227031744 0.024361854 0.970880140
37228.727783000 -130.285448841 -102.834744947 945.825304447 0.071367416 -0.226484364 0.023278286 0.971117860
37228.929503000 -130.836931520 -103.023119657 946.958005002 0.070146411 -0.226485744 0.021616249 0.971245078
37229.131223000 -131.394372595 -103.220271777 948.111759182 0.068172367 -0.226662359 0.021869303 0.971338563
37229.332943000 -131.936986350 -103.390672955 949.239862463 0.069175864 -0.226097888 0.021651730 0.971403734
37229.534662000 -132.498459479 -103.561729173 950.382669779 0.068545525 -0.226134442 0.020205915 0.971471207
37229.736382000 -133.044326569 -103.740988441 951.515748867 0.068806022 -0.226436696 0.023034817 0.971319519
37229.938102000 -133.598325118 -103.941477794 952.644645581 0.071347348 -0.225753524 0.023367231 0.971287383
37230.139823000 -134.127340910 -104.129662191 953.768599542 0.070847852 -0.226396087 0.026081656 0.971105391
37230.341543000 -134.673446977 -104.307534296 954.885327538 0.070544005 -0.226216159 0.026383192 0.971160959
37230.543263000 -135.226397757 -104.498832179 956.000952054 0.069384171 -0.226817057 0.025821746 0.971119535
37230.744982000 -135.775441858 -104.685059121 957.139983370 0.070296480 -0.226770548 0.025955698 0.971061118
37230.946702000 -136.328750503 -104.877364168 958.263182036 0.068433039 -0.226226417 0.023276913 0.971389116
37231.148422000 -136.879046333 -105.063099050 959.401550668 0.065544222 -0.226731965 0.022576557 0.971487110
37231.350142000 -137.410146444 -105.222050484 960.496599548 0.065655212 -0.226404005 0.022935293 0.971547663
37231.551862000 -137.964700890 -105.402618854 961.625107169 0.067388468 -0.226740002 0.023144625 0.971345760
37231.753582000 -138.491017391 -105.589399056 962.735300964 0.067832836 -0.226897487 0.024531834 0.971243539
37231.955301000 -139.027083260 -105.761800638 963.832174251 0.069405449 -0.226789766 0.024381481 0.971161497
37232.157021000 -139.565076088 -105.956724102 964.942887347 0.069195189 -0.227063624 0.025413454 0.971086361
37232.358741000 -140.092673558 -106.144452298 966.052241008 0.068984729 -0.226196736 0.024993189 0.971314064
37232.560461000 -140.621382190 -106.317821140 967.136737766 0.068989789 -0.224210284 0.023740069 0.971806060
37232.762181000 -141.129942521 -106.493168360 968.229466947 0.069124523 -0.221970907 0.024615478 0.972288518
37232.963901000 -141.631648712 -106.676534168 969.319664665 0.070024491 -0.218992049 0.024814600 0.972894055
37233.165621000 -142.142345382 -106.856563888 970.402835208 0.071026670 -0.216369180 0.023673699 0.973436416
37233.367340000 -142.643004461 -107.033454448 971.476845125 0.071686849 -0.214682425 0.021286806 0.973817045
37233.569060000 -143.137067689 -107.213884944 972.570528408 0.070856724 -0.213571752 0.019910267 0.974150872
37233.770780000 -143.647741798 -107.394859437 973.662610555 0.071168596 -0.212219830 0.014605954 0.974517666
37233.972500000 -144.140972110 -107.563514671 974.758029132 0.071265647 -0.212322272 0.014575475 0.974488663
37234.174220000 -144.648098507 -107.746857205 975.859252304 0.071464375 -0.212368923 0.013084141 0.974484784
37234.375940000 -145.150948840 -107.928539568 976.972955228 0.070782324 -0.213422858 0.012450321 0.974312709
37234.577659000 -145.657684100 -108.105700966 978.073795702 0.071030687 -0.214737156 0.014420960 0.973978827
37234.779379000 -146.176433030 -108.280124973 979.196070280 0.070956252 -0.216292851 0.015513958 0.973622933
37234.981099000 -146.695308759 -108.464698726 980.318602349 0.070479123 -0.217938813 0.016539771 0.973273557
37235.182819000 -147.222478531 -108.650979848 981.443331200 0.071052370 -0.219753485 0.018149204 0.972795492
37235.384539000 -147.751720211 -108.835211365 982.570330210 0.071678754 -0.222177589 0.019759118 0.972167250
37235.586259000 -148.302225822 -109.028290434 983.704752173 0.071246774 -0.225464295 0.020627208 0.971423619
37235.787979000 -148.865195585 -109.219961085 984.827282602 0.071487035 -0.230140763 0.021243297 0.970295274
37235.989698000 -149.445970150 -109.406837983 985.950590950 0.072283855 -0.236444489 0.021678589 0.968710011
37236.191418000 -150.048541830 -109.601982931 987.067644460 0.071444043 -0.244155172 0.020876578 0.966875111
37236.393138000 -150.670544400 -109.787293073 988.177918019 0.070819494 -0.252925114 0.020385231 0.964675382
37236.594858000 -151.319428369 -109.981970646 989.269031313 0.071153630 -0.262766962 0.019589046 0.962032517
37236.796578000 -151.989685121 -110.166484736 990.351836708 0.071533273 -0.273072397 0.018373443 0.959153909
37236.998298000 -152.686954074 -110.362694959 991.420256618 0.071367047 -0.281614198 0.016768534 0.956722796
37237.200017000 -153.398626614 -110.540197473 992.494409606 0.070774050 -0.287404288 0.015231915 0.955069567
37237.401737000 -154.117243024 -110.740644179 993.563215285 0.070251063 -0.291574754 0.013322089 0.953871667
37237.603457000 -154.844097911 -110.928641274 994.625103942 0.070477009 -0.292294472 0.011011727 0.953663948
37237.805177000 -155.571352086 -111.110063545 995.688074428 0.070823072 -0.289057835 0.007974103 0.954654511
37238.006897000 -156.285226806 -111.291437343 996.757737988 0.072138709 -0.283355923 0.005516162 0.956281703
37238.208617000 -156.996035608 -111.478666270 997.842831570 0.075017114 -0.276456416 0.001636039 0.958092471
37238.410336000 -157.650564984 -111.666488421 998.908449746 0.075932028 -0.268318164 0.001526730 0.960331753
37238.612056000 -158.320330737 -111.864148918 1000.074655403 0.074897662 -0.258852471 -0.000732130 0.963008528
37238.813776000 -158.955278355 -112.058174935 1001.209747998 0.073810803 -0.250319584 -0.000979070 0.965344729
37239.015496000 -159.542908660 -112.233401268 1002.335951866 0.074643899 -0.240626897 -0.000000379 0.967743037
37239.217216000 -160.128332611 -112.423115230 1003.492925860 0.075300695 -0.229909367 0.000497767 0.970294151
37239.418936000 -160.678435209 -112.619250415 1004.663541033 0.075238334 -0.218261132 0.001979081 0.972983539
37239.620656000 -161.184141404 -112.814233661 1005.848015950 0.074639699 -0.204731437 0.002460796 0.975965343
37239.822375000 -161.682413644 -113.009597391 1007.074504099 0.073502942 -0.191960670 0.005027253 0.978633165
37240.024095000 -162.120474851 -113.195106333 1008.280564105 0.074642395 -0.178655265 0.006068059 0.981057677
37240.225815000 -162.532798600 -113.399819858 1009.504558686 0.076078978 -0.165515706 0.007427165 0.983240236
37240.427535000 -162.915671132 -113.602466941 1010.780539545 0.074468702 -0.152193708 0.010195848 0.985488518
37240.629255000 -163.259802666 -113.793459733 1012.042339052 0.073190988 -0.140811836 0.012075458 0.987253321
37240.830975000 -163.578750918 -113.994383369 1013.325291587 0.073761730 -0.133117362 0.016209272 0.988218748
37241.032694000 -163.878153271 -114.201820985 1014.594447412 0.075326568 -0.129214200 0.017922725 0.988589104
37241.234414000 -164.190023345 -114.415649076 1015.892395442 0.073378782 -0.127894394 0.022263328 0.988818977
37241.436134000 -164.530777999 -114.614535636 1017.202887044 0.072603908 -0.128329500 0.024869173 0.988757725
37241.637854000 -164.856639615 -114.812295092 1018.480499217 0.075769085 -0.130152576 0.025261490 0.988271787
37241.839574000 -165.200674963 -115.031195704 1019.772374584 0.078789896 -0.132130666 0.027045295 0.987725871
37242.041294000 -165.540568556 -115.263489609 1021.075775263 0.076325207 -0.133872111 0.028994123 0.987629528
37242.243014000 -165.897534584 -115.475491477 1022.375653565 0.071768318 -0.135793674 0.028306913 0.987728791
37242.444733000 -166.259580827 -115.674923963 1023.692454647 0.071764885 -0.139061581 0.030282441 0.987215717
37242.646453000 -166.629255921 -115.871360132 1024.983659841 0.073513382 -0.144558143 0.030829974 0.986280000
37242.848173000 -167.031691863 -116.089512309 1026.283473893 0.073694421 -0.151259020 0.028969826 0.985317580
37243.049893000 -167.445367727 -116.312753176 1027.564518960 0.071868909 -0.158011123 0.029612630 0.984373022
37243.251613000 -167.867307822 -116.523175513 1028.848636792 0.073187731 -0.162000110 0.028590742 0.983657587
37243.453333000 -168.306548358 -116.724609432 1030.137132460 0.073835568 -0.164366943 0.028690248 0.983213334
37243.655052000 -168.738291988 -116.946322910 1031.428792740 0.072499046 -0.165811922 0.029001382 0.983061106
37243.856772000 -169.173862502 -117.150213342 1032.707008346 0.073729857 -0.165735030 0.028733268 0.982990426
37244.058493000 -169.634132905 -117.338148461 1033.972418079 0.075862138 -0.165446339 0.026198946 0.982947718
37244.260213000 -170.054078140 -117.552331388 1035.269479403 0.073953429 -0.164346293 0.025179362 0.983304079
37244.461933000 -170.502709470 -117.813526639 1036.586334865 0.069882303 -0.162405638 0.021822799 0.984004567
37244.663653000 -170.927067617 -118.022495768 1037.858745771 0.073696679 -0.161707003 0.021016738 0.983858742
37244.865372000 -171.325316486 -118.210259888 1039.146462445 0.075291295 -0.160873049 0.024395129 0.983796813
37245.067092000 -171.773153746 -118.424282195 1040.467385404 0.072883403 -0.159611129 0.022838580 0.984220831
37245.268812000 -172.192069321 -118.641395848 1041.768594937 0.072492743 -0.159102394 0.022180353 0.984347214
37245.470532000 -172.607957268 -118.845356522 1043.063403050 0.074823781 -0.158294054 0.021993863 0.984307287
37245.672252000 -173.024593029 -119.060348547 1044.354214043 0.075540907 -0.157394231 0.020947648 0.984419551
37245.873972000 -173.440423575 -119.268095573 1045.647087955 0.074586944 -0.157740130 0.020274373 0.984450978
37246.075692000 -173.855024158 -119.491740367 1046.929109720 0.075673248 -0.159108728 0.020599562 0.984141029
37246.277411000 -174.284911212 -119.692539716 1048.196423051 0.077142826 -0.160578118 0.020312349 0.983794081
37246.479131000 -174.707264606 -119.917449030 1049.478987315 0.077147526 -0.162061126 0.019324805 0.983570520
37246.680851000 -175.148334607 -120.126925967 1050.757247851 0.076746133 -0.163482461 0.018729778 0.983378273
37246.882571000 -175.587510621 -120.345291287 1052.049190968 0.076068810 -0.164685405 0.017986036 0.983243863
37247.084291000 -176.033449818 -120.560211158 1053.333112226 0.075089624 -0.165304015 0.016003449 0.983249734
37247.286011000 -176.477057559 -120.783374717 1054.623011991 0.074280212 -0.165883381 0.015449608 0.983222407
37247.487730000 -176.920355593 -120.997769301 1055.898615026 0.076650768 -0.165260484 0.012853115 0.983182712
37247.689450000 -177.356512164 -121.200910298 1057.189893506 0.078561997 -0.163863028 0.011808419 0.983278979
37247.891170000 -177.797462490 -121.426743070 1058.480880397 0.078284691 -0.160496525 0.010824690 0.983867551
37248.092890000 -178.211731645 -121.644936209 1059.784141536 0.077558572 -0.155797184 0.009351588 0.984694952
37248.294610000 -178.603960162 -121.852773121 1061.090282427 0.077242848 -0.149793843 0.011663930 0.985626453
37248.496330000 -178.978272089 -122.087329264 1062.381950352 0.076835119 -0.142768536 0.012705063 0.986687501
37248.698050000 -179.361029609 -122.286021393 1063.678124426 0.077097829 -0.135636914 0.010271552 0.987700868
37248.899769000 -179.692429847 -122.505694803 1064.976329046 0.074540231 -0.128716625 0.010336813 0.988821949
37249.101489000 -180.010353930 -122.704674508 1066.270491984 0.073467322 -0.121004868 0.010861165 0.989869897
37249.303209000 -180.285402944 -122.904014041 1067.572196896 0.072326297 -0.113545442 0.014326371 0.990793106
37249.504929000 -180.561777533 -123.093706436 1068.867674453 0.073674639 -0.107675966 0.016238067 0.991319463
37249.706649000 -180.818478474 -123.299624288 1070.157800600 0.075202085 -0.102256773 0.015189283 0.991795162
37249.908369000 -181.061166710 -123.505271134 1071.454175328 0.074842937 -0.097523026 0.016183743 0.992283117
37250.110088000 -181.300705606 -123.708063858 1072.754064973 0.076294880 -0.093987974 0.017408526 0.992492925
37250.311808000 -181.537861253 -123.916115752 1074.068118072 0.077879775 -0.091619140 0.017604427 0.992587940
37250.513528000 -181.774816109 -124.133701464 1075.390355699 0.079052370 -0.089999092 0.017574034 0.992643906
37250.715248000 -181.994382853 -124.364743125 1076.695171959 0.081651132 -0.090095699 0.019087460 0.992396907
37250.916968000 -182.216294812 -124.596900848 1078.017825701 0.078655290 -0.091137142 0.024228667 0.992431505
37251.118688000 -182.438134321 -124.813388349 1079.338623209 0.075983660 -0.093941656 0.027790905 0.992284875
37251.320407000 -182.677956543 -125.009447200 1080.635213569 0.076307401 -0.097740398 0.028425047 0.991875079
37251.522127000 -182.927367919 -125.222078865 1081.926023353 0.075931314 -0.101609945 0.029423848 0.991485871
37251.723847000 -183.202336112 -125.440866277 1083.239359924 0.076013375 -0.104816175 0.027458351 0.991202049
37251.925567000 -183.498221976 -125.665387354 1084.577742482 0.072706272 -0.109051552 0.026836843 0.991010258
37252.127287000 -183.797565181 -125.859758980 1085.920248125 0.070366105 -0.113603387 0.025489422 0.990703310
37252.329006000 -184.125890532 -126.060656098 1087.252092688 0.074305048 -0.118066962 0.021611226 0.989985895
37252.530726000 -184.445012439 -126.275618955 1088.568760155 0.076994465 -0.123455983 0.023382481 0.989082218
37252.732446000 -184.802383879 -126.498628638 1089.888129599 0.075702951 -0.125986709 0.021194991 0.988912075
37252.934166000 -185.151387866 -126.720516912 1091.225263195 0.075677781 -0.127376243 0.021427464 0.988730997
37253.135886000 -185.492019298 -126.935134748 1092.561960407 0.075634093 -0.125544510 0.021144658 0.988974600
37253.337606000 -185.829237251 -127.163678607 1093.931259015 0.075699994 -0.122084567 0.021758676 0.989389435
37253.539325000 -186.144969333 -127.378647547 1095.305035734 0.075087113 -0.117544632 0.022895220 0.989960095
37253.741045000 -186.463245812 -127.601213494 1096.661381077 0.074572281 -0.112861423 0.021610795 0.990572636
37253.942765000 -186.745151768 -127.817472280 1097.999179159 0.071614953 -0.108182632 0.021522518 0.991314674
37254.144485000 -187.022217032 -128.021688181 1099.357176452 0.070980757 -0.102643445 0.021507446 0.991949347
37254.346205000 -187.272111974 -128.231978234 1100.707566876 0.071166004 -0.097913879 0.023068522 0.992379033
37254.547924000 -187.519867236 -128.430181509 1102.079524033 0.070878732 -0.094342195 0.024414454 0.992713249
37254.749644000 -187.748587716 -128.633224893 1103.443075176 0.070896260 -0.091769724 0.025820292 0.992917629
37254.951365000 -187.972907205 -128.831553759 1104.784119459 0.071557938 -0.089674014 0.026832382 0.993034705
37255.153085000 -188.199761928 -129.037392460 1106.161453369 0.071716716 -0.088244694 0.028519045 0.993104291
37255.354805000 -188.432711954 -129.235710055 1107.515254037 0.072345157 -0.087859545 0.029694523 0.993058486
37255.556524000 -188.652011360 -129.444818332 1108.887784080 0.072434818 -0.087187882 0.031582744 0.993052829
37255.758244000 -188.873721685 -129.662744736 1110.249964040 0.071971479 -0.086454008 0.032654796 0.993116097
37255.959964000 -189.102155948 -129.890091739 1111.614883246 0.070346737 -0.086115729 0.035324719 0.993170463
37256.161684000 -189.320064659 -130.097555209 1112.971411186 0.070088667 -0.085281863 0.033725136 0.993316313
37256.363404000 -189.535570451 -130.286672257 1114.324353307 0.071556477 -0.083711217 0.033072967 0.993367181
37256.565124000 -189.748410864 -130.494307036 1115.693418855 0.071924575 -0.081120097 0.032996288 0.993558091
37256.766843000 -189.959806404 -130.701154706 1117.070773902 0.072084320 -0.078684909 0.032251276 0.993766809
37256.968563000 -190.153582791 -130.917109123 1118.454859485 0.071018537 -0.075565165 0.032563138 0.994075462
37257.170283000 -190.351551830 -131.138071285 1119.840700588 0.069802241 -0.072292418 0.032205628 0.994416576
37257.372003000 -190.522335693 -131.332192052 1121.210320504 0.071870244 -0.068433669 0.033085643 0.994513332
37257.573723000 -190.682810713 -131.521449703 1122.604165951 0.071034475 -0.064025166 0.035843966 0.994771362
37257.775442000 -190.825688223 -131.743671757 1123.993790989 0.069774013 -0.059708442 0.036784975 0.995094601
37257.977162000 -190.970953140 -131.945802696 1125.372908336 0.071599272 -0.055944499 0.037487210 0.995157532
37258.178882000 -191.101347551 -132.142644127 1126.774500814 0.070149347 -0.051674942 0.037189426 0.995502721
37258.380602000 -191.229242205 -132.358152416 1128.151697130 0.069348908 -0.047944828 0.035848414 0.995794575
37258.582322000 -191.325320958 -132.559210153 1129.521452684 0.072095023 -0.044852935 0.037855719 0.995669361
37258.784042000 -191.432734252 -132.763143636 1130.899836852 0.073783470 -0.041536390 0.037869309 0.995689038
37258.985761000 -191.522961143 -132.964206116 1132.269564363 0.073088932 -0.038617122 0.037698833 0.995864175
37259.187481000 -191.602636744 -133.175286000 1133.636549648 0.071835704 -0.035861873 0.038362515 0.996033045
37259.389201000 -191.681687314 -133.393350610 1135.000362263 0.071265834 -0.033086878 0.037851789 0.996189584
37259.590921000 -191.755492896 -133.592464761 1136.348979325 0.071729292 -0.030459720 0.036944271 0.996274146
37259.792641000 -191.819778585 -133.776374372 1137.709099788 0.072143353 -0.028440256 0.036918608 0.996304963
37259.994361000 -191.876176267 -133.981928877 1139.053344134 0.071258312 -0.026127360 0.036090275 0.996462279
37260.196081000 -191.928021459 -134.198091801 1140.411736609 0.071402632 -0.024222177 0.035156148 0.996533465
37260.397801000 -191.979052543 -134.381019360 1141.739908557 0.073451649 -0.022653882 0.036210263 0.996383671
37260.599521000 -192.022478186 -134.579881201 1143.074897361 0.073241106 -0.021259980 0.035049403 0.996471411
37260.801241000 -192.067006731 -134.789607922 1144.415281291 0.071623786 -0.020300522 0.033108506 0.996675379
37261.002961000 -192.102253317 -134.994947074 1145.734367187 0.072330971 -0.019797736 0.033752847 0.996612757
37261.204680000 -192.143051574 -135.185773220 1147.076155870 0.072738383 -0.018959806 0.032928999 0.996626999
37261.406400000 -192.178802658 -135.386040318 1148.415617180 0.073993432 -0.018395418 0.031409644 0.996594179
37261.608120000 -192.218532742 -135.591091581 1149.717751375 0.074827087 -0.018280247 0.029874094 0.996581286
37261.809840000 -192.265917846 -135.799063249 1151.029960365 0.074766567 -0.017223596 0.026972798 0.996687419
37262.011560000 -192.309290695 -135.996638844 1152.352366432 0.072732184 -0.014912957 0.024752043 0.996932764
37262.213279000 -192.320148727 -136.191180248 1153.659675759 0.071927849 -0.010311740 0.023849737 0.997071325
37262.414999000 -192.311248899 -136.390125100 1154.972713972 0.072140507 -0.004502750 0.025268777 0.997064147
37262.616719000 -192.299211573 -136.582870235 1156.247400746 0.073787389 0.001914861 0.024657695 0.996967294
37262.818439000 -192.285282107 -136.772930630 1157.540741229 0.073327453 0.008918136 0.023929084 0.996980912
37263.020159000 -192.233503349 -136.971165243 1158.828108890 0.072593576 0.015130306 0.024263649 0.996951605
37263.221879000 -192.165691059 -137.159725078 1160.101806108 0.073139373 0.021559687 0.025129556 0.996771936
37263.423598000 -192.076903134 -137.340141442 1161.372793510 0.074456284 0.026016022 0.024923641 0.996573227
37263.625318000 -191.975537851 -137.530422740 1162.644335336 0.073731892 0.029467663 0.025632705 0.996513014
37263.827038000 -191.879297587 -137.724387419 1163.922736686 0.072963853 0.032539353 0.025762722 0.996470642
37264.028758000 -191.780552349 -137.908566556 1165.211245914 0.073530617 0.034704952 0.025635517 0.996359196
37264.230478000 -191.658538173 -138.095632743 1166.499238568 0.073623141 0.035043528 0.026244228 0.996324624
37264.432197000 -191.560486916 -138.290251118 1167.752488650 0.074592693 0.033457693 0.026400576 0.996302905
37264.633917000 -191.469066847 -138.462837201 1169.016365924 0.074825580 0.031151874 0.026913032 0.996346542
37264.835637000 -191.375030900 -138.658932675 1170.312245498 0.074618264 0.029637607 0.027346879 0.996396470
37265.037357000 -191.295323126 -138.863829015 1171.587972231 0.073974511 0.028754233 0.027362419 0.996469902
37265.239077000 -191.208636372 -139.058699468 1172.884027584 0.072909001 0.027785012 0.028990976 0.996529877
37265.440796000 -191.131664754 -139.230375654 1174.157637531 0.074423280 0.027042866 0.027942368 0.996468317
37265.642516000 -191.050401764 -139.427166143 1175.441151021 0.075466884 0.025786662 0.028907748 0.996395606
37265.844236000 -190.977822335 -139.624137827 1176.740841634 0.073746866 0.024433433 0.029931100 0.996528254
37266.045956000 -190.905862335 -139.818854478 1178.028322299 0.074083742 0.021442302 0.029313738 0.996590450
37266.247676000 -190.838967653 -140.006726425 1179.325954894 0.074071151 0.018476047 0.031728859 0.996576853
37266.449396000 -190.799914728 -140.189985428 1180.604470520 0.074376254 0.012695370 0.031466165 0.996652820
37266.651115000 -190.773666002 -140.380806698 1181.917142584 0.073711632 0.005270872 0.031742759 0.996760355
37266.852835000 -190.785983376 -140.591274105 1183.213977306 0.073400977 -0.004679325 0.029031095 0.996868903
37267.054556000 -190.834206781 -140.792490833 1184.498830045 0.073185244 -0.015231944 0.026479718 0.996850404
37267.256276000 -190.910631240 -140.982384088 1185.791417740 0.073909286 -0.025996375 0.020082469 0.996723759
37267.457996000 -191.000069413 -141.177413191 1187.085078509 0.073506323 -0.036232848 0.018171914 0.996470659
37267.659715000 -191.125822299 -141.378430866 1188.375195155 0.073620153 -0.044334847 0.014774396 0.996190845
37267.861435000 -191.252450274 -141.575733717 1189.671041522 0.073974184 -0.050873125 0.011162767 0.995899167
37268.063155000 -191.384642433 -141.764643643 1190.974000452 0.073520267 -0.053277765 0.008019608 0.995837326
37268.264875000 -191.514050631 -141.958192484 1192.263888601 0.073250686 -0.052072989 0.006329302 0.995933045
37268.466595000 -191.630328794 -142.149480489 1193.557707753 0.073278609 -0.048543945 0.005503305 0.996114140
37268.668315000 -191.747464622 -142.339791107 1194.864971179 0.073144109 -0.042860081 0.004704862 0.996388897
37268.870034000 -191.825784896 -142.544264848 1196.154535067 0.072663583 -0.034266359 0.003553844 0.996761342
37269.071754000 -191.893799511 -142.737873126 1197.446344160 0.072393333 -0.023308159 0.002017580 0.997101722
37269.273474000 -191.910490288 -142.924236248 1198.743297756 0.072709660 -0.010962310 0.001965259 0.997290961
37269.475194000 -191.900107307 -143.114692430 1200.020421584 0.072952788 0.002594478 0.001121407 0.997331383
37269.676914000 -191.852638200 -143.321014326 1201.308690563 0.073150852 0.015994942 0.001678135 0.997191198
37269.878633000 -191.762610688 -143.506225935 1202.568207517 0.074616630 0.029446426 0.004646611 0.996766632
37270.080353000 -191.645670849 -143.688429038 1203.843644901 0.075557733 0.041472222 0.008150855 0.996245310
37270.282073000 -191.492558768 -143.893299042 1205.145144877 0.074835570 0.051309572 0.011029382 0.995813865
37270.483793000 -191.327549275 -144.099475576 1206.429229245 0.075556545 0.059090430 0.014832074 0.995278637
37270.685513000 -191.144109652 -144.282183122 1207.712175228 0.075278384 0.064875045 0.017794418 0.994890816
37270.887233000 -190.948122596 -144.471860344 1209.008611367 0.073401285 0.067568881 0.019752163 0.994814782
37271.088952000 -190.766397573 -144.677779862 1210.308576983 0.074171577 0.067889210 0.019956694 0.994731785
37271.290672000 -190.574383680 -144.872831015 1211.606627814 0.076400353 0.066630108 0.020174230 0.994643822
37271.492392000 -190.387574869 -145.063376794 1212.913615296 0.076054865 0.064489086 0.020310101 0.994808696
37271.694112000 -190.214263735 -145.261194732 1214.239132897 0.075765406 0.061550984 0.023116945 0.994955664
37271.895832000 -190.037004485 -145.459258163 1215.580625588 0.075574089 0.056937157 0.024865630 0.995202676
37272.097552000 -189.884365161 -145.660388618 1216.912873190 0.075282327 0.051566080 0.026416511 0.995477635
37272.299271000 -189.743417762 -145.857626672 1218.268270948 0.074473285 0.045429066 0.028531857 0.995779031
37272.500991000 -189.614774367 -146.074602886 1219.625611152 0.072652523 0.039350757 0.031783597 0.996073729
37272.702711000 -189.508588304 -146.268588124 1220.988059756 0.073727272 0.032931343 0.032367316 0.996208909
37272.904431000 -189.395754149 -146.479122756 1222.357212448 0.075617385 0.026633624 0.034865341 0.996171196
37273.106151000 -189.327505290 -146.688102958 1223.740322808 0.074934626 0.021788762 0.034127895 0.996366095
37273.307871000 -189.254727735 -146.894920584 1225.118760065 0.073107007 0.016915886 0.034427782 0.996586172
37273.509590000 -189.205522580 -147.105904722 1226.498207458 0.072951645 0.013206672 0.033354720 0.996690074
37273.711310000 -189.168042433 -147.302022651 1227.900297197 0.074510111 0.010812156 0.031978529 0.996648750
37273.913030000 -189.132415198 -147.512520883 1229.283502164 0.075491688 0.009633691 0.030843930 0.996622703
37274.114750000 -189.098171457 -147.725619026 1230.669150450 0.076152572 0.008252153 0.028871826 0.996643895
37274.316470000 -189.072136591 -147.936293686 1232.057908203 0.076286692 0.007096628 0.027972996 0.996668207
37274.518190000 -189.045370640 -148.146252507 1233.443859965 0.075844070 0.006737363 0.027506474 0.996717469
37274.719909000 -189.016865693 -148.355457821 1234.840409421 0.076531292 0.006447606 0.026692419 0.996688978
37274.921629000 -188.986569088 -148.575095037 1236.236474339 0.076903341 0.006887974 0.026709333 0.996656954
37275.123350000 -188.955650066 -148.791908071 1237.621310322 0.076679922 0.007484425 0.026929621 0.996663893
37275.325070000 -188.917892112 -149.014981612 1238.990961772 0.076910424 0.008268493 0.026856888 0.996641912
37275.526790000 -188.882829914 -149.236281620 1240.383588355 0.076930380 0.009160092 0.027875240 0.996604595
37275.728510000 -188.838709786 -149.460543219 1241.792151261 0.076442319 0.009506723 0.029847965 0.996581792
37275.930230000 -188.789387881 -149.676107926 1243.157325093 0.076256283 0.009341160 0.029629371 0.996604117
37276.131949000 -188.757911191 -149.878488318 1244.521373292 0.076271455 0.008971933 0.030300135 0.996586235
37276.333669000 -188.710653222 -150.100430396 1245.881200892 0.076469799 0.008546490 0.030319299 0.996574137
37276.535389000 -188.678779896 -150.311812619 1247.273831930 0.076848065 0.008188397 0.031387739 0.996515030
37276.737109000 -188.640735315 -150.524425176 1248.668244902 0.075602623 0.007954472 0.033216006 0.996552872
37276.938829000 -188.606359823 -150.727242894 1250.043025211 0.076628676 0.008445426 0.032038630 0.996509037
37277.140549000 -188.560264859 -150.954583075 1251.443150140 0.078952914 0.009006582 0.033362622 0.996279211
37277.342268000 -188.511969530 -151.187841260 1252.872091124 0.077222046 0.010965288 0.034630594 0.996351952
37277.543988000 -188.457216365 -151.405422142 1254.274833794 0.077675502 0.012993920 0.034594258 0.996293561
37277.745708000 -188.425405125 -151.621200283 1255.669662502 0.078475855 0.014781325 0.033396326 0.996246850
37277.947428000 -188.354989665 -151.841040537 1257.091957480 0.078176736 0.018078659 0.032442813 0.996247490
37278.149148000 -188.283452277 -152.073719930 1258.500475929 0.077794939 0.021836965 0.030808884 0.996253908
37278.350868000 -188.190969991 -152.286060094 1259.901134626 0.078906362 0.026138346 0.030314767 0.996078118
37278.552587000 -188.084068910 -152.506138355 1261.282911845 0.079402703 0.030956505 0.030193439 0.995904209
37278.754307000 -187.959641418 -152.737616145 1262.702074656 0.079377384 0.035566842 0.028996203 0.995787872
37278.956027000 -187.834783927 -152.965641538 1264.072997919 0.079459661 0.040546573 0.029087483 0.995588311
37279.157747000 -187.689912174 -153.186449666 1265.468079741 0.079960250 0.045676555 0.029785912 0.995305429
37279.359467000 -187.528421569 -153.411221996 1266.861229967 0.079752995 0.050462624 0.029229331 0.995107372
37279.561187000 -187.349371791 -153.639709539 1268.254522120 0.079314424 0.055627278 0.030063578 0.994842181
37279.762906000 -187.163343391 -153.859901697 1269.624064745 0.079068348 0.060956723 0.030476602 0.994536937
37279.964626000 -186.961643606 -154.072343111 1271.016933274 0.079536640 0.065987315 0.031325157 0.994152043
37280.166346000 -186.749790628 -154.293121488 1272.406689399 0.079337981 0.070867817 0.033218530 0.993770474
37280.368066000 -186.520221963 -154.515516975 1273.802933132 0.079451780 0.076026142 0.032749473 0.993395705
37280.569786000 -186.269636899 -154.739089732 1275.192942003 0.080080686 0.081253826 0.034456577 0.992873379
37280.771506000 -186.009145038 -154.955021391 1276.583113919 0.080540819 0.086473950 0.034764988 0.992384348
37280.973225000 -185.730561212 -155.165718772 1277.968149490 0.081077059 0.091393512 0.035623626 0.991869304
37281.174945000 -185.438309639 -155.388184525 1279.346045345 0.081496998 0.096835656 0.036581832 0.991283383
37281.376665000 -185.133192083 -155.602951503 1280.732865107 0.081553807 0.101877439 0.037033454 0.990756587
37281.578385000 -184.812691148 -155.822176362 1282.114352039 0.081061693 0.106813950 0.038248421 0.990230687
37281.780105000 -184.476010797 -156.045706803 1283.492320757 0.081441667 0.112086274 0.038257469 0.989616311
37281.981825000 -184.130199128 -156.256472464 1284.865699045 0.081113301 0.117373804 0.037100600 0.989074007
37282.183544000 -183.774504406 -156.492737283 1286.239654940 0.080198314 0.122149263 0.036968664 0.988575171
37282.385264000 -183.404265845 -156.706329800 1287.596398664 0.080683326 0.127487071 0.035926921 0.987900046
37282.586984000 -183.023891990 -156.921874420 1288.956729771 0.081108543 0.132326325 0.035516079 0.987243425
37282.788704000 -182.625273881 -157.136701479 1290.316831066 0.080918476 0.137491642 0.034458921 0.986590495
37282.990425000 -182.212858995 -157.365040388 1291.653544304 0.080386519 0.142394388 0.032674339 0.985999129
37283.192145000 -181.797339150 -157.574507459 1292.983246219 0.081257068 0.147250205 0.031460533 0.985253615
37283.393864000 -181.368954665 -157.777180579 1294.308333228 0.082191310 0.152086342 0.030816574 0.984461565
37283.595584000 -180.914380356 -157.996846156 1295.625597661 0.081255513 0.157262685 0.030414257 0.983738315
37283.797304000 -180.451599452 -158.202039509 1296.912014284 0.083574061 0.162535791 0.031670607 0.982646778
37283.999024000 -179.966400570 -158.418515935 1298.205873827 0.085628001 0.167714991 0.032638756 0.981567337
37284.200744000 -179.478677964 -158.634736944 1299.489826318 0.085729174 0.172827701 0.035179558 0.980583117
37284.402464000 -178.984441630 -158.850122181 1300.750424559 0.085020216 0.177861031 0.036406057 0.979699768
37284.604183000 -178.477137270 -159.068068240 1302.025102348 0.084109810 0.182519485 0.037384554 0.978884587
37284.805903000 -177.957535954 -159.282016275 1303.262092768 0.083964596 0.187244937 0.037367733 0.978004803
37285.007623000 -177.424819794 -159.481865617 1304.504834901 0.083137304 0.192188317 0.037784810 0.977099872
37285.209343000 -176.896930017 -159.670406546 1305.723779318 0.082168967 0.197037533 0.038313347 0.976195177
37285.411063000 -176.347686996 -159.881437878 1306.927251460 0.081231882 0.200926527 0.039933081 0.975415652
37285.612783000 -175.806395999 -160.072456430 1308.106201906 0.082229147 0.205090776 0.039429756 0.974485457
37285.814502000 -175.257397213 -160.254347873 1309.256276604 0.083107487 0.209069511 0.039877473 0.973546724
37286.016222000 -174.710788726 -160.451498408 1310.391501557 0.084346146 0.213735389 0.039171417 0.972454623
37286.217942000 -174.158204605 -160.642095456 1311.509706515 0.084827880 0.217995279 0.038911581 0.971477468
37286.419662000 -173.611217430 -160.824838327 1312.585694025 0.084788453 0.221570594 0.041485719 0.970564664
37286.621382000 -173.075097692 -161.007262750 1313.656751563 0.085379628 0.225436488 0.041255636 0.969632106
37286.823101000 -172.546476753 -161.182476910 1314.683405027 0.086303117 0.227985400 0.042095635 0.968918266
37287.024821000 -172.002364183 -161.366020888 1315.728051838 0.086465453 0.230841091 0.041599857 0.968248792
37287.226541000 -171.478597103 -161.540210718 1316.719214383 0.084470147 0.232883095 0.040219629 0.967994502
37287.428261000 -170.960324925 -161.708326259 1317.686602153 0.082541723 0.234602175 0.039819028 0.967761796
37287.629981000 -170.439931875 -161.836773645 1318.654151023 0.083569001 0.236685852 0.040118859 0.967153571
37287.831701000 -169.922705569 -161.992323011 1319.601744521 0.085926122 0.238534028 0.039680598 0.966511010
37288.033421000 -169.404907756 -162.158694793 1320.547402024 0.086988708 0.239673721 0.038471722 0.966182708
37288.235140000 -168.890536420 -162.338719151 1321.493964237 0.085591503 0.240061712 0.038940192 0.966192423
37288.436860000 -168.378083161 -162.501153842 1322.419999588 0.083220741 0.240845080 0.038814425 0.966209822
37288.638580000 -167.884015025 -162.634146945 1323.343416098 0.083701770 0.242141030 0.038329013 0.965863420
37288.840300000 -167.388196714 -162.776101322 1324.249255542 0.084173849 0.244078487 0.036783051 0.965395319
37289.042020000 -166.902160710 -162.917843166 1325.129647672 0.083788424 0.246592350 0.033471172 0.964910041
37289.243739000 -166.424579447 -163.082490853 1325.998292112 0.082680728 0.249559210 0.030983581 0.964326030
37289.445459000 -165.936290844 -163.231263625 1326.824119908 0.081811358 0.254268589 0.028951264 0.963232012
37289.647179000 -165.418811406 -163.375758640 1327.643270727 0.081518730 0.262321860 0.029580144 0.961076246
37289.848899000 -164.938461982 -163.514937661 1328.408703041 0.079447241 0.269534288 0.027881537 0.959302654
37290.050620000 -164.489438619 -163.641804673 1329.096687094 0.078388883 0.274435473 0.028220474 0.957989578
37290.252340000 -164.090517445 -163.751446975 1329.704266842 0.077003659 0.278862904 0.027952181 0.956830452
37290.454059000 -163.733258729 -163.836604172 1330.242995751 0.075861761 0.282443006 0.026983749 0.955899048
37290.655779000 -163.420461075 -163.916962724 1330.716444413 0.075349570 0.285576254 0.026231916 0.955029155
37290.857499000 -163.135938122 -163.981886684 1331.113629873 0.074676029 0.289344457 0.025780090 0.953959514
37291.059219000 -162.895669706 -164.031252262 1331.462866472 0.074290097 0.292724440 0.024977037 0.952979357
37291.260939000 -162.706660893 -164.085964519 1331.723943167 0.073369189 0.295807710 0.024707814 0.952104701
37291.462658000 -162.560194565 -164.116262553 1331.930445182 0.073668428 0.298433106 0.024571781 0.951266318
37291.664378000 -162.455968909 -164.140619190 1332.077760773 0.073410148 0.300078084 0.024380580 0.950772894
37291.866098000 -162.378657850 -164.156767756 1332.182996951 0.073340840 0.301272028 0.024179238 0.950406428
37292.067818000 -162.326825822 -164.163757474 1332.250782924 0.073240118 0.302053496 0.024008510 0.950170063
37292.269538000 -162.302849256 -164.168274707 1332.282865158 0.073160019 0.302426358 0.023998471 0.950058090
37292.471258000 -162.313586111 -164.172076911 1332.274761031 0.073244177 0.302252896 0.023828133 0.950110801
37292.672977000 -162.324447474 -164.157174623 1332.263696944 0.074663531 0.302256489 0.023579019 0.950005916
37292.874697000 -162.321339001 -164.151975020 1332.263668196 0.074524095 0.302308379 0.023519702 0.950001248
37293.076417000 -162.323051518 -164.154967189 1332.260144164 0.074392859 0.302242161 0.023600681 0.950030658
37293.278137000 -162.325339252 -164.156456535 1332.260531493 0.074393957 0.302301393 0.023550521 0.950012745
37293.479857000 -162.325424843 -164.155153818 1332.260529911 0.074384004 0.302293406 0.023530743 0.950017160
37293.681577000 -162.324996427 -164.153326100 1332.265164229 0.074552547 0.302227483 0.023619627 0.950022175
37293.883296000 -162.322561482 -164.155611243 1332.259662024 0.074463798 0.302290081 0.023550129 0.950011065
37294.085016000 -162.322742358 -164.155340184 1332.263072832 0.074465328 0.302320833 0.023640121 0.949999133
37294.286736000 -162.325003959 -164.156041270 1332.262728680 0.074511334 0.302178942 0.023620006 0.950040970
37294.488456000 -162.325922136 -164.157491746 1332.265907103 0.074574018 0.302239403 0.023719657 0.950014982
37294.690176000 -162.326744811 -164.154289280 1332.260167066 0.074630316 0.302145295 0.023609250 0.950042441
37294.891895000 -162.327092861 -164.156331892 1332.259562669 0.074520033 0.302119374 0.023640100 0.950058951
37295.093615000 -162.322274297 -164.154804134 1332.262098886 0.074462525 0.302259627 0.023490156 0.950022215
37295.295335000 -162.324367825 -164.155497469 1332.262963657 0.074501467 0.302171052 0.023610234 0.950045127
37295.497055000 -162.325867642 -164.154887544 1332.257482284 0.074501283 0.302178984 0.023620054 0.950041668
37295.698775000 -162.325160995 -164.155629185 1332.261508997 0.074483723 0.302268953 0.023649974 0.950013484
37295.900495000 -162.324442423 -164.154713900 1332.263692872 0.074433480 0.302261036 0.023620378 0.950020950
