58037.236380000 0.00000 0.00000 0.00000 0.00000 0.00000 0.00000 1.00000
58037.438100000 0.00044 -0.00135 -0.00009 -0.00000 -0.00001 -0.00001 1.00000
58037.639820000 0.00316 -0.00176 -0.00175 0.00002 -0.00000 0.00013 1.00000
58037.841540000 -0.00000 -0.00268 -0.00153 0.00000 0.00000 0.00003 1.00000
58038.043260000 -0.00031 -0.00003 -0.00232 0.00002 0.00002 0.00008 1.00000
58038.244979000 -0.00339 -0.00171 -0.00084 -0.00001 0.00001 0.00001 1.00000
58038.446699000 -0.00336 -0.00172 -0.00255 -0.00000 0.00003 0.00003 1.00000
58038.648419000 -0.00189 -0.00127 -0.00174 0.00000 0.00001 0.00005 1.00000
58038.850139000 -0.00250 -0.00022 -0.00229 -0.00002 0.00002 0.00010 1.00000
58039.051859000 -0.00109 -0.00084 -0.00232 -0.00000 0.00003 0.00013 1.00000
58039.253579000 0.00044 -0.00144 -0.00087 -0.00000 0.00001 0.00008 1.00000
58039.455298000 0.00476 -0.00099 -0.00136 0.00000 0.00000 0.00001 1.00000
58039.657018000 0.01297 -0.00076 -0.00266 0.00002 0.00000 0.00003 1.00000
58039.858738000 0.03008 0.00109 -0.00160 0.00002 -0.00003 -0.00004 1.00000
58040.060458000 0.05962 0.00198 -0.00209 0.00003 -0.00007 -0.00002 1.00000
58040.262178000 0.10365 -0.00013 -0.00118 0.00002 -0.00013 -0.00003 1.00000
58040.463898000 0.15953 -0.00234 -0.00008 -0.00002 -0.00021 -0.00017 1.00000
58040.665617000 0.24132 -0.00025 0.00126 0.00001 -0.00040 0.00024 1.00000
58040.867337000 0.34641 -0.00023 0.00185 0.00002 -0.00057 0.00084 1.00000
58041.069057000 0.48764 0.00653 0.00265 0.00005 -0.00077 0.00219 1.00000
58041.270777000 0.66661 0.01064 -0.00030 0.00011 -0.00100 0.00443 0.99999
58041.472497000 0.86213 0.02497 -0.00164 0.00018 -0.00123 0.00863 0.99996
58041.674217000 1.07647 0.03928 -0.00157 0.00009 -0.00150 0.01304 0.99991
58041.875936000 1.30491 0.05368 0.00365 0.00001 -0.00183 0.01737 0.99985
58042.077656000 1.53151 0.06084 0.00094 0.00010 -0.00225 0.02052 0.99979
58042.279376000 1.77114 0.07273 -0.00256 0.00011 -0.00255 0.02257 0.99974
58042.481096000 2.05691 0.09430 -0.00501 0.00014 -0.00304 0.02457 0.99969
58042.682816000 2.37796 0.10411 -0.00366 0.00019 -0.00356 0.02521 0.99968
58042.884536000 2.75490 0.12126 -0.00682 0.00010 -0.00407 0.02414 0.99970
58043.086255000 3.17482 0.13290 -0.00728 0.00013 -0.00459 0.02163 0.99976
58043.287975000 3.64867 0.14763 -0.00428 0.00009 -0.00523 0.01794 0.99983
58043.489695000 4.16087 0.15334 -0.00084 0.00008 -0.00590 0.01391 0.99989
58043.691415000 4.70681 0.15175 0.00335 0.00016 -0.00662 0.00918 0.99994
58043.893135000 5.30656 0.15665 0.01202 0.00005 -0.00732 0.00422 0.99996
58044.094855000 5.95106 0.14644 0.02297 0.00003 -0.00804 -0.00108 0.99997
58044.296575000 6.63561 0.12440 0.03513 -0.00006 -0.00871 -0.00627 0.99994
58044.498294000 7.36446 0.10634 0.04578 -0.00016 -0.00943 -0.01016 0.99990
58044.700014000 8.13976 0.08011 0.05631 -0.00024 -0.01010 -0.01300 0.99986
58044.901734000 8.98202 0.04119 0.05926 -0.00075 -0.01035 -0.01489 0.99984
58045.103454000 9.84963 0.01616 0.07796 -0.00110 -0.01050 -0.01636 0.99981
58045.305174000 10.76363 -0.02746 0.08882 -0.00145 -0.01034 -0.01762 0.99979
58045.506894000 11.66667 -0.08033 0.09884 -0.00063 -0.01055 -0.01857 0.99977
58045.708613000 12.61244 -0.09851 0.09100 -0.00196 -0.01145 -0.01792 0.99977
58045.910333000 13.57347 -0.14584 0.09711 -0.00211 -0.01235 -0.01673 0.99978
58046.112053000 14.58043 -0.18668 0.11384 -0.00199 -0.01218 -0.01670 0.99978
58046.313773000 15.62141 -0.20063 0.12621 -0.00375 -0.01098 -0.01644 0.99980
58046.515493000 16.65930 -0.24048 0.14486 -0.00407 -0.01007 -0.01706 0.99980
58046.717213000 17.68751 -0.28818 0.15987 -0.00386 -0.00994 -0.01786 0.99978
58046.918932000 18.74887 -0.31409 0.17862 -0.00444 -0.00973 -0.01823 0.99978
58047.120652000 19.79424 -0.36307 0.20195 -0.00435 -0.00999 -0.01837 0.99977
58047.322372000 20.86514 -0.40623 0.23235 -0.00364 -0.01072 -0.01927 0.99975
58047.524092000 21.92090 -0.45370 0.23808 -0.00352 -0.01084 -0.01988 0.99974
58047.725812000 23.01404 -0.50192 0.25047 -0.00333 -0.01091 -0.02070 0.99972
58047.927532000 24.08056 -0.55606 0.27146 -0.00326 -0.01110 -0.02077 0.99972
58048.129251000 25.17805 -0.61749 0.28391 -0.00272 -0.01145 -0.02076 0.99972
58048.330971000 26.26093 -0.65486 0.29965 -0.00290 -0.01162 -0.02017 0.99972
58048.532691000 27.32798 -0.70264 0.31474 -0.00237 -0.01289 -0.01905 0.99973
58048.734411000 28.41229 -0.75437 0.34445 -0.00105 -0.01457 -0.01897 0.99971
58048.936131000 29.51871 -0.79348 0.36686 -0.00138 -0.01469 -0.01896 0.99971
58049.137851000 30.65042 -0.83857 0.39205 -0.00143 -0.01364 -0.01813 0.99974
58049.339570000 31.74728 -0.87681 0.41334 -0.00276 -0.01332 -0.01767 0.99975
58049.541290000 32.85603 -0.90777 0.43045 -0.00354 -0.01397 -0.01731 0.99975
58049.743010000 33.96697 -0.93528 0.44967 -0.00539 -0.01445 -0.01754 0.99973
58049.944730000 35.09998 -0.98070 0.48710 -0.00444 -0.01675 -0.01769 0.99969
58050.146450000 36.23691 -1.03027 0.53525 -0.00413 -0.01824 -0.01867 0.99965
58050.348170000 37.38318 -1.08076 0.58475 -0.00271 -0.01735 -0.01875 0.99967
58050.549889000 38.50586 -1.13456 0.61781 -0.00183 -0.01641 -0.01925 0.99968
58050.751609000 39.65218 -1.18648 0.65016 -0.00190 -0.01575 -0.01935 0.99969
58050.953329000 40.81000 -1.23945 0.68661 -0.00060 -0.01579 -0.01973 0.99968
58051.155049000 41.97223 -1.29158 0.71877 0.00002 -0.01557 -0.02028 0.99967
58051.356769000 43.13733 -1.34437 0.75371 0.00076 -0.01565 -0.02032 0.99967
58051.558489000 44.31595 -1.39647 0.76918 0.00077 -0.01556 -0.02036 0.99967
58051.760209000 45.48358 -1.45121 0.80522 0.00047 -0.01577 -0.02026 0.99967
58051.961928000 46.64959 -1.49785 0.84229 0.00027 -0.01639 -0.01958 0.99967
58052.163648000 47.81697 -1.53450 0.87501 -0.00129 -0.01643 -0.01872 0.99969
58052.365368000 48.98431 -1.55761 0.92006 -0.00445 -0.01640 -0.01752 0.99970
58052.567088000 50.15002 -1.59307 0.94179 -0.00770 -0.01640 -0.01606 0.99971
58052.768808000 51.32639 -1.64197 0.98715 -0.00825 -0.01465 -0.01549 0.99974
58052.970529000 52.49297 -1.66748 1.02822 -0.01112 -0.01350 -0.01533 0.99973
58053.172248000 53.64741 -1.70838 1.04809 -0.01098 -0.01497 -0.01568 0.99970
58053.373968000 54.81227 -1.75576 1.07371 -0.00884 -0.01595 -0.01630 0.99970
58053.575688000 55.94453 -1.80047 1.12247 -0.00788 -0.01759 -0.01723 0.99967
58053.777408000 57.09145 -1.82632 1.14394 -0.00915 -0.01830 -0.01759 0.99964
58053.979128000 58.23167 -1.89704 1.18804 -0.00645 -0.01744 -0.01764 0.99967
58054.180848000 59.34033 -1.94911 1.24449 -0.00485 -0.01683 -0.01816 0.99968
58054.382567000 60.45303 -1.97970 1.27885 -0.00513 -0.01680 -0.01835 0.99968
58054.584287000 61.57021 -2.03779 1.30866 -0.00455 -0.01596 -0.01891 0.99968
58054.786007000 62.65856 -2.10619 1.37532 -0.00102 -0.01875 -0.02100 0.99960
58054.987727000 63.73422 -2.14675 1.37255 -0.00374 -0.02034 -0.02459 0.99948
58055.189447000 64.84838 -2.22143 1.40121 -0.00460 -0.01797 -0.02967 0.99939
58055.391167000 65.91597 -2.32774 1.47334 -0.00183 -0.01702 -0.03543 0.99923
58055.592886000 66.97163 -2.41276 1.49568 -0.00142 -0.01928 -0.04130 0.99896
58055.794606000 68.05460 -2.52494 1.52927 0.00065 -0.01864 -0.04624 0.99876
58055.996326000 69.12649 -2.65329 1.57519 0.00314 -0.01733 -0.05077 0.99855
58056.198046000 70.17247 -2.76647 1.61541 0.00456 -0.01638 -0.05301 0.99845
58056.399766000 71.18612 -2.90888 1.61522 0.00834 -0.01951 -0.05362 0.99834
58056.601486000 72.21745 -3.02450 1.65705 0.01270 -0.02599 -0.05266 0.99819
58056.803205000 73.25858 -3.13635 1.70788 0.01411 -0.02581 -0.04863 0.99838
58057.004925000 74.30173 -3.25376 1.75669 0.01961 -0.02050 -0.04170 0.99873
58057.206645000 75.33872 -3.33815 1.80505 0.02071 -0.02172 -0.03386 0.99898
58057.408365000 76.37431 -3.39482 1.84016 0.02007 -0.02321 -0.02671 0.99917
58057.610085000 77.41765 -3.44109 1.88912 0.01949 -0.02413 -0.02106 0.99930
58057.811805000 78.47211 -3.48030 1.93627 0.01953 -0.02484 -0.01538 0.99938
58058.013525000 79.53702 -3.48909 1.99474 0.01871 -0.02530 -0.01038 0.99945
58058.215244000 80.60629 -3.48807 2.05108 0.01705 -0.02534 -0.00744 0.99951
58058.416964000 81.69916 -3.50908 2.10512 0.01660 -0.02547 -0.00542 0.99952
58058.618684000 82.80032 -3.49692 2.16581 0.01525 -0.02557 -0.00404 0.99955
58058.820404000 83.91228 -3.50685 2.21138 0.01411 -0.02591 -0.00249 0.99956
58059.022124000 85.01837 -3.50041 2.27391 0.01311 -0.02603 -0.00122 0.99957
58059.223844000 86.16840 -3.49798 2.34302 0.01191 -0.02288 0.00015 0.99967
58059.425563000 87.32735 -3.50332 2.36743 0.01112 -0.01748 0.00114 0.99978
58059.627283000 88.47561 -3.50163 2.40202 0.01039 -0.01658 0.00242 0.99981
58059.829003000 89.63221 -3.50437 2.43205 0.01082 -0.01837 0.00386 0.99977
58060.030723000 90.82223 -3.49440 2.47475 0.01061 -0.01817 0.00489 0.99977
58060.232443000 92.00974 -3.47077 2.51462 0.01010 -0.01767 0.00563 0.99978
58060.434163000 93.21407 -3.43204 2.55608 0.00758 -0.01594 0.00568 0.99983
58060.635882000 94.41066 -3.43281 2.58815 0.00781 -0.01757 0.00514 0.99980
58060.837602000 95.61941 -3.41509 2.62111 0.00553 -0.01983 0.00249 0.99979
58061.039322000 96.85355 -3.41414 2.67835 0.00391 -0.01864 0.00192 0.99982
58061.241042000 98.09597 -3.41759 2.70872 0.00309 -0.01803 0.00001 0.99983
58061.442762000 99.33849 -3.42596 2.74752 0.00149 -0.01925 -0.00142 0.99981
58061.644482000 100.59045 -3.43611 2.79335 0.00117 -0.02011 -0.00325 0.99979
58061.846201000 101.84658 -3.45839 2.84657 0.00189 -0.02027 -0.00490 0.99978
58062.047921000 103.10492 -3.48554 2.89530 0.00320 -0.02098 -0.00666 0.99975
58062.249641000 104.37804 -3.51112 2.94332 0.00342 -0.02132 -0.00852 0.99973
58062.451361000 105.65768 -3.54614 3.00366 0.00423 -0.02134 -0.00995 0.99971
58062.653081000 106.94493 -3.57323 3.03633 0.00158 -0.02237 -0.01155 0.99968
58062.854801000 108.22367 -3.59440 3.10200 -0.00084 -0.02293 -0.01209 0.99966
58063.056521000 109.53773 -3.63548 3.14465 -0.00154 -0.02355 -0.01289 0.99964
58063.258240000 110.82867 -3.66176 3.20768 -0.00497 -0.02382 -0.01345 0.99961
58063.459960000 112.14462 -3.71007 3.27950 -0.00421 -0.02363 -0.01390 0.99962
58063.661680000 113.47177 -3.75105 3.34240 -0.00370 -0.02418 -0.01461 0.99959
58063.863400000 114.79746 -3.79368 3.39635 -0.00496 -0.02414 -0.01521 0.99958
58064.065120000 116.12892 -3.84553 3.47177 -0.00478 -0.02425 -0.01591 0.99957
58064.266840000 117.47866 -3.89896 3.52729 -0.00461 -0.02417 -0.01729 0.99955
58064.468559000 118.82241 -3.95594 3.58500 -0.00431 -0.02365 -0.01826 0.99954
58064.670279000 120.17970 -4.01293 3.64167 -0.00371 -0.02300 -0.01918 0.99954
58064.871999000 121.52499 -4.06596 3.70098 -0.00449 -0.02186 -0.02021 0.99955
58065.073719000 122.86952 -4.10905 3.76374 -0.00589 -0.02202 -0.02081 0.99952
58065.275439000 124.21609 -4.17560 3.81527 -0.00637 -0.02284 -0.02137 0.99949
58065.477159000 125.52657 -4.23670 3.86830 -0.00630 -0.02362 -0.02214 0.99946
58065.678878000 126.85328 -4.30032 3.92033 -0.00681 -0.02344 -0.02290 0.99944
58065.880598000 128.18027 -4.37173 3.99380 -0.00570 -0.02289 -0.02336 0.99945
58066.082318000 129.48654 -4.45047 4.04800 -0.00381 -0.02326 -0.02396 0.99944
58066.284038000 130.78116 -4.52601 4.11260 -0.00207 -0.02295 -0.02479 0.99943
58066.485758000 132.08986 -4.60043 4.17364 -0.00074 -0.02243 -0.02553 0.99942
58066.687478000 133.37617 -4.67653 4.23142 0.00088 -0.02349 -0.02608 0.99938
58066.889197000 134.65857 -4.75398 4.28722 0.00233 -0.02429 -0.02676 0.99934
58067.090917000 135.93303 -4.82758 4.34007 0.00296 -0.02395 -0.02746 0.99933
58067.292637000 137.23859 -4.90382 4.40024 0.00554 -0.02401 -0.02625 0.99935
58067.494357000 138.49297 -4.97865 4.47481 0.00822 -0.02471 -0.02281 0.99940
58067.696077000 139.73634 -5.03486 4.53329 0.00860 -0.02546 -0.02099 0.99942
58067.897797000 140.98544 -5.09309 4.58439 0.01078 -0.02538 -0.01857 0.99945
58068.099518000 142.20251 -5.15438 4.66960 0.01321 -0.02551 -0.01742 0.99944
58068.301237000 143.42683 -5.18865 4.71415 0.01158 -0.02582 -0.01655 0.99946
58068.502957000 144.64165 -5.23428 4.78026 0.01200 -0.02523 -0.01746 0.99946
58068.704677000 145.83269 -5.29217 4.84333 0.01243 -0.02591 -0.02201 0.99934
58068.906397000 147.02657 -5.35373 4.89877 0.01157 -0.02565 -0.02998 0.99915
58069.108117000 148.22778 -5.47042 4.94619 0.01393 -0.02460 -0.03893 0.99884
58069.309837000 149.39006 -5.60066 5.00309 0.01503 -0.02496 -0.04982 0.99833
58069.511556000 150.54401 -5.75542 5.05446 0.01667 -0.02641 -0.05903 0.99777
58069.713276000 151.69008 -5.92696 5.11180 0.01743 -0.02748 -0.06656 0.99725
58069.914996000 152.85315 -6.12086 5.17023 0.01981 -0.02658 -0.07437 0.99668
58070.116716000 153.99811 -6.34218 5.23423 0.02225 -0.02404 -0.08113 0.99616
58070.318436000 155.12964 -6.57793 5.27837 0.02474 -0.02262 -0.08459 0.99585
58070.520156000 156.23074 -6.79102 5.31731 0.03000 -0.02300 -0.08488 0.99567
58070.721875000 157.30992 -6.97800 5.37010 0.02995 -0.02369 -0.08308 0.99581
58070.923595000 158.37032 -7.17359 5.41105 0.03062 -0.02311 -0.07776 0.99623
58071.125315000 159.42123 -7.32166 5.46377 0.03125 -0.02338 -0.07049 0.99675
58071.327035000 160.46021 -7.45960 5.50508 0.03021 -0.02391 -0.06194 0.99734
58071.528755000 161.47060 -7.56451 5.55331 0.02989 -0.02447 -0.05308 0.99784
58071.730475000 162.46996 -7.65395 5.59949 0.02958 -0.02445 -0.04378 0.99830
58071.932194000 163.43851 -7.71667 5.64732 0.02918 -0.02512 -0.03397 0.99868
58072.133914000 164.36635 -7.75255 5.69496 0.02803 -0.02440 -0.02434 0.99901
58072.335634000 165.23856 -7.77773 5.73995 0.02746 -0.02567 -0.01366 0.99920
58072.537354000 166.05058 -7.77613 5.78224 0.02632 -0.02604 -0.00162 0.99931
58072.739074000 166.80385 -7.74643 5.82187 0.02390 -0.02791 0.01211 0.99925
58072.940794000 167.49666 -7.69526 5.87363 0.02191 -0.02792 0.02781 0.99898
58073.142514000 168.12666 -7.62817 5.90573 0.02122 -0.02893 0.04493 0.99835
58073.344233000 168.68245 -7.54255 5.94590 0.02051 -0.02966 0.06316 0.99735
58073.545953000 169.18361 -7.43392 5.98087 0.01875 -0.03031 0.08224 0.99597
58073.747673000 169.61789 -7.30631 6.01532 0.01748 -0.03068 0.10068 0.99429
58073.949393000 169.96826 -7.19303 6.04060 0.01729 -0.03190 0.11836 0.99231
58074.151113000 170.24443 -7.07926 6.06143 0.01629 -0.03283 0.13551 0.99010
58074.352833000 170.48239 -6.97317 6.06887 0.01619 -0.03476 0.15395 0.98733
58074.554552000 170.71231 -6.85964 6.08957 0.01530 -0.03504 0.17214 0.98433
58074.756272000 170.90968 -6.72799 6.11133 0.01429 -0.03487 0.19159 0.98075
58074.957992000 171.10143 -6.59551 6.13357 0.01350 -0.03562 0.21160 0.97661
58075.159712000 171.27956 -6.47967 6.14837 0.01294 -0.03577 0.23108 0.97219
58075.361432000 171.44023 -6.35616 6.17025 0.01299 -0.03587 0.25044 0.96738
58075.563152000 171.58958 -6.21958 6.18351 0.01272 -0.03576 0.26978 0.96217
58075.764871000 171.73743 -6.06752 6.19156 0.01158 -0.03602 0.29016 0.95623
58075.966591000 171.83981 -5.85939 6.19306 0.00832 -0.03717 0.31479 0.94840
58076.168311000 172.03842 -5.64063 6.22928 0.00824 -0.03775 0.34284 0.93860
58076.370031000 172.25020 -5.44362 6.28496 0.01180 -0.03816 0.37167 0.92751
58076.571751000 172.44565 -5.14512 6.30363 0.01155 -0.03853 0.40321 0.91422
58076.773471000 172.62357 -4.79990 6.31762 0.00970 -0.03895 0.43670 0.89871
58076.975191000 172.81816 -4.41528 6.36701 0.01030 -0.03901 0.47257 0.88037
58077.176910000 172.97414 -3.97679 6.40189 0.01208 -0.04012 0.51009 0.85910
58077.378630000 173.13385 -3.46538 6.39718 0.00598 -0.03992 0.54788 0.83558
58077.580350000 173.24838 -2.91271 6.42430 0.00303 -0.03961 0.58552 0.80968
58077.782070000 173.32639 -2.28893 6.44620 0.00074 -0.03906 0.62338 0.78094
58077.983790000 173.39207 -1.64775 6.50442 -0.00019 -0.03812 0.66017 0.75015
58078.185510000 173.36713 -0.93578 6.52006 -0.00219 -0.03795 0.69447 0.71852
58078.387229000 173.31447 -0.17549 6.55245 -0.00402 -0.03570 0.72517 0.68764
58078.588949000 173.19044 0.63097 6.58204 -0.00644 -0.03136 0.75201 0.65837
58078.790669000 172.99110 1.46296 6.59678 -0.00759 -0.03016 0.77422 0.63215
58078.992389000 172.74030 2.31006 6.62032 -0.00735 -0.03452 0.79397 0.60693
58079.194109000 172.42891 3.19054 6.60423 -0.00762 -0.03547 0.81108 0.58381
58079.395829000 172.06456 4.12581 6.63109 -0.01042 -0.03516 0.82491 0.56407
58079.597548000 171.60857 5.08725 6.62977 -0.01558 -0.03779 0.83422 0.54991
58079.799268000 171.19159 6.04002 6.61693 -0.01696 -0.03671 0.83989 0.54125
58080.000988000 170.73041 7.03122 6.63130 -0.01773 -0.03450 0.84454 0.53409
58080.202708000 170.21603 8.03969 6.62898 -0.01857 -0.03443 0.84927 0.52650
58080.404428000 169.70042 9.07202 6.62489 -0.01818 -0.03430 0.85442 0.51812
58080.606148000 169.15773 10.10486 6.62735 -0.01713 -0.03428 0.85919 0.51022
58080.807867000 168.56897 11.15787 6.62421 -0.01688 -0.03403 0.86354 0.50285
58081.009587000 167.96410 12.20889 6.62589 -0.01748 -0.03290 0.86721 0.49655
58081.211307000 167.31535 13.26664 6.62094 -0.01760 -0.03324 0.87021 0.49125
58081.413027000 166.65581 14.32673 6.62062 -0.01691 -0.03385 0.87296 0.48633
58081.614747000 165.98114 15.38045 6.62203 -0.01636 -0.03468 0.87525 0.48215
58081.816467000 165.29320 16.46299 6.63075 -0.01742 -0.03632 0.87664 0.47945
58082.018188000 164.57745 17.54013 6.62482 -0.01955 -0.03795 0.87710 0.47841
58082.219907000 163.87962 18.61647 6.61844 -0.02297 -0.03722 0.87668 0.47908
58082.421627000 163.18661 19.70298 6.60913 -0.02287 -0.03989 0.87544 0.48114
58082.623347000 162.50069 20.77562 6.60849 -0.02085 -0.04169 0.87396 0.48375
58082.825067000 161.82860 21.88571 6.61667 -0.02071 -0.04182 0.87198 0.48731
58083.026787000 161.14677 23.00010 6.61472 -0.02092 -0.04228 0.86979 0.49116
58083.228507000 160.48143 24.11457 6.62557 -0.02015 -0.04322 0.86733 0.49545
58083.430226000 159.83347 25.26524 6.63479 -0.01864 -0.04336 0.86445 0.50049
58083.631946000 159.19923 26.41908 6.64459 -0.01725 -0.04279 0.86137 0.50587
58083.833666000 158.56740 27.58888 6.66527 -0.01605 -0.04246 0.85842 0.51094
58084.035386000 157.95354 28.76940 6.68462 -0.01378 -0.04084 0.85598 0.51521
58084.237106000 157.35866 29.95227 6.71094 -0.01296 -0.03955 0.85350 0.51942
58084.438826000 156.75113 31.16372 6.74057 -0.01223 -0.03800 0.85237 0.52141
58084.640545000 156.15820 32.35913 6.76619 -0.01198 -0.03686 0.85172 0.52256
58084.842265000 155.55116 33.56038 6.79820 -0.01214 -0.03639 0.85137 0.52317
58085.043985000 154.94810 34.76086 6.81709 -0.01142 -0.03651 0.85096 0.52384
58085.245705000 154.33748 35.98717 6.84545 -0.01126 -0.03644 0.85056 0.52450
58085.447425000 153.73250 37.20316 6.86685 -0.01074 -0.03506 0.85033 0.52496
58085.649145000 153.12520 38.42767 6.88836 -0.01041 -0.03553 0.84936 0.52651
58085.850865000 152.54500 39.63031 6.91110 -0.00915 -0.03513 0.84866 0.52768
58086.052584000 151.95004 40.86342 6.93622 -0.00847 -0.03498 0.84820 0.52845
58086.254304000 151.35834 42.07958 6.97543 -0.00871 -0.03557 0.84789 0.52890
58086.456024000 150.75922 43.30417 6.99878 -0.00798 -0.03480 0.84806 0.52869
58086.657744000 150.17601 44.48974 7.02643 -0.00795 -0.03538 0.84841 0.52809
58086.859464000 149.59569 45.67512 7.06099 -0.00787 -0.03585 0.84910 0.52696
58087.061184000 149.00781 46.85061 7.10284 -0.00812 -0.03653 0.84958 0.52613
58087.262903000 148.42845 48.01562 7.13303 -0.00811 -0.03691 0.85021 0.52509
58087.464623000 147.85538 49.17014 7.16104 -0.00806 -0.03672 0.85053 0.52458
58087.666343000 147.27280 50.32020 7.19352 -0.00831 -0.03757 0.85073 0.52419
58087.868063000 146.71327 51.44894 7.22830 -0.00769 -0.03672 0.85090 0.52399
58088.069783000 146.15814 52.55237 7.25447 -0.00758 -0.03671 0.85102 0.52379
58088.271503000 145.61430 53.63015 7.28418 -0.00829 -0.03763 0.85121 0.52341
58088.473222000 145.07561 54.69617 7.31004 -0.00916 -0.03840 0.85141 0.52302
58088.674942000 144.55205 55.71782 7.34309 -0.00949 -0.03856 0.85156 0.52276
58088.876662000 144.05260 56.71384 7.36707 -0.00892 -0.03743 0.85174 0.52255
58089.078382000 143.56293 57.66781 7.38425 -0.00915 -0.03761 0.85193 0.52222
58089.280102000 143.08972 58.57739 7.40598 -0.01061 -0.03864 0.85237 0.52140
58089.481822000 142.65239 59.45048 7.43680 -0.01082 -0.03829 0.85287 0.52061
58089.683542000 142.23569 60.25498 7.45997 -0.01086 -0.03876 0.85302 0.52033
58089.885261000 141.85382 61.00585 7.48152 -0.01043 -0.03879 0.85244 0.52128
58090.086981000 141.50348 61.70028 7.49755 -0.00971 -0.03948 0.85171 0.52244
58090.288701000 141.17104 62.36813 7.52008 -0.00855 -0.04094 0.85024 0.52473
58090.490421000 140.85789 63.01904 7.53996 -0.00736 -0.04074 0.84858 0.52745
58090.692141000 140.55826 63.66016 7.56951 -0.00695 -0.04005 0.84773 0.52887
58090.893861000 140.25067 64.28065 7.59894 -0.00745 -0.04057 0.84706 0.52989
58091.095580000 139.97415 64.86681 7.63288 -0.00299 -0.04149 0.84657 0.53064
58091.297300000 139.70177 65.43814 7.66227 0.00748 -0.04337 0.84594 0.53146
58091.499020000 139.43112 66.00835 7.67089 0.00618 -0.04369 0.84552 0.53212
58091.700740000 139.16443 66.57130 7.69083 0.00545 -0.04368 0.84500 0.53295
58091.902460000 138.90991 67.13846 7.74912 -0.00119 -0.04111 0.84462 0.53378
58092.104180000 138.65230 67.71644 7.80551 -0.00494 -0.03779 0.84394 0.53508
58092.305899000 138.36429 68.31843 7.82559 -0.00471 -0.03770 0.84357 0.53567
58092.507619000 138.04970 68.98037 7.83210 -0.01117 -0.03388 0.84334 0.53619
58092.709339000 137.73726 69.67003 7.82192 -0.01726 -0.02952 0.84332 0.53632
58092.911059000 137.43517 70.33486 7.84484 -0.01394 -0.02887 0.84364 0.53595
58093.112779000 137.10298 71.02801 7.83521 -0.00774 -0.03417 0.84359 0.53584
58093.314499000 136.76785 71.73675 7.83471 -0.00009 -0.04069 0.84413 0.53459
58093.516218000 136.41313 72.49815 7.87251 -0.00153 -0.03779 0.84456 0.53412
58093.717938000 136.03525 73.28967 7.90832 -0.00217 -0.03784 0.84496 0.53349
58093.919658000 135.64029 74.10928 7.93422 -0.00173 -0.03842 0.84554 0.53253
58094.121378000 135.21892 74.98508 7.96363 -0.00138 -0.03831 0.84592 0.53193
58094.323098000 134.78983 75.87478 7.99052 -0.00142 -0.03785 0.84632 0.53133
58094.524818000 134.34395 76.79277 8.02552 -0.00142 -0.03730 0.84679 0.53061
58094.726538000 133.88475 77.75694 8.05843 -0.00121 -0.03704 0.84716 0.53005
58094.928257000 133.40366 78.76033 8.08743 -0.00108 -0.03701 0.84745 0.52958
58095.129978000 132.92323 79.73928 8.11269 -0.00062 -0.03691 0.84781 0.52901
58095.331698000 132.43222 80.76062 8.14899 -0.00048 -0.03664 0.84812 0.52854
58095.533418000 131.91531 81.81035 8.18623 -0.00049 -0.03656 0.84833 0.52821
58095.735138000 131.39101 82.88001 8.23240 -0.00003 -0.03612 0.84881 0.52747
58095.936858000 130.86029 83.96711 8.27345 0.00044 -0.03608 0.84908 0.52703
58096.138576000 130.31525 85.04844 8.31368 0.00069 -0.03600 0.84945 0.52645
58096.340296000 129.76024 86.14145 8.36061 -0.00048 -0.03577 0.84999 0.52558
58096.542016000 129.20267 87.25580 8.40853 -0.00090 -0.03647 0.85071 0.52437
58096.743736000 128.63264 88.37390 8.44208 -0.00060 -0.03783 0.85151 0.52298
58096.945456000 128.05952 89.50549 8.50037 -0.00086 -0.03657 0.85223 0.52188
58097.147177000 127.48807 90.63269 8.55080 -0.00145 -0.03500 0.85250 0.52155
58097.348896000 126.92480 91.75081 8.58444 0.00023 -0.03536 0.85301 0.52069
58097.550616000 126.35853 92.86436 8.62184 0.00169 -0.03591 0.85360 0.51969
58097.752336000 125.78548 93.98798 8.67061 0.00204 -0.03422 0.85406 0.51904
58097.954056000 125.20161 95.09808 8.72664 0.00123 -0.03460 0.85408 0.51900
58098.155776000 124.63383 96.19188 8.77283 0.00081 -0.03537 0.85462 0.51804
58098.357496000 124.05593 97.29277 8.81132 -0.00038 -0.03743 0.85480 0.51761
58098.559216000 123.47330 98.40985 8.85824 -0.00115 -0.03739 0.85525 0.51686
58098.760935000 122.91072 99.48921 8.91477 -0.00088 -0.03699 0.85553 0.51643
58098.962655000 122.36958 100.54787 8.95142 0.00102 -0.03659 0.85518 0.51703
58099.164375000 121.84422 101.57568 8.99053 0.00237 -0.03732 0.85309 0.52043
58099.366095000 121.33167 102.63524 9.04283 0.00257 -0.03656 0.85070 0.52437
58099.567815000 120.81790 103.67928 9.08886 0.00077 -0.03673 0.84822 0.52837
58099.769535000 120.31546 104.69286 9.14123 -0.00035 -0.03772 0.84600 0.53185
58099.971254000 119.84444 105.70817 9.18396 0.00049 -0.03745 0.84449 0.53427
58100.172974000 119.36790 106.72235 9.22205 0.00101 -0.03822 0.84309 0.53642
58100.374694000 118.90356 107.72578 9.26659 0.00165 -0.03815 0.84215 0.53789
58100.576414000 118.44682 108.72348 9.32071 0.00189 -0.03746 0.84214 0.53796
58100.778134000 117.97446 109.71337 9.37426 0.00194 -0.03765 0.84317 0.53633
58100.979854000 117.50413 110.69001 9.41332 0.00234 -0.03846 0.84457 0.53406
58101.181573000 117.03632 111.66959 9.45215 0.00334 -0.03890 0.84638 0.53115
58101.383293000 116.54585 112.66132 9.50854 0.00296 -0.03862 0.84788 0.52878
58101.585013000 116.05867 113.65626 9.55626 0.00383 -0.03900 0.84955 0.52605
58101.786733000 115.55419 114.66912 9.60554 0.00486 -0.03906 0.85153 0.52283
58101.988453000 115.01268 115.71148 9.65316 0.00496 -0.03936 0.85319 0.52009
58102.190173000 114.47215 116.78900 9.70986 0.00452 -0.03845 0.85470 0.51768
58102.391893000 113.90731 117.85413 9.76955 0.00517 -0.03840 0.85560 0.51619
58102.593612000 113.32273 118.95306 9.82212 0.00561 -0.03909 0.85633 0.51492
58102.795332000 112.71416 120.08842 9.87846 0.00510 -0.03890 0.85701 0.51380
58102.997052000 112.10627 121.22357 9.94275 0.00497 -0.03842 0.85699 0.51387
58103.198772000 111.49670 122.35769 9.99322 0.00582 -0.03960 0.85633 0.51487
58103.400492000 110.88463 123.52692 10.05175 0.00570 -0.03914 0.85593 0.51558
58103.602212000 110.26434 124.70439 10.11612 0.00488 -0.03904 0.85526 0.51670
58103.803931000 109.63982 125.89425 10.17842 0.00553 -0.03964 0.85493 0.51719
58104.005651000 109.01450 127.09721 10.24759 0.00620 -0.04021 0.85434 0.51812
58104.207371000 108.37423 128.32245 10.30193 0.00650 -0.04043 0.85402 0.51863
58104.409091000 107.73865 129.56755 10.38056 0.00638 -0.04034 0.85365 0.51924
58104.610811000 107.09819 130.81984 10.45564 0.00635 -0.04024 0.85308 0.52018
58104.812531000 106.46422 132.06749 10.52601 0.00653 -0.03988 0.85274 0.52077
58105.014250000 105.83361 133.30930 10.60282 0.00653 -0.03955 0.85227 0.52157
58105.215970000 105.20890 134.54254 10.67395 0.00645 -0.03937 0.85187 0.52223
58105.417690000 104.58573 135.76228 10.73982 0.00681 -0.03929 0.85139 0.52302
58105.619410000 103.96743 136.99327 10.81148 0.00739 -0.03946 0.85100 0.52364
58105.821130000 103.34135 138.25398 10.88091 0.00825 -0.03969 0.85040 0.52458
58106.022850000 102.74143 139.47023 10.96005 0.00803 -0.03988 0.85001 0.52520
58106.224570000 102.13467 140.69347 11.03038 0.00852 -0.04001 0.84973 0.52564
58106.426289000 101.51664 141.95863 11.10896 0.00910 -0.03972 0.84924 0.52644
58106.628009000 100.89205 143.23346 11.18680 0.00902 -0.03976 0.84865 0.52739
58106.829729000 100.27522 144.49876 11.26299 0.00896 -0.03944 0.84836 0.52788
58107.031449000 99.65054 145.78017 11.34894 0.00892 -0.03874 0.84803 0.52845
58107.233169000 99.03483 147.05849 11.41443 0.00874 -0.03857 0.84768 0.52904
58107.434889000 98.41799 148.32091 11.49121 0.00853 -0.03841 0.84761 0.52916
58107.636608000 97.79102 149.59166 11.57858 0.00868 -0.03864 0.84739 0.52949
58107.838328000 97.19044 150.83432 11.65930 0.00912 -0.03833 0.84751 0.52932
58108.040048000 96.59454 152.05692 11.73257 0.00949 -0.03875 0.84766 0.52904
58108.241768000 95.99966 153.26962 11.80871 0.01001 -0.03960 0.84851 0.52760
58108.443488000 95.39219 154.47826 11.89303 0.01039 -0.03933 0.84925 0.52642
58108.645208000 94.80006 155.67097 11.97249 0.01112 -0.03977 0.85000 0.52517
58108.846927000 94.19287 156.85408 12.06191 0.01137 -0.04022 0.85075 0.52390
58109.048648000 93.60355 158.04321 12.14354 0.01132 -0.03956 0.85135 0.52298
58109.250368000 92.98660 159.20795 12.22103 0.01084 -0.04019 0.85186 0.52212
58109.452088000 92.37123 160.40109 12.30963 0.00889 -0.04009 0.85279 0.52064
58109.653808000 91.76920 161.57021 12.37814 0.01015 -0.04104 0.85338 0.51956
58109.855528000 91.17322 162.73199 12.43893 0.01219 -0.04231 0.85368 0.51893
58110.057248000 90.54888 163.93822 12.53046 0.01068 -0.04217 0.85433 0.51791
58110.258967000 89.92744 165.12837 12.62462 0.01039 -0.04216 0.85517 0.51653
58110.460687000 89.30972 166.28876 12.68548 0.01218 -0.04360 0.85556 0.51571
58110.662407000 88.68639 167.46645 12.75698 0.01348 -0.04418 0.85635 0.51432
58110.864127000 88.04338 168.66493 12.86429 0.01126 -0.04471 0.85676 0.51365
58111.065847000 87.40905 169.85869 12.96816 0.00998 -0.04487 0.85740 0.51259
58111.267567000 86.76627 171.04979 13.04233 0.01156 -0.04545 0.85789 0.51169
58111.469286000 86.13046 172.24577 13.12367 0.01289 -0.04518 0.85857 0.51055
58111.671006000 85.47796 173.43932 13.20989 0.01231 -0.04480 0.85905 0.50979
58111.872726000 84.83006 174.63396 13.30530 0.01273 -0.04450 0.85976 0.50859
58112.074446000 84.16313 175.83636 13.39538 0.01148 -0.04440 0.86057 0.50726
58112.276166000 83.49158 177.03680 13.50036 0.00976 -0.04328 0.86181 0.50528
58112.477886000 82.81854 178.22540 13.58289 0.01172 -0.04430 0.86331 0.50259
58112.679605000 82.14297 179.40625 13.65032 0.01344 -0.04593 0.86469 0.50003
58112.881325000 81.44643 180.59949 13.74266 0.01312 -0.04551 0.86614 0.49756
58113.083045000 80.74722 181.78459 13.85043 0.01342 -0.04545 0.86744 0.49528
58113.284765000 80.03500 182.97375 13.93471 0.01372 -0.04539 0.86879 0.49291
58113.486485000 79.33115 184.15714 14.02342 0.01378 -0.04497 0.87003 0.49076
58113.688205000 78.60973 185.33591 14.10974 0.01467 -0.04516 0.87137 0.48833
58113.889924000 77.87814 186.51620 14.20590 0.01510 -0.04540 0.87275 0.48582
58114.091644000 77.12353 187.69911 14.30540 0.01489 -0.04516 0.87400 0.48359
58114.293364000 76.37550 188.86250 14.40120 0.01483 -0.04563 0.87511 0.48155
58114.495084000 75.61693 190.04149 14.49210 0.01510 -0.04582 0.87617 0.47958
58114.696804000 74.86230 191.22159 14.58598 0.01564 -0.04572 0.87678 0.47845
58114.898524000 74.09922 192.39630 14.68853 0.01566 -0.04577 0.87743 0.47726
58115.100244000 73.33132 193.57567 14.78606 0.01585 -0.04595 0.87808 0.47603
58115.301964000 72.56227 194.74828 14.87466 0.01562 -0.04540 0.87876 0.47485
58115.503683000 71.78552 195.92995 14.98131 0.01546 -0.04549 0.87929 0.47385
58115.705403000 71.00361 197.11734 15.07036 0.01575 -0.04531 0.87990 0.47273
58115.907123000 70.22605 198.29591 15.17419 0.01628 -0.04518 0.88033 0.47192
58116.108843000 69.44913 199.47685 15.26873 0.01657 -0.04470 0.88093 0.47084
58116.310563000 68.65844 200.65344 15.37643 0.01634 -0.04449 0.88143 0.46993
58116.512283000 67.86845 201.81599 15.47558 0.01577 -0.04439 0.88208 0.46874
58116.714002000 67.09165 202.95538 15.56751 0.01546 -0.04435 0.88267 0.46764
58116.915722000 66.30112 204.10892 15.65960 0.01537 -0.04450 0.88315 0.46672
58117.117442000 65.50375 205.28130 15.75914 0.01537 -0.04508 0.88347 0.46606
58117.319162000 64.75197 206.37706 15.84591 0.01580 -0.04624 0.88406 0.46482
58117.520882000 64.00240 207.48991 15.94157 0.01836 -0.04603 0.88454 0.46383
58117.722602000 63.22155 208.57927 16.05124 0.01621 -0.04757 0.88452 0.46379
58117.924321000 62.46791 209.66263 16.12823 0.01316 -0.04691 0.88517 0.46271
58118.126041000 61.73402 210.72807 16.20601 0.01565 -0.04773 0.88427 0.46426
58118.327761000 61.00134 211.77605 16.30861 0.01629 -0.04872 0.88321 0.46615
58118.529481000 60.27018 212.85095 16.40944 0.01646 -0.04832 0.88068 0.47096
58118.731201000 59.59368 213.90955 16.51162 0.01575 -0.04912 0.87699 0.47773
58118.932921000 58.91775 215.00172 16.60941 0.01621 -0.04798 0.87248 0.48602
58119.134641000 58.28730 216.06451 16.70890 0.01707 -0.04686 0.86771 0.49457
58119.336360000 57.70141 217.12767 16.80084 0.01684 -0.04749 0.86237 0.50376
58119.538080000 57.15101 218.22040 16.90770 0.01737 -0.04622 0.85671 0.51343
58119.739800000 56.60212 219.31383 16.99988 0.01832 -0.04447 0.85120 0.52264
58119.941520000 56.10392 220.41521 17.09539 0.01971 -0.04137 0.84650 0.53041
58120.143240000 55.61559 221.50081 17.19171 0.02126 -0.03865 0.84287 0.53631
58120.344960000 55.14685 222.58754 17.27724 0.02267 -0.03656 0.84006 0.54079
58120.546679000 54.68509 223.64745 17.36061 0.02356 -0.03494 0.83840 0.54343
58120.748399000 54.23981 224.70265 17.46591 0.02531 -0.03013 0.83755 0.54494
58120.950119000 53.77806 225.75528 17.54151 0.02480 -0.02885 0.83789 0.54451
58121.151839000 53.30653 226.79401 17.62616 0.02353 -0.02813 0.83950 0.54212
58121.353559000 52.85734 227.80289 17.70857 0.02480 -0.02668 0.84231 0.53776
58121.555279000 52.37889 228.78448 17.77760 0.02546 -0.02663 0.84663 0.53091
58121.756998000 51.90055 229.69673 17.85300 0.02440 -0.02816 0.85193 0.52233
58121.958718000 51.42537 230.57018 17.92215 0.02422 -0.02858 0.85745 0.51320
58122.160438000 50.97593 231.36963 17.98560 0.02509 -0.02889 0.86233 0.50489
58122.362158000 50.51609 232.12901 18.04489 0.02394 -0.03011 0.86609 0.49841
58122.563878000 50.10853 232.79013 18.10462 0.02379 -0.03153 0.86900 0.49323
58122.765598000 49.75500 233.39996 18.17318 0.02734 -0.03099 0.87106 0.48943
58122.967318000 49.42157 233.95872 18.21131 0.03161 -0.03179 0.87245 0.48665
58123.169037000 49.07294 234.44980 18.25426 0.02845 -0.03671 0.87337 0.48483
58123.370757000 48.76894 234.91725 18.29469 0.02723 -0.03738 0.87400 0.48372
58123.572477000 48.54042 235.29405 18.34978 0.02813 -0.03703 0.87492 0.48203
58123.774197000 48.34373 235.60812 18.38154 0.02715 -0.03680 0.87549 0.48107
58123.975918000 48.20521 235.81322 18.41293 0.02708 -0.03707 0.87596 0.48019
58124.177638000 48.11396 235.96107 18.42558 0.02721 -0.03750 0.87617 0.47978
58124.379357000 48.05244 236.05894 18.43548 0.02838 -0.03911 0.87640 0.47915
58124.581077000 48.00238 236.12332 18.43057 0.02796 -0.03897 0.87644 0.47911
58124.782797000 47.99124 236.14267 18.43816 0.02748 -0.03901 0.87649 0.47905
58124.984517000 48.02059 236.10600 18.43929 0.02892 -0.03972 0.87650 0.47890
58125.186237000 48.02797 236.10309 18.42502 0.03036 -0.04058 0.87633 0.47904
58125.387957000 48.02575 236.10283 18.42709 0.03011 -0.04044 0.87642 0.47890
58125.589676000 48.02327 236.10098 18.42476 0.02986 -0.04002 0.87651 0.47878
58125.791396000 48.02483 236.09906 18.42400 0.02991 -0.03983 0.87661 0.47862
58125.993116000 48.02280 236.09991 18.42652 0.02999 -0.04005 0.87667 0.47849
58126.194836000 48.02370 236.10437 18.42770 0.03013 -0.04016 0.87666 0.47849
58126.396556000 48.00582 236.13380 18.42892 0.03116 -0.04119 0.87692 0.47786
58126.598276000 47.97292 236.18361 18.43119 0.03157 -0.04182 0.87751 0.47669
58126.799995000 47.90175 236.27397 18.43972 0.03202 -0.04242 0.87885 0.47413
58127.001715000 47.79808 236.40591 18.45375 0.03221 -0.04341 0.88147 0.46914
58127.203435000 47.64322 236.60721 18.46986 0.03224 -0.04400 0.88582 0.46081
58127.405155000 47.42685 236.85655 18.50154 0.03153 -0.04459 0.89241 0.44790
58127.606875000 47.11688 237.21904 18.54434 0.02859 -0.04594 0.90187 0.42860
58127.808595000 46.76914 237.60364 18.59227 0.02587 -0.04550 0.91360 0.40324
58128.010315000 46.32737 237.98387 18.64092 0.02007 -0.04493 0.92632 0.37352
58128.212034000 45.83577 238.35268 18.65188 0.01372 -0.04399 0.93951 0.33942
58128.413754000 45.27487 238.71254 18.67969 0.01199 -0.04354 0.95198 0.30280
58128.615474000 44.65686 239.04199 18.70475 0.00939 -0.04396 0.96378 0.26287
58128.817194000 43.96838 239.32906 18.72015 0.00927 -0.04299 0.97476 0.21886
58129.018914000 43.22470 239.56244 18.73899 0.00604 -0.04494 0.98393 0.17270
58129.220634000 42.43408 239.73424 18.74302 0.00277 -0.04365 0.99115 0.12530
58129.422353000 41.57634 239.84096 18.74265 -0.00062 -0.04280 0.99591 0.07954
58129.624073000 40.66729 239.85645 18.73073 -0.00230 -0.04397 0.99843 0.03473
58129.825793000 39.69770 239.80608 18.70993 -0.00546 -0.04340 0.99900 -0.00935
58130.027513000 38.66758 239.67297 18.67766 -0.00899 -0.04238 0.99781 -0.04999
58130.229233000 37.59966 239.46487 18.62929 -0.01166 -0.04020 0.99522 -0.08825
58130.430953000 36.49515 239.16478 18.57017 -0.01289 -0.03935 0.99142 -0.12399
58130.632672000 35.36867 238.76712 18.51481 -0.01403 -0.03818 0.98671 -0.15730
58130.834392000 34.22767 238.29732 18.45542 -0.01663 -0.03624 0.98153 -0.18711
58131.036112000 33.06450 237.74564 18.37810 -0.01773 -0.03553 0.97614 -0.21349
58131.237832000 31.89964 237.12032 18.30493 -0.01804 -0.03407 0.97081 -0.23674
58131.439552000 30.72016 236.42653 18.22710 -0.01856 -0.03351 0.96574 -0.25666
58131.641272000 29.53424 235.67088 18.13665 -0.01890 -0.03352 0.96167 -0.27150
58131.842991000 28.32516 234.88171 18.05787 -0.01821 -0.03405 0.95917 -0.28019
58132.044711000 27.07768 234.07988 17.97880 -0.01785 -0.03433 0.95814 -0.28368
58132.246431000 25.82191 233.27176 17.89310 -0.01788 -0.03358 0.95781 -0.28486
58132.448151000 24.52220 232.44400 17.79316 -0.01744 -0.03331 0.95766 -0.28543
58132.649871000 23.19720 231.58447 17.71309 -0.01780 -0.03297 0.95745 -0.28616
58132.851591000 21.84494 230.70657 17.62317 -0.01778 -0.03242 0.95741 -0.28635
58133.053311000 20.45273 229.80742 17.52774 -0.01800 -0.03184 0.95730 -0.28678
58133.255030000 19.06462 228.89613 17.43388 -0.01797 -0.03142 0.95723 -0.28707
58133.456750000 17.63004 227.96664 17.33652 -0.01827 -0.03096 0.95699 -0.28789
58133.658470000 16.19473 227.02386 17.23460 -0.01812 -0.03069 0.95679 -0.28858
58133.860190000 14.74183 226.06493 17.13718 -0.01775 -0.03076 0.95653 -0.28946
58134.061910000 13.25716 225.07916 17.03234 -0.01770 -0.03057 0.95624 -0.29045
58134.263630000 11.74378 224.08014 16.92716 -0.01726 -0.03057 0.95600 -0.29127
58134.465349000 10.21673 223.06554 16.83099 -0.01685 -0.03000 0.95579 -0.29204
58134.667069000 8.65951 222.01814 16.73634 -0.01716 -0.02920 0.95560 -0.29271
58134.868789000 7.08973 220.97104 16.63834 -0.01720 -0.02884 0.95531 -0.29370
58135.070509000 5.52838 219.91750 16.53289 -0.01657 -0.02904 0.95511 -0.29436
58135.272229000 3.95236 218.85597 16.43436 -0.01644 -0.02935 0.95501 -0.29466
58135.473949000 2.36693 217.78645 16.34543 -0.01633 -0.03023 0.95516 -0.29409
58135.675668000 0.79691 216.73428 16.25374 -0.01640 -0.03082 0.95529 -0.29360
58135.877388000 -0.77208 215.68234 16.16087 -0.01559 -0.03029 0.95545 -0.29317
58136.079108000 -2.32906 214.64549 16.06604 -0.01578 -0.03087 0.95564 -0.29248
58136.280828000 -3.86225 213.61636 15.98761 -0.01537 -0.03122 0.95601 -0.29128
58136.482548000 -5.41420 212.59991 15.89102 -0.01474 -0.03173 0.95669 -0.28901
58136.684268000 -6.95495 211.60400 15.80838 -0.01541 -0.03118 0.95737 -0.28676
58136.885988000 -8.48282 210.60269 15.73131 -0.01418 -0.03054 0.95794 -0.28499
58137.087707000 -10.00886 209.63908 15.65095 -0.01407 -0.03046 0.95847 -0.28321
58137.289427000 -11.52759 208.66426 15.57315 -0.01417 -0.03039 0.95901 -0.28139
58137.491147000 -13.04808 207.70358 15.49443 -0.01319 -0.03035 0.95949 -0.27980
58137.692867000 -14.56416 206.75951 15.41901 -0.01246 -0.03105 0.95996 -0.27812
58137.894587000 -16.06449 205.82631 15.34971 -0.01255 -0.03092 0.96041 -0.27660
58138.096308000 -17.56785 204.89783 15.27634 -0.01258 -0.03004 0.96082 -0.27526
58138.298027000 -19.06080 203.99599 15.20960 -0.01335 -0.02866 0.96107 -0.27449
58138.499747000 -20.53847 203.08170 15.14192 -0.01354 -0.02700 0.96124 -0.27404
58138.701467000 -22.00320 202.18558 15.07391 -0.01296 -0.02651 0.96130 -0.27391
58138.903187000 -23.46536 201.29222 15.01390 -0.01243 -0.02647 0.96132 -0.27389
58139.104907000 -24.92498 200.39417 14.94614 -0.01261 -0.02661 0.96120 -0.27428
58139.306627000 -26.36819 199.50272 14.89079 -0.01259 -0.02648 0.96102 -0.27491
58139.508346000 -27.79301 198.61975 14.82413 -0.01166 -0.02652 0.96081 -0.27568
58139.710066000 -29.20492 197.74728 14.77137 -0.01103 -0.02672 0.96060 -0.27641
58139.911786000 -30.59006 196.88110 14.71154 -0.01055 -0.02681 0.96032 -0.27740
58140.113506000 -31.95480 196.02443 14.65980 -0.01009 -0.02694 0.96013 -0.27807
58140.315226000 -33.32608 195.16893 14.60341 -0.00950 -0.02690 0.95987 -0.27899
58140.516946000 -34.65316 194.33333 14.55928 -0.00932 -0.02700 0.95959 -0.27997
58140.718665000 -35.99500 193.50964 14.49669 -0.00996 -0.02608 0.95919 -0.28139
58140.920385000 -37.28644 192.67075 14.45432 -0.00889 -0.02621 0.95885 -0.28256
58141.122105000 -38.58918 191.83247 14.40067 -0.00839 -0.02561 0.95828 -0.28456
58141.323825000 -39.87733 190.99307 14.35844 -0.00893 -0.02642 0.95800 -0.28541
58141.525545000 -41.14959 190.16718 14.29884 -0.00897 -0.02616 0.95758 -0.28684
58141.727265000 -42.41359 189.35011 14.24427 -0.00896 -0.02586 0.95726 -0.28795
58141.928985000 -43.66329 188.53523 14.20133 -0.00844 -0.02523 0.95701 -0.28884
58142.130704000 -44.90025 187.71468 14.15699 -0.00811 -0.02489 0.95673 -0.28979
58142.332424000 -46.12121 186.90118 14.11967 -0.00855 -0.02531 0.95645 -0.29067
58142.534144000 -47.31744 186.09392 14.08185 -0.00810 -0.02607 0.95619 -0.29148
58142.735864000 -48.51562 185.28497 14.04084 -0.00812 -0.02639 0.95575 -0.29288
58142.937584000 -49.69568 184.48512 14.00033 -0.00848 -0.02655 0.95544 -0.29388
58143.139304000 -50.83097 183.72755 13.94731 -0.00729 -0.02506 0.95527 -0.29457
58143.341023000 -51.97387 182.94675 13.92003 -0.00725 -0.02544 0.95516 -0.29491
58143.542743000 -53.09475 182.20488 13.88241 -0.00908 -0.02614 0.95526 -0.29448
58143.744463000 -54.15653 181.49094 13.83407 -0.00909 -0.02524 0.95554 -0.29362
58143.946183000 -55.20311 180.78709 13.79966 -0.00866 -0.02440 0.95644 -0.29078
58144.147903000 -56.21102 180.12671 13.77279 -0.00760 -0.02380 0.95747 -0.28746
58144.349623000 -57.21798 179.50177 13.74673 -0.00605 -0.02343 0.95900 -0.28238
58144.551342000 -58.19873 178.89162 13.72198 -0.00618 -0.02316 0.96081 -0.27618
58144.753062000 -59.15717 178.32304 13.70683 -0.00602 -0.02322 0.96257 -0.26996
58144.954782000 -60.12409 177.76010 13.68045 -0.00603 -0.02283 0.96411 -0.26444
58145.156502000 -61.04541 177.23593 13.65721 -0.00511 -0.02326 0.96557 -0.25905
58145.358222000 -61.95679 176.72906 13.63848 -0.00415 -0.02360 0.96709 -0.25331
58145.559942000 -62.84520 176.24660 13.60868 -0.00372 -0.02373 0.96828 -0.24871
58145.761661000 -63.69817 175.77693 13.60135 -0.00404 -0.02357 0.96873 -0.24696
58145.963381000 -64.49996 175.33498 13.58915 -0.00378 -0.02331 0.96863 -0.24737
58146.165101000 -65.26414 174.91000 13.57608 -0.00329 -0.02319 0.96817 -0.24921
58146.366821000 -65.99809 174.50862 13.55895 -0.00298 -0.02299 0.96762 -0.25134
58146.568541000 -66.69206 174.12007 13.54343 -0.00322 -0.02265 0.96704 -0.25361
58146.770261000 -67.35271 173.72974 13.54411 -0.00394 -0.02234 0.96581 -0.25827
58146.971981000 -67.95441 173.36458 13.52821 -0.00405 -0.02198 0.96373 -0.26593
58147.173700000 -68.52044 173.01373 13.51818 -0.00438 -0.02145 0.96152 -0.27385
58147.375420000 -69.03798 172.67380 13.50651 -0.00435 -0.02145 0.95929 -0.28158
58147.577140000 -69.49520 172.35931 13.50125 -0.00415 -0.02178 0.95757 -0.28735
58147.778860000 -69.92357 172.08667 13.49575 -0.00430 -0.02137 0.95660 -0.29058
58147.980580000 -70.29675 171.83801 13.48827 -0.00445 -0.02136 0.95600 -0.29256
58148.182300000 -70.60808 171.63258 13.48396 -0.00479 -0.02107 0.95599 -0.29260
58148.384019000 -70.86516 171.47137 13.47971 -0.00500 -0.02076 0.95630 -0.29159
58148.585739000 -71.06184 171.33298 13.47505 -0.00494 -0.02082 0.95653 -0.29085
58148.787459000 -71.22132 171.22649 13.47312 -0.00472 -0.02073 0.95676 -0.29010
58148.989179000 -71.34055 171.13634 13.47000 -0.00461 -0.02097 0.95685 -0.28979
58149.190899000 -71.42314 171.08737 13.46432 -0.00442 -0.02093 0.95697 -0.28938
58149.392619000 -71.48301 171.05347 13.46224 -0.00438 -0.02083 0.95704 -0.28916
58149.594338000 -71.50311 171.03676 13.46237 -0.00428 -0.02082 0.95706 -0.28910
58149.796058000 -71.49502 171.04143 13.46055 -0.00412 -0.02080 0.95706 -0.28910
58149.997778000 -71.48115 171.05191 13.45272 -0.00342 -0.02074 0.95707 -0.28911
58150.199498000 -71.48504 171.05156 13.45069 -0.00338 -0.02072 0.95709 -0.28902
58150.401218000 -71.48026 171.05492 13.45224 -0.00343 -0.02079 0.95710 -0.28899
58150.602938000 -71.48061 171.05339 13.45104 -0.00343 -0.02073 0.95709 -0.28903
58150.804657000 -71.48022 171.05284 13.45143 -0.00345 -0.02077 0.95707 -0.28908
58151.006377000 -71.48128 171.05194 13.45177 -0.00345 -0.02077 0.95709 -0.28902
58151.208097000 -71.48063 171.05173 13.45264 -0.00339 -0.02076 0.95709 -0.28903
58151.409817000 -71.48158 171.05515 13.45270 -0.00343 -0.02071 0.95708 -0.28907
58151.611537000 -71.47830 171.05373 13.45263 -0.00338 -0.02071 0.95709 -0.28901
58151.813257000 -71.47732 171.05270 13.45369 -0.00341 -0.02074 0.95709 -0.28902
58152.014976000 -71.47601 171.05322 13.45334 -0.00336 -0.02078 0.95711 -0.28897
58152.216696000 -71.47978 171.05290 13.45170 -0.00346 -0.02073 0.95709 -0.28903
58152.418416000 -71.47943 171.05307 13.45078 -0.00343 -0.02076 0.95709 -0.28903
58152.620136000 -71.47714 171.05070 13.45274 -0.00338 -0.02076 0.95708 -0.28904
58152.821856000 -71.47884 171.05205 13.45181 -0.00336 -0.02074 0.95710 -0.28900
58153.023577000 -71.48064 171.05267 13.45284 -0.00332 -0.02076 0.95711 -0.28895
58153.225297000 -71.48251 171.05510 13.45495 -0.00330 -0.02073 0.95708 -0.28906
58153.427016000 -71.48221 171.05327 13.45352 -0.00324 -0.02072 0.95711 -0.28898
58153.628736000 -71.48320 171.05359 13.45339 -0.00327 -0.02071 0.95709 -0.28902
58153.830456000 -71.48340 171.05173 13.45400 -0.00327 -0.02076 0.95710 -0.28898
58154.032176000 -71.48058 171.05457 13.45451 -0.00325 -0.02073 0.95712 -0.28894
58154.233896000 -71.48328 171.05284 13.45385 -0.00318 -0.02075 0.95710 -0.28899
58154.435616000 -71.48290 171.05142 13.45555 -0.00319 -0.02075 0.95711 -0.28896
58154.637335000 -71.48458 171.05396 13.45592 -0.00315 -0.02076 0.95711 -0.28896
58154.839055000 -71.48753 171.05170 13.45598 -0.00313 -0.02072 0.95711 -0.28897
58155.040775000 -71.48572 171.05125 13.45654 -0.00309 -0.02075 0.95709 -0.28903
58155.242495000 -71.48545 171.05367 13.45577 -0.00312 -0.02074 0.95712 -0.28892
58155.444215000 -71.48626 171.05167 13.45490 -0.00316 -0.02073 0.95711 -0.28898
58155.645935000 -71.48978 171.04877 13.45488 -0.00319 -0.02069 0.95709 -0.28903
58155.847654000 -71.48604 171.05161 13.45428 -0.00317 -0.02071 0.95710 -0.28900
58156.049374000 -71.48333 171.05212 13.45775 -0.00318 -0.02075 0.95710 -0.28898
58156.251094000 -71.48309 171.05580 13.45703 -0.00314 -0.02072 0.95710 -0.28900
58156.452814000 -71.48234 171.05479 13.45546 -0.00315 -0.02069 0.95711 -0.28897
58156.654534000 -71.48002 171.05899 13.45761 -0.00320 -0.02076 0.95711 -0.28897
58156.856254000 -71.48289 171.05746 13.45512 -0.00319 -0.02073 0.95710 -0.28900
58157.057973000 -71.48591 171.05557 13.45430 -0.00321 -0.02077 0.95711 -0.28896
58157.259693000 -71.48827 171.05449 13.45340 -0.00326 -0.02079 0.95710 -0.28898
58157.461413000 -71.48257 171.05760 13.45217 -0.00317 -0.02080 0.95711 -0.28896
58157.663133000 -71.48305 171.05836 13.45259 -0.00324 -0.02080 0.95709 -0.28903
58157.864853000 -71.48344 171.05719 13.45345 -0.00324 -0.02088 0.95709 -0.28902
58158.066573000 -71.48660 171.05321 13.45146 -0.00329 -0.02082 0.95708 -0.28906
58158.268293000 -71.48779 171.05246 13.45327 -0.00319 -0.02086 0.95706 -0.28911
58158.470012000 -71.49193 171.05083 13.45161 -0.00331 -0.02090 0.95706 -0.28913
58158.671732000 -71.48822 171.05334 13.45222 -0.00325 -0.02094 0.95707 -0.28908
58158.873452000 -71.48837 171.05238 13.45007 -0.00321 -0.02096 0.95706 -0.28912
58159.075172000 -71.49033 171.05040 13.44758 -0.00320 -0.02099 0.95705 -0.28913
58159.276892000 -71.49198 171.05220 13.44718 -0.00325 -0.02095 0.95707 -0.28909
58159.478612000 -71.49640 171.04991 13.44648 -0.00300 -0.02118 0.95704 -0.28917
58159.680331000 -71.49189 171.05257 13.44814 -0.00309 -0.02109 0.95705 -0.28913
58159.882051000 -71.49266 171.05293 13.44673 -0.00295 -0.02112 0.95706 -0.28910
58160.083771000 -71.49524 171.05136 13.44365 -0.00299 -0.02113 0.95705 -0.28914
58160.285491000 -71.49670 171.04936 13.44411 -0.00292 -0.02115 0.95705 -0.28914
58160.487211000 -71.49711 171.04855 13.44153 -0.00293 -0.02116 0.95706 -0.28911
58160.688931000 -71.50087 171.04692 13.44361 -0.00293 -0.02116 0.95705 -0.28914
58160.890650000 -71.49365 171.05353 13.44585 -0.00296 -0.02113 0.95704 -0.28919
58161.092370000 -71.49357 171.04869 13.44707 -0.00291 -0.02112 0.95707 -0.28908
58161.294090000 -71.49264 171.05133 13.44062 -0.00303 -0.02115 0.95705 -0.28913
58161.495810000 -71.50001 171.04227 13.44420 -0.00302 -0.02110 0.95703 -0.28920
58161.697530000 -71.50270 171.04359 13.44261 -0.00304 -0.02112 0.95704 -0.28916
58161.899250000 -71.49948 171.04649 13.43936 -0.00295 -0.02122 0.95704 -0.28918
58162.100969000 -71.50565 171.04228 13.44281 -0.00298 -0.02118 0.95705 -0.28913
58162.302689000 -71.50843 171.03850 13.44686 -0.00305 -0.02116 0.95705 -0.28913
58162.504409000 -71.50948 171.04224 13.44963 -0.00302 -0.02112 0.95706 -0.28911
58162.706129000 -71.49806 171.04683 13.45034 -0.00307 -0.02111 0.95707 -0.28906
58162.907849000 -71.50237 171.04533 13.44524 -0.00300 -0.02114 0.95708 -0.28904
58163.109569000 -71.50540 171.04503 13.44138 -0.00310 -0.02116 0.95708 -0.28903
58163.311288000 -71.49873 171.04790 13.45007 -0.00310 -0.02104 0.95705 -0.28913
58163.513008000 -71.49509 171.04771 13.44945 -0.00308 -0.02104 0.95706 -0.28910
58163.714728000 -71.50122 171.04689 13.45072 -0.00311 -0.02109 0.95706 -0.28910
58163.916448000 -71.50169 171.04309 13.44875 -0.00307 -0.02109 0.95707 -0.28908
58164.118168000 -71.50334 171.04227 13.45019 -0.00311 -0.02111 0.95705 -0.28913
58164.319888000 -71.51112 171.03990 13.45050 -0.00307 -0.02110 0.95705 -0.28913
58164.521607000 -71.50443 171.04680 13.44725 -0.00315 -0.02112 0.95705 -0.28912
58164.723327000 -71.50790 171.04390 13.45088 -0.00316 -0.02113 0.95707 -0.28908
58164.925047000 -71.50590 171.04805 13.45093 -0.00311 -0.02109 0.95705 -0.28915
58165.126767000 -71.50549 171.04617 13.44915 -0.00312 -0.02110 0.95706 -0.28911
58165.328487000 -71.50053 171.05165 13.44652 -0.00309 -0.02114 0.95705 -0.28914
58165.530207000 -71.50639 171.04536 13.44463 -0.00295 -0.02114 0.95705 -0.28914
58165.731927000 -71.50049 171.04851 13.44568 -0.00306 -0.02116 0.95707 -0.28906
58165.933646000 -71.50468 171.04744 13.44439 -0.00311 -0.02120 0.95704 -0.28915
58166.135366000 -71.50504 171.04805 13.44911 -0.00305 -0.02107 0.95706 -0.28910
58166.337086000 -71.50628 171.05103 13.44952 -0.00305 -0.02116 0.95706 -0.28911
58166.538806000 -71.50838 171.04851 13.44946 -0.00303 -0.02105 0.95707 -0.28909
58166.740526000 -71.51191 171.05106 13.45570 -0.00305 -0.02108 0.95707 -0.28908
58166.942246000 -71.50080 171.05460 13.45294 -0.00306 -0.02109 0.95706 -0.28910
58167.143965000 -71.50707 171.05090 13.45070 -0.00311 -0.02110 0.95706 -0.28911
58167.345685000 -71.49774 171.05142 13.45381 -0.00313 -0.02109 0.95708 -0.28903
58167.547405000 -71.50079 171.05200 13.45336 -0.00310 -0.02107 0.95708 -0.28904
58167.749125000 -71.51098 171.04506 13.44827 -0.00310 -0.02115 0.95706 -0.28912
58167.950846000 -71.50130 171.04979 13.44521 -0.00304 -0.02118 0.95706 -0.28911
58168.152566000 -71.50092 171.04921 13.44559 -0.00310 -0.02114 0.95706 -0.28909
58168.354285000 -71.50091 171.05161 13.44576 -0.00307 -0.02120 0.95706 -0.28909
58168.556005000 -71.50043 171.04753 13.44570 -0.00300 -0.02115 0.95703 -0.28919
58168.757725000 -71.50838 171.04675 13.44619 -0.00304 -0.02115 0.95706 -0.28910
58168.959444000 -71.51431 171.04532 13.44795 -0.00309 -0.02109 0.95706 -0.28910
58169.161164000 -71.51736 171.04134 13.44549 -0.00301 -0.02110 0.95707 -0.28906
58169.362884000 -71.55083 171.02145 13.43779 -0.00244 -0.02102 0.95710 -0.28900
58169.564603000 -71.61443 170.98479 13.41758 -0.00116 -0.02068 0.95711 -0.28898
58169.766323000 -71.76947 170.88635 13.42044 -0.00109 -0.02057 0.95707 -0.28912
58169.968044000 -71.98023 170.74400 13.41803 -0.00118 -0.02048 0.95688 -0.28977
58170.169764000 -72.23820 170.57085 13.41014 -0.00090 -0.02008 0.95655 -0.29087
58170.371484000 -72.57195 170.34021 13.40482 -0.00082 -0.02006 0.95612 -0.29227
58170.573204000 -72.96270 170.08278 13.39194 -0.00029 -0.01965 0.95565 -0.29385
58170.774923000 -73.41973 169.75864 13.37751 0.00014 -0.01957 0.95521 -0.29528
58170.976643000 -73.94520 169.39629 13.36710 0.00054 -0.01941 0.95476 -0.29676
58171.178363000 -74.54017 168.97325 13.36175 0.00038 -0.01955 0.95416 -0.29865
58171.380083000 -75.18243 168.54259 13.34210 0.00034 -0.01907 0.95364 -0.30034
58171.581803000 -75.87975 168.07773 13.33069 0.00037 -0.01855 0.95313 -0.30199
58171.783523000 -76.60190 167.54120 13.31952 0.00065 -0.01929 0.95270 -0.30331
58171.985242000 -77.35640 167.00586 13.30386 0.00060 -0.01903 0.95214 -0.30506
58172.186962000 -78.16888 166.45529 13.29634 0.00046 -0.01835 0.95169 -0.30650
58172.388682000 -78.99211 165.85522 13.25944 0.00168 -0.01771 0.95143 -0.30737
58172.590402000 -79.89574 165.23589 13.23350 0.00221 -0.01654 0.95116 -0.30825
58172.792122000 -80.81313 164.55096 13.23571 0.00219 -0.01720 0.95100 -0.30871
58172.993842000 -81.79987 163.87216 13.21108 0.00120 -0.01586 0.95087 -0.30919
58173.195561000 -82.79357 163.16382 13.22380 0.00006 -0.01565 0.95110 -0.30849
58173.397281000 -83.76479 162.44194 13.21464 0.00006 -0.01639 0.95109 -0.30849
58173.599001000 -84.73895 161.76904 13.16177 0.00102 -0.01362 0.95105 -0.30875
58173.800721000 -85.71231 161.07744 13.17494 0.00218 -0.01349 0.95135 -0.30780
58174.002441000 -86.69386 160.35965 13.16779 0.00265 -0.01332 0.95131 -0.30793
58174.204161000 -87.68670 159.66852 13.18529 0.00068 -0.01313 0.95165 -0.30690
58174.405880000 -88.63390 158.98911 13.19031 0.00006 -0.01500 0.95308 -0.30234
58174.607600000 -89.55286 158.34929 13.16556 0.00048 -0.01519 0.95644 -0.29155
58174.809320000 -90.46246 157.75478 13.16099 0.00109 -0.01676 0.96174 -0.27344
58175.011040000 -91.41730 157.23357 13.14530 0.00197 -0.01629 0.96806 -0.25018
58175.212760000 -92.38023 156.77431 13.13788 0.00381 -0.01662 0.97468 -0.22296
58175.414480000 -93.27927 156.31924 13.18767 0.00636 -0.02051 0.98100 -0.19284
58175.616200000 -94.23096 156.01300 13.17609 0.00833 -0.02253 0.98725 -0.15735
58175.817919000 -95.17624 155.81755 13.21367 0.01525 -0.02738 0.99274 -0.11609
58176.019639000 -96.08422 155.69533 13.22868 0.01859 -0.02950 0.99669 -0.07338
58176.221359000 -97.02063 155.69348 13.23771 0.01950 -0.02598 0.99904 -0.02926
58176.423079000 -97.93030 155.73125 13.28775 0.01888 -0.02555 0.99937 0.01558
58176.624799000 -98.82733 155.84822 13.34982 0.01737 -0.02507 0.99772 0.06025
58176.826519000 -99.65983 156.06889 13.34378 0.01677 -0.02268 0.99398 0.10591
58177.028238000 -100.49603 156.40060 13.34041 0.01855 -0.01888 0.98798 0.15227
58177.229958000 -101.31934 156.80681 13.41180 0.01893 -0.01833 0.97965 0.19897
58177.431678000 -102.13755 157.30528 13.44883 0.02110 -0.01789 0.96922 0.24465
58177.633398000 -102.95717 157.89392 13.47119 0.02233 -0.01643 0.95693 0.28898
58177.835118000 -103.75800 158.58821 13.52201 0.02382 -0.01561 0.94283 0.33205
58178.036838000 -104.53644 159.39685 13.56704 0.02477 -0.01451 0.92800 0.37147
58178.238557000 -105.24040 160.33086 13.55280 0.02637 -0.01224 0.91302 0.40689
58178.440277000 -105.96704 161.34187 13.62244 0.02744 -0.01119 0.89926 0.43641
58178.641997000 -106.63726 162.50618 13.64778 0.02787 -0.00875 0.88781 0.45929
58178.843717000 -107.33756 163.74530 13.66208 0.02933 -0.00611 0.87885 0.47616
58179.045437000 -108.12765 165.01613 13.77111 0.03022 -0.00505 0.87296 0.48683
58179.247157000 -108.92826 166.33762 13.85985 0.03034 -0.00406 0.86994 0.49220
58179.448876000 -109.75107 167.71060 13.95274 0.03015 -0.00363 0.86843 0.49488
58179.650596000 -110.59280 169.12546 14.02347 0.03040 -0.00327 0.86765 0.49624
58179.852316000 -111.48592 170.60451 14.13468 0.02978 -0.00372 0.86724 0.49699
58180.054036000 -112.38420 172.20535 14.16799 0.03127 -0.00209 0.86688 0.49752
58180.255756000 -113.32104 173.80986 14.25124 0.03143 -0.00129 0.86647 0.49823
58180.457476000 -114.32814 175.50476 14.38717 0.03049 0.00515 0.86595 0.49917
58180.659195000 -115.32988 177.22333 14.46160 0.02980 0.00563 0.86580 0.49947
58180.860915000 -116.34143 178.99144 14.54445 0.03029 0.00546 0.86551 0.49995
58181.062635000 -117.35958 180.79825 14.62561 0.03027 0.00585 0.86538 0.50016
58181.264355000 -118.39917 182.61293 14.71018 0.03074 0.00552 0.86531 0.50027
58181.466075000 -119.46347 184.49397 14.80028 0.03079 0.00484 0.86520 0.50046
58181.667795000 -120.56396 186.43607 14.88661 0.03092 0.00463 0.86474 0.50125
58181.869514000 -121.67811 188.40213 14.98411 0.02990 0.00504 0.86455 0.50164
58182.071234000 -122.79472 190.39143 15.09311 0.02954 0.00554 0.86428 0.50211
58182.272954000 -123.93095 192.40921 15.18058 0.02851 0.00512 0.86419 0.50233
58182.474674000 -125.06816 194.44337 15.28440 0.02843 0.00510 0.86390 0.50283
58182.676394000 -126.20170 196.47656 15.37401 0.02881 0.00495 0.86359 0.50335
58182.878114000 -127.34070 198.53259 15.46896 0.02917 0.00512 0.86303 0.50428
58183.079833000 -128.47874 200.57860 15.56800 0.02917 0.00464 0.86234 0.50548
58183.281553000 -129.62021 202.65643 15.67524 0.02892 0.00448 0.86174 0.50650
58183.483273000 -130.74861 204.72229 15.77786 0.02948 0.00430 0.86108 0.50759
58183.684993000 -131.88634 206.82347 15.87985 0.02977 0.00407 0.86042 0.50869
58183.886713000 -133.01202 208.92200 15.98102 0.02969 0.00397 0.85978 0.50978
58184.088434000 -134.14851 211.03720 16.09059 0.03016 0.00370 0.85927 0.51062
58184.290153000 -135.27553 213.15033 16.19686 0.03002 0.00334 0.85892 0.51121
58184.491873000 -136.41249 215.28000 16.31206 0.02977 0.00357 0.85857 0.51182
58184.693593000 -137.54485 217.40593 16.42361 0.03010 0.00389 0.85810 0.51259
58184.895313000 -138.66615 219.54865 16.53530 0.03066 0.00377 0.85766 0.51329
58185.097033000 -139.78329 221.66972 16.65393 0.03117 0.00374 0.85719 0.51404
58185.298753000 -140.90576 223.80223 16.76974 0.03085 0.00430 0.85679 0.51472
58185.500473000 -142.02516 225.93327 16.89993 0.03096 0.00307 0.85631 0.51553
58185.702192000 -143.14067 228.06851 17.01177 0.03137 0.00317 0.85601 0.51600
58185.903912000 -144.25490 230.21790 17.12904 0.03187 0.00184 0.85574 0.51642
58186.105632000 -145.36397 232.36136 17.26311 0.03087 0.00241 0.85574 0.51648
58186.307352000 -146.47366 234.49503 17.38788 0.03134 0.00152 0.85558 0.51672
58186.509072000 -147.57709 236.63869 17.51298 0.03149 0.00121 0.85551 0.51682
58186.710792000 -148.68625 238.77504 17.63845 0.03162 0.00074 0.85546 0.51690
58186.912511000 -149.78491 240.90410 17.76844 0.03146 0.00120 0.85548 0.51688
58187.114231000 -150.88921 243.03993 17.88452 0.03167 0.00150 0.85543 0.51695
58187.315951000 -151.99026 245.17834 18.01600 0.03388 0.00147 0.85540 0.51685
58187.517671000 -153.07866 247.29732 18.15470 0.03449 0.00204 0.85531 0.51696
58187.719391000 -154.17383 249.40872 18.28787 0.03428 0.00138 0.85543 0.51678
58187.921111000 -155.26393 251.48666 18.42555 0.03472 -0.00056 0.85555 0.51655
58188.122830000 -156.35948 253.59726 18.57709 0.03448 -0.00102 0.85578 0.51618
58188.324550000 -157.44890 255.70100 18.71653 0.03345 -0.00095 0.85597 0.51595
58188.526270000 -158.51169 257.75476 18.84978 0.03338 -0.00024 0.85605 0.51581
58188.727990000 -159.58875 259.82205 18.97231 0.03386 -0.00080 0.85618 0.51557
58188.929710000 -160.66129 261.88327 19.12398 0.03381 -0.00104 0.85618 0.51557
58189.131430000 -161.72849 263.92316 19.26075 0.03376 -0.00134 0.85622 0.51551
58189.333149000 -162.77415 265.92300 19.39626 0.03377 -0.00103 0.85617 0.51558
58189.534869000 -163.84193 267.95831 19.52481 0.03324 -0.00110 0.85605 0.51582
58189.736589000 -164.87366 269.92358 19.64476 0.03414 -0.00164 0.85595 0.51594
58189.938309000 -165.88507 271.84897 19.78832 0.03414 -0.00228 0.85586 0.51607
58190.140029000 -166.89503 273.76489 19.93205 0.03394 -0.00305 0.85571 0.51633
58190.341749000 -167.87991 275.66119 20.07178 0.03467 -0.00433 0.85562 0.51642
58190.543468000 -168.85760 277.56094 20.20677 0.03575 -0.00435 0.85552 0.51651
58190.745188000 -169.82976 279.43332 20.36060 0.03601 -0.00426 0.85555 0.51646
58190.946908000 -170.79381 281.28265 20.49213 0.03691 -0.00488 0.85576 0.51603
58191.148628000 -171.75200 283.12787 20.63870 0.03761 -0.00512 0.85597 0.51563
58191.350348000 -172.70161 284.94955 20.78505 0.03841 -0.00568 0.85609 0.51536
58191.552068000 -173.64682 286.76141 20.92907 0.03967 -0.00687 0.85628 0.51494
58191.753787000 -174.61572 288.59033 21.09278 0.04020 -0.00745 0.85642 0.51466
58191.955507000 -175.57315 290.40945 21.25339 0.04117 -0.00807 0.85633 0.51473
58192.157227000 -176.53427 292.24124 21.41239 0.04159 -0.00853 0.85619 0.51492
58192.358947000 -177.49484 294.06683 21.57537 0.04243 -0.00911 0.85598 0.51519
58192.560667000 -178.45470 295.89151 21.74859 0.04283 -0.01000 0.85590 0.51527
58192.762387000 -179.42142 297.72836 21.92245 0.04302 -0.01049 0.85567 0.51562
58192.964106000 -180.38115 299.56821 22.09783 0.04346 -0.01105 0.85570 0.51552
58193.165826000 -181.34785 301.39664 22.28077 0.04366 -0.01148 0.85603 0.51495
58193.367546000 -182.30693 303.24374 22.45321 0.04416 -0.01183 0.85659 0.51397
58193.569266000 -183.26505 305.06580 22.63435 0.04467 -0.01201 0.85726 0.51280
58193.770986000 -184.21854 306.86945 22.81868 0.04452 -0.01175 0.85768 0.51212
58193.972706000 -185.16920 308.66217 23.00176 0.04486 -0.01186 0.85804 0.51149
58194.174425000 -186.11542 310.44110 23.18190 0.04500 -0.01214 0.85810 0.51137
58194.376145000 -187.04303 312.19843 23.36205 0.04572 -0.01198 0.85795 0.51155
58194.577865000 -187.95790 313.92487 23.54703 0.04518 -0.01109 0.85782 0.51184
58194.779585000 -188.83986 315.60294 23.71553 0.04550 -0.01086 0.85766 0.51209
58194.981305000 -189.69980 317.22589 23.88379 0.04543 -0.01086 0.85736 0.51260
58195.183025000 -190.53612 318.81558 24.05183 0.04628 -0.01097 0.85706 0.51302
58195.384744000 -191.35831 320.36374 24.20871 0.04654 -0.01174 0.85661 0.51373
58195.586464000 -192.14758 321.86954 24.36694 0.04647 -0.01176 0.85621 0.51439
58195.788184000 -192.93272 323.36029 24.52463 0.04636 -0.01215 0.85577 0.51513
58195.989904000 -193.69389 324.80484 24.68410 0.04602 -0.01225 0.85540 0.51578
58196.191624000 -194.42822 326.20734 24.83590 0.04608 -0.01224 0.85533 0.51588
58196.393344000 -195.12793 327.55258 24.97867 0.04612 -0.01253 0.85555 0.51551
58196.595063000 -195.80933 328.84238 25.11377 0.04612 -0.01295 0.85569 0.51527
58196.796783000 -196.45587 330.08704 25.24395 0.04608 -0.01268 0.85592 0.51490
58196.998503000 -197.06842 331.27734 25.37113 0.04596 -0.01224 0.85595 0.51486
58197.200223000 -197.65697 332.40311 25.49185 0.04632 -0.01244 0.85606 0.51465
58197.401943000 -198.22589 333.49698 25.61327 0.04652 -0.01229 0.85619 0.51441
58197.603663000 -198.76540 334.53925 25.72891 0.04640 -0.01194 0.85624 0.51435
58197.805383000 -199.29120 335.52521 25.83538 0.04641 -0.01227 0.85635 0.51417
58198.007102000 -199.77869 336.45468 25.93381 0.04655 -0.01227 0.85654 0.51384
58198.208822000 -200.24956 337.34787 26.03284 0.04637 -0.01215 0.85656 0.51382
58198.410542000 -200.69777 338.18076 26.12128 0.04607 -0.01237 0.85662 0.51373
58198.612262000 -201.11153 338.97925 26.19989 0.04605 -0.01211 0.85680 0.51345
58198.813982000 -201.49483 339.70105 26.28292 0.04641 -0.01252 0.85663 0.51369
58199.015703000 -201.85280 340.36737 26.34847 0.04621 -0.01278 0.85681 0.51340
58199.217422000 -202.17894 340.99539 26.41266 0.04643 -0.01295 0.85681 0.51338
58199.419142000 -202.49007 341.57373 26.48446 0.04611 -0.01279 0.85699 0.51311
58199.620862000 -202.76222 342.08432 26.53464 0.04624 -0.01296 0.85701 0.51306
58199.822582000 -203.00583 342.55942 26.58522 0.04647 -0.01260 0.85698 0.51309
58200.024302000 -203.23466 342.98758 26.62940 0.04572 -0.01264 0.85701 0.51312
58200.226022000 -203.44708 343.37183 26.67111 0.04578 -0.01276 0.85704 0.51305
58200.427741000 -203.62050 343.72092 26.70963 0.04552 -0.01229 0.85697 0.51320
58200.629461000 -203.78348 344.01617 26.74440 0.04544 -0.01268 0.85697 0.51321
58200.831181000 -203.91528 344.26117 26.77157 0.04511 -0.01247 0.85688 0.51338
58201.032901000 -204.02344 344.46066 26.79453 0.04505 -0.01242 0.85696 0.51326
58201.234621000 -204.09941 344.61615 26.81062 0.04488 -0.01247 0.85690 0.51338
58201.436341000 -204.15263 344.70389 26.81747 0.04498 -0.01248 0.85692 0.51332
58201.638060000 -204.16779 344.74286 26.82285 0.04515 -0.01245 0.85699 0.51320
58201.839780000 -204.15707 344.73651 26.82041 0.04549 -0.01240 0.85703 0.51311
58202.041500000 -204.14917 344.71872 26.81054 0.04658 -0.01325 0.85689 0.51321
58202.243220000 -204.15120 344.71576 26.80965 0.04646 -0.01323 0.85692 0.51318
58202.444940000 -204.15414 344.71948 26.81017 0.04649 -0.01333 0.85689 0.51323
58202.646660000 -204.15186 344.71094 26.81057 0.04637 -0.01334 0.85689 0.51324
58202.848379000 -204.15479 344.72137 26.80971 0.04640 -0.01323 0.85688 0.51325
58203.050099000 -204.15453 344.71909 26.80888 0.04642 -0.01336 0.85691 0.51320
58203.251819000 -204.15288 344.71561 26.80787 0.04644 -0.01329 0.85693 0.51316
58203.453539000 -204.15410 344.71704 26.81009 0.04645 -0.01329 0.85689 0.51323
58203.655259000 -204.15312 344.71609 26.81218 0.04633 -0.01315 0.85692 0.51320
58203.856979000 -204.15546 344.71295 26.81238 0.04649 -0.01328 0.85692 0.51317
58204.058698000 -204.15108 344.71524 26.81263 0.04636 -0.01317 0.85689 0.51325
58204.260418000 -204.15382 344.71695 26.81188 0.04632 -0.01322 0.85692 0.51319
58204.462138000 -204.15210 344.71490 26.81111 0.04638 -0.01321 0.85689 0.51324
58204.663858000 -204.15700 344.71768 26.81034 0.04642 -0.01325 0.85693 0.51316
58204.865578000 -204.15607 344.71701 26.81224 0.04640 -0.01321 0.85692 0.51318
58205.067298000 -204.15471 344.72354 26.81134 0.04645 -0.01323 0.85689 0.51323
58205.269017000 -204.15305 344.72314 26.81117 0.04636 -0.01326 0.85687 0.51327
58205.470737000 -204.15381 344.71335 26.80809 0.04632 -0.01322 0.85691 0.51321
58205.672457000 -204.15579 344.71347 26.81037 0.04635 -0.01319 0.85691 0.51321
58205.874177000 -204.15570 344.71631 26.80939 0.04641 -0.01326 0.85690 0.51322
58206.075897000 -204.15350 344.71606 26.81176 0.04640 -0.01317 0.85691 0.51320
58206.277617000 -204.15680 344.71899 26.81268 0.04647 -0.01313 0.85691 0.51319
58206.479336000 -204.15494 344.71692 26.81174 0.04639 -0.01316 0.85690 0.51323
58206.681056000 -204.15326 344.71902 26.81288 0.04636 -0.01312 0.85691 0.51321
58206.882776000 -204.15698 344.71683 26.80947 0.04640 -0.01320 0.85693 0.51316
58207.084496000 -204.15353 344.71445 26.81017 0.04643 -0.01323 0.85688 0.51325
58207.286216000 -204.15457 344.71414 26.81091 0.04651 -0.01324 0.85691 0.51320
58207.487936000 -204.15247 344.71860 26.81160 0.04648 -0.01328 0.85689 0.51323
58207.689655000 -204.15446 344.71732 26.81275 0.04647 -0.01323 0.85690 0.51321
58207.891375000 -204.15166 344.71924 26.81044 0.04646 -0.01337 0.85688 0.51325
58208.093095000 -204.15353 344.71402 26.81063 0.04646 -0.01325 0.85689 0.51322
58208.294815000 -204.15654 344.71985 26.81305 0.04649 -0.01329 0.85692 0.51318
58208.496535000 -204.15457 344.71771 26.81142 0.04640 -0.01316 0.85692 0.51320
58208.698255000 -204.15584 344.71500 26.81135 0.04639 -0.01319 0.85695 0.51314
58208.899974000 -204.15283 344.71265 26.81252 0.04641 -0.01320 0.85689 0.51323
58209.101694000 -204.15245 344.71628 26.81158 0.04644 -0.01329 0.85691 0.51321
58209.303414000 -204.15440 344.71884 26.81362 0.04639 -0.01320 0.85690 0.51322
58209.505134000 -204.15477 344.71634 26.80939 0.04642 -0.01326 0.85691 0.51320
58209.706854000 -204.15311 344.71100 26.80952 0.04640 -0.01326 0.85689 0.51324
58209.908574000 -204.15112 344.71417 26.80976 0.04640 -0.01330 0.85689 0.51323
58210.110293000 -204.15147 344.71347 26.81026 0.04641 -0.01329 0.85692 0.51319
58210.312013000 -204.15309 344.71411 26.81111 0.04630 -0.01323 0.85692 0.51319
58210.513733000 -204.15321 344.71591 26.81079 0.04641 -0.01325 0.85693 0.51316
58210.715453000 -204.15302 344.71606 26.81157 0.04633 -0.01320 0.85693 0.51317
58210.917173000 -204.15291 344.71704 26.81574 0.04643 -0.01319 0.85691 0.51320
58211.118893000 -204.15244 344.72119 26.81410 0.04648 -0.01323 0.85690 0.51321
58211.320612000 -204.15240 344.71854 26.81405 0.04636 -0.01314 0.85693 0.51318
58211.522332000 -204.15431 344.71707 26.81554 0.04637 -0.01318 0.85694 0.51316
58211.724052000 -204.15305 344.71680 26.81305 0.04645 -0.01319 0.85693 0.51317
58211.925772000 -204.15208 344.71945 26.81388 0.04645 -0.01325 0.85692 0.51317
58212.127492000 -204.15076 344.71683 26.81414 0.04636 -0.01316 0.85691 0.51321
58212.329212000 -204.15276 344.71777 26.81382 0.04637 -0.01317 0.85693 0.51318
58212.530931000 -204.15111 344.71957 26.81318 0.04646 -0.01321 0.85692 0.51319
58212.732651000 -204.15437 344.72025 26.81264 0.04641 -0.01319 0.85694 0.51316
58212.934371000 -204.15161 344.72171 26.81379 0.04650 -0.01326 0.85691 0.51319
58213.136091000 -204.15331 344.72137 26.81488 0.04644 -0.01325 0.85689 0.51324
58213.337811000 -204.15355 344.72043 26.81371 0.04642 -0.01319 0.85691 0.51320
58213.539531000 -204.15384 344.71619 26.81385 0.04649 -0.01324 0.85693 0.51316
58213.741250000 -204.15276 344.71878 26.81331 0.04652 -0.01332 0.85691 0.51319
58213.942970000 -204.15128 344.72012 26.81407 0.04642 -0.01321 0.85692 0.51319
58214.144690000 -204.15169 344.71851 26.81410 0.04647 -0.01327 0.85690 0.51320
58214.346410000 -204.15247 344.72134 26.81500 0.04642 -0.01322 0.85691 0.51320
58214.548130000 -204.15320 344.71683 26.81314 0.04643 -0.01325 0.85692 0.51318
58214.749850000 -204.15279 344.71918 26.81045 0.04645 -0.01327 0.85692 0.51318
58214.951569000 -204.15266 344.72006 26.81320 0.04646 -0.01328 0.85691 0.51320
58215.153289000 -204.15218 344.71875 26.81345 0.04637 -0.01316 0.85690 0.51322
58215.355009000 -204.15337 344.71951 26.81293 0.04644 -0.01323 0.85693 0.51317
58215.556729000 -204.15378 344.71793 26.81418 0.04648 -0.01325 0.85693 0.51316
58215.758449000 -204.15323 344.71918 26.81476 0.04646 -0.01323 0.85693 0.51316
58215.960169000 -204.15254 344.71826 26.81134 0.04637 -0.01321 0.85690 0.51322
58216.161888000 -204.15416 344.71732 26.81230 0.04642 -0.01319 0.85694 0.51315
58216.363608000 -204.15526 344.71753 26.81342 0.04648 -0.01319 0.85692 0.51318
58216.565328000 -204.15524 344.72287 26.81255 0.04647 -0.01326 0.85692 0.51319
58216.767048000 -204.15431 344.72086 26.81384 0.04653 -0.01329 0.85692 0.51317
58216.968769000 -204.15315 344.71982 26.81364 0.04652 -0.01326 0.85691 0.51319
58217.170489000 -204.15193 344.72131 26.81280 0.04655 -0.01328 0.85689 0.51323
58217.372208000 -204.15515 344.72479 26.81299 0.04652 -0.01327 0.85691 0.51319
58217.573928000 -204.15236 344.72348 26.81223 0.04653 -0.01323 0.85692 0.51318
58217.775648000 -204.15359 344.71844 26.81281 0.04647 -0.01323 0.85691 0.51319
58217.977368000 -204.15320 344.72110 26.80870 0.04642 -0.01315 0.85692 0.51318
58218.179088000 -204.15353 344.72003 26.80962 0.04649 -0.01325 0.85691 0.51320
58218.380808000 -204.15608 344.72470 26.80715 0.04650 -0.01330 0.85691 0.51319
58218.582527000 -204.15553 344.72211 26.80792 0.04645 -0.01324 0.85691 0.51320
58218.784247000 -204.15402 344.72369 26.80856 0.04647 -0.01322 0.85691 0.51320
58218.985967000 -204.15474 344.71811 26.80978 0.04643 -0.01321 0.85691 0.51321
58219.187687000 -204.15475 344.72269 26.80712 0.04660 -0.01329 0.85688 0.51323
58219.389407000 -204.15486 344.71939 26.80675 0.04657 -0.01326 0.85689 0.51323
58219.591127000 -204.15366 344.72577 26.80876 0.04672 -0.01330 0.85688 0.51323
58219.792846000 -204.15239 344.72144 26.80804 0.04646 -0.01324 0.85690 0.51321
58219.994566000 -204.15326 344.72202 26.81231 0.04647 -0.01327 0.85693 0.51316
58220.196286000 -204.15160 344.72595 26.81421 0.04645 -0.01323 0.85690 0.51321
58220.398006000 -204.15331 344.72232 26.81071 0.04639 -0.01321 0.85692 0.51319
58220.599726000 -204.15335 344.72424 26.80944 0.04642 -0.01324 0.85690 0.51321
58220.801446000 -204.15225 344.72205 26.80655 0.04642 -0.01325 0.85690 0.51322
58221.003165000 -204.15384 344.72369 26.80800 0.04649 -0.01333 0.85693 0.51317
58221.204885000 -204.15378 344.72375 26.80978 0.04652 -0.01330 0.85689 0.51322
58221.406605000 -204.15572 344.72546 26.80694 0.04648 -0.01327 0.85692 0.51318
58221.608325000 -204.15425 344.72269 26.80512 0.04649 -0.01329 0.85689 0.51322
58221.810045000 -204.15353 344.72510 26.80667 0.04648 -0.01333 0.85690 0.51322
58222.011765000 -204.15157 344.72278 26.80895 0.04645 -0.01327 0.85690 0.51322
58222.213484000 -204.15366 344.72342 26.80514 0.04652 -0.01337 0.85692 0.51317
58222.415204000 -204.15297 344.72192 26.80474 0.04656 -0.01336 0.85689 0.51321
58222.616924000 -204.15303 344.72299 26.80488 0.04643 -0.01326 0.85689 0.51323
58222.818644000 -204.15424 344.72192 26.80634 0.04650 -0.01335 0.85691 0.51319
58223.020364000 -204.15381 344.72073 26.80450 0.04651 -0.01331 0.85694 0.51315
58223.222084000 -204.15269 344.71692 26.80429 0.04644 -0.01327 0.85691 0.51320
58223.423803000 -204.15462 344.72086 26.80769 0.04645 -0.01324 0.85691 0.51320
58223.625523000 -204.15334 344.72260 26.80859 0.04653 -0.01328 0.85690 0.51321
58223.827243000 -204.15358 344.71988 26.80882 0.04649 -0.01326 0.85691 0.51319
58224.028963000 -204.15375 344.72635 26.80885 0.04652 -0.01323 0.85689 0.51322
58224.230683000 -204.15302 344.72406 26.80725 0.04651 -0.01328 0.85688 0.51324
58224.432403000 -204.15428 344.72308 26.80758 0.04662 -0.01335 0.85692 0.51317
58224.634122000 -204.15472 344.72284 26.80753 0.04657 -0.01327 0.85695 0.51313
58224.835842000 -204.15456 344.72534 26.80689 0.04666 -0.01333 0.85693 0.51314
58225.037562000 -204.15353 344.72626 26.80572 0.04664 -0.01334 0.85691 0.51318
58225.239282000 -204.15559 344.72473 26.80540 0.04662 -0.01332 0.85690 0.51319
58225.441002000 -204.15474 344.72330 26.80646 0.04663 -0.01327 0.85692 0.51316
58225.642722000 -204.15654 344.72830 26.80826 0.04661 -0.01330 0.85692 0.51316
58225.844441000 -204.15582 344.72318 26.80668 0.04662 -0.01330 0.85691 0.51319
58226.046161000 -204.15340 344.72198 26.80906 0.04658 -0.01324 0.85690 0.51320
58226.247881000 -204.15451 344.72137 26.80914 0.04660 -0.01321 0.85692 0.51317
58226.449601000 -204.15594 344.72189 26.80711 0.04662 -0.01329 0.85691 0.51318
58226.651321000 -204.15544 344.72195 26.80910 0.04662 -0.01325 0.85691 0.51318
58226.853041000 -204.15761 344.72067 26.80709 0.04663 -0.01330 0.85692 0.51316
58227.054760000 -204.15712 344.72177 26.80960 0.04660 -0.01328 0.85692 0.51316
58227.256480000 -204.15463 344.72226 26.80923 0.04657 -0.01324 0.85689 0.51322
58227.458200000 -204.15523 344.72028 26.80845 0.04660 -0.01325 0.85692 0.51317
58227.659920000 -204.15356 344.71884 26.81096 0.04654 -0.01322 0.85690 0.51320
58227.861640000 -204.15492 344.71942 26.80769 0.04662 -0.01328 0.85691 0.51318
58228.063360000 -204.15756 344.72113 26.81031 0.04667 -0.01331 0.85693 0.51315
58228.265079000 -204.15501 344.72009 26.81059 0.04657 -0.01324 0.85692 0.51317
58228.466799000 -204.15395 344.71667 26.80898 0.04661 -0.01327 0.85691 0.51318
58228.668519000 -204.15366 344.72159 26.81050 0.04650 -0.01328 0.85688 0.51324
58228.870239000 -204.15312 344.71738 26.81100 0.04648 -0.01320 0.85690 0.51321
58229.071959000 -204.15666 344.72043 26.80963 0.04650 -0.01326 0.85693 0.51316
58229.273679000 -204.15736 344.72247 26.81097 0.04655 -0.01321 0.85693 0.51316
58229.475398000 -204.15489 344.72330 26.81013 0.04661 -0.01328 0.85692 0.51317
58229.677118000 -204.15759 344.71689 26.80739 0.04660 -0.01323 0.85693 0.51315
58229.878838000 -204.16029 344.72253 26.80788 0.04666 -0.01340 0.85693 0.51315
58230.080558000 -204.15633 344.71869 26.81061 0.04660 -0.01331 0.85692 0.51316
58230.282278000 -204.15884 344.72134 26.80897 0.04667 -0.01327 0.85693 0.51314
58230.483998000 -204.15959 344.71649 26.80781 0.04666 -0.01320 0.85691 0.51319
58230.685717000 -204.15970 344.72110 26.80697 0.04675 -0.01325 0.85693 0.51313
58230.887437000 -204.16104 344.71786 26.80610 0.04677 -0.01327 0.85694 0.51312
58231.089157000 -204.16066 344.72031 26.80785 0.04662 -0.01328 0.85695 0.51312
58231.290877000 -204.15913 344.71716 26.80589 0.04673 -0.01330 0.85692 0.51315
58231.492597000 -204.15761 344.71332 26.80906 0.04657 -0.01324 0.85693 0.51315
58231.694317000 -204.16003 344.71588 26.80741 0.04649 -0.01314 0.85696 0.51311
58231.896036000 -204.15903 344.71118 26.80927 0.04641 -0.01312 0.85697 0.51311
58232.097756000 -204.15839 344.71457 26.80840 0.04656 -0.01316 0.85694 0.51313
58232.299476000 -204.15640 344.71594 26.81072 0.04646 -0.01315 0.85693 0.51317
58232.501196000 -204.15988 344.71970 26.80915 0.04646 -0.01320 0.85695 0.51314
58232.702916000 -204.15837 344.71454 26.80972 0.04639 -0.01313 0.85694 0.51315
58232.904636000 -204.15800 344.71494 26.81225 0.04642 -0.01312 0.85696 0.51313
58233.106355000 -204.15977 344.71750 26.81094 0.04637 -0.01314 0.85696 0.51312
58233.308075000 -204.16013 344.71899 26.81079 0.04638 -0.01320 0.85698 0.51310
58233.509795000 -204.15860 344.71866 26.81172 0.04640 -0.01323 0.85696 0.51312
58233.711515000 -204.15875 344.71570 26.81079 0.04633 -0.01321 0.85694 0.51316
58233.913235000 -204.15755 344.71545 26.80775 0.04632 -0.01315 0.85695 0.51315
58234.114956000 -204.15921 344.72269 26.80990 0.04637 -0.01330 0.85693 0.51317
58234.316675000 -204.15793 344.71771 26.80886 0.04642 -0.01320 0.85695 0.51314
58234.518395000 -204.15733 344.71732 26.81026 0.04647 -0.01328 0.85696 0.51311
58234.720115000 -204.15541 344.71918 26.80894 0.04655 -0.01336 0.85692 0.51318
58234.921835000 -204.15776 344.72009 26.80543 0.04651 -0.01328 0.85693 0.51315
58235.123555000 -204.15508 344.71481 26.80832 0.04647 -0.01321 0.85692 0.51318
58235.325275000 -204.15669 344.72174 26.80443 0.04652 -0.01345 0.85688 0.51323
58235.526994000 -204.15681 344.72189 26.80718 0.04648 -0.01339 0.85690 0.51321
58235.728714000 -204.15897 344.72324 26.80527 0.04643 -0.01335 0.85684 0.51332
58235.930434000 -204.15698 344.71701 26.80289 0.04640 -0.01327 0.85687 0.51327
58236.132154000 -204.15712 344.71738 26.80304 0.04647 -0.01332 0.85685 0.51329
58236.333874000 -204.16075 344.72000 26.79991 0.04650 -0.01346 0.85681 0.51336
58236.535593000 -204.16283 344.71970 26.79929 0.04654 -0.01352 0.85679 0.51338
58236.737313000 -204.16541 344.71774 26.79662 0.04652 -0.01365 0.85680 0.51336
58236.939033000 -204.16100 344.71356 26.78029 0.04636 -0.01412 0.85683 0.51332
58237.140753000 -204.14449 344.69806 26.76586 0.04626 -0.01433 0.85695 0.51312
58237.342473000 -204.13593 344.69757 26.76988 0.04610 -0.01428 0.85695 0.51314
58237.544193000 -204.13759 344.69534 26.77264 0.04605 -0.01408 0.85697 0.51311
58237.745912000 -204.14572 344.69534 26.76774 0.04597 -0.01412 0.85695 0.51315
58237.947632000 -204.14041 344.68823 26.75611 0.04572 -0.01442 0.85704 0.51301
58238.149352000 -204.13760 344.68124 26.76183 0.04573 -0.01424 0.85709 0.51294
58238.351072000 -204.13905 344.67798 26.76696 0.04576 -0.01398 0.85709 0.51294
58238.552792000 -204.13704 344.67953 26.76198 0.04556 -0.01413 0.85706 0.51301
58238.754512000 -204.13766 344.67889 26.75702 0.04554 -0.01421 0.85709 0.51296
58238.956231000 -204.13171 344.67960 26.75489 0.04545 -0.01436 0.85709 0.51296
58239.157951000 -204.13257 344.67554 26.75915 0.04541 -0.01417 0.85714 0.51288
58239.359671000 -204.13300 344.68024 26.76543 0.04563 -0.01390 0.85708 0.51296
58239.561391000 -204.14047 344.68237 26.76981 0.04562 -0.01369 0.85707 0.51300
58239.763111000 -204.13602 344.68829 26.75894 0.04532 -0.01404 0.85708 0.51299
58239.964831000 -204.13701 344.68350 26.76640 0.04546 -0.01385 0.85711 0.51293
58240.166550000 -204.13779 344.67145 26.76779 0.04560 -0.01364 0.85714 0.51288
58240.368270000 -204.13863 344.68994 26.77440 0.04580 -0.01364 0.85711 0.51290
58240.569990000 -204.13869 344.68613 26.76934 0.04556 -0.01381 0.85711 0.51293
58240.771710000 -204.13776 344.69226 26.77817 0.04579 -0.01362 0.85706 0.51300
58240.973430000 -204.14127 344.69040 26.77910 0.04564 -0.01350 0.85708 0.51299
58241.175150000 -204.14049 344.69049 26.78361 0.04587 -0.01336 0.85705 0.51301
58241.376869000 -204.14120 344.70007 26.78818 0.04602 -0.01332 0.85703 0.51304
58241.578589000 -204.13672 344.69894 26.79251 0.04610 -0.01325 0.85698 0.51311
58241.780309000 -204.14293 344.70068 26.79072 0.04597 -0.01325 0.85703 0.51305
58241.982029000 -204.14030 344.69788 26.79026 0.04610 -0.01326 0.85699 0.51310
58242.183749000 -204.13895 344.69012 26.78892 0.04602 -0.01324 0.85702 0.51306
58242.385469000 -204.14188 344.70322 26.79395 0.04607 -0.01321 0.85702 0.51305
58242.587188000 -204.14001 344.70084 26.79323 0.04616 -0.01322 0.85699 0.51310
58242.788908000 -204.14207 344.70276 26.79197 0.04618 -0.01322 0.85699 0.51309
58242.990628000 -204.14680 344.70270 26.79136 0.04626 -0.01326 0.85699 0.51308
58243.192348000 -204.14700 344.70447 26.79561 0.04629 -0.01327 0.85701 0.51305
58243.394068000 -204.14206 344.70029 26.79263 0.04633 -0.01329 0.85700 0.51306
58243.595788000 -204.14200 344.70123 26.79460 0.04632 -0.01325 0.85699 0.51307
58243.797507000 -204.14903 344.69916 26.79324 0.04638 -0.01327 0.85704 0.51299
58243.999227000 -204.14487 344.69617 26.79395 0.04623 -0.01319 0.85706 0.51297
58244.200947000 -204.14420 344.70462 26.79227 0.04622 -0.01325 0.85701 0.51304
58244.402667000 -204.14246 344.69623 26.79524 0.04619 -0.01315 0.85703 0.51302
58244.604387000 -204.14589 344.69983 26.79489 0.04629 -0.01323 0.85700 0.51305
58244.806107000 -204.14302 344.70499 26.79679 0.04635 -0.01329 0.85700 0.51306
58245.007826000 -204.14665 344.70132 26.79233 0.04625 -0.01323 0.85700 0.51307
58245.209546000 -204.14711 344.70224 26.79128 0.04626 -0.01325 0.85701 0.51305
58245.411266000 -204.14429 344.70551 26.79502 0.04621 -0.01321 0.85697 0.51313
58245.612986000 -204.14343 344.69684 26.79455 0.04624 -0.01321 0.85700 0.51306
58245.814706000 -204.14343 344.70035 26.79543 0.04624 -0.01326 0.85699 0.51307
58246.016426000 -204.14758 344.70428 26.79796 0.04626 -0.01321 0.85701 0.51305
58246.218145000 -204.14601 344.69940 26.79762 0.04634 -0.01321 0.85701 0.51305
58246.419865000 -204.14650 344.70731 26.79793 0.04633 -0.01320 0.85696 0.51313
58246.621585000 -204.14915 344.71146 26.79920 0.04633 -0.01325 0.85696 0.51313
58246.823305000 -204.14894 344.71158 26.79855 0.04626 -0.01325 0.85696 0.51312
58247.025025000 -204.15312 344.71744 26.80165 0.04631 -0.01327 0.85695 0.51315
58247.226745000 -204.15393 344.71548 26.79940 0.04636 -0.01323 0.85694 0.51316
58247.428464000 -204.15547 344.71365 26.80175 0.04634 -0.01317 0.85694 0.51316
58247.630184000 -204.15601 344.71707 26.80118 0.04631 -0.01317 0.85692 0.51319
58247.831904000 -204.15367 344.71890 26.80435 0.04632 -0.01321 0.85691 0.51321
58248.033624000 -204.15373 344.71848 26.80559 0.04633 -0.01321 0.85695 0.51315
58248.235344000 -204.15224 344.71936 26.80753 0.04639 -0.01321 0.85692 0.51319
58248.437064000 -204.15369 344.71539 26.80616 0.04632 -0.01317 0.85694 0.51316
58248.638783000 -204.15530 344.71878 26.80655 0.04640 -0.01323 0.85693 0.51316
58248.840503000 -204.15506 344.71701 26.80869 0.04635 -0.01315 0.85694 0.51316
58249.042223000 -204.15454 344.71927 26.80596 0.04630 -0.01314 0.85695 0.51315
58249.243943000 -204.15346 344.71991 26.81028 0.04632 -0.01317 0.85693 0.51318
58249.445663000 -204.15474 344.71823 26.81120 0.04638 -0.01317 0.85694 0.51316
58249.647383000 -204.15474 344.71594 26.81081 0.04636 -0.01312 0.85695 0.51315
58249.849102000 -204.15320 344.71466 26.81306 0.04643 -0.01322 0.85694 0.51315
58250.050823000 -204.15218 344.72034 26.81249 0.04636 -0.01315 0.85693 0.51317
58250.252543000 -204.15382 344.71716 26.81206 0.04644 -0.01321 0.85692 0.51318
58250.454263000 -204.15236 344.71799 26.81259 0.04640 -0.01318 0.85692 0.51319
58250.655983000 -204.15248 344.71689 26.81097 0.04634 -0.01316 0.85694 0.51315
58250.857703000 -204.15431 344.71707 26.81240 0.04646 -0.01323 0.85692 0.51318
58251.059422000 -204.15367 344.71783 26.81295 0.04635 -0.01319 0.85694 0.51316
58251.261142000 -204.15207 344.71899 26.81171 0.04644 -0.01322 0.85693 0.51316
58251.462862000 -204.15221 344.71860 26.81013 0.04640 -0.01318 0.85693 0.51318
58251.664582000 -204.15536 344.71664 26.80873 0.04636 -0.01316 0.85694 0.51316
58251.866302000 -204.15297 344.71503 26.81044 0.04635 -0.01323 0.85693 0.51317
58252.068022000 -204.15367 344.71805 26.81093 0.04639 -0.01317 0.85694 0.51316
58252.269741000 -204.15120 344.71854 26.81369 0.04645 -0.01321 0.85693 0.51317
58252.471461000 -204.15190 344.72064 26.81171 0.04637 -0.01318 0.85692 0.51320
58252.673181000 -204.15359 344.71762 26.81230 0.04640 -0.01317 0.85692 0.51319
58252.874901000 -204.15483 344.71964 26.81144 0.04634 -0.01316 0.85695 0.51315
58253.076621000 -204.15231 344.71875 26.81173 0.04637 -0.01318 0.85691 0.51321
58253.278341000 -204.15298 344.72052 26.81237 0.04633 -0.01312 0.85691 0.51322
58253.480060000 -204.14957 344.71790 26.81205 0.04634 -0.01312 0.85691 0.51322
58253.681780000 -204.15167 344.71481 26.81089 0.04638 -0.01313 0.85691 0.51321
58253.883500000 -204.15138 344.71368 26.81153 0.04637 -0.01313 0.85693 0.51317
58254.085220000 -204.15076 344.71515 26.81095 0.04640 -0.01319 0.85692 0.51319
58254.286940000 -204.15083 344.71692 26.81185 0.04632 -0.01315 0.85693 0.51319
58254.488659000 -204.15266 344.71832 26.81300 0.04636 -0.01315 0.85691 0.51322
58254.690379000 -204.14857 344.71863 26.81093 0.04635 -0.01317 0.85687 0.51327
58254.892099000 -204.15083 344.71768 26.81178 0.04634 -0.01314 0.85690 0.51322
58255.093819000 -204.15100 344.71579 26.81234 0.04632 -0.01309 0.85693 0.51319
58255.295539000 -204.15274 344.72058 26.81240 0.04636 -0.01313 0.85692 0.51319
58255.497259000 -204.15024 344.71811 26.81473 0.04636 -0.01313 0.85693 0.51318
58255.698978000 -204.15184 344.71783 26.81301 0.04643 -0.01316 0.85691 0.51320
58255.900698000 -204.15196 344.71927 26.81173 0.04640 -0.01320 0.85692 0.51319
58256.102418000 -204.15047 344.71863 26.81280 0.04636 -0.01314 0.85692 0.51320
58256.304138000 -204.15010 344.71701 26.81451 0.04645 -0.01316 0.85693 0.51317
58256.505858000 -204.15309 344.71783 26.81474 0.04645 -0.01320 0.85692 0.51318
58256.707578000 -204.15140 344.71872 26.81468 0.04643 -0.01314 0.85689 0.51323
58256.909297000 -204.15105 344.71854 26.81564 0.04639 -0.01315 0.85691 0.51321
58257.111017000 -204.15240 344.71631 26.81421 0.04642 -0.01316 0.85691 0.51321
58257.312737000 -204.15268 344.71790 26.81478 0.04645 -0.01321 0.85690 0.51321
58257.514457000 -204.15169 344.71890 26.81499 0.04643 -0.01318 0.85691 0.51320
58257.716177000 -204.15060 344.71820 26.81449 0.04639 -0.01315 0.85690 0.51322
58257.917897000 -204.15048 344.71411 26.81419 0.04637 -0.01315 0.85693 0.51317
58258.119616000 -204.15292 344.71280 26.81481 0.04644 -0.01318 0.85691 0.51320
58258.321336000 -204.15118 344.71539 26.81287 0.04637 -0.01314 0.85693 0.51318
58258.523056000 -204.15253 344.71402 26.81358 0.04634 -0.01314 0.85693 0.51318
58258.724776000 -204.15131 344.71173 26.81234 0.04636 -0.01316 0.85693 0.51317
58258.926496000 -204.15140 344.71436 26.81435 0.04643 -0.01318 0.85695 0.51314
58259.128216000 -204.15144 344.71396 26.81185 0.04653 -0.01328 0.85694 0.51314
58259.329935000 -204.15869 344.72705 26.81371 0.04655 -0.01324 0.85694 0.51314
58259.531655000 -204.16269 344.74658 26.81452 0.04648 -0.01332 0.85692 0.51317
58259.733375000 -204.18204 344.77640 26.81565 0.04670 -0.01348 0.85688 0.51321
58259.935095000 -204.20248 344.81732 26.81950 0.04698 -0.01367 0.85683 0.51328
58260.136815000 -204.23337 344.86893 26.82553 0.04714 -0.01385 0.85683 0.51326
58260.338535000 -204.27948 344.95151 26.83590 0.04731 -0.01408 0.85682 0.51325
58260.540254000 -204.32764 345.04187 26.84553 0.04742 -0.01422 0.85675 0.51335
58260.741974000 -204.39908 345.16949 26.85707 0.04755 -0.01437 0.85680 0.51325
58260.943694000 -204.49130 345.34457 26.86518 0.04895 -0.01535 0.85666 0.51332
58261.145414000 -204.62556 345.59644 26.88800 0.04999 -0.01606 0.85675 0.51306
58261.347134000 -204.78386 345.90411 26.92048 0.04972 -0.01583 0.85669 0.51319
58261.548854000 -204.99341 346.29413 26.96417 0.04981 -0.01624 0.85681 0.51296
58261.750573000 -205.23390 346.72598 27.01584 0.04964 -0.01661 0.85690 0.51282
58261.952293000 -205.49644 347.23651 27.06989 0.05024 -0.01674 0.85691 0.51274
58262.154013000 -205.79010 347.80197 27.13423 0.05047 -0.01686 0.85697 0.51262
58262.355733000 -206.13408 348.43652 27.19722 0.05059 -0.01746 0.85688 0.51273
58262.557453000 -206.49588 349.13876 27.27596 0.05042 -0.01720 0.85704 0.51249
58262.759173000 -206.90833 349.90305 27.36503 0.05001 -0.01671 0.85724 0.51221
58262.960892000 -207.32002 350.68817 27.45072 0.05020 -0.01681 0.85731 0.51208
58263.162612000 -207.75893 351.53452 27.53933 0.05082 -0.01679 0.85721 0.51218
58263.364332000 -208.24261 352.43417 27.63311 0.05109 -0.01695 0.85736 0.51190
58263.566052000 -208.74440 353.37738 27.74418 0.05103 -0.01677 0.85742 0.51181
58263.767772000 -209.26393 354.36020 27.85819 0.05064 -0.01636 0.85745 0.51180
58263.969492000 -209.81564 355.39169 27.97442 0.04981 -0.01564 0.85782 0.51129
58264.171211000 -210.35504 356.40320 28.09694 0.04871 -0.01468 0.85790 0.51130
58264.372931000 -210.89789 357.39142 28.21578 0.04791 -0.01451 0.85805 0.51112
58264.574651000 -211.41240 358.36325 28.31616 0.04776 -0.01438 0.85809 0.51106
58264.776371000 -211.93808 359.32129 28.41424 0.04767 -0.01489 0.85806 0.51112
58264.978092000 -212.44270 360.24985 28.52868 0.04828 -0.01609 0.85810 0.51096
58265.179812000 -212.94530 361.17230 28.62901 0.04820 -0.01659 0.85808 0.51097
58265.381531000 -213.42299 362.07446 28.72228 0.04719 -0.01631 0.85816 0.51095
58265.583251000 -213.88423 362.92484 28.81891 0.04794 -0.01719 0.85804 0.51105
58265.784971000 -214.34384 363.76193 28.90975 0.04699 -0.01693 0.85808 0.51109
58265.986691000 -214.76324 364.58301 29.00880 0.04682 -0.01626 0.85813 0.51104
58266.188411000 -215.20047 365.38058 29.09639 0.04646 -0.01631 0.85818 0.51098
58266.390131000 -215.61571 366.15250 29.17929 0.04636 -0.01620 0.85839 0.51064
58266.591850000 -216.00360 366.90216 29.27630 0.04667 -0.01572 0.85922 0.50924
58266.793570000 -216.42065 367.61127 29.34898 0.04702 -0.01736 0.85973 0.50828
58266.995290000 -216.79390 368.32047 29.40952 0.04844 -0.01729 0.86020 0.50736
58267.197010000 -217.15118 369.02591 29.50026 0.04957 -0.01665 0.86066 0.50649
58267.398730000 -217.55548 369.70758 29.58584 0.04804 -0.01733 0.86099 0.50605
58267.600450000 -217.92589 370.38098 29.65698 0.04826 -0.01715 0.86199 0.50434
58267.802169000 -218.29236 371.04507 29.74347 0.04870 -0.01686 0.86321 0.50220
58268.003889000 -218.66693 371.69547 29.81651 0.04858 -0.01741 0.86452 0.49994
58268.205609000 -219.03958 372.34219 29.88429 0.04911 -0.01782 0.86576 0.49773
58268.407329000 -219.40421 372.97205 29.96730 0.04918 -0.01803 0.86698 0.49558
58268.609049000 -219.77890 373.59488 30.03695 0.04870 -0.01841 0.86823 0.49343
58268.810769000 -220.14850 374.21353 30.10733 0.04856 -0.01851 0.86936 0.49144
58269.012488000 -220.51273 374.83249 30.18400 0.04846 -0.01826 0.87052 0.48940
58269.214208000 -220.88359 375.44739 30.26132 0.04811 -0.01831 0.87156 0.48758
58269.415928000 -221.25009 376.03574 30.33005 0.04830 -0.01871 0.87253 0.48581
58269.617648000 -221.61798 376.61398 30.39758 0.04841 -0.01933 0.87350 0.48403
58269.819368000 -221.98174 377.19345 30.46584 0.04841 -0.01976 0.87427 0.48262
58270.021088000 -222.35336 377.77386 30.53622 0.04843 -0.02014 0.87486 0.48152
58270.222807000 -222.72151 378.35400 30.60686 0.04853 -0.02072 0.87527 0.48074
58270.424527000 -223.10442 378.91797 30.68441 0.04829 -0.02119 0.87505 0.48115
58270.626247000 -223.48515 379.48584 30.75694 0.04741 -0.02204 0.87444 0.48230
58270.827967000 -223.84593 380.06598 30.82238 0.04757 -0.02196 0.87335 0.48427
58271.029687000 -224.19342 380.66086 30.89082 0.04896 -0.02121 0.87187 0.48682
58271.231407000 -224.54950 381.21414 30.95247 0.04894 -0.02202 0.87066 0.48895
58271.433126000 -224.89288 381.75388 31.02462 0.04916 -0.02324 0.86965 0.49067
58271.634846000 -225.20557 382.33090 31.09348 0.04999 -0.02217 0.86863 0.49244
58271.836566000 -225.51578 382.89896 31.16707 0.05003 -0.02125 0.86752 0.49442
58272.038286000 -225.84950 383.44437 31.23784 0.04915 -0.02163 0.86631 0.49660
58272.240006000 -226.14763 383.98059 31.30865 0.04860 -0.02152 0.86564 0.49785
58272.441726000 -226.42981 384.50223 31.37409 0.04858 -0.02078 0.86459 0.49968
58272.643445000 -226.69664 384.99231 31.43756 0.04834 -0.02042 0.86377 0.50115
58272.845165000 -226.94521 385.44946 31.48710 0.04837 -0.02005 0.86283 0.50278
58273.046885000 -227.17943 385.83429 31.53183 0.04791 -0.02027 0.86220 0.50388
58273.248605000 -227.38193 386.20862 31.57880 0.04763 -0.02036 0.86153 0.50507
58273.450325000 -227.56593 386.54831 31.61800 0.04716 -0.02027 0.86099 0.50602
58273.652045000 -227.73393 386.84750 31.65678 0.04712 -0.02017 0.86046 0.50693
58273.853764000 -227.87622 387.12018 31.68408 0.04716 -0.01989 0.85998 0.50775
58274.055484000 -227.99771 387.33871 31.70919 0.04740 -0.02009 0.85960 0.50836
58274.257204000 -228.09744 387.52667 31.72797 0.04742 -0.02049 0.85929 0.50887
58274.458924000 -228.18762 387.68503 31.74592 0.04747 -0.02065 0.85903 0.50931
58274.660644000 -228.26514 387.83182 31.76497 0.04750 -0.02067 0.85881 0.50967
58274.862364000 -228.31892 387.95016 31.77925 0.04768 -0.02067 0.85867 0.50989
58275.064083000 -228.36575 388.03369 31.78762 0.04786 -0.02056 0.85847 0.51022
58275.265803000 -228.40495 388.10968 31.79565 0.04800 -0.02059 0.85836 0.51038
58275.467523000 -228.43463 388.16400 31.80172 0.04812 -0.02061 0.85828 0.51051
58275.669243000 -228.45329 388.19647 31.80755 0.04816 -0.02069 0.85822 0.51060
58275.870963000 -228.46130 388.21030 31.80965 0.04828 -0.02065 0.85820 0.51062
58276.072683000 -228.45993 388.20490 31.80993 0.04838 -0.02081 0.85824 0.51054
58276.274402000 -228.45390 388.19308 31.80381 0.04896 -0.02119 0.85818 0.51057
58276.476122000 -228.45689 388.20010 31.80102 0.04894 -0.02113 0.85818 0.51057
58276.677842000 -228.45631 388.19876 31.80498 0.04879 -0.02109 0.85818 0.51059
58276.879562000 -228.45650 388.19449 31.80546 0.04888 -0.02102 0.85816 0.51062
58277.081283000 -228.45537 388.19907 31.80802 0.04883 -0.02105 0.85817 0.51060
58277.283003000 -228.45419 388.19699 31.80855 0.04886 -0.02104 0.85816 0.51062
58277.484722000 -228.45454 388.19733 31.80658 0.04881 -0.02109 0.85819 0.51058
58277.686442000 -228.45253 388.19696 31.80627 0.04878 -0.02110 0.85820 0.51057
58277.888162000 -228.45259 388.19882 31.80736 0.04886 -0.02111 0.85817 0.51060
58278.089882000 -228.45175 388.19720 31.80495 0.04877 -0.02111 0.85818 0.51059
58278.291602000 -228.45338 388.19794 31.80713 0.04881 -0.02103 0.85821 0.51054
58278.493322000 -228.45139 388.19391 31.80762 0.04882 -0.02106 0.85816 0.51062
58278.695041000 -228.45277 388.19617 31.80706 0.04879 -0.02107 0.85818 0.51059
58278.896761000 -228.45282 388.19675 31.80520 0.04879 -0.02108 0.85817 0.51060
58279.098481000 -228.45287 388.19821 31.80752 0.04885 -0.02108 0.85818 0.51058
58279.300201000 -228.45282 388.19815 31.80717 0.04881 -0.02112 0.85817 0.51060
58279.501921000 -228.44963 388.19574 31.80606 0.04872 -0.02106 0.85817 0.51061
58279.703641000 -228.45047 388.19479 31.80613 0.04875 -0.02107 0.85819 0.51058
58279.905360000 -228.44997 388.19452 31.80542 0.04871 -0.02110 0.85820 0.51057
58280.107080000 -228.45058 388.19446 31.80702 0.04885 -0.02113 0.85814 0.51065
58280.308800000 -228.45192 388.19754 31.80810 0.04889 -0.02106 0.85817 0.51061
58280.510520000 -228.45226 388.19583 31.80632 0.04874 -0.02107 0.85818 0.51059
58280.712240000 -228.45238 388.19632 31.80515 0.04870 -0.02109 0.85820 0.51056
58280.913960000 -228.45189 388.19513 31.80461 0.04873 -0.02111 0.85817 0.51061
58281.115679000 -228.45279 388.19675 31.80524 0.04882 -0.02113 0.85819 0.51056
58281.317399000 -228.45108 388.19891 31.80652 0.04891 -0.02113 0.85816 0.51061
58281.519119000 -228.45270 388.19519 31.80576 0.04881 -0.02111 0.85817 0.51061
58281.720839000 -228.45293 388.19614 31.80814 0.04875 -0.02103 0.85820 0.51057
58281.922559000 -228.45271 388.19482 31.80733 0.04891 -0.02106 0.85817 0.51060
58282.124279000 -228.45195 388.19418 31.80642 0.04882 -0.02106 0.85816 0.51061
58282.325998000 -228.45123 388.19519 31.80715 0.04876 -0.02107 0.85820 0.51056
58282.527718000 -228.44893 388.18954 31.80666 0.04881 -0.02104 0.85816 0.51062
58282.729438000 -228.45107 388.19235 31.80442 0.04877 -0.02109 0.85817 0.51060
58282.931158000 -228.45190 388.19812 31.80465 0.04888 -0.02108 0.85817 0.51060
58283.132878000 -228.46048 388.21313 31.80796 0.04903 -0.02112 0.85815 0.51062
58283.334598000 -228.46901 388.22028 31.80714 0.04916 -0.02116 0.85810 0.51069
58283.536317000 -228.48332 388.24783 31.81246 0.04931 -0.02125 0.85803 0.51079
58283.738037000 -228.50523 388.28531 31.81933 0.04941 -0.02121 0.85797 0.51088
58283.939757000 -228.52869 388.33081 31.81733 0.04912 -0.02115 0.85784 0.51112
58284.141477000 -228.56142 388.38672 31.82327 0.04951 -0.02142 0.85772 0.51128
58284.343197000 -228.61253 388.48788 31.83479 0.04960 -0.02150 0.85752 0.51161
58284.544917000 -228.68512 388.61792 31.84757 0.05014 -0.02172 0.85725 0.51198
58284.746636000 -228.77637 388.78223 31.86739 0.05016 -0.02181 0.85690 0.51258
58284.948356000 -228.87119 388.96896 31.88832 0.05031 -0.02178 0.85654 0.51316
58285.150076000 -229.00197 389.21255 31.91842 0.05051 -0.02177 0.85611 0.51386
58285.351796000 -229.14368 389.49506 31.94819 0.05070 -0.02200 0.85566 0.51457
58285.553516000 -229.30635 389.79510 31.98535 0.05042 -0.02205 0.85512 0.51550
58285.755236000 -229.48431 390.15482 32.02983 0.05047 -0.02175 0.85438 0.51674
58285.956955000 -229.67233 390.53073 32.07536 0.05053 -0.02159 0.85331 0.51850
58286.158675000 -229.88602 390.95297 32.13035 0.05083 -0.02171 0.85209 0.52047
58286.360395000 -230.11185 391.41364 32.18077 0.05108 -0.02162 0.85085 0.52247
58286.562115000 -230.37000 391.93088 32.23072 0.05184 -0.02197 0.84958 0.52445
58286.763835000 -230.64400 392.51590 32.29746 0.05214 -0.02176 0.84822 0.52662
58286.965555000 -230.96309 393.17261 32.37888 0.05234 -0.02194 0.84699 0.52858
58287.167274000 -231.29973 393.89822 32.45936 0.05294 -0.02200 0.84572 0.53054
58287.368994000 -231.67215 394.67395 32.55134 0.05334 -0.02222 0.84495 0.53171
58287.570714000 -232.05727 395.51761 32.64943 0.05421 -0.02230 0.84426 0.53272
58287.772434000 -232.48073 396.42715 32.75689 0.05372 -0.02179 0.84371 0.53365
58287.974154000 -232.92674 397.39880 32.87312 0.05309 -0.02095 0.84316 0.53462
58288.175874000 -233.39037 398.40604 32.99402 0.05295 -0.02078 0.84259 0.53555
58288.377593000 -233.87201 399.46799 33.10777 0.05308 -0.02021 0.84200 0.53649
58288.579313000 -234.37477 400.57962 33.22754 0.05150 -0.01920 0.84157 0.53735
58288.781033000 -234.89986 401.73712 33.36608 0.05010 -0.01872 0.84114 0.53816
58288.982754000 -235.43738 402.92557 33.49362 0.05001 -0.01851 0.84073 0.53883
58289.184474000 -235.97725 404.13147 33.61212 0.04877 -0.01756 0.84013 0.53991
58289.386194000 -236.52449 405.35501 33.74435 0.04806 -0.01731 0.83951 0.54094
58289.587913000 -237.07729 406.59869 33.86963 0.04796 -0.01616 0.83884 0.54202
58289.789633000 -237.65779 407.90665 34.00156 0.04614 -0.01532 0.83835 0.54296
58289.991353000 -238.22839 409.22467 34.13121 0.04654 -0.01476 0.83776 0.54386
58290.193073000 -238.81996 410.56619 34.26535 0.04689 -0.01540 0.83694 0.54507
58290.394793000 -239.41888 411.96146 34.39361 0.04610 -0.01536 0.83645 0.54588
58290.596513000 -240.03223 413.39417 34.52790 0.04599 -0.01459 0.83580 0.54691
58290.798232000 -240.65471 414.84592 34.67334 0.04485 -0.01427 0.83499 0.54825
58290.999952000 -241.29016 416.33957 34.80238 0.04443 -0.01432 0.83446 0.54908
58291.201672000 -241.92760 417.86905 34.94520 0.04348 -0.01334 0.83376 0.55026
58291.403392000 -242.56824 419.43158 35.07514 0.04287 -0.01179 0.83279 0.55181
58291.605112000 -243.21529 421.01160 35.21932 0.04465 -0.01187 0.83169 0.55331
58291.806832000 -243.85571 422.58130 35.36872 0.04672 -0.01207 0.83064 0.55471
58292.008551000 -244.50563 424.16986 35.52434 0.04573 -0.01204 0.82960 0.55635
58292.210271000 -245.14789 425.78671 35.67776 0.04543 -0.01255 0.82863 0.55781
58292.411991000 -245.79138 427.40103 35.82804 0.04615 -0.01318 0.82779 0.55898
58292.613711000 -246.43115 429.04471 35.97696 0.04631 -0.01318 0.82680 0.56043
58292.815431000 -247.05927 430.71246 36.13668 0.04733 -0.01284 0.82593 0.56164
58293.017151000 -247.70132 432.38821 36.31109 0.04780 -0.01295 0.82528 0.56255
58293.218870000 -248.33591 434.07996 36.47246 0.04727 -0.01225 0.82469 0.56347
58293.420590000 -248.98973 435.79041 36.61934 0.04720 -0.01282 0.82417 0.56423
58293.622310000 -249.62572 437.50693 36.78032 0.04803 -0.01305 0.82362 0.56495
58293.824030000 -250.29390 439.21780 36.95010 0.04757 -0.01572 0.82316 0.56560
58294.025750000 -250.97908 440.97162 37.13840 0.04728 -0.01676 0.82286 0.56602
58294.227470000 -251.65002 442.75558 37.31568 0.04629 -0.01723 0.82275 0.56626
58294.429189000 -252.32704 444.60876 37.49166 0.04786 -0.01681 0.82227 0.56684
58294.630909000 -252.97862 446.37375 37.67921 0.04739 -0.01683 0.82342 0.56519
58294.832629000 -253.64781 448.17200 37.82712 0.04855 -0.01639 0.82407 0.56416
58295.034349000 -254.35754 449.99307 38.03598 0.04963 -0.01744 0.82479 0.56298
58295.236069000 -255.08707 451.81454 38.23962 0.04937 -0.01742 0.82552 0.56193
58295.437789000 -255.80765 453.62784 38.43216 0.04886 -0.01788 0.82645 0.56061
58295.639508000 -256.53177 455.44141 38.62795 0.05032 -0.01897 0.82664 0.56015
58295.841228000 -257.24774 457.27676 38.85265 0.04976 -0.01804 0.82661 0.56028
58296.042948000 -257.97098 459.11057 39.04341 0.04898 -0.01786 0.82555 0.56191
58296.244668000 -258.65897 460.91855 39.21588 0.05172 -0.01973 0.82332 0.56487
58296.446388000 -259.35403 462.76636 39.44670 0.04942 -0.01929 0.82000 0.56990
58296.648108000 -260.00455 464.58005 39.63333 0.04883 -0.01894 0.81674 0.57463
58296.849827000 -260.61356 466.38440 39.83049 0.04957 -0.01907 0.81333 0.57938
58297.051547000 -261.19427 468.18982 40.04549 0.04897 -0.01827 0.80979 0.58438
58297.253267000 -261.77170 469.99173 40.22979 0.04820 -0.01677 0.80651 0.58901
58297.454987000 -262.29962 471.76605 40.39198 0.04892 -0.01644 0.80328 0.59337
58297.656707000 -262.81998 473.55167 40.58410 0.04796 -0.01677 0.79985 0.59804
58297.858427000 -263.31210 475.30807 40.76425 0.04783 -0.01689 0.79661 0.60236
58298.060146000 -263.78046 477.03317 40.93976 0.04820 -0.01713 0.79343 0.60651
58298.261866000 -264.20905 478.73636 41.09924 0.04884 -0.01671 0.78989 0.61107
58298.463586000 -264.60083 480.45215 41.28569 0.04866 -0.01562 0.78627 0.61576
58298.665306000 -264.97702 482.10596 41.43800 0.04938 -0.01490 0.78212 0.62099
58298.867026000 -265.33304 483.78949 41.59464 0.04945 -0.01354 0.77878 0.62519
58299.068746000 -265.66727 485.43329 41.75870 0.04966 -0.01306 0.77509 0.62976
58299.270465000 -265.97751 487.09546 41.91590 0.04921 -0.01195 0.77049 0.63544
58299.472185000 -266.24646 488.74048 42.06625 0.04918 -0.01046 0.76535 0.64165
58299.673905000 -266.49927 490.36835 42.19843 0.05026 -0.01061 0.76011 0.64776
58299.875625000 -266.70413 491.99850 42.34836 0.05109 -0.01005 0.75504 0.65361
58300.077345000 -266.90421 493.60861 42.48719 0.05170 -0.00970 0.75066 0.65859
58300.279065000 -267.08185 495.24036 42.63184 0.05205 -0.00815 0.74749 0.66218
58300.480784000 -267.25949 496.85852 42.78492 0.05120 -0.00630 0.74545 0.66457
58300.682504000 -267.43384 498.46301 42.92027 0.05026 -0.00601 0.74406 0.66620
58300.884224000 -267.59262 500.06854 43.05136 0.05028 -0.00540 0.74353 0.66679
58301.085944000 -267.76797 501.64633 43.19172 0.04932 -0.00511 0.74367 0.66670
58301.287664000 -267.92731 503.20377 43.32285 0.04996 -0.00606 0.74410 0.66617
58301.489384000 -268.08478 504.73120 43.45254 0.05274 -0.00818 0.74421 0.66581
58301.691104000 -268.24405 506.23541 43.58851 0.05601 -0.01067 0.74397 0.66577
58301.892823000 -268.38907 507.70886 43.73346 0.05781 -0.01131 0.74429 0.66525
58302.094543000 -268.55017 509.15579 43.89571 0.05763 -0.01200 0.74435 0.66519
58302.296263000 -268.70090 510.56424 44.04290 0.05666 -0.01142 0.74476 0.66482
58302.497983000 -268.84268 511.88281 44.19027 0.05363 -0.01027 0.74484 0.66500
58302.699703000 -268.97577 513.11804 44.30708 0.05301 -0.00957 0.74506 0.66482
58302.901423000 -269.10403 514.26868 44.41741 0.05222 -0.00869 0.74503 0.66492
58303.103143000 -269.21503 515.32758 44.52234 0.05189 -0.00846 0.74516 0.66481
58303.304862000 -269.32080 516.33527 44.62036 0.05223 -0.00882 0.74520 0.66473
58303.506582000 -269.42935 517.31567 44.71188 0.05219 -0.00892 0.74511 0.66484
58303.708302000 -269.52963 518.28046 44.80125 0.05237 -0.00952 0.74453 0.66547
58303.910022000 -269.62238 519.21741 44.89313 0.05254 -0.00960 0.74420 0.66582
58304.111743000 -269.71625 520.13483 44.98292 0.05288 -0.01018 0.74384 0.66618
58304.313463000 -269.81100 521.03754 45.06664 0.05304 -0.01014 0.74348 0.66657
58304.515182000 -269.90182 521.94257 45.14573 0.05288 -0.01019 0.74315 0.66696
58304.716902000 -269.99197 522.85370 45.23031 0.05294 -0.01035 0.74274 0.66740
58304.918622000 -270.07932 523.75128 45.31674 0.05347 -0.01030 0.74243 0.66770
58305.120342000 -270.16293 524.65381 45.39545 0.05379 -0.01040 0.74209 0.66806
58305.322062000 -270.24545 525.55127 45.47562 0.05367 -0.01071 0.74189 0.66828
58305.523782000 -270.34082 526.46259 45.56738 0.05369 -0.01076 0.74195 0.66822
58305.725501000 -270.42700 527.36523 45.65604 0.05387 -0.01059 0.74193 0.66823
58305.927221000 -270.51273 528.26483 45.74177 0.05307 -0.01118 0.74177 0.66846
58306.128941000 -270.59921 529.15961 45.82286 0.05298 -0.01120 0.74188 0.66834
58306.330661000 -270.68610 530.05908 45.90644 0.05285 -0.01148 0.74191 0.66831
58306.532381000 -270.76846 530.94421 45.99695 0.05347 -0.01165 0.74198 0.66819
58306.734101000 -270.85672 531.83685 46.08511 0.05362 -0.01175 0.74204 0.66810
58306.935820000 -270.94687 532.73181 46.16586 0.05373 -0.01210 0.74202 0.66811
58307.137540000 -271.03632 533.62531 46.24616 0.05339 -0.01232 0.74193 0.66823
58307.339260000 -271.11499 534.51526 46.32733 0.05303 -0.01247 0.74200 0.66818
58307.540980000 -271.20111 535.42499 46.41137 0.05233 -0.01237 0.74191 0.66834
58307.742700000 -271.28366 536.32092 46.49137 0.05193 -0.01232 0.74192 0.66836
58307.944420000 -271.37704 537.22839 46.57962 0.05234 -0.01282 0.74196 0.66828
58308.146139000 -271.46890 538.14484 46.66122 0.05129 -0.01240 0.74167 0.66868
58308.347859000 -271.54739 539.00775 46.74070 0.05092 -0.01224 0.74185 0.66852
58308.549579000 -271.62601 539.83368 46.81961 0.05103 -0.01238 0.74199 0.66835
58308.751299000 -271.69830 540.60681 46.89023 0.05098 -0.01234 0.74203 0.66831
58308.953019000 -271.76474 541.34637 46.95835 0.05069 -0.01200 0.74206 0.66831
58309.154739000 -271.82382 542.00757 47.01480 0.05061 -0.01193 0.74203 0.66834
58309.356458000 -271.88641 542.61749 47.06874 0.05062 -0.01191 0.74199 0.66839
58309.558178000 -271.93451 543.16412 47.11590 0.05076 -0.01202 0.74207 0.66829
58309.759898000 -271.98465 543.68933 47.16082 0.05084 -0.01192 0.74207 0.66828
58309.961618000 -272.03030 544.16211 47.20771 0.05086 -0.01214 0.74212 0.66823
58310.163338000 -272.07291 544.61230 47.25181 0.05101 -0.01220 0.74214 0.66819
58310.365058000 -272.10645 545.00287 47.28821 0.05099 -0.01224 0.74222 0.66810
58310.566777000 -272.14569 545.38458 47.32348 0.05116 -0.01231 0.74216 0.66816
58310.768497000 -272.17752 545.72058 47.35825 0.05095 -0.01237 0.74225 0.66806
58310.970217000 -272.21375 546.06366 47.38622 0.05142 -0.01254 0.74225 0.66803
58311.171937000 -272.24261 546.38049 47.41108 0.05135 -0.01255 0.74229 0.66800
58311.373657000 -272.27740 546.71930 47.44737 0.05142 -0.01263 0.74242 0.66784
58311.575377000 -272.30487 547.04877 47.47376 0.05137 -0.01256 0.74244 0.66782
58311.777096000 -272.33630 547.38397 47.51213 0.05160 -0.01285 0.74259 0.66764
58311.978816000 -272.37109 547.73792 47.54419 0.05175 -0.01323 0.74264 0.66755
58312.180536000 -272.41458 548.12842 47.58464 0.05217 -0.01348 0.74273 0.66742
58312.382256000 -272.45410 548.57013 47.62469 0.05250 -0.01398 0.74296 0.66712
58312.583976000 -272.50427 549.10114 47.67223 0.05280 -0.01408 0.74307 0.66698
58312.785696000 -272.56104 549.69122 47.72412 0.05291 -0.01414 0.74319 0.66684
58312.987415000 -272.63345 550.35510 47.79499 0.05314 -0.01443 0.74346 0.66651
58313.189135000 -272.70782 551.09344 47.85717 0.05348 -0.01458 0.74372 0.66619
58313.390855000 -272.78860 551.91577 47.93437 0.05375 -0.01463 0.74396 0.66590
58313.592575000 -272.88583 552.82336 48.01323 0.05385 -0.01463 0.74489 0.66486
58313.794295000 -273.00046 553.80664 48.10612 0.05373 -0.01466 0.74631 0.66327
58313.996015000 -273.13629 554.86908 48.20612 0.05411 -0.01490 0.74774 0.66162
58314.197734000 -273.27548 556.00635 48.30967 0.05444 -0.01487 0.74906 0.66010
58314.399454000 -273.42609 557.20770 48.42176 0.05467 -0.01482 0.75052 0.65842
58314.601174000 -273.60330 558.50677 48.54270 0.05461 -0.01489 0.75221 0.65649
58314.802894000 -273.80106 559.87817 48.67488 0.05359 -0.01431 0.75395 0.65458
58315.004615000 -274.01105 561.28278 48.81717 0.05273 -0.01469 0.75562 0.65271
58315.206335000 -274.22916 562.72925 48.95058 0.05249 -0.01553 0.75703 0.65109
58315.408054000 -274.45541 564.22314 49.07895 0.05325 -0.01633 0.75812 0.64973
58315.609774000 -274.68082 565.74347 49.22313 0.05444 -0.01683 0.75944 0.64807
58315.811494000 -274.92508 567.33057 49.39402 0.05416 -0.01638 0.76077 0.64655
58316.013214000 -275.18881 568.96051 49.55952 0.05432 -0.01602 0.76217 0.64489
58316.214934000 -275.46896 570.64349 49.71283 0.05428 -0.01692 0.76323 0.64362
58316.416654000 -275.75339 572.35468 49.87796 0.05344 -0.01795 0.76448 0.64217
58316.618373000 -276.05548 574.12292 50.04832 0.05332 -0.01876 0.76527 0.64122
58316.820093000 -276.36566 575.92133 50.24317 0.05422 -0.01859 0.76573 0.64060
58317.021813000 -276.69330 577.77203 50.43728 0.05524 -0.01622 0.76574 0.64057
58317.223533000 -277.01141 579.66107 50.62941 0.05477 -0.01477 0.76561 0.64080
58317.425253000 -277.33377 581.60138 50.81001 0.05468 -0.01447 0.76488 0.64169
58317.626973000 -277.65219 583.54816 50.99693 0.05493 -0.01468 0.76475 0.64181
58317.828692000 -277.97351 585.52966 51.21447 0.05524 -0.01532 0.76455 0.64201
58318.030412000 -278.30222 587.50629 51.41475 0.05499 -0.01523 0.76467 0.64190
58318.232132000 -278.64957 589.52179 51.62465 0.05489 -0.01512 0.76356 0.64322
58318.433852000 -278.97195 591.48859 51.81290 0.05548 -0.01511 0.76306 0.64377
58318.635572000 -279.29395 593.47284 52.02425 0.05536 -0.01504 0.76212 0.64489
58318.837292000 -279.60806 595.46014 52.23723 0.05513 -0.01490 0.76114 0.64607
58319.039011000 -279.91867 597.44293 52.44634 0.05516 -0.01488 0.75999 0.64742
58319.240731000 -280.22086 599.48059 52.66236 0.05552 -0.01507 0.75806 0.64964
58319.442451000 -280.51443 601.48517 52.87416 0.05576 -0.01530 0.75669 0.65121
58319.644171000 -280.79456 603.50214 53.09368 0.05520 -0.01534 0.75493 0.65329
58319.845891000 -281.07214 605.51984 53.28681 0.05519 -0.01613 0.75359 0.65483
58320.047611000 -281.34247 607.55017 53.50513 0.05481 -0.01692 0.75216 0.65648
58320.249331000 -281.59741 609.58313 53.71573 0.05494 -0.01738 0.75090 0.65789
58320.451050000 -281.84473 611.63049 53.92593 0.05478 -0.01694 0.74995 0.65901
58320.652770000 -282.09976 613.69196 54.13390 0.05465 -0.01706 0.74918 0.65989
58320.854490000 -282.35541 615.75629 54.33996 0.05521 -0.01805 0.74846 0.66063
58321.056210000 -282.61087 617.83667 54.56152 0.05526 -0.01917 0.74796 0.66116
58321.257930000 -282.84811 619.92590 54.78319 0.05576 -0.02000 0.74724 0.66191
58321.459650000 -283.07272 622.03894 55.02013 0.05547 -0.02016 0.74658 0.66267
58321.661369000 -283.31186 624.16528 55.26160 0.05376 -0.01907 0.74615 0.66332
58321.863089000 -283.54370 626.29498 55.47980 0.05314 -0.01921 0.74573 0.66385
58322.064809000 -283.78375 628.43256 55.70656 0.05344 -0.02027 0.74501 0.66460
58322.266529000 -284.01230 630.56897 55.91883 0.05375 -0.02041 0.74449 0.66515
58322.468249000 -284.23862 632.70294 56.15784 0.05392 -0.02081 0.74389 0.66580
58322.669969000 -284.45703 634.84314 56.38995 0.05391 -0.02108 0.74322 0.66654
58322.871688000 -284.66806 636.98584 56.62205 0.05326 -0.02027 0.74230 0.66764
58323.073408000 -284.86642 639.11774 56.85095 0.05361 -0.02120 0.74092 0.66911
58323.275128000 -285.06442 641.25842 57.06686 0.05399 -0.02135 0.73880 0.67142
58323.476848000 -285.24069 643.40601 57.30127 0.05325 -0.02106 0.73642 0.67410
58323.678568000 -285.41019 645.53131 57.54400 0.05202 -0.02115 0.73401 0.67681
58323.880288000 -285.55386 647.65002 57.76279 0.05142 -0.02181 0.73135 0.67971
58324.082008000 -285.67773 649.75403 57.96943 0.05171 -0.02264 0.72873 0.68247
58324.283727000 -285.79834 651.86615 58.19972 0.05148 -0.02384 0.72616 0.68518
58324.485447000 -285.89185 653.96228 58.42781 0.05177 -0.02481 0.72355 0.68788
58324.687167000 -285.96609 656.05890 58.66986 0.05121 -0.02513 0.72127 0.69030
58324.888887000 -286.03867 658.14050 58.90067 0.05151 -0.02514 0.71920 0.69244
58325.090607000 -286.10742 660.22559 59.13272 0.05144 -0.02555 0.71775 0.69393
58325.292327000 -286.16708 662.28430 59.34817 0.05173 -0.02809 0.71636 0.69525
58325.494046000 -286.22260 664.32751 59.61113 0.05177 -0.04047 0.71543 0.69559
58325.695766000 -286.29337 666.39410 59.85810 0.04713 -0.03762 0.71581 0.69569
58325.897486000 -286.37704 668.42010 60.10224 0.04203 -0.04201 0.71614 0.69542
58326.099206000 -286.43420 670.42151 60.33058 0.04423 -0.04597 0.71760 0.69353
58326.300926000 -286.50937 672.43823 60.57942 0.04350 -0.04474 0.71999 0.69117
58326.502646000 -286.59634 674.40753 60.81420 0.04471 -0.04604 0.72306 0.68780
58326.704365000 -286.69214 676.36792 61.08493 0.04221 -0.04225 0.72640 0.68467
58326.906085000 -286.80948 678.35077 61.31773 0.04136 -0.03726 0.73060 0.68054
58327.107805000 -286.96155 680.28210 61.52966 0.04240 -0.03898 0.73511 0.67550
58327.309525000 -287.13129 682.22955 61.76416 0.04075 -0.03843 0.73918 0.67118
58327.511245000 -287.32812 684.13495 61.96105 0.04290 -0.03965 0.74475 0.66478
58327.712965000 -287.57117 686.03680 62.18906 0.04190 -0.04067 0.74963 0.65928
58327.914684000 -287.84268 687.94073 62.42103 0.04035 -0.04177 0.75435 0.65390
58328.116404000 -288.13834 689.82080 62.62437 0.03929 -0.04302 0.75939 0.64803
58328.318124000 -288.45459 691.68042 62.86586 0.03788 -0.04509 0.76425 0.64223
58328.519844000 -288.80124 693.54816 63.07110 0.03753 -0.04591 0.76926 0.63618
58328.721564000 -289.17780 695.40485 63.30451 0.03660 -0.04683 0.77424 0.63010
58328.923284000 -289.57828 697.28827 63.53954 0.03594 -0.04715 0.77920 0.62397
58329.125003000 -290.02658 699.14941 63.75918 0.03494 -0.04703 0.78410 0.61787
58329.326723000 -290.49274 701.01886 63.97221 0.03340 -0.04531 0.78897 0.61185
58329.528443000 -290.98962 702.86108 64.15327 0.03445 -0.04462 0.79354 0.60590
58329.730163000 -291.51944 704.70782 64.36574 0.03510 -0.04419 0.79710 0.60120
58329.931883000 -292.07040 706.58148 64.58646 0.03308 -0.04210 0.79947 0.59832
58330.133604000 -292.63010 708.49695 64.78120 0.03318 -0.04145 0.80133 0.59587
58330.335324000 -293.19873 710.36023 64.98594 0.03410 -0.04140 0.80314 0.59337
58330.537043000 -293.74750 712.22278 65.20007 0.03685 -0.04178 0.80473 0.59102
58330.738763000 -294.33469 714.09991 65.41337 0.03788 -0.03986 0.80580 0.58962
58330.940483000 -294.93048 715.98181 65.62457 0.04035 -0.03852 0.80657 0.58850
58331.142203000 -295.53479 717.87445 65.84149 0.04178 -0.03682 0.80673 0.58830
58331.343923000 -296.13980 719.78052 66.05988 0.04256 -0.03349 0.80699 0.58807
58331.545643000 -296.74548 721.67560 66.25595 0.04396 -0.03428 0.80656 0.58852
58331.747363000 -297.34982 723.59332 66.49854 0.04485 -0.03464 0.80537 0.59006
58331.949082000 -297.92758 725.50031 66.70945 0.04644 -0.03438 0.80350 0.59249
58332.150802000 -298.49988 727.41797 66.94702 0.04626 -0.03461 0.80101 0.59585
58332.352522000 -299.03918 729.33728 67.18276 0.04762 -0.03389 0.79841 0.59926
58332.554242000 -299.58548 731.28729 67.41264 0.04805 -0.03305 0.79521 0.60352
58332.755962000 -300.08542 733.23932 67.63723 0.04924 -0.03312 0.79260 0.60685
58332.957682000 -300.59454 735.17926 67.87090 0.05008 -0.03390 0.79012 0.60996
58333.159401000 -301.09711 737.16113 68.13980 0.04946 -0.03293 0.78861 0.61201
58333.361121000 -301.59097 739.12408 68.37733 0.05009 -0.03334 0.78778 0.61301
58333.562841000 -302.07303 741.10083 68.61908 0.05044 -0.03318 0.78764 0.61317
58333.764561000 -302.56897 743.06677 68.86232 0.05057 -0.03364 0.78781 0.61292
58333.966281000 -303.06152 745.05115 69.10641 0.05016 -0.03233 0.78804 0.61273
58334.168001000 -303.55817 747.02399 69.34127 0.05081 -0.03297 0.78775 0.61300
58334.369720000 -304.04523 749.01074 69.59214 0.05098 -0.03364 0.78729 0.61355
58334.571440000 -304.53815 751.00250 69.83004 0.05148 -0.03417 0.78684 0.61405
58334.773160000 -305.03772 753.00659 70.07258 0.05165 -0.03400 0.78659 0.61437
58334.974880000 -305.50775 755.01312 70.32495 0.05314 -0.03335 0.78634 0.61460
58335.176600000 -306.01123 757.02753 70.57408 0.05237 -0.03230 0.78636 0.61470
58335.378320000 -306.50293 759.04443 70.82932 0.05336 -0.03462 0.78623 0.61465
58335.580039000 -306.99612 761.07391 71.09099 0.05370 -0.03487 0.78675 0.61395
58335.781759000 -307.49469 763.11932 71.37232 0.05222 -0.03403 0.78706 0.61371
58335.983479000 -308.00128 765.17004 71.61551 0.05300 -0.03447 0.78729 0.61333
58336.185199000 -308.49615 767.23145 71.89698 0.05262 -0.03317 0.78697 0.61384
58336.386919000 -309.00098 769.28748 72.14390 0.05432 -0.03381 0.78649 0.61428
58336.588639000 -309.49960 771.36334 72.42304 0.05451 -0.03349 0.78619 0.61466
58336.790358000 -310.00919 773.44470 72.67950 0.05478 -0.03254 0.78591 0.61506
58336.992078000 -310.50873 775.54193 72.94746 0.05479 -0.03229 0.78597 0.61498
58337.193798000 -311.01233 777.64429 73.22857 0.05472 -0.03258 0.78608 0.61483
58337.395518000 -311.52689 779.75751 73.49244 0.05543 -0.03262 0.78636 0.61441
58337.597238000 -312.05078 781.88025 73.76566 0.05499 -0.03139 0.78656 0.61425
58337.798958000 -312.55435 784.00104 74.03926 0.05593 -0.03058 0.78663 0.61413
58338.000677000 -313.06778 786.13129 74.31709 0.05701 -0.03053 0.78662 0.61404
58338.202397000 -313.59921 788.24194 74.59908 0.05970 -0.03455 0.78657 0.61364
58338.404117000 -314.13187 790.38947 74.90276 0.05599 -0.03254 0.78671 0.61392
58338.605837000 -314.65128 792.54254 75.18730 0.05581 -0.03215 0.78699 0.61359
58338.807557000 -315.17352 794.70239 75.46461 0.05650 -0.03281 0.78696 0.61353
58339.009277000 -315.70834 796.86523 75.74860 0.05660 -0.03366 0.78711 0.61329
58339.210996000 -316.25955 799.03619 76.03527 0.05580 -0.03416 0.78729 0.61310
58339.412716000 -316.79202 801.20923 76.31920 0.05590 -0.03495 0.78730 0.61304
58339.614436000 -317.32120 803.38794 76.61873 0.05629 -0.03582 0.78750 0.61269
58339.816156000 -317.85074 805.57245 76.92191 0.05591 -0.03606 0.78755 0.61265
58340.017876000 -318.37970 807.75806 77.22045 0.05588 -0.03580 0.78744 0.61281
58340.219596000 -318.90836 809.92542 77.50802 0.05692 -0.03596 0.78757 0.61253
58340.421315000 -319.44608 812.10431 77.82241 0.05717 -0.03603 0.78762 0.61244
58340.623035000 -319.99307 814.29462 78.11807 0.05729 -0.03478 0.78779 0.61229
58340.824755000 -320.53989 816.47961 78.41442 0.05759 -0.03482 0.78784 0.61219
58341.026475000 -321.08276 818.66833 78.69985 0.05757 -0.03470 0.78791 0.61212
58341.228195000 -321.62726 820.85596 79.01087 0.05925 -0.03697 0.78764 0.61216
58341.429915000 -322.17630 823.05225 79.33085 0.05894 -0.03663 0.78770 0.61213
58341.631635000 -322.72174 825.25836 79.64061 0.05757 -0.03592 0.78783 0.61215
58341.833354000 -323.27280 827.46564 79.94478 0.05812 -0.03688 0.78790 0.61195
58342.035074000 -323.82828 829.66534 80.25736 0.05814 -0.03877 0.78789 0.61184
58342.236794000 -324.38354 831.86737 80.58844 0.05726 -0.03965 0.78767 0.61215
58342.438514000 -324.92203 834.03827 80.89426 0.05888 -0.04052 0.78702 0.61278
58342.640234000 -325.47134 836.27631 81.21918 0.05509 -0.03853 0.78747 0.61267
58342.841954000 -326.05856 838.47931 81.49704 0.05612 -0.04180 0.78831 0.61128
58343.043673000 -326.62634 840.66980 81.82716 0.05612 -0.04444 0.78827 0.61115
58343.245393000 -327.16467 842.86548 82.16438 0.05564 -0.04195 0.78842 0.61118
58343.447113000 -327.70465 845.05237 82.47034 0.05442 -0.03905 0.78850 0.61137
58343.648833000 -328.25809 847.20978 82.76452 0.05556 -0.04077 0.78839 0.61131
58343.850553000 -328.79938 849.36902 83.08141 0.05548 -0.04062 0.78845 0.61125
58344.052273000 -329.34595 851.51050 83.39449 0.05545 -0.04107 0.78834 0.61135
58344.253992000 -329.89081 853.65308 83.69346 0.05598 -0.04113 0.78820 0.61149
58344.455712000 -330.42795 855.78094 84.01038 0.05560 -0.04140 0.78792 0.61186
58344.657432000 -330.93967 857.92096 84.32145 0.05912 -0.04003 0.78777 0.61182
58344.859152000 -331.47464 860.02368 84.63154 0.06011 -0.04075 0.78743 0.61211
58345.060872000 -332.02225 862.14215 84.92923 0.05860 -0.04174 0.78705 0.61267
58345.262592000 -332.53970 864.24298 85.24969 0.05509 -0.04056 0.78740 0.61264
58345.464311000 -333.05908 866.33484 85.55587 0.05750 -0.04073 0.78752 0.61224
58345.666031000 -333.56982 868.42633 85.86904 0.05924 -0.04050 0.78781 0.61173
58345.867751000 -334.08752 870.51666 86.18448 0.06040 -0.04029 0.78811 0.61124
58346.069472000 -334.61075 872.59314 86.49474 0.06093 -0.04047 0.78832 0.61091
58346.271192000 -335.13092 874.66132 86.81136 0.05931 -0.04035 0.78864 0.61066
58346.472912000 -335.65787 876.72736 87.12209 0.06026 -0.04085 0.78885 0.61026
58346.674631000 -336.17960 878.77753 87.42307 0.05989 -0.04151 0.78910 0.60993
58346.876351000 -336.69708 880.82495 87.74245 0.05981 -0.04143 0.78938 0.60958
58347.078071000 -337.22260 882.86877 88.05228 0.06004 -0.04220 0.78968 0.60912
58347.279791000 -337.75571 884.89362 88.37130 0.05971 -0.04492 0.78974 0.60887
58347.481511000 -338.27716 886.92731 88.66000 0.05779 -0.04238 0.79024 0.60860
58347.683231000 -338.80212 888.93958 88.98732 0.05699 -0.04397 0.79002 0.60884
58347.884950000 -339.33459 890.95422 89.28561 0.05465 -0.04636 0.79035 0.60846
58348.086670000 -339.85629 892.96204 89.59653 0.05498 -0.04880 0.79015 0.60849
58348.288390000 -341.31659 898.63318 90.47147 0.05667 -0.04908 0.79018 0.60827
58348.490110000 -341.82629 900.63464 90.79556 0.05781 -0.04839 0.79045 0.60787
58348.691830000 -343.32281 906.43250 91.73225 0.05923 -0.04731 0.79057 0.60766
58348.893550000 -343.83105 908.40344 92.05523 0.05942 -0.04706 0.79073 0.60745
58349.095269000 -345.24814 913.93182 92.94908 0.05957 -0.04660 0.79032 0.60800
58349.296989000 -345.75967 915.89819 93.27544 0.05977 -0.04775 0.79000 0.60831
58349.498709000 -347.22330 921.60767 94.17008 0.06217 -0.04533 0.78928 0.60919
58349.700429000 -347.70929 923.50482 94.49596 0.06280 -0.04742 0.78868 0.60975
58349.902149000 -349.15353 929.23810 95.47043 0.06332 -0.04642 0.78810 0.61052
58350.103869000 -349.61057 931.06970 95.78963 0.06534 -0.04729 0.78758 0.61091
58350.305588000 -351.03793 936.72260 96.74915 0.06658 -0.04779 0.78677 0.61178
58350.507308000 -351.48672 938.52460 97.05998 0.06760 -0.04838 0.78687 0.61149
58350.709028000 -352.95013 944.40240 98.11488 0.06962 -0.04809 0.78676 0.61143
58350.910748000 -353.39432 946.18811 98.42350 0.07120 -0.04704 0.78672 0.61138
58351.112468000 -354.95407 952.38818 99.54237 0.07284 -0.04478 0.78679 0.61127
58351.314188000 -355.37924 954.08649 99.85638 0.07327 -0.04469 0.78655 0.61153
58351.515907000 -356.84781 959.96918 100.91184 0.07472 -0.04292 0.78604 0.61214
58351.717627000 -357.25772 961.67694 101.22049 0.07751 -0.04355 0.78526 0.61275
58351.919347000 -358.63098 967.25537 102.24490 0.07686 -0.04153 0.78540 0.61280
58352.121067000 -359.04388 968.89929 102.52160 0.07848 -0.04151 0.78533 0.61268
58352.322787000 -360.30545 973.99048 103.48409 0.07993 -0.04407 0.78500 0.61274
58352.524507000 -360.69562 975.61023 103.79251 0.08046 -0.04147 0.78526 0.61252
58352.726226000 -361.92490 980.59149 104.67941 0.07756 -0.04010 0.78535 0.61287
58352.927946000 -362.32382 982.24451 104.98878 0.08152 -0.04129 0.78492 0.61282
58353.129666000 -363.21530 985.91626 105.67970 0.08125 -0.04002 0.78483 0.61305
58353.331386000 -363.59006 987.42920 105.95027 0.08179 -0.03979 0.78420 0.61381
58353.533106000 -363.98566 989.13696 106.24443 0.08079 -0.04112 0.78314 0.61521
58353.734825000 -364.35828 990.70801 106.55762 0.08235 -0.04088 0.78149 0.61711
58353.936545000 -364.71213 992.33484 106.86038 0.08171 -0.03829 0.78003 0.61920
58354.138265000 -365.06955 993.96252 107.14268 0.08428 -0.03784 0.77751 0.62205
58354.339985000 -365.39917 995.55884 107.45458 0.08708 -0.04120 0.77497 0.62462
58354.541705000 -365.70477 997.17828 107.77724 0.08790 -0.03857 0.77292 0.62720
58354.743425000 -366.02444 998.74457 108.07814 0.08217 -0.03816 0.77034 0.63117
58354.945144000 -366.30624 1000.31256 108.32878 0.08203 -0.03963 0.76803 0.63390
58355.146864000 -366.58194 1001.84875 108.62694 0.08339 -0.03993 0.76525 0.63706
58355.348584000 -366.83496 1003.38904 108.92315 0.08336 -0.04026 0.76212 0.64078
58355.550304000 -367.08130 1004.93506 109.21934 0.08347 -0.04036 0.75865 0.64487
58355.752024000 -367.27802 1006.39764 109.46793 0.08261 -0.04046 0.75517 0.64904
58355.953744000 -367.47299 1007.80133 109.73441 0.08230 -0.04030 0.75161 0.65321
58356.155463000 -367.63287 1009.18610 109.97603 0.08241 -0.04027 0.74788 0.65747
58356.357183000 -367.76675 1010.50055 110.20798 0.08140 -0.03946 0.74407 0.66194
58356.558903000 -367.89688 1011.74872 110.44149 0.08117 -0.03911 0.74042 0.66607
58356.760623000 -367.99307 1012.94281 110.65447 0.08172 -0.03903 0.73673 0.67009
58356.962343000 -368.09470 1014.04883 110.86660 0.08256 -0.03909 0.73257 0.67454
58357.164063000 -368.14142 1015.12115 111.04935 0.08273 -0.03886 0.72840 0.67903
58357.365782000 -368.18668 1016.11938 111.22755 0.08372 -0.03865 0.72434 0.68325
58357.567502000 -368.22067 1017.04340 111.39885 0.08404 -0.03819 0.72068 0.68710
58357.769222000 -368.23959 1017.92853 111.54165 0.08412 -0.03792 0.71782 0.69009
58357.970942000 -368.24838 1018.74768 111.68863 0.08351 -0.03729 0.71538 0.69272
58358.172662000 -368.25690 1019.49591 111.82442 0.08343 -0.03682 0.71360 0.69459
58358.374382000 -368.27026 1020.16669 111.95300 0.08331 -0.03664 0.71254 0.69571
58358.576101000 -368.27921 1020.78076 112.06608 0.08328 -0.03628 0.71137 0.69692
58358.777821000 -368.28104 1021.33130 112.16018 0.08309 -0.03609 0.71036 0.69799
58358.979542000 -368.27982 1021.83539 112.24502 0.08292 -0.03592 0.70943 0.69896
58359.181262000 -368.28006 1022.27045 112.32202 0.08283 -0.03579 0.70838 0.70004
58359.382982000 -368.28244 1022.67560 112.40051 0.08283 -0.03553 0.70804 0.70040
58359.584702000 -368.30191 1023.02557 112.45424 0.08198 -0.03528 0.70717 0.70139
58359.786421000 -368.29761 1023.31158 112.51643 0.08204 -0.03514 0.70678 0.70178
58359.988141000 -368.29150 1023.52496 112.55703 0.08224 -0.03498 0.70632 0.70223
58360.189861000 -368.29416 1023.72424 112.58591 0.08248 -0.03529 0.70598 0.70253
58360.391581000 -368.29788 1023.91278 112.61694 0.08208 -0.03531 0.70566 0.70290
58360.593301000 -368.29025 1024.07019 112.64031 0.08156 -0.03501 0.70547 0.70316
58360.795021000 -368.28787 1024.21033 112.66312 0.08159 -0.03495 0.70517 0.70346
58360.996740000 -368.28674 1024.31421 112.68508 0.08159 -0.03496 0.70499 0.70364
58361.198460000 -368.28629 1024.38843 112.69690 0.08171 -0.03502 0.70486 0.70375
58361.400180000 -368.28439 1024.44092 112.70388 0.08177 -0.03503 0.70468 0.70393
58361.601900000 -368.27756 1024.46338 112.70432 0.08124 -0.03489 0.70464 0.70403
58361.803620000 -368.27994 1024.46143 112.70103 0.08132 -0.03493 0.70462 0.70404
58362.005340000 -368.28363 1024.44800 112.69254 0.08164 -0.03528 0.70468 0.70393
58362.207059000 -368.28323 1024.45154 112.68810 0.08175 -0.03536 0.70461 0.70399
58362.408779000 -368.27823 1024.45020 112.69176 0.08175 -0.03539 0.70461 0.70398
58362.610499000 -368.28162 1024.44873 112.69211 0.08173 -0.03534 0.70461 0.70398
58362.812219000 -368.28162 1024.45227 112.69391 0.08170 -0.03534 0.70463 0.70397
58363.013939000 -368.28235 1024.45215 112.69444 0.08174 -0.03536 0.70458 0.70401
58363.215659000 -368.27960 1024.44897 112.69421 0.08173 -0.03541 0.70460 0.70400
58363.417378000 -368.28046 1024.44885 112.69360 0.08170 -0.03536 0.70460 0.70400
58363.619098000 -368.28107 1024.44800 112.69407 0.08169 -0.03534 0.70462 0.70398
58363.820818000 -368.28040 1024.45020 112.69550 0.08169 -0.03533 0.70458 0.70402
58364.022538000 -368.28119 1024.44775 112.69385 0.08169 -0.03534 0.70460 0.70400
58364.224258000 -368.28345 1024.45117 112.69444 0.08167 -0.03532 0.70462 0.70398
58364.425978000 -368.28085 1024.45203 112.69611 0.08169 -0.03531 0.70460 0.70400
58364.627697000 -368.28452 1024.45154 112.69411 0.08172 -0.03531 0.70461 0.70399
58364.829417000 -368.28381 1024.45093 112.69398 0.08173 -0.03530 0.70461 0.70399
58365.031137000 -368.28564 1024.45215 112.69287 0.08176 -0.03536 0.70460 0.70399
58365.232857000 -368.28564 1024.45154 112.69460 0.08175 -0.03535 0.70462 0.70397
58365.434577000 -368.28491 1024.45300 112.69429 0.08171 -0.03530 0.70459 0.70401
58365.636297000 -368.28876 1024.45068 112.69578 0.08166 -0.03528 0.70461 0.70399
58365.838016000 -368.28513 1024.45178 112.69656 0.08166 -0.03528 0.70460 0.70401
58366.039736000 -368.28751 1024.45300 112.69548 0.08173 -0.03529 0.70458 0.70402
58366.241456000 -368.28455 1024.45032 112.69489 0.08171 -0.03532 0.70462 0.70398
58366.443176000 -368.28311 1024.45203 112.69627 0.08168 -0.03527 0.70457 0.70404
58366.644896000 -368.28406 1024.44849 112.69530 0.08167 -0.03528 0.70463 0.70398
58366.846615000 -368.28482 1024.44958 112.69481 0.08168 -0.03528 0.70461 0.70399
58367.048335000 -368.28387 1024.45154 112.69600 0.08171 -0.03532 0.70460 0.70400
58367.250055000 -368.28433 1024.45190 112.69462 0.08172 -0.03531 0.70461 0.70398
58367.451775000 -368.28436 1024.45093 112.69444 0.08167 -0.03526 0.70464 0.70396
58367.653495000 -368.28384 1024.45166 112.69621 0.08170 -0.03531 0.70464 0.70396
58367.855215000 -368.28586 1024.45203 112.69421 0.08170 -0.03526 0.70464 0.70396
58368.056934000 -368.28409 1024.44885 112.69679 0.08165 -0.03528 0.70462 0.70399
58368.258654000 -368.28418 1024.45081 112.69604 0.08162 -0.03522 0.70463 0.70399
58368.460374000 -368.28159 1024.45093 112.69349 0.08166 -0.03524 0.70463 0.70398
58368.662094000 -368.28311 1024.45068 112.69508 0.08173 -0.03532 0.70462 0.70398
58368.863814000 -368.28409 1024.45251 112.69366 0.08170 -0.03527 0.70461 0.70399
58369.065534000 -368.28326 1024.44910 112.69501 0.08166 -0.03527 0.70463 0.70397
58369.267253000 -368.28436 1024.44885 112.69523 0.08168 -0.03526 0.70462 0.70399
58369.468973000 -368.28485 1024.44910 112.69677 0.08161 -0.03521 0.70459 0.70402
58369.670693000 -368.28641 1024.45020 112.69576 0.08159 -0.03519 0.70464 0.70398
58369.872413000 -368.28467 1024.44849 112.69688 0.08158 -0.03521 0.70465 0.70397
58370.074133000 -368.28540 1024.44739 112.69592 0.08159 -0.03518 0.70467 0.70395
58370.275853000 -368.28561 1024.45129 112.69643 0.08160 -0.03521 0.70465 0.70397
58370.477572000 -368.28506 1024.44763 112.69635 0.08156 -0.03531 0.70468 0.70394
58370.679292000 -368.28394 1024.44727 112.69525 0.08161 -0.03533 0.70462 0.70399
58370.881012000 -368.28653 1024.44934 112.69489 0.08160 -0.03532 0.70467 0.70394
58371.082732000 -368.28647 1024.44824 112.69601 0.08157 -0.03530 0.70466 0.70396
58371.284452000 -368.28568 1024.44788 112.69571 0.08156 -0.03529 0.70470 0.70392
58371.486172000 -368.28464 1024.45276 112.69409 0.08165 -0.03534 0.70462 0.70398
58371.687891000 -368.28625 1024.45154 112.69690 0.08163 -0.03537 0.70465 0.70396
58371.889611000 -368.28665 1024.44580 112.69547 0.08160 -0.03531 0.70470 0.70391
58372.091331000 -368.28867 1024.44812 112.69600 0.08161 -0.03532 0.70471 0.70390
58372.293051000 -368.28534 1024.44666 112.69548 0.08160 -0.03534 0.70467 0.70395
58372.494771000 -368.28848 1024.45312 112.69628 0.08162 -0.03532 0.70463 0.70398
58372.696491000 -368.28503 1024.45081 112.69579 0.08163 -0.03535 0.70462 0.70399
58372.898210000 -368.28665 1024.45374 112.69695 0.08163 -0.03535 0.70462 0.70399
58373.099930000 -368.28503 1024.44971 112.69539 0.08159 -0.03531 0.70466 0.70395
58373.301650000 -368.28500 1024.45142 112.69643 0.08164 -0.03534 0.70462 0.70399
58373.503370000 -368.28574 1024.45068 112.69652 0.08162 -0.03534 0.70465 0.70396
58373.705090000 -368.28571 1024.45276 112.69542 0.08161 -0.03530 0.70464 0.70397
58373.906810000 -368.28790 1024.44812 112.69614 0.08159 -0.03532 0.70468 0.70393
58374.108529000 -368.28580 1024.44836 112.69556 0.08157 -0.03527 0.70466 0.70396
58374.310249000 -368.28549 1024.44849 112.69483 0.08160 -0.03527 0.70468 0.70393
58374.511969000 -368.28787 1024.45093 112.69462 0.08161 -0.03527 0.70469 0.70392
58374.713689000 -368.28540 1024.45044 112.69456 0.08163 -0.03531 0.70468 0.70393
58374.915409000 -368.28531 1024.44922 112.69576 0.08164 -0.03535 0.70467 0.70393
58375.117129000 -368.28452 1024.44849 112.69475 0.08162 -0.03535 0.70468 0.70393
58375.318849000 -368.28680 1024.45215 112.69598 0.08163 -0.03533 0.70464 0.70397
58375.520569000 -368.28296 1024.44946 112.69551 0.08162 -0.03533 0.70468 0.70393
58375.722289000 -368.28601 1024.44946 112.69534 0.08165 -0.03536 0.70465 0.70395
58375.924009000 -368.28802 1024.44873 112.69596 0.08160 -0.03531 0.70466 0.70395
58376.125729000 -368.28699 1024.45154 112.69456 0.08164 -0.03530 0.70461 0.70400
58376.327448000 -368.28433 1024.44897 112.69351 0.08163 -0.03529 0.70465 0.70396
58376.529168000 -368.28397 1024.44873 112.69176 0.08163 -0.03528 0.70463 0.70398
58376.730888000 -368.28708 1024.45227 112.69437 0.08165 -0.03531 0.70467 0.70393
58376.932608000 -368.28317 1024.44800 112.69296 0.08167 -0.03531 0.70465 0.70396
58377.134328000 -368.28476 1024.45056 112.69331 0.08163 -0.03527 0.70461 0.70400
58377.336048000 -368.28497 1024.45044 112.69426 0.08166 -0.03538 0.70467 0.70393
58377.537767000 -368.28842 1024.45032 112.69450 0.08168 -0.03538 0.70465 0.70395
58377.739487000 -368.28711 1024.45337 112.69192 0.08167 -0.03533 0.70464 0.70397
58377.941207000 -368.28656 1024.45276 112.69328 0.08168 -0.03535 0.70463 0.70397
58378.142927000 -368.28699 1024.45276 112.69443 0.08159 -0.03530 0.70460 0.70401
58378.344647000 -368.28552 1024.44946 112.69331 0.08162 -0.03530 0.70464 0.70397
58378.546367000 -368.28497 1024.44824 112.69347 0.08162 -0.03535 0.70463 0.70398
58378.748086000 -368.28299 1024.45276 112.69276 0.08165 -0.03533 0.70460 0.70401
58378.949806000 -368.28531 1024.45154 112.69345 0.08164 -0.03529 0.70464 0.70397
58379.151526000 -368.28363 1024.45117 112.69230 0.08163 -0.03533 0.70467 0.70394
58379.353246000 -368.28461 1024.45154 112.69335 0.08165 -0.03534 0.70457 0.70403
58379.554966000 -368.28680 1024.45105 112.69274 0.08169 -0.03540 0.70465 0.70394
58379.756686000 -368.28598 1024.45166 112.69447 0.08165 -0.03536 0.70465 0.70396
58379.958405000 -368.28568 1024.45227 112.69409 0.08164 -0.03532 0.70460 0.70400
58380.160125000 -368.28329 1024.45337 112.69118 0.08163 -0.03529 0.70462 0.70399
58380.361845000 -368.28464 1024.45349 112.69161 0.08163 -0.03530 0.70457 0.70404
58380.563565000 -368.28705 1024.45093 112.69302 0.08163 -0.03536 0.70463 0.70398
58380.765285000 -368.28552 1024.45129 112.69283 0.08164 -0.03538 0.70468 0.70392
58380.967004000 -368.28546 1024.45264 112.69177 0.08163 -0.03532 0.70467 0.70394
58381.168724000 -368.28455 1024.45203 112.69118 0.08163 -0.03534 0.70465 0.70396
58381.370444000 -368.28592 1024.44958 112.69388 0.08163 -0.03536 0.70471 0.70389
58381.572164000 -368.28595 1024.45129 112.69379 0.08161 -0.03531 0.70464 0.70397
58381.773884000 -368.28497 1024.45374 112.69402 0.08168 -0.03535 0.70461 0.70399
58381.975604000 -368.28680 1024.45166 112.69523 0.08162 -0.03535 0.70462 0.70399
58382.177323000 -368.28433 1024.45142 112.69211 0.08169 -0.03539 0.70465 0.70395
58382.379043000 -368.28586 1024.45190 112.69415 0.08170 -0.03541 0.70460 0.70399
58382.580763000 -368.28574 1024.44775 112.69160 0.08166 -0.03536 0.70466 0.70394
58382.782483000 -368.28574 1024.45105 112.69181 0.08165 -0.03536 0.70464 0.70396
58382.984203000 -368.28641 1024.44922 112.69292 0.08164 -0.03530 0.70460 0.70401
58383.185923000 -368.28638 1024.44946 112.68942 0.08168 -0.03534 0.70467 0.70393
58383.387642000 -368.28412 1024.44653 112.69216 0.08164 -0.03531 0.70467 0.70394
58383.589362000 -368.28452 1024.44910 112.69263 0.08166 -0.03535 0.70464 0.70397
58383.791082000 -368.28775 1024.45129 112.69307 0.08166 -0.03535 0.70467 0.70393
58383.992802000 -368.28534 1024.45374 112.69203 0.08169 -0.03533 0.70462 0.70398
58384.194522000 -368.28900 1024.45056 112.69331 0.08168 -0.03535 0.70465 0.70395
58384.396242000 -368.28857 1024.45032 112.69317 0.08168 -0.03536 0.70463 0.70397
58384.597961000 -368.28799 1024.44824 112.69537 0.08161 -0.03535 0.70468 0.70393
58384.799681000 -368.28827 1024.45032 112.69341 0.08163 -0.03532 0.70465 0.70396
58385.001401000 -368.28629 1024.45105 112.69460 0.08164 -0.03533 0.70463 0.70397
58385.203121000 -368.28680 1024.45117 112.69555 0.08165 -0.03535 0.70462 0.70398
58385.404841000 -368.28467 1024.44971 112.69424 0.08166 -0.03534 0.70464 0.70396
58385.606561000 -368.28909 1024.44983 112.69344 0.08171 -0.03537 0.70462 0.70398
58385.808280000 -368.28964 1024.46362 112.69491 0.08182 -0.03551 0.70458 0.70400
58386.010000000 -368.29071 1024.49133 112.69933 0.08189 -0.03555 0.70452 0.70405
58386.211720000 -368.29108 1024.54114 112.70696 0.08190 -0.03552 0.70444 0.70413
58386.413440000 -368.28772 1024.60767 112.71998 0.08193 -0.03557 0.70435 0.70421
58386.615160000 -368.28723 1024.70264 112.73092 0.08206 -0.03562 0.70411 0.70443
58386.816880000 -368.29025 1024.81909 112.75003 0.08217 -0.03575 0.70403 0.70450
58387.018599000 -368.28546 1024.95325 112.77184 0.08228 -0.03574 0.70383 0.70468
58387.220319000 -368.27853 1025.10327 112.79767 0.08176 -0.03558 0.70361 0.70497
58387.422039000 -368.27280 1025.27808 112.82541 0.08198 -0.03577 0.70327 0.70527
58387.623759000 -368.28067 1025.49207 112.84054 0.08331 -0.03715 0.70274 0.70558
58387.825479000 -368.26437 1025.78186 112.88997 0.08341 -0.03740 0.70205 0.70624
58388.027198000 -368.24548 1026.21094 112.95589 0.08366 -0.03703 0.70123 0.70704
58388.228918000 -368.25519 1026.69812 113.04274 0.08371 -0.03761 0.70028 0.70794
58388.430638000 -368.23508 1027.31067 113.14488 0.08398 -0.03754 0.69943 0.70876
58388.632358000 -368.20148 1027.98560 113.25195 0.08414 -0.03740 0.69840 0.70976
58388.834078000 -368.18530 1028.72717 113.37344 0.08442 -0.03777 0.69736 0.71073
58389.035798000 -368.15295 1029.54114 113.51033 0.08462 -0.03805 0.69606 0.71196
58389.237517000 -368.11752 1030.45911 113.65974 0.08450 -0.03772 0.69543 0.71261
58389.439237000 -368.07785 1031.40491 113.82300 0.08435 -0.03748 0.69458 0.71347
58389.640957000 -368.04477 1032.39990 113.97247 0.08511 -0.03817 0.69347 0.71442
58389.842677000 -368.02527 1033.44128 114.15485 0.08585 -0.03996 0.69252 0.71516
58390.044397000 -367.93378 1034.64551 114.36432 0.08590 -0.03836 0.69116 0.71655
58390.246117000 -367.91403 1035.88940 114.59325 0.08347 -0.03614 0.68981 0.71825
58390.447836000 -367.83206 1037.14709 114.79839 0.08423 -0.03649 0.68962 0.71833
58390.649556000 -367.76337 1038.47107 115.00364 0.08436 -0.03689 0.68933 0.71858
58390.851276000 -367.72836 1039.85376 115.25556 0.08277 -0.03645 0.69034 0.71781
58391.052997000 -367.65842 1041.26184 115.49535 0.08116 -0.03548 0.69104 0.71737
58391.254717000 -367.62286 1042.69397 115.74846 0.07912 -0.03474 0.69138 0.71730
58391.456437000 -367.56366 1044.16846 115.96122 0.07469 -0.03398 0.69224 0.71699
58391.658156000 -367.50467 1045.66504 116.14375 0.07185 -0.03479 0.69260 0.71689
58391.859876000 -367.42197 1047.18262 116.36358 0.06763 -0.03818 0.69271 0.71703
58392.061596000 -367.36185 1048.74426 116.58665 0.06662 -0.03844 0.69247 0.71733
58392.263316000 -367.28598 1050.35498 116.82858 0.06591 -0.03857 0.69205 0.71780
58392.465036000 -367.20587 1051.98987 117.07014 0.06790 -0.03770 0.69183 0.71787
58392.666756000 -367.13501 1053.66113 117.31182 0.06881 -0.03746 0.69187 0.71776
58392.868475000 -367.07126 1055.36462 117.55920 0.06765 -0.03629 0.69271 0.71712
58393.070195000 -367.00482 1057.08875 117.80972 0.06683 -0.03621 0.69395 0.71599
58393.271915000 -366.94336 1058.85303 118.06448 0.06750 -0.03584 0.69520 0.71474
58393.473635000 -366.86707 1060.63965 118.31446 0.07013 -0.03371 0.69651 0.71331
58393.675355000 -366.82678 1062.46338 118.58665 0.06949 -0.03273 0.69861 0.71137
58393.877075000 -366.78223 1064.31360 118.84756 0.07081 -0.03224 0.70088 0.70903
58394.078794000 -366.76154 1066.17126 119.11864 0.07061 -0.03317 0.70250 0.70739
58394.280514000 -366.72742 1068.05652 119.39193 0.07051 -0.03158 0.70464 0.70534
58394.482234000 -366.72897 1069.94104 119.67719 0.06966 -0.03240 0.70645 0.70358
58394.683954000 -366.75055 1071.82983 119.94546 0.06802 -0.03549 0.70840 0.70163
58394.885674000 -366.76593 1073.75085 120.21702 0.06560 -0.03665 0.71026 0.69991
58395.087393000 -366.81274 1075.68408 120.50700 0.06451 -0.03792 0.71178 0.69840
58395.289113000 -366.85028 1077.59448 120.76932 0.06250 -0.04502 0.71283 0.69709
58395.490833000 -366.87903 1079.55078 121.06332 0.05965 -0.03963 0.71458 0.69588
58395.692553000 -366.91492 1081.48059 121.35168 0.05927 -0.04012 0.71629 0.69412
58395.894273000 -366.97473 1083.42969 121.62077 0.06110 -0.04178 0.71764 0.69247
58396.095993000 -367.03214 1085.40210 121.91869 0.06147 -0.04281 0.71919 0.69077
58396.297712000 -367.11435 1087.36865 122.21446 0.06293 -0.04486 0.72053 0.68910
58396.499432000 -367.21671 1089.34595 122.53489 0.06448 -0.04868 0.72200 0.68716
58396.701152000 -367.30521 1091.33142 122.84988 0.06327 -0.05036 0.72352 0.68555
58396.902872000 -367.41843 1093.32178 123.18501 0.06312 -0.05231 0.72425 0.68464
58397.104592000 -367.52805 1095.32898 123.50721 0.06276 -0.05426 0.72480 0.68395
58397.306312000 -367.64212 1097.34802 123.86122 0.06246 -0.05435 0.72513 0.68361
58397.508031000 -367.76468 1099.38757 124.20452 0.06213 -0.05314 0.72606 0.68276
58397.709751000 -367.88022 1101.44348 124.51751 0.06209 -0.04883 0.72674 0.68235
58397.911471000 -367.99689 1103.49231 124.84270 0.06487 -0.05055 0.72745 0.68121
58398.113191000 -368.12442 1105.55066 125.19875 0.06637 -0.05091 0.72851 0.67991
58398.314911000 -368.26929 1107.65930 125.52911 0.06640 -0.05088 0.72927 0.67909
58398.516631000 -368.42194 1109.77991 125.89046 0.06751 -0.05243 0.72997 0.67811
58398.718350000 -368.56653 1111.94104 126.26273 0.06545 -0.05228 0.73044 0.67782
58398.920070000 -368.72687 1114.11487 126.61921 0.06456 -0.05342 0.73106 0.67715
58399.121790000 -368.88449 1116.32935 126.98929 0.06460 -0.05240 0.73286 0.67527
58399.323510000 -369.05707 1118.57507 127.34685 0.06669 -0.05373 0.73579 0.67178
58399.525230000 -369.27216 1120.84460 127.73353 0.06642 -0.05522 0.74032 0.66668
58399.726950000 -369.54861 1123.14282 128.13982 0.06481 -0.05630 0.74510 0.66141
58399.928669000 -369.84839 1125.50354 128.52666 0.06455 -0.05745 0.74982 0.65598
58400.130389000 -370.19308 1127.91687 128.94756 0.06513 -0.05751 0.75407 0.65102
58400.332109000 -370.56161 1130.34888 129.37129 0.06538 -0.05679 0.75798 0.64650
58400.533829000 -370.98083 1132.81519 129.78944 0.06581 -0.05711 0.76125 0.64257
58400.735549000 -371.42062 1135.31506 130.23643 0.06548 -0.05707 0.76445 0.63881
58400.937268000 -371.87680 1137.82544 130.65858 0.06692 -0.05744 0.76730 0.63520
58401.138988000 -372.36343 1140.35547 131.13353 0.06828 -0.05639 0.76996 0.63192
58401.340708000 -372.88596 1142.91431 131.59322 0.06459 -0.05782 0.77267 0.62887
58401.542428000 -373.44183 1145.49902 132.03448 0.06551 -0.05940 0.77514 0.62557
58401.744148000 -374.01205 1148.07788 132.51610 0.06481 -0.06109 0.77788 0.62207
58401.945868000 -374.60684 1150.66028 132.99298 0.06297 -0.06211 0.78041 0.61898
58402.147587000 -375.22284 1153.24963 133.46155 0.06433 -0.06223 0.78327 0.61521
58402.349307000 -375.86435 1155.85474 133.95090 0.06434 -0.06201 0.78632 0.61132
58402.551027000 -376.54013 1158.47070 134.43973 0.06429 -0.06105 0.78926 0.60762
58402.752747000 -377.23080 1161.07214 134.91599 0.06469 -0.06096 0.79229 0.60363
58402.954467000 -377.95209 1163.67700 135.39142 0.06515 -0.06136 0.79527 0.59961
58403.156187000 -378.69992 1166.28674 135.87743 0.06560 -0.06161 0.79830 0.59550
58403.357906000 -379.49329 1168.89270 136.36426 0.06550 -0.06195 0.80159 0.59103
58403.559626000 -380.32260 1171.48474 136.84982 0.06492 -0.06328 0.80460 0.58685
58403.761346000 -381.17688 1174.07532 137.33870 0.06433 -0.06442 0.80769 0.58253
58403.963066000 -382.06137 1176.67017 137.83939 0.06461 -0.06495 0.81086 0.57803
58404.164786000 -382.96799 1179.25256 138.35536 0.06406 -0.06465 0.81446 0.57303
58404.366506000 -383.92068 1181.81189 138.85483 0.06395 -0.06484 0.81820 0.56767
58404.568225000 -384.89258 1184.33545 139.35928 0.06369 -0.06574 0.82193 0.56219
58404.769945000 -385.89154 1186.84045 139.84752 0.06399 -0.06655 0.82586 0.55626
58404.971665000 -386.92926 1189.33105 140.32614 0.06419 -0.06662 0.83021 0.54971
58405.173385000 -387.99069 1191.78687 140.82076 0.06447 -0.06616 0.83516 0.54220
58405.375105000 -389.11157 1194.22632 141.30405 0.06502 -0.06564 0.84008 0.53454
58405.576825000 -390.26187 1196.63904 141.78937 0.06549 -0.06449 0.84503 0.52675
58405.778544000 -391.47241 1199.02258 142.28766 0.06455 -0.06454 0.84998 0.51884
58405.980264000 -392.72220 1201.37488 142.75633 0.06539 -0.06534 0.85474 0.51075
58406.181984000 -394.01385 1203.71643 143.23915 0.06470 -0.06466 0.85979 0.50239
58406.383704000 -395.35553 1206.03223 143.72652 0.06300 -0.06443 0.86466 0.49421
58406.585424000 -396.73544 1208.32361 144.19516 0.06441 -0.06460 0.86868 0.48691
58406.787143000 -398.14783 1210.59155 144.67262 0.06474 -0.06358 0.87251 0.48010
58406.988863000 -399.60852 1212.83130 145.14885 0.06389 -0.06312 0.87600 0.47387
58407.190583000 -401.09195 1215.06323 145.59712 0.06354 -0.06343 0.87882 0.46864
58407.392303000 -402.58307 1217.27979 146.06450 0.06440 -0.06201 0.88073 0.46510
58407.594023000 -404.09433 1219.49756 146.52985 0.06537 -0.06080 0.88214 0.46244
58407.795743000 -405.63101 1221.71143 147.00481 0.06651 -0.05945 0.88341 0.46004
58407.997463000 -407.18607 1223.92554 147.48488 0.06651 -0.05943 0.88488 0.45720
58408.199183000 -408.74838 1226.12415 147.95969 0.06660 -0.05943 0.88618 0.45466
58408.400903000 -410.31238 1228.32056 148.43222 0.06623 -0.05834 0.88696 0.45334
58408.602623000 -411.89212 1230.51599 148.90715 0.06662 -0.05709 0.88737 0.45263
58408.804343000 -413.51105 1232.71936 149.38179 0.06490 -0.05710 0.88770 0.45224
58409.006063000 -415.11139 1234.90613 149.81718 0.06617 -0.05850 0.88793 0.45142
58409.207782000 -416.70941 1237.09644 150.29456 0.06608 -0.05983 0.88807 0.45098
58409.409502000 -418.30121 1239.29041 150.77863 0.06602 -0.05893 0.88846 0.45035
58409.611222000 -419.90884 1241.48853 151.24770 0.06749 -0.05658 0.88882 0.44971
58409.812942000 -421.50449 1243.66418 151.71878 0.06780 -0.05717 0.88913 0.44897
58410.014662000 -423.09204 1245.82117 152.19205 0.06848 -0.05858 0.88928 0.44840
58410.216382000 -424.70493 1248.00110 152.68163 0.06669 -0.05877 0.88970 0.44780
58410.418101000 -426.29141 1250.16101 153.12477 0.06795 -0.05932 0.88986 0.44723
58410.619821000 -427.86356 1252.27197 153.62192 0.06851 -0.05610 0.89019 0.44690
58410.821541000 -429.40958 1254.37708 154.07100 0.06907 -0.05551 0.89045 0.44638
58411.023261000 -430.95532 1256.44775 154.53879 0.07023 -0.05528 0.89048 0.44615
58411.224981000 -432.49591 1258.50806 155.00435 0.07008 -0.05464 0.89036 0.44651
58411.426701000 -434.03003 1260.56824 155.46555 0.07013 -0.05525 0.89015 0.44684
58411.628420000 -435.56964 1262.63232 155.92409 0.06879 -0.05698 0.89002 0.44709
58411.830140000 -437.08112 1264.66150 156.36746 0.06923 -0.05986 0.88979 0.44710
58412.031860000 -438.59512 1266.68445 156.83063 0.06964 -0.06088 0.88981 0.44685
58412.233580000 -440.09543 1268.69287 157.30154 0.06841 -0.06030 0.88994 0.44686
58412.435300000 -441.56750 1270.68091 157.74977 0.06754 -0.06013 0.89000 0.44690
58412.637019000 -443.03436 1272.64282 158.17534 0.06799 -0.05974 0.89007 0.44674
58412.838739000 -444.47034 1274.56824 158.61484 0.06781 -0.05837 0.89015 0.44680
58413.040459000 -445.88217 1276.47815 159.04318 0.06839 -0.05778 0.89011 0.44686
58413.242179000 -447.22717 1278.31555 159.45729 0.06785 -0.05659 0.88984 0.44764
58413.443899000 -448.54385 1280.10303 159.83305 0.06651 -0.05563 0.88963 0.44837
58413.645619000 -449.85303 1281.86560 160.21535 0.06873 -0.05660 0.88965 0.44788
58413.847338000 -451.14740 1283.60107 160.60207 0.07170 -0.05910 0.88943 0.44752
58414.049058000 -452.45844 1285.35339 161.01517 0.07051 -0.06025 0.88951 0.44741
58414.250778000 -453.75772 1287.09180 161.41232 0.06835 -0.06198 0.88961 0.44730
58414.452498000 -455.05060 1288.82703 161.79556 0.06766 -0.06374 0.88968 0.44703
58414.654218000 -456.35611 1290.56787 162.19858 0.06942 -0.06365 0.88973 0.44667
58414.855938000 -457.65976 1292.30957 162.60068 0.06977 -0.06602 0.88963 0.44647
58415.057657000 -458.96741 1294.06543 163.03038 0.06972 -0.06527 0.88989 0.44606
58415.259377000 -460.27100 1295.81458 163.43404 0.06949 -0.06519 0.89020 0.44550
58415.461097000 -461.58411 1297.57666 163.84262 0.07104 -0.06414 0.89037 0.44506
58415.662817000 -462.90219 1299.33411 164.25067 0.07279 -0.06434 0.89013 0.44522
58415.864537000 -464.22659 1301.10840 164.67891 0.07556 -0.06467 0.88980 0.44539
58416.066257000 -465.55881 1302.88086 165.10327 0.07859 -0.06603 0.88939 0.44548
58416.267977000 -466.90186 1304.66150 165.55461 0.07955 -0.06777 0.88906 0.44571
58416.469696000 -468.25333 1306.44910 166.02789 0.08229 -0.07011 0.88868 0.44561
58416.671416000 -469.60922 1308.24463 166.50305 0.08698 -0.07354 0.88809 0.44533
58416.873136000 -470.98392 1310.05798 167.00882 0.08524 -0.07374 0.88837 0.44509
58417.074856000 -472.35074 1311.88306 167.51160 0.08614 -0.07507 0.88834 0.44475
58417.276576000 -473.74738 1313.73157 167.98651 0.08034 -0.07327 0.88891 0.44500
58417.478296000 -475.14008 1315.57837 168.49191 0.07381 -0.07411 0.88923 0.44535
58417.680015000 -476.52475 1317.43030 168.94881 0.07251 -0.07349 0.88953 0.44506
58417.881735000 -477.92261 1319.28918 169.39957 0.07152 -0.07211 0.88971 0.44509
58418.083455000 -479.30847 1321.16101 169.87006 0.07130 -0.06745 0.89007 0.44512
58418.285175000 -480.70294 1323.02380 170.29437 0.07190 -0.06590 0.89004 0.44532
58418.486895000 -482.09714 1324.88708 170.75534 0.07152 -0.06392 0.89022 0.44533
58418.688615000 -483.50671 1326.76672 171.18852 0.07222 -0.06383 0.89033 0.44499
58418.890334000 -484.91278 1328.63745 171.63023 0.07165 -0.06219 0.89112 0.44374
58419.092054000 -486.32700 1330.50964 172.06133 0.07163 -0.06111 0.89158 0.44297
58419.293774000 -487.75412 1332.38391 172.50217 0.07224 -0.06016 0.89208 0.44200
58419.495494000 -489.17969 1334.25317 172.94357 0.07161 -0.06073 0.89241 0.44135
58419.697214000 -490.60355 1336.11108 173.38031 0.07252 -0.06116 0.89276 0.44044
58419.898934000 -492.03610 1337.96362 173.82796 0.07182 -0.06142 0.89311 0.43981
58420.100653000 -493.46216 1339.80957 174.25929 0.07089 -0.06155 0.89330 0.43955
58420.302373000 -494.88174 1341.65845 174.68642 0.07050 -0.06106 0.89330 0.43968
58420.504093000 -496.28976 1343.50110 175.11301 0.07145 -0.06132 0.89317 0.43976
58420.705813000 -497.69806 1345.33508 175.54944 0.07190 -0.06148 0.89311 0.43977
58420.907533000 -499.09137 1347.15955 175.98485 0.07218 -0.06150 0.89292 0.44011
58421.109253000 -500.48553 1348.99634 176.40569 0.07185 -0.06097 0.89263 0.44084
58421.310972000 -501.87054 1350.82532 176.83217 0.07289 -0.06058 0.89235 0.44128
58421.512692000 -503.24203 1352.62524 177.26839 0.07310 -0.06103 0.89212 0.44165
58421.714412000 -504.62396 1354.42358 177.68916 0.07371 -0.06168 0.89179 0.44212
58421.916132000 -506.00595 1356.22668 178.11342 0.07420 -0.06190 0.89151 0.44257
58422.117852000 -507.34335 1358.02002 178.54485 0.07509 -0.06176 0.89128 0.44291
58422.319572000 -508.68079 1359.80115 178.98256 0.07459 -0.06196 0.89113 0.44326
58422.521292000 -510.01788 1361.56592 179.41301 0.07432 -0.06265 0.89103 0.44341
58422.723011000 -511.32739 1363.29944 179.83609 0.07452 -0.06288 0.89122 0.44296
58422.924731000 -512.63440 1365.03235 180.26247 0.07413 -0.06286 0.89147 0.44253
58423.126451000 -513.92279 1366.72180 180.67120 0.07513 -0.06272 0.89166 0.44200
58423.328171000 -515.19238 1368.39404 181.09271 0.07579 -0.06242 0.89193 0.44138
58423.529891000 -516.45209 1370.03857 181.49092 0.07631 -0.06250 0.89235 0.44044
58423.731611000 -517.69263 1371.65723 181.90039 0.07763 -0.06186 0.89291 0.43917
58423.933331000 -518.91583 1373.23535 182.31223 0.07800 -0.06185 0.89356 0.43778
58424.135050000 -520.11646 1374.78137 182.70398 0.07833 -0.06102 0.89449 0.43591
58424.336770000 -521.31116 1376.29211 183.09041 0.07869 -0.06054 0.89580 0.43322
58424.538490000 -522.48370 1377.75208 183.46664 0.07977 -0.06117 0.89707 0.43030
58424.740210000 -523.62103 1379.15100 183.83501 0.08016 -0.06135 0.89830 0.42762
58424.941930000 -524.73975 1380.51062 184.20421 0.08028 -0.06169 0.89952 0.42499
58425.143650000 -525.84564 1381.81372 184.54927 0.08009 -0.06176 0.90099 0.42188
58425.345370000 -526.91388 1383.06958 184.88371 0.08031 -0.06241 0.90213 0.41930
58425.547089000 -527.95288 1384.26453 185.20502 0.08054 -0.06346 0.90326 0.41667
58425.748809000 -528.95996 1385.42432 185.52786 0.08101 -0.06416 0.90441 0.41396
58425.950529000 -529.94098 1386.52332 185.83224 0.08090 -0.06496 0.90540 0.41169
58426.152249000 -530.89496 1387.58289 186.13678 0.08020 -0.06534 0.90668 0.40893
58426.353969000 -531.80609 1388.59949 186.42516 0.07951 -0.06579 0.90772 0.40669
58426.555689000 -532.68341 1389.54651 186.68036 0.07916 -0.06626 0.90874 0.40440
58426.757408000 -533.52228 1390.43750 186.94138 0.07895 -0.06693 0.90974 0.40206
58426.959128000 -534.31989 1391.28076 187.18616 0.07827 -0.06750 0.91055 0.40026
58427.160848000 -535.07788 1392.07568 187.41878 0.07753 -0.06806 0.91089 0.39955
58427.362568000 -535.76514 1392.79688 187.63492 0.07724 -0.06842 0.91113 0.39900
58427.564288000 -536.40173 1393.46802 187.82919 0.07713 -0.06873 0.91123 0.39873
58427.766008000 -536.99371 1394.09424 188.00403 0.07711 -0.06896 0.91099 0.39925
58427.967728000 -537.53021 1394.66309 188.15562 0.07753 -0.06927 0.91059 0.40002
58428.169448000 -538.00671 1395.18030 188.30840 0.07754 -0.06909 0.91033 0.40065
58428.371168000 -538.44104 1395.63525 188.42117 0.07863 -0.06958 0.90974 0.40169
58428.572888000 -538.86560 1396.10291 188.53795 0.07951 -0.06987 0.90929 0.40247
58428.774608000 -539.28668 1396.55713 188.66295 0.07966 -0.06998 0.90864 0.40389
58428.976327000 -539.71008 1397.02551 188.80363 0.08020 -0.06995 0.90806 0.40509
58429.178047000 -540.15430 1397.50415 188.93365 0.08022 -0.07010 0.90722 0.40694
58429.379766000 -540.57806 1397.98059 189.07433 0.08049 -0.06995 0.90649 0.40854
58429.581486000 -541.01703 1398.47839 189.20445 0.08049 -0.06996 0.90577 0.41013
58429.783206000 -541.45612 1398.99561 189.34645 0.08027 -0.06969 0.90491 0.41211
58429.984927000 -541.89807 1399.50183 189.49670 0.08007 -0.06944 0.90409 0.41400
58430.186647000 -542.34021 1400.01831 189.63255 0.08026 -0.06950 0.90323 0.41583
58430.388367000 -542.77997 1400.53821 189.77539 0.08063 -0.06951 0.90234 0.41768
58430.590086000 -543.22333 1401.06250 189.91789 0.08073 -0.06939 0.90155 0.41936
58430.791806000 -543.66687 1401.59338 190.06534 0.08083 -0.06917 0.90090 0.42078
58430.993526000 -544.11047 1402.12598 190.21704 0.08052 -0.06899 0.90039 0.42197
58431.195246000 -544.56537 1402.66528 190.35530 0.08050 -0.06916 0.89982 0.42315
58431.396966000 -545.00732 1403.19897 190.50436 0.08079 -0.06890 0.89922 0.42442
58431.598686000 -545.45880 1403.74829 190.64841 0.08126 -0.06890 0.89863 0.42559
58431.800406000 -545.91644 1404.30994 190.79153 0.08200 -0.06915 0.89792 0.42689
58432.002125000 -546.40869 1404.91284 190.94667 0.08261 -0.06931 0.89721 0.42823
58432.203845000 -546.92737 1405.55884 191.11380 0.08348 -0.06949 0.89645 0.42962
58432.405565000 -547.49219 1406.26855 191.30040 0.08421 -0.06967 0.89559 0.43124
58432.607285000 -548.09729 1407.02979 191.50140 0.08496 -0.07006 0.89472 0.43284
58432.809005000 -548.75720 1407.86194 191.72131 0.08568 -0.07048 0.89343 0.43528
58433.010725000 -549.45728 1408.76123 191.97269 0.08612 -0.07098 0.89222 0.43759
58433.212445000 -550.20477 1409.73608 192.22176 0.08627 -0.07132 0.89066 0.44069
58433.414164000 -551.00269 1410.80286 192.50311 0.08687 -0.07125 0.88893 0.44405
58433.615884000 -551.82843 1411.92554 192.80856 0.08727 -0.07195 0.88704 0.44763
58433.817604000 -552.67767 1413.09314 193.13005 0.08750 -0.07196 0.88526 0.45108
58434.019324000 -553.53076 1414.29688 193.44797 0.08799 -0.07150 0.88353 0.45444
58434.221044000 -554.38782 1415.55750 193.78513 0.08988 -0.06957 0.88191 0.45752
58434.422764000 -555.25690 1416.85864 194.16660 0.09082 -0.06671 0.88072 0.46004
58434.624483000 -556.16278 1418.17554 194.47511 0.09222 -0.06368 0.88013 0.46132
58434.826203000 -557.06403 1419.48584 194.84239 0.09437 -0.06399 0.87937 0.46229
58435.027923000 -557.99298 1420.83716 195.22118 0.09423 -0.06432 0.87932 0.46236
58435.229643000 -558.96869 1422.22119 195.60432 0.09330 -0.06565 0.87931 0.46238
58435.431363000 -559.94641 1423.64575 195.99290 0.09240 -0.06548 0.87976 0.46174
58435.633083000 -562.27264 1426.86230 196.84093 0.09441 -0.06667 0.88041 0.45992
58435.834803000 -563.30212 1428.29297 197.25681 0.09551 -0.06816 0.88128 0.45779
58436.036522000 -564.39301 1429.79785 197.70062 0.09412 -0.06816 0.88292 0.45492
58436.238242000 -565.78271 1431.69226 198.22008 0.09586 -0.06960 0.88440 0.45144
58436.540822000 -567.38055 1433.88025 198.85275 0.09655 -0.07013 0.88738 0.44532
58436.742542000 -568.55127 1435.42627 199.30286 0.09588 -0.06959 0.88978 0.44074
58436.944262000 -569.72687 1436.98450 199.74767 0.09690 -0.06973 0.89169 0.43662
58437.145982000 -570.98114 1438.60229 200.22966 0.09712 -0.06875 0.89350 0.43301
58437.347701000 -572.27411 1440.23462 200.71358 0.09663 -0.06596 0.89505 0.43035
58437.549421000 -573.59338 1441.85803 201.19180 0.09746 -0.05843 0.89680 0.42760
58437.751141000 -574.92816 1443.50183 201.66255 0.09804 -0.05697 0.89803 0.42506
58437.952861000 -576.28937 1445.15442 202.14357 0.09834 -0.05591 0.89939 0.42225
58438.154581000 -577.67157 1446.80469 202.63007 0.09812 -0.05537 0.90069 0.41959
58438.356301000 -579.05981 1448.45752 203.13034 0.09846 -0.05494 0.90194 0.41688
58438.558021000 -580.46753 1450.10803 203.61435 0.09895 -0.05497 0.90315 0.41413
58438.759740000 -581.89575 1451.75806 204.11478 0.09956 -0.05575 0.90431 0.41135
58438.961460000 -583.34155 1453.39722 204.61534 0.09895 -0.05723 0.90568 0.40825
58439.163180000 -584.81683 1455.04395 205.13086 0.09672 -0.05772 0.90738 0.40494
58439.364900000 -586.29932 1456.67749 205.63084 0.09687 -0.05868 0.90923 0.40060
58439.566620000 -587.80121 1458.29492 206.13434 0.09722 -0.05980 0.91099 0.39633
58439.768340000 -589.32849 1459.90393 206.64020 0.09633 -0.06021 0.91277 0.39236
58439.970060000 -590.85577 1461.49780 207.14070 0.09649 -0.06161 0.91423 0.38869
58440.171779000 -592.40613 1463.08142 207.63882 0.09585 -0.06339 0.91551 0.38554
58440.373499000 -593.97156 1464.66394 208.13907 0.09413 -0.06675 0.91634 0.38342
58440.575219000 -595.54846 1466.23938 208.65521 0.09209 -0.07145 0.91669 0.38222
58440.776939000 -597.13190 1467.82080 209.15790 0.09314 -0.07337 0.91665 0.38169
58440.978659000 -598.73810 1469.41443 209.66588 0.09350 -0.07458 0.91657 0.38156
58441.180379000 -600.34546 1471.03137 210.20111 0.09412 -0.07444 0.91672 0.38109
58441.382098000 -601.97766 1472.65674 210.74275 0.09410 -0.07354 0.91720 0.38010
58441.583818000 -603.62488 1474.28333 211.28496 0.09446 -0.07381 0.91772 0.37871
58441.785538000 -605.27161 1475.90051 211.81668 0.09493 -0.07350 0.91845 0.37687
58441.987258000 -606.97931 1477.54175 212.35643 0.09381 -0.07393 0.92001 0.37326
58442.188978000 -608.69531 1479.15698 212.91066 0.09100 -0.07570 0.92171 0.36937
58442.390698000 -610.43555 1480.76379 213.43466 0.09166 -0.07663 0.92369 0.36405
58442.592418000 -612.21234 1482.37695 213.97835 0.09055 -0.07688 0.92582 0.35881
58442.794137000 -614.01099 1483.96216 214.52267 0.08795 -0.07675 0.92811 0.35352
58442.995857000 -615.82916 1485.54688 215.04970 0.08623 -0.07639 0.93026 0.34834
58443.197577000 -617.66589 1487.11243 215.57465 0.08582 -0.07570 0.93276 0.34185
58443.399297000 -619.51788 1488.63806 216.08664 0.08491 -0.07525 0.93545 0.33476
58443.601017000 -621.40125 1490.13635 216.60089 0.08500 -0.07441 0.93802 0.32765
58443.802737000 -623.31073 1491.60864 217.11424 0.08241 -0.07343 0.94075 0.32063
58444.004457000 -625.24933 1493.04712 217.59702 0.08222 -0.07394 0.94325 0.31312
58444.206176000 -627.19647 1494.46631 218.09320 0.08163 -0.07410 0.94564 0.30595
58444.407896000 -629.15710 1495.84277 218.58257 0.08183 -0.07465 0.94812 0.29799
58444.609616000 -631.15314 1497.18030 219.06726 0.07932 -0.07410 0.95085 0.29001
58444.811336000 -633.15033 1498.47937 219.54123 0.07728 -0.07471 0.95330 0.28225
58445.013056000 -635.20642 1499.74915 219.99005 0.07493 -0.07510 0.95569 0.27461
58445.214776000 -637.24451 1500.97290 220.41376 0.07550 -0.07586 0.95788 0.26647
58445.416495000 -639.29004 1502.14990 220.89069 0.07512 -0.07756 0.95992 0.25862
58445.618215000 -641.36060 1503.29785 221.35603 0.07022 -0.07863 0.96216 0.25127
58445.819935000 -643.46143 1504.41870 221.71603 0.06610 -0.07952 0.96444 0.24322
58446.021655000 -645.48529 1505.46216 222.14458 0.07600 -0.07639 0.96602 0.23494
58446.223375000 -647.55237 1506.49487 222.57367 0.07217 -0.07489 0.96826 0.22728
58446.425095000 -649.60309 1507.46472 222.96892 0.07039 -0.07594 0.96995 0.22017
58446.626815000 -651.65778 1508.39966 223.35005 0.06729 -0.07686 0.97171 0.21292
58446.828534000 -653.69470 1509.28992 223.71718 0.06892 -0.07775 0.97317 0.20531
58447.030254000 -655.71014 1510.13428 224.09924 0.06811 -0.07835 0.97469 0.19800
58447.231974000 -657.74744 1510.94653 224.45639 0.06534 -0.07950 0.97606 0.19160
58447.433694000 -659.74249 1511.71667 224.80281 0.06486 -0.08019 0.97739 0.18457
58447.635414000 -661.75739 1512.46008 225.12929 0.06230 -0.08110 0.97871 0.17797
58447.837134000 -663.77930 1513.17834 225.45517 0.06292 -0.08111 0.97987 0.17123
58448.038854000 -665.79932 1513.86731 225.77747 0.06260 -0.08146 0.98091 0.16511
58448.240573000 -667.82336 1514.53357 226.11284 0.06076 -0.08186 0.98196 0.15923
58448.442293000 -669.84125 1515.17529 226.42471 0.06125 -0.08119 0.98291 0.15342
58448.644013000 -671.86084 1515.78601 226.73720 0.06077 -0.08099 0.98392 0.14715
58448.845733000 -673.88434 1516.36218 227.04800 0.05940 -0.08088 0.98511 0.13962
58449.047453000 -675.91754 1516.90564 227.34430 0.05970 -0.08118 0.98623 0.13111
58449.249173000 -677.92639 1517.40051 227.62503 0.05791 -0.08164 0.98735 0.12299
58449.450892000 -679.94452 1517.86133 227.91451 0.05407 -0.08079 0.98854 0.11545
58449.652612000 -681.92535 1518.29456 228.17122 0.05541 -0.08137 0.98919 0.10864
58449.854332000 -683.90491 1518.70471 228.44429 0.05569 -0.08149 0.98988 0.10201
58450.056052000 -685.88141 1519.09351 228.69772 0.05557 -0.08205 0.99032 0.09724
58450.257772000 -687.85938 1519.45520 228.95621 0.05541 -0.08173 0.99067 0.09394
58450.459492000 -689.84210 1519.82385 229.21732 0.05482 -0.08201 0.99086 0.09207
58450.661212000 -691.81989 1520.17029 229.47189 0.05429 -0.08064 0.99114 0.09045
58450.862931000 -693.78223 1520.52710 229.72021 0.05505 -0.08063 0.99119 0.08949
58451.064651000 -695.75787 1520.88562 229.96681 0.05659 -0.08038 0.99088 0.09217
58451.266371000 -697.73260 1521.26843 230.23361 0.05607 -0.07986 0.99042 0.09770
58451.468091000 -699.69153 1521.66040 230.49417 0.05779 -0.07921 0.98962 0.10502
58451.669811000 -701.63727 1522.09851 230.75810 0.05951 -0.07859 0.98867 0.11318
58451.871531000 -703.56982 1522.56372 231.04247 0.06090 -0.07752 0.98771 0.12132
58452.073251000 -705.51288 1523.05872 231.31293 0.06247 -0.07641 0.98671 0.12906
58452.274970000 -707.49127 1523.58643 231.61957 0.05752 -0.07694 0.98585 0.13738
58452.476690000 -709.37616 1524.13757 231.92224 0.06709 -0.07634 0.98441 0.14355
58452.678410000 -711.32001 1524.72070 232.20282 0.07368 -0.07655 0.98320 0.14841
58452.880130000 -713.29077 1525.33276 232.55687 0.06887 -0.07399 0.98284 0.15429
58453.081850000 -715.24542 1525.94275 232.91850 0.07370 -0.07497 0.98202 0.15680
58453.283570000 -717.20667 1526.55798 233.25020 0.07961 -0.07676 0.98115 0.15847
58453.485289000 -719.20880 1527.23877 233.61092 0.07357 -0.07223 0.98166 0.16038
58453.687009000 -721.20801 1527.85754 233.99680 0.07760 -0.07442 0.98139 0.15909
58453.888729000 -723.24097 1528.50293 234.33412 0.07683 -0.07484 0.98213 0.15465
58454.090449000 -725.33295 1529.11230 234.70361 0.07282 -0.07452 0.98342 0.14840
58454.292169000 -727.38751 1529.75220 235.06720 0.07323 -0.07284 0.98458 0.14115
58454.493889000 -729.50983 1530.32458 235.44777 0.06996 -0.07198 0.98595 0.13354
58454.695609000 -731.64630 1530.85486 235.77620 0.06997 -0.07502 0.98680 0.12535
58454.897328000 -733.80347 1531.36462 236.11403 0.07126 -0.07691 0.98760 0.11686
58455.099048000 -736.02411 1531.85876 236.46144 0.06744 -0.07598 0.98897 0.10775
58455.300768000 -738.26361 1532.31653 236.80191 0.06377 -0.07521 0.99033 0.09759
58455.502488000 -740.53003 1532.70337 237.10744 0.06041 -0.07633 0.99145 0.08687
58455.704208000 -742.80273 1533.07178 237.40567 0.06145 -0.07623 0.99231 0.07569
58455.905928000 -745.09216 1533.38464 237.71501 0.05994 -0.07575 0.99321 0.06487
58456.107647000 -747.40784 1533.64087 238.02124 0.05765 -0.07582 0.99390 0.05568
58456.309367000 -749.72736 1533.85571 238.29852 0.05689 -0.07632 0.99424 0.04915
58456.511087000 -752.05078 1534.05493 238.59372 0.05671 -0.07686 0.99440 0.04533
58456.712807000 -754.38770 1534.24084 238.88881 0.05669 -0.07814 0.99440 0.04294
58456.914527000 -756.74994 1534.43628 239.17104 0.05690 -0.07742 0.99452 0.04121
58457.116247000 -759.13495 1534.62366 239.46237 0.05569 -0.07743 0.99464 0.03982
58457.317967000 -761.40820 1534.78174 239.73831 0.05451 -0.07837 0.99468 0.03864
58457.519686000 -763.69867 1534.94458 239.99991 0.05362 -0.07836 0.99479 0.03713
58457.721406000 -765.98737 1535.08008 240.24956 0.05354 -0.07840 0.99483 0.03618
58457.923126000 -768.21576 1535.23267 240.48694 0.05657 -0.07847 0.99468 0.03535
58458.124846000 -770.47589 1535.35449 240.78593 0.05854 -0.08024 0.99447 0.03424
58458.326566000 -772.75598 1535.47498 241.08307 0.05644 -0.08191 0.99444 0.03444
58458.528286000 -775.03394 1535.62354 241.34117 0.05725 -0.08204 0.99442 0.03355
58458.730006000 -777.27936 1535.75549 241.61232 0.05675 -0.08322 0.99438 0.03268
58458.931725000 -779.54504 1535.90002 241.88425 0.06127 -0.08222 0.99422 0.03186
58459.133445000 -781.78046 1536.04138 242.19048 0.06021 -0.08006 0.99449 0.03098
58459.335165000 -784.04163 1536.19263 242.46646 0.05991 -0.07754 0.99470 0.03114
58459.536885000 -786.26575 1536.34399 242.75511 0.06030 -0.07577 0.99483 0.03072
58459.738605000 -788.48645 1536.46057 243.03625 0.06156 -0.07370 0.99490 0.03073
58459.940325000 -790.69812 1536.59558 243.33997 0.06292 -0.07201 0.99490 0.03214
58460.142044000 -792.88806 1536.75195 243.62447 0.06502 -0.06909 0.99487 0.03521
58460.343764000 -795.07379 1536.91223 243.93018 0.06671 -0.06642 0.99479 0.03902
58460.545484000 -797.24664 1537.08386 244.24928 0.06674 -0.06504 0.99467 0.04416
58460.747204000 -799.41254 1537.28003 244.55447 0.06846 -0.06631 0.99418 0.05019
58460.948924000 -801.56519 1537.50793 244.86105 0.06970 -0.06640 0.99365 0.05822
58461.150644000 -803.70209 1537.77539 245.19044 0.07141 -0.06754 0.99283 0.06809
58461.352364000 -805.82074 1538.08447 245.52409 0.07484 -0.06882 0.99177 0.07783
58461.554083000 -807.93958 1538.42883 245.88261 0.07778 -0.06957 0.99068 0.08754
58461.755803000 -810.03949 1538.81628 246.27087 0.07903 -0.06933 0.98967 0.09748
58461.957523000 -812.11841 1539.25940 246.64214 0.07911 -0.06842 0.98866 0.10778
58462.159243000 -814.19690 1539.72180 247.01445 0.07828 -0.06798 0.98754 0.11840
58462.360963000 -816.22528 1540.23694 247.39375 0.07916 -0.06789 0.98598 0.13029
58462.562683000 -818.22095 1540.79907 247.76346 0.08136 -0.06701 0.98419 0.14234
58462.764403000 -820.18481 1541.42126 248.15646 0.08199 -0.06582 0.98239 0.15444
58462.966122000 -822.14313 1542.08655 248.54953 0.08340 -0.06398 0.98042 0.16650
58463.167842000 -824.03931 1542.78320 248.93140 0.08601 -0.06240 0.97822 0.17831
58463.369562000 -825.87933 1543.50964 249.31226 0.08750 -0.06027 0.97607 0.18971
58463.571282000 -827.65802 1544.26685 249.71233 0.08727 -0.05811 0.97395 0.20106
58463.773002000 -829.37408 1545.05408 250.09798 0.08691 -0.05565 0.97177 0.21218
58463.974722000 -831.00580 1545.84985 250.46030 0.08672 -0.05328 0.96949 0.22298
58464.176441000 -832.55225 1546.63721 250.81712 0.08757 -0.05140 0.96705 0.23344
58464.378161000 -834.02490 1547.42078 251.14771 0.08792 -0.04963 0.96466 0.24338
58464.579881000 -835.44623 1548.20007 251.48308 0.08682 -0.04868 0.96226 0.25328
58464.781601000 -836.75635 1548.97876 251.79378 0.08683 -0.04761 0.95981 0.26260
58464.983321000 -837.99719 1549.74329 252.08614 0.08740 -0.04620 0.95742 0.27126
58465.185041000 -839.16620 1550.50134 252.36848 0.08779 -0.04456 0.95525 0.27892
58465.386761000 -840.27911 1551.22595 252.63835 0.08765 -0.04329 0.95322 0.28602
58465.588480000 -841.32581 1551.93848 252.89648 0.08771 -0.04199 0.95165 0.29138
58465.790200000 -842.30145 1552.62561 253.13237 0.08830 -0.04170 0.95003 0.29649
58465.991920000 -843.23810 1553.29077 253.36107 0.08881 -0.04145 0.94848 0.30128
58466.193640000 -844.13910 1553.95093 253.59184 0.08993 -0.04088 0.94693 0.30590
58466.395360000 -845.01562 1554.60291 253.80798 0.09047 -0.04076 0.94538 0.31051
58466.597080000 -845.87482 1555.25830 254.02127 0.09070 -0.04001 0.94393 0.31490
58466.798799000 -846.71643 1555.91016 254.23451 0.09104 -0.03925 0.94250 0.31916
58467.000519000 -847.50812 1556.53735 254.44237 0.09091 -0.03839 0.94140 0.32253
58467.202239000 -848.25134 1557.14172 254.63808 0.09125 -0.03755 0.94033 0.32565
58467.403959000 -848.96857 1557.72852 254.82407 0.09154 -0.03698 0.93930 0.32858
58467.605679000 -849.65881 1558.30396 255.00099 0.09177 -0.03640 0.93850 0.33086
58467.807399000 -850.33936 1558.85632 255.18309 0.09165 -0.03633 0.93768 0.33323
58468.009119000 -851.01093 1559.41785 255.36531 0.09107 -0.03589 0.93697 0.33543
58468.210838000 -851.63855 1559.96814 255.53708 0.09103 -0.03539 0.93604 0.33808
58468.412558000 -852.26074 1560.49084 255.69691 0.09088 -0.03499 0.93496 0.34112
58468.614278000 -852.84149 1560.99365 255.84830 0.09063 -0.03475 0.93430 0.34303
58468.815998000 -853.36713 1561.46057 255.98817 0.09034 -0.03470 0.93376 0.34458
58469.017718000 -853.83362 1561.88025 256.11218 0.09065 -0.03428 0.93320 0.34603
58469.219438000 -854.24219 1562.23047 256.22229 0.09062 -0.03438 0.93308 0.34637
58469.421157000 -854.60614 1562.53625 256.32172 0.09082 -0.03446 0.93290 0.34678
58469.622877000 -854.92181 1562.80908 256.40170 0.09130 -0.03459 0.93261 0.34743
58469.824597000 -855.19672 1563.05151 256.47348 0.09133 -0.03428 0.93244 0.34791
58470.026318000 -855.45197 1563.27930 256.54514 0.09163 -0.03434 0.93230 0.34821
58470.228038000 -855.68213 1563.48071 256.60480 0.09180 -0.03422 0.93238 0.34794
58470.429757000 -855.91949 1563.67908 256.67371 0.09231 -0.03438 0.93252 0.34742
58470.631477000 -856.15118 1563.87488 256.73480 0.09225 -0.03455 0.93275 0.34680
58470.833197000 -856.39441 1564.08044 256.79456 0.09230 -0.03480 0.93294 0.34626
58471.034917000 -856.62683 1564.28320 256.85580 0.09223 -0.03480 0.93315 0.34570
58471.236637000 -856.87634 1564.49731 256.91852 0.09262 -0.03501 0.93334 0.34506
58471.438357000 -857.12067 1564.71021 256.98083 0.09224 -0.03503 0.93358 0.34451
58471.640077000 -857.38385 1564.93286 257.04886 0.09251 -0.03528 0.93379 0.34386
58471.841796000 -857.65454 1565.16187 257.12100 0.09229 -0.03535 0.93388 0.34366
58472.043516000 -857.94775 1565.40405 257.19800 0.09255 -0.03569 0.93380 0.34376
58472.245236000 -858.23486 1565.64832 257.27646 0.09275 -0.03569 0.93371 0.34396
58472.446956000 -858.56085 1565.92261 257.36209 0.09345 -0.03601 0.93352 0.34427
58472.648676000 -858.89697 1566.21143 257.44998 0.09336 -0.03595 0.93347 0.34442
58472.850396000 -859.26886 1566.53442 257.55182 0.09353 -0.03626 0.93332 0.34474
58473.052115000 -859.67273 1566.87561 257.65781 0.09362 -0.03628 0.93318 0.34509
58473.253835000 -860.10852 1567.24634 257.77750 0.09374 -0.03645 0.93306 0.34537
58473.455555000 -860.57141 1567.66663 257.89810 0.09393 -0.03659 0.93290 0.34573
58473.657275000 -861.08545 1568.10864 258.03214 0.09414 -0.03677 0.93272 0.34615
58473.858995000 -861.62408 1568.58765 258.18176 0.09444 -0.03645 0.93259 0.34646
58474.060715000 -862.20746 1569.09912 258.33286 0.09476 -0.03627 0.93223 0.34736
58474.262434000 -862.82898 1569.62500 258.50366 0.09462 -0.03625 0.93196 0.34811
58474.464154000 -863.47540 1570.20447 258.67349 0.09490 -0.03610 0.93168 0.34881
58474.665874000 -864.16827 1570.82153 258.85995 0.09540 -0.03613 0.93141 0.34939
58474.867594000 -864.90320 1571.46814 259.05615 0.09587 -0.03650 0.93110 0.35005
58475.069314000 -865.68945 1572.16016 259.25684 0.09571 -0.03683 0.93088 0.35065
58475.271034000 -866.51208 1572.89575 259.48083 0.09525 -0.03653 0.93085 0.35088
58475.472753000 -867.38251 1573.66382 259.72180 0.09490 -0.03618 0.93087 0.35096
58475.674473000 -868.26514 1574.45117 259.96356 0.09451 -0.03577 0.93085 0.35114
58475.876193000 -869.15247 1575.24536 260.20926 0.09433 -0.03571 0.93087 0.35116
58476.077913000 -870.04681 1576.03223 260.45575 0.09454 -0.03558 0.93080 0.35129
58476.279633000 -870.94708 1576.83875 260.69385 0.09452 -0.03534 0.93078 0.35139
58476.481353000 -871.81885 1577.63745 260.93018 0.09381 -0.03467 0.93082 0.35152
58476.683072000 -872.71582 1578.42004 261.17892 0.09278 -0.03435 0.93088 0.35167
58476.884792000 -873.56427 1579.17688 261.40799 0.09192 -0.03371 0.93109 0.35139
58477.086512000 -874.39868 1579.92163 261.63928 0.09155 -0.03287 0.93116 0.35139
58477.288232000 -875.20306 1580.63489 261.84622 0.09055 -0.03244 0.93120 0.35158
58477.489952000 -875.97552 1581.32312 262.05270 0.08971 -0.03175 0.93137 0.35141
58477.691672000 -876.72784 1581.98083 262.25800 0.08904 -0.03226 0.93139 0.35150
58477.893391000 -877.44965 1582.62231 262.44315 0.09080 -0.03238 0.93147 0.35083
58478.095111000 -878.11774 1583.22266 262.62402 0.09182 -0.03259 0.93124 0.35115
58478.296831000 -878.75293 1583.77759 262.79788 0.09218 -0.03345 0.93107 0.35142
58478.498551000 -879.33844 1584.29382 262.95721 0.09143 -0.03317 0.93116 0.35141
58478.700271000 -879.87726 1584.77087 263.10001 0.09166 -0.03322 0.93119 0.35125
58478.901991000 -880.37860 1585.21948 263.23849 0.09217 -0.03389 0.93037 0.35322
58479.103711000 -880.86151 1585.66296 263.36743 0.09285 -0.03425 0.92901 0.35657
58479.305430000 -881.34003 1586.10840 263.50150 0.09283 -0.03355 0.92769 0.36006
58479.507150000 -881.81299 1586.55627 263.62820 0.09192 -0.03324 0.92653 0.36331
58479.708870000 -882.26080 1586.98267 263.75214 0.09152 -0.03305 0.92534 0.36645
58479.910590000 -882.70294 1587.41248 263.86829 0.09088 -0.03229 0.92433 0.36919
58480.112310000 -883.09113 1587.80615 263.97681 0.09062 -0.03181 0.92320 0.37214
58480.314030000 -883.45563 1588.16016 264.07938 0.09025 -0.03193 0.92212 0.37488
58480.515749000 -883.78436 1588.48816 264.17868 0.08976 -0.03186 0.92121 0.37724
58480.717469000 -884.07153 1588.78076 264.25201 0.08969 -0.03165 0.92036 0.37934
58480.919189000 -884.31018 1589.03955 264.32251 0.08999 -0.03098 0.91963 0.38107
58481.120909000 -884.52704 1589.26416 264.38574 0.08996 -0.03069 0.91898 0.38267
58481.322629000 -884.70166 1589.44153 264.43082 0.08948 -0.03069 0.91861 0.38367
58481.524349000 -884.83307 1589.57837 264.47018 0.08970 -0.03045 0.91804 0.38500
58481.726068000 -884.92889 1589.67322 264.49649 0.08969 -0.03073 0.91782 0.38551
58481.927788000 -884.98126 1589.73218 264.50568 0.08952 -0.03054 0.91762 0.38604
58482.129508000 -884.99091 1589.74536 264.50934 0.08964 -0.03055 0.91757 0.38614
58482.331228000 -884.98108 1589.73169 264.50735 0.09084 -0.03163 0.91746 0.38601
58482.532948000 -884.98553 1589.73364 264.51431 0.09159 -0.03176 0.91742 0.38594
58482.734667000 -884.98560 1589.73755 264.51263 0.09139 -0.03184 0.91741 0.38599
58482.936387000 -884.98413 1589.73755 264.51068 0.09142 -0.03185 0.91740 0.38601
58483.138107000 -884.98193 1589.73303 264.51099 0.09127 -0.03187 0.91742 0.38600
58483.339827000 -884.98413 1589.73779 264.51065 0.09135 -0.03187 0.91740 0.38603
58483.541547000 -884.98474 1589.73499 264.51297 0.09131 -0.03185 0.91741 0.38601
58483.743267000 -884.98846 1589.73792 264.51456 0.09137 -0.03180 0.91740 0.38603
58483.944986000 -884.98590 1589.73755 264.51346 0.09138 -0.03188 0.91742 0.38596
58484.146706000 -884.98737 1589.73889 264.51291 0.09139 -0.03184 0.91740 0.38601
58484.348426000 -884.98376 1589.73706 264.51089 0.09127 -0.03187 0.91741 0.38601
58484.550146000 -884.98718 1589.73792 264.51321 0.09132 -0.03184 0.91742 0.38599
58484.751866000 -884.98767 1589.73865 264.51337 0.09138 -0.03190 0.91740 0.38602
58484.953585000 -884.98724 1589.73792 264.51263 0.09122 -0.03183 0.91742 0.38600
58485.155305000 -884.98669 1589.73608 264.51291 0.09133 -0.03184 0.91742 0.38598
58485.357025000 -884.98438 1589.73694 264.51437 0.09135 -0.03186 0.91740 0.38602
58485.558745000 -884.98676 1589.73779 264.51315 0.09133 -0.03184 0.91741 0.38600
58485.760465000 -884.98676 1589.74121 264.51328 0.09127 -0.03181 0.91743 0.38599
58485.962185000 -884.98584 1589.73962 264.51303 0.09132 -0.03187 0.91743 0.38595
58486.163905000 -884.98553 1589.74133 264.51306 0.09138 -0.03187 0.91741 0.38600
58486.365624000 -884.98724 1589.74194 264.51367 0.09132 -0.03186 0.91741 0.38602
58486.567344000 -884.98840 1589.74036 264.51157 0.09135 -0.03182 0.91744 0.38594
58486.769064000 -884.98865 1589.73999 264.51312 0.09137 -0.03184 0.91742 0.38598
58486.970784000 -884.98926 1589.74170 264.51285 0.09132 -0.03179 0.91742 0.38598
58487.172504000 -884.98987 1589.73865 264.51553 0.09134 -0.03182 0.91740 0.38603
58487.374223000 -884.98962 1589.73999 264.51282 0.09135 -0.03177 0.91741 0.38601
58487.575943000 -884.98865 1589.74121 264.51389 0.09129 -0.03181 0.91741 0.38601
58487.777663000 -884.98846 1589.74219 264.51434 0.09143 -0.03184 0.91743 0.38593
58487.979384000 -884.98859 1589.73926 264.51392 0.09140 -0.03183 0.91742 0.38597
58488.181104000 -884.98700 1589.73987 264.51233 0.09135 -0.03179 0.91742 0.38598
58488.382824000 -884.98584 1589.73901 264.51175 0.09126 -0.03168 0.91744 0.38596
58488.584543000 -884.98828 1589.73877 264.51065 0.09138 -0.03181 0.91739 0.38605
58488.786263000 -884.98657 1589.73779 264.50940 0.09125 -0.03171 0.91744 0.38596
58488.987983000 -884.98682 1589.73999 264.51208 0.09128 -0.03175 0.91744 0.38597
58489.189703000 -884.98499 1589.73706 264.51160 0.09129 -0.03168 0.91742 0.38600
58489.391423000 -884.98804 1589.73669 264.51236 0.09129 -0.03168 0.91741 0.38603
58489.593143000 -884.98407 1589.73889 264.51352 0.09129 -0.03170 0.91741 0.38603
58489.794862000 -884.98889 1589.73926 264.51404 0.09133 -0.03174 0.91738 0.38609
58489.996582000 -884.98840 1589.73938 264.51273 0.09130 -0.03173 0.91741 0.38604
58490.198302000 -884.98517 1589.73816 264.51218 0.09131 -0.03179 0.91740 0.38605
58490.400022000 -884.98523 1589.73804 264.51315 0.09134 -0.03176 0.91740 0.38603
58490.601742000 -884.98633 1589.73547 264.51370 0.09134 -0.03173 0.91740 0.38603
58490.803461000 -884.99005 1589.73657 264.51346 0.09132 -0.03182 0.91744 0.38596
58491.005181000 -884.98676 1589.73193 264.51273 0.09132 -0.03181 0.91744 0.38594
58491.206901000 -884.98779 1589.73682 264.51526 0.09139 -0.03184 0.91740 0.38601
58491.408621000 -884.99078 1589.73767 264.51523 0.09131 -0.03181 0.91742 0.38598
58491.610341000 -884.99078 1589.73730 264.51361 0.09135 -0.03188 0.91740 0.38602
58491.812061000 -884.99243 1589.73853 264.51990 0.09177 -0.03207 0.91739 0.38593
58492.013780000 -884.99353 1589.73987 264.52182 0.09180 -0.03197 0.91744 0.38583
58492.215500000 -884.99573 1589.74194 264.52036 0.09177 -0.03201 0.91743 0.38586
58492.417220000 -884.99628 1589.74414 264.52185 0.09175 -0.03201 0.91740 0.38592
58492.618940000 -884.99109 1589.73987 264.52042 0.09178 -0.03213 0.91742 0.38585
58492.820660000 -884.99225 1589.74548 264.52127 0.09172 -0.03212 0.91740 0.38593
58493.022379000 -884.99390 1589.74146 264.52121 0.09173 -0.03206 0.91742 0.38587
58493.224099000 -884.99274 1589.74207 264.52133 0.09207 -0.03209 0.91739 0.38587
58493.425819000 -884.99548 1589.74402 264.52167 0.09191 -0.03209 0.91739 0.38590
58493.627539000 -884.99329 1589.74280 264.52133 0.09183 -0.03212 0.91741 0.38587
58493.829259000 -884.99567 1589.74377 264.51950 0.09168 -0.03197 0.91742 0.38589
58494.030979000 -884.99084 1589.74170 264.51974 0.09177 -0.03202 0.91739 0.38594
58494.232698000 -884.99438 1589.74695 264.52081 0.09181 -0.03219 0.91740 0.38589
58494.434418000 -884.99152 1589.74280 264.52219 0.09179 -0.03206 0.91738 0.38595
58494.636138000 -884.99243 1589.74524 264.52206 0.09169 -0.03211 0.91739 0.38595
58494.837858000 -884.98798 1589.74133 264.52377 0.09176 -0.03196 0.91742 0.38587
58495.039578000 -884.99115 1589.74451 264.52069 0.09163 -0.03204 0.91742 0.38590
58495.241297000 -884.98578 1589.74048 264.52066 0.09182 -0.03199 0.91739 0.38592
58495.443017000 -884.99225 1589.74268 264.51990 0.09181 -0.03205 0.91738 0.38594
58495.644737000 -884.99261 1589.74487 264.52197 0.09196 -0.03212 0.91739 0.38590
58495.846457000 -884.98792 1589.73779 264.52066 0.09188 -0.03207 0.91739 0.38591
58496.048178000 -884.99365 1589.74170 264.52264 0.09178 -0.03200 0.91742 0.38587
58496.249898000 -884.98871 1589.74060 264.52081 0.09176 -0.03207 0.91739 0.38593
58496.451617000 -884.99084 1589.74487 264.52097 0.09184 -0.03213 0.91738 0.38593
58496.653337000 -884.99121 1589.74622 264.52039 0.09183 -0.03207 0.91743 0.38582
58496.855057000 -884.99255 1589.74573 264.52231 0.09180 -0.03203 0.91741 0.38588
58497.056777000 -884.98737 1589.74377 264.52103 0.09178 -0.03220 0.91744 0.38581
58497.258497000 -884.99176 1589.74329 264.52103 0.09167 -0.03200 0.91744 0.38583
58497.460216000 -884.99292 1589.74048 264.52280 0.09184 -0.03204 0.91743 0.38582
58497.661936000 -884.99139 1589.73889 264.52151 0.09166 -0.03198 0.91745 0.38583
58497.863656000 -884.99408 1589.73730 264.52164 0.09176 -0.03193 0.91743 0.38586
58498.065376000 -884.99213 1589.74170 264.52103 0.09173 -0.03213 0.91741 0.38588
58498.267096000 -884.99188 1589.74304 264.51886 0.09178 -0.03204 0.91739 0.38594
58498.468816000 -884.99390 1589.74133 264.52158 0.09183 -0.03208 0.91741 0.38587
58498.670535000 -884.99603 1589.74561 264.52057 0.09181 -0.03214 0.91739 0.38592
58498.872255000 -884.99469 1589.74622 264.52490 0.09180 -0.03211 0.91740 0.38589
58499.073975000 -884.99402 1589.74365 264.52325 0.09188 -0.03208 0.91741 0.38586
58499.275695000 -884.99200 1589.74292 264.52194 0.09185 -0.03206 0.91737 0.38596
58499.477415000 -884.99622 1589.74402 264.52249 0.09187 -0.03207 0.91742 0.38584
58499.679134000 -884.99158 1589.74426 264.52051 0.09177 -0.03205 0.91739 0.38593
58499.880854000 -884.99457 1589.74243 264.52173 0.09189 -0.03212 0.91739 0.38590
58500.082574000 -884.99683 1589.74121 264.52609 0.09189 -0.03200 0.91742 0.38585
58500.284294000 -884.99902 1589.74426 264.52350 0.09179 -0.03198 0.91739 0.38593
58500.486014000 -884.99420 1589.74207 264.52359 0.09190 -0.03203 0.91740 0.38587
58500.687734000 -884.99634 1589.74231 264.52640 0.09184 -0.03197 0.91742 0.38586
58500.889453000 -884.99854 1589.74182 264.52826 0.09226 -0.03207 0.91741 0.38577
58501.091173000 -885.00684 1589.74963 264.52478 0.09237 -0.03228 0.91738 0.38580
58501.292893000 -885.01764 1589.76123 264.53040 0.09254 -0.03224 0.91735 0.38584
58501.494613000 -885.03632 1589.78442 264.53027 0.09282 -0.03257 0.91721 0.38608
58501.696333000 -885.06775 1589.81604 264.54022 0.09332 -0.03285 0.91707 0.38625
58501.898053000 -885.11975 1589.87036 264.54877 0.09451 -0.03335 0.91682 0.38652
58502.099772000 -885.21954 1589.97607 264.58121 0.09739 -0.03450 0.91638 0.38675
58502.301492000 -885.38165 1590.14038 264.63144 0.09686 -0.03473 0.91617 0.38735
58502.503212000 -885.57733 1590.34521 264.68439 0.09694 -0.03509 0.91582 0.38813
58502.704932000 -885.82422 1590.61475 264.75662 0.09701 -0.03427 0.91551 0.38891
58502.906652000 -886.11395 1590.92798 264.84494 0.09740 -0.03340 0.91511 0.38982
58503.108371000 -886.44867 1591.28320 264.94778 0.09870 -0.03491 0.91437 0.39111
58503.310091000 -886.80084 1591.66577 265.05756 0.09886 -0.03499 0.91384 0.39230
58503.511811000 -887.21649 1592.11951 265.17902 0.09835 -0.03352 0.91345 0.39346
58503.713531000 -887.65924 1592.60254 265.31949 0.09921 -0.03376 0.91267 0.39503
58503.915251000 -888.13470 1593.12207 265.46298 0.09954 -0.03371 0.91188 0.39678
58504.116972000 -888.64984 1593.67859 265.63019 0.10016 -0.03523 0.91076 0.39905
58504.318691000 -889.20746 1594.31641 265.78888 0.10136 -0.03388 0.90944 0.40187
58504.520411000 -889.81244 1595.01025 265.99451 0.10121 -0.03266 0.90775 0.40581
58504.722131000 -890.47992 1595.75708 266.20770 0.10110 -0.03384 0.90545 0.41084
58504.923851000 -891.17511 1596.61548 266.40717 0.10077 -0.03171 0.90258 0.41735
58505.125571000 -891.91632 1597.53381 266.65915 0.10074 -0.03112 0.89893 0.42522
58505.327291000 -892.70465 1598.54065 266.91739 0.09967 -0.03030 0.89529 0.43313
58505.529010000 -893.48456 1599.57776 267.17044 0.09991 -0.02935 0.89107 0.44177
58505.730730000 -894.29688 1600.67651 267.45932 0.10081 -0.02905 0.88650 0.45067
58505.932450000 -895.07648 1601.84058 267.73364 0.10096 -0.02768 0.88192 0.45963
58506.134170000 -895.83685 1603.06311 268.00360 0.10137 -0.02613 0.87728 0.46843
58506.335890000 -896.59985 1604.30627 268.31091 0.10262 -0.02599 0.87278 0.47649
58506.537609000 -897.39893 1605.62964 268.62448 0.10284 -0.02489 0.86905 0.48328
58506.739329000 -898.21057 1607.01331 268.94318 0.10314 -0.02423 0.86600 0.48869
58506.941049000 -899.00714 1608.41333 269.26257 0.10284 -0.02287 0.86396 0.49242
58507.142769000 -899.81061 1609.83972 269.58084 0.10223 -0.02205 0.86239 0.49532
58507.344489000 -900.63226 1611.29517 269.89474 0.10386 -0.02245 0.86099 0.49740
58507.546209000 -901.44934 1612.79041 270.23169 0.10351 -0.02189 0.85992 0.49935
58507.747928000 -902.30518 1614.31079 270.60187 0.10240 -0.02117 0.85989 0.49966
58507.949648000 -903.18036 1615.84814 270.95801 0.10227 -0.02165 0.86077 0.49814
58508.151368000 -904.05316 1617.39136 271.29089 0.10422 -0.02337 0.86197 0.49558
58508.353088000 -904.98480 1618.94397 271.66138 0.10576 -0.02595 0.86324 0.49291
58508.554808000 -905.89545 1620.54517 272.07376 0.10555 -0.02608 0.86494 0.48996
58508.756527000 -906.87280 1622.12000 272.44159 0.10591 -0.02789 0.86664 0.48677
58508.958247000 -907.80573 1623.71753 272.81854 0.10776 -0.02890 0.87007 0.48014
58509.159967000 -908.81702 1625.31238 273.22232 0.11070 -0.03094 0.87475 0.47074
58509.361687000 -909.90356 1626.90271 273.68286 0.11015 -0.03289 0.88062 0.45967
58509.563407000 -911.02539 1628.49902 274.13257 0.10686 -0.03184 0.88738 0.44736
58509.765127000 -912.21722 1630.04944 274.55865 0.10570 -0.03334 0.89389 0.43437
58509.966846000 -913.51636 1631.58801 275.00858 0.10280 -0.03539 0.90047 0.42112
58510.168566000 -914.84827 1633.09399 275.46274 0.10014 -0.03789 0.90679 0.40777
58510.370286000 -916.21771 1634.58167 275.87790 0.09913 -0.04018 0.91191 0.39621
58510.572006000 -917.65302 1636.04077 276.31610 0.09666 -0.04188 0.91736 0.38386
58510.773726000 -919.05975 1637.49341 276.71616 0.09213 -0.05144 0.92135 0.37413
58510.975445000 -920.55389 1638.91528 277.16211 0.09217 -0.05161 0.92513 0.36465
58511.177165000 -922.07385 1640.30359 277.58945 0.09125 -0.05174 0.92803 0.35742
58511.378885000 -923.63361 1641.70068 278.03967 0.09165 -0.04964 0.93045 0.35129
58511.580605000 -925.20453 1643.05603 278.45822 0.08978 -0.05046 0.93226 0.34682
58511.782325000 -926.79657 1644.42175 278.89401 0.08956 -0.05151 0.93321 0.34415
58511.984045000 -928.40594 1645.78748 279.31064 0.08978 -0.05207 0.93391 0.34210
58512.185764000 -930.02594 1647.15576 279.76877 0.08919 -0.05152 0.93452 0.34067
58512.387484000 -931.67316 1648.53247 280.20291 0.09032 -0.05107 0.93505 0.33898
58512.589204000 -933.32135 1649.93567 280.63831 0.09081 -0.04994 0.93540 0.33805
58512.790924000 -934.98804 1651.32141 281.09555 0.09067 -0.04995 0.93564 0.33743
58512.992645000 -936.67023 1652.71582 281.53311 0.09121 -0.05039 0.93580 0.33677
58513.194364000 -938.35376 1654.13440 281.99426 0.09092 -0.04856 0.93612 0.33624
58513.396084000 -940.04620 1655.53723 282.44159 0.09117 -0.04752 0.93629 0.33585
58513.597804000 -941.72540 1656.93982 282.88739 0.09163 -0.04616 0.93635 0.33573
58513.799524000 -943.42889 1658.35999 283.33905 0.09152 -0.04241 0.93652 0.33580
58514.001244000 -945.13947 1659.77930 283.78500 0.09337 -0.04079 0.93649 0.33557
58514.202964000 -946.85559 1661.19885 284.26181 0.09635 -0.04243 0.93598 0.33594
58514.404684000 -948.58051 1662.62439 284.74493 0.09649 -0.04341 0.93596 0.33582
58514.606403000 -950.29572 1664.03870 285.25198 0.09373 -0.04276 0.93638 0.33554
58514.808123000 -952.04651 1665.49060 285.70221 0.09096 -0.04098 0.93659 0.33594
58515.009843000 -953.78632 1666.93689 286.13977 0.09131 -0.04027 0.93662 0.33583
58515.211563000 -955.53937 1668.39551 286.58795 0.09214 -0.04030 0.93644 0.33612
58515.413283000 -957.28992 1669.86157 287.05682 0.09212 -0.03923 0.93652 0.33602
58515.615002000 -959.06915 1671.35107 287.51077 0.09240 -0.03829 0.93642 0.33631
58515.816722000 -960.85895 1672.84460 287.97754 0.09398 -0.03759 0.93614 0.33675
58516.018442000 -962.64111 1674.33875 288.46362 0.09605 -0.03740 0.93595 0.33672
58516.220162000 -964.44794 1675.84143 288.95749 0.09483 -0.03619 0.93602 0.33698
58516.421882000 -966.23657 1677.33984 289.43539 0.09599 -0.03653 0.93591 0.33695
58516.623602000 -968.03223 1678.83276 289.92749 0.09654 -0.03681 0.93590 0.33678
58516.825321000 -969.83051 1680.32861 290.43042 0.09599 -0.03713 0.93631 0.33575
58517.027041000 -971.64557 1681.81030 290.92889 0.09412 -0.03813 0.93661 0.33533
58517.228761000 -973.45239 1683.30627 291.39389 0.09177 -0.03731 0.93663 0.33601
58517.430481000 -975.26654 1684.81348 291.86124 0.09420 -0.03757 0.93631 0.33622
58517.632201000 -977.04926 1686.30103 292.34763 0.09502 -0.03685 0.93648 0.33558
58517.833921000 -978.85004 1687.79285 292.83191 0.09568 -0.03634 0.93656 0.33524
58518.035640000 -980.65051 1689.28687 293.32816 0.09578 -0.03576 0.93675 0.33474
58518.237360000 -982.42175 1690.75305 293.81567 0.09587 -0.03565 0.93701 0.33399
58518.439080000 -984.20483 1692.22217 294.30496 0.09628 -0.03579 0.93718 0.33338
58518.640800000 -985.99432 1693.69604 294.77765 0.09619 -0.03525 0.93741 0.33282
58518.842520000 -987.76849 1695.14941 295.25278 0.09741 -0.03582 0.93743 0.33234
58519.044239000 -989.55695 1696.60303 295.75909 0.09641 -0.03567 0.93769 0.33191
58519.245959000 -991.33392 1698.05383 296.22424 0.09573 -0.03429 0.93799 0.33142
58519.447679000 -993.06854 1699.47375 296.69302 0.09631 -0.03488 0.93804 0.33105
58519.649399000 -994.81726 1700.89197 297.16577 0.09642 -0.03504 0.93813 0.33073
58519.851119000 -996.56946 1702.31372 297.63272 0.09675 -0.03579 0.93820 0.33035
58520.052839000 -998.27344 1703.68652 298.09781 0.09718 -0.03664 0.93830 0.32985
58520.254558000 -999.99225 1705.07104 298.57040 0.09764 -0.03698 0.93840 0.32940
58520.456278000 -1001.69684 1706.45190 299.03632 0.09774 -0.03707 0.93847 0.32916
58520.657998000 -1003.38361 1707.81482 299.49905 0.09807 -0.03737 0.93841 0.32919
58520.859718000 -1005.07971 1709.17590 299.96881 0.09794 -0.03726 0.93851 0.32898
58521.061438000 -1006.76978 1710.53503 300.42877 0.09801 -0.03740 0.93856 0.32877
58521.263157000 -1008.45050 1711.89575 300.89032 0.09655 -0.03645 0.93880 0.32864
58521.464877000 -1010.12488 1713.23828 301.34824 0.09886 -0.03785 0.93861 0.32833
58521.666597000 -1011.79260 1714.57861 301.79810 0.09910 -0.03795 0.93858 0.32834
58521.868317000 -1013.45575 1715.91577 302.26453 0.09968 -0.03826 0.93861 0.32804
58522.070037000 -1015.11737 1717.24109 302.72345 0.10025 -0.03868 0.93863 0.32777
58522.271757000 -1016.77875 1718.55444 303.19086 0.10009 -0.03957 0.93871 0.32749
58522.473476000 -1018.42322 1719.86609 303.65302 0.10031 -0.04042 0.93871 0.32730
58522.675196000 -1020.06543 1721.16833 304.11459 0.10035 -0.04070 0.93887 0.32678
58522.876916000 -1021.69336 1722.46338 304.56815 0.10085 -0.04114 0.93901 0.32618
58523.078637000 -1023.31042 1723.74500 305.02499 0.10206 -0.04176 0.93913 0.32537
58523.280357000 -1024.93213 1725.03674 305.49576 0.10127 -0.04077 0.93945 0.32484
58523.482077000 -1026.52234 1726.29883 305.95822 0.10140 -0.04040 0.93969 0.32415
58523.683796000 -1028.14197 1727.56165 306.39069 0.10229 -0.04042 0.93996 0.32309
58523.885516000 -1029.74475 1728.80933 306.84283 0.10204 -0.04025 0.94022 0.32242
58524.087236000 -1031.35059 1730.04358 307.28854 0.10129 -0.04063 0.94048 0.32186
58524.288956000 -1032.93726 1731.28577 307.73727 0.10135 -0.04143 0.94067 0.32117
58524.490676000 -1034.52002 1732.49915 308.18057 0.10292 -0.04262 0.94048 0.32109
58524.692395000 -1036.11353 1733.75085 308.62418 0.10345 -0.04217 0.94039 0.32124
58524.894115000 -1037.70178 1735.00146 309.08929 0.10469 -0.04238 0.94015 0.32150
58525.095835000 -1039.32239 1736.27588 309.55502 0.10461 -0.04149 0.94010 0.32177
58525.297555000 -1040.96729 1737.55469 310.01413 0.10467 -0.04125 0.94006 0.32192
58525.499275000 -1042.60242 1738.84387 310.49646 0.10460 -0.04021 0.93991 0.32251
58525.700995000 -1044.26978 1740.14734 310.97864 0.10382 -0.03962 0.93999 0.32260
58525.902714000 -1045.95679 1741.46545 311.45944 0.10264 -0.03887 0.94003 0.32295
58526.104434000 -1047.62195 1742.77783 311.92831 0.10315 -0.03915 0.93988 0.32319
58526.306154000 -1049.30103 1744.09485 312.40402 0.10272 -0.03890 0.93989 0.32334
58526.507874000 -1050.99414 1745.42566 312.86322 0.10152 -0.03794 0.94000 0.32350
58526.709594000 -1052.65259 1746.72705 313.33322 0.10158 -0.03806 0.93992 0.32371
58526.911313000 -1054.32336 1748.05127 313.80176 0.10150 -0.03813 0.93996 0.32360
58527.113033000 -1055.97253 1749.35010 314.27365 0.10227 -0.03911 0.94033 0.32218
58527.314753000 -1057.66504 1750.65491 314.74051 0.10095 -0.03944 0.94071 0.32143
58527.516473000 -1059.30957 1751.94971 315.18500 0.10130 -0.03956 0.94089 0.32078
58527.718193000 -1060.97595 1753.24011 315.66351 0.10266 -0.03941 0.94090 0.32033
58527.919913000 -1062.63940 1754.52319 316.12866 0.10246 -0.03943 0.94114 0.31969
58528.121632000 -1064.30273 1755.79773 316.58807 0.10273 -0.03956 0.94119 0.31943
58528.323352000 -1066.00732 1757.08752 317.05438 0.10354 -0.03954 0.94119 0.31917
58528.525072000 -1067.68396 1758.38452 317.53391 0.10345 -0.03959 0.94129 0.31890
58528.726792000 -1069.36194 1759.68848 318.01407 0.10239 -0.03980 0.94150 0.31860
58528.928512000 -1071.02856 1760.97205 318.47339 0.10272 -0.03984 0.94148 0.31856
58529.130231000 -1072.70129 1762.26636 318.95422 0.10162 -0.04001 0.94139 0.31914
58529.331951000 -1074.37891 1763.55725 319.41263 0.10122 -0.04028 0.94118 0.31987
58529.533671000 -1076.04858 1764.85010 319.87869 0.10097 -0.03950 0.94098 0.32062
58529.735391000 -1077.71240 1766.13110 320.34296 0.10226 -0.03946 0.94060 0.32135
58529.937111000 -1079.37280 1767.42236 320.81796 0.10195 -0.03929 0.94024 0.32250
58530.138831000 -1081.01794 1768.72046 321.27432 0.10109 -0.03889 0.93974 0.32427
58530.340550000 -1082.66272 1770.03064 321.73972 0.10123 -0.03833 0.93902 0.32639
58530.542270000 -1084.28235 1771.33496 322.19916 0.10087 -0.03793 0.93797 0.32954
58530.743990000 -1085.87256 1772.64087 322.65268 0.10082 -0.03739 0.93692 0.33258
58530.945710000 -1087.44568 1773.94922 323.09802 0.10056 -0.03628 0.93582 0.33587
58531.147430000 -1088.98401 1775.24939 323.53604 0.10110 -0.03615 0.93456 0.33923
58531.349150000 -1090.49731 1776.54443 323.96130 0.10111 -0.03543 0.93340 0.34248
58531.550869000 -1091.99707 1777.83740 324.40134 0.10078 -0.03521 0.93232 0.34552
58531.752589000 -1093.47400 1779.13611 324.83679 0.10100 -0.03508 0.93132 0.34817
58531.954310000 -1094.94397 1780.44495 325.26093 0.10205 -0.03535 0.93015 0.35093
58532.156030000 -1096.40955 1781.76550 325.70734 0.10228 -0.03528 0.92908 0.35369
58532.357750000 -1097.87524 1783.09668 326.13696 0.10220 -0.03581 0.92806 0.35635
58532.559470000 -1099.35693 1784.45032 326.56613 0.10140 -0.03523 0.92734 0.35850
58532.761189000 -1100.82910 1785.81909 327.00714 0.10238 -0.03587 0.92637 0.36065
58532.962909000 -1102.31482 1787.20325 327.44754 0.10228 -0.03603 0.92594 0.36176
58533.164629000 -1103.81726 1788.60999 327.90744 0.10048 -0.03622 0.92580 0.36262
58533.366349000 -1105.33594 1790.03577 328.35690 0.10004 -0.03528 0.92556 0.36343
58533.568069000 -1106.83276 1791.46375 328.79794 0.10158 -0.03556 0.92510 0.36416
58533.769789000 -1108.35229 1792.90344 329.25092 0.10060 -0.03431 0.92495 0.36493
58533.971508000 -1109.87305 1794.34521 329.70258 0.10019 -0.03430 0.92464 0.36581
58534.173228000 -1111.38904 1795.77502 330.15060 0.10032 -0.03436 0.92433 0.36656
58534.374948000 -1112.89758 1797.21143 330.58142 0.09950 -0.03423 0.92398 0.36769
58534.576668000 -1114.40088 1798.64539 331.04382 0.09937 -0.03436 0.92366 0.36851
58534.778388000 -1115.90051 1800.10596 331.47018 0.10051 -0.03384 0.92322 0.36935
58534.980108000 -1117.38416 1801.54626 331.92142 0.09909 -0.03212 0.92304 0.37033
58535.181827000 -1118.86328 1802.99414 332.35727 0.09950 -0.03104 0.92267 0.37124
58535.383547000 -1120.34192 1804.43433 332.80173 0.10084 -0.03123 0.92221 0.37200
58535.585267000 -1121.83081 1805.88403 333.24261 0.10058 -0.03108 0.92188 0.37290
58535.786987000 -1123.29150 1807.31531 333.68640 0.10071 -0.03129 0.92152 0.37375
58535.988707000 -1124.77771 1808.76648 334.11630 0.09873 -0.03048 0.92145 0.37451
58536.190426000 -1126.19836 1810.18347 334.55890 0.09974 -0.03073 0.92093 0.37550
58536.392146000 -1127.62219 1811.59875 334.98288 0.10141 -0.03171 0.92043 0.37619
58536.593866000 -1129.06006 1813.01843 335.42407 0.09779 -0.03108 0.92051 0.37700
58536.795586000 -1130.42041 1814.39014 335.82764 0.09917 -0.03225 0.91962 0.37871
58536.997306000 -1131.79309 1815.77380 336.24155 0.09967 -0.03344 0.91866 0.38079
58537.199026000 -1133.13232 1817.14819 336.66364 0.09937 -0.03303 0.91782 0.38295
58537.400745000 -1134.43030 1818.50635 337.05865 0.10025 -0.03217 0.91698 0.38480
58537.602465000 -1135.72095 1819.87756 337.47217 0.10112 -0.03018 0.91655 0.38574
58537.804185000 -1137.00244 1821.22363 337.87357 0.10198 -0.02836 0.91661 0.38551
58538.005905000 -1138.29114 1822.57129 338.27972 0.10220 -0.02837 0.91725 0.38393
58538.207625000 -1139.58752 1823.88135 338.66736 0.10086 -0.02820 0.91809 0.38228
58538.409345000 -1140.84680 1825.17188 339.05032 0.10175 -0.02803 0.91831 0.38154
58538.611064000 -1142.08203 1826.45654 339.43723 0.10225 -0.02681 0.91852 0.38099
58538.812784000 -1143.29712 1827.68530 339.81259 0.10242 -0.02685 0.91849 0.38101
58539.014504000 -1144.47766 1828.88916 340.18005 0.10200 -0.02704 0.91863 0.38077
58539.216224000 -1145.63770 1830.04626 340.52527 0.10099 -0.02754 0.91847 0.38139
58539.417944000 -1146.78015 1831.18945 340.85846 0.10068 -0.02779 0.91813 0.38227
58539.619664000 -1147.87524 1832.33923 341.20654 0.10049 -0.02788 0.91768 0.38340
58539.821383000 -1148.94836 1833.44775 341.53635 0.09969 -0.02778 0.91735 0.38440
58540.023103000 -1149.97058 1834.51025 341.84174 0.10000 -0.02762 0.91723 0.38462
58540.224823000 -1150.97937 1835.55042 342.15036 0.10030 -0.02779 0.91734 0.38426
58540.426543000 -1151.96594 1836.56030 342.45667 0.10006 -0.02833 0.91748 0.38396
58540.628263000 -1152.93176 1837.55261 342.74808 0.09895 -0.02832 0.91774 0.38361
58540.829982000 -1153.83984 1838.47229 343.02051 0.09788 -0.02868 0.91795 0.38337
58541.031702000 -1154.70081 1839.35083 343.28018 0.09772 -0.02915 0.91803 0.38318
58541.233422000 -1155.51917 1840.19080 343.52560 0.09837 -0.02944 0.91797 0.38312
58541.435142000 -1156.31787 1840.99597 343.77020 0.09846 -0.02966 0.91806 0.38287
58541.636862000 -1157.09106 1841.79785 344.00314 0.09800 -0.02938 0.91809 0.38295
58541.838582000 -1157.87817 1842.59741 344.22943 0.09822 -0.02980 0.91786 0.38339
58542.040302000 -1158.62671 1843.36792 344.45764 0.09837 -0.02980 0.91776 0.38361
58542.242022000 -1159.35205 1844.12024 344.67639 0.09833 -0.02982 0.91779 0.38354
58542.443742000 -1160.08984 1844.86914 344.90121 0.09804 -0.02966 0.91771 0.38381
58542.645462000 -1160.77698 1845.58130 345.10339 0.09789 -0.02969 0.91780 0.38363
58542.847182000 -1161.44751 1846.27551 345.30460 0.09779 -0.02997 0.91813 0.38284
58543.048902000 -1162.11267 1846.95435 345.50137 0.09793 -0.03034 0.91818 0.38267
58543.250621000 -1162.77588 1847.62585 345.69839 0.09824 -0.03059 0.91813 0.38269
58543.452341000 -1163.43835 1848.29749 345.89487 0.09822 -0.03070 0.91803 0.38292
58543.654061000 -1164.08252 1848.95178 346.08179 0.09799 -0.03080 0.91801 0.38303
58543.855781000 -1164.72522 1849.61414 346.28110 0.09769 -0.03061 0.91801 0.38311
58544.057501000 -1165.35559 1850.26331 346.47714 0.09774 -0.03080 0.91788 0.38340
58544.259220000 -1165.99512 1850.91895 346.66452 0.09781 -0.03089 0.91777 0.38364
58544.460940000 -1166.63184 1851.56555 346.85300 0.09792 -0.03087 0.91772 0.38374
58544.662660000 -1167.28271 1852.22583 347.04761 0.09752 -0.03089 0.91774 0.38378
58544.864380000 -1167.90198 1852.86340 347.23199 0.09741 -0.03081 0.91779 0.38370
58545.066100000 -1168.51147 1853.49500 347.41229 0.09752 -0.03077 0.91755 0.38424
58545.267820000 -1169.12622 1854.12122 347.58987 0.09769 -0.03115 0.91745 0.38441
58545.469539000 -1169.73608 1854.76184 347.77502 0.09760 -0.03056 0.91739 0.38463
58545.671259000 -1170.35437 1855.39392 347.96130 0.09766 -0.03072 0.91724 0.38496
58545.872979000 -1170.97168 1856.03455 348.13947 0.09779 -0.03073 0.91727 0.38485
58546.074699000 -1171.59106 1856.66748 348.32254 0.09821 -0.03097 0.91722 0.38483
58546.276419000 -1172.21326 1857.30908 348.50598 0.09837 -0.03108 0.91714 0.38500
58546.478139000 -1172.83911 1857.95068 348.69647 0.09879 -0.03106 0.91713 0.38491
58546.679858000 -1173.46973 1858.60803 348.88501 0.09858 -0.03095 0.91714 0.38494
58546.881578000 -1174.12244 1859.27588 349.07617 0.09840 -0.03110 0.91718 0.38487
58547.083298000 -1174.75696 1859.94592 349.27014 0.09804 -0.03074 0.91732 0.38467
58547.285018000 -1175.40698 1860.60242 349.46484 0.09814 -0.03122 0.91730 0.38464
58547.486738000 -1176.03735 1861.25916 349.65384 0.09862 -0.03176 0.91730 0.38449
58547.688457000 -1176.66858 1861.92957 349.83505 0.09958 -0.03175 0.91722 0.38442
58547.890177000 -1177.35278 1862.62000 350.03925 0.09881 -0.03134 0.91735 0.38435
58548.091897000 -1178.04089 1863.32288 350.25449 0.09757 -0.03139 0.91754 0.38420
58548.293617000 -1178.72729 1864.03625 350.46207 0.09819 -0.03150 0.91763 0.38382
58548.495337000 -1179.43555 1864.76379 350.65302 0.09880 -0.03196 0.91768 0.38351
58548.697057000 -1180.15222 1865.49756 350.87225 0.09812 -0.03160 0.91774 0.38358
58548.898776000 -1180.84985 1866.21045 351.08954 0.09732 -0.03156 0.91780 0.38365
58549.100496000 -1181.49487 1866.87659 351.28619 0.09719 -0.03121 0.91772 0.38390
58549.302216000 -1182.09033 1867.49072 351.46686 0.09735 -0.03123 0.91761 0.38410
58549.503936000 -1182.63110 1868.04541 351.62677 0.09613 -0.03099 0.91759 0.38448
58549.705656000 -1183.09998 1868.53137 351.76385 0.09603 -0.03097 0.91745 0.38485
58549.907376000 -1183.48535 1868.93445 351.88486 0.09590 -0.03038 0.91732 0.38524
58550.109095000 -1183.79138 1869.24927 351.97757 0.09566 -0.03019 0.91720 0.38559
58550.310815000 -1184.03418 1869.49353 352.04959 0.09565 -0.03069 0.91705 0.38591
58550.512535000 -1184.19263 1869.66235 352.09717 0.09581 -0.03075 0.91701 0.38597
58550.714255000 -1184.31030 1869.77905 352.13031 0.09595 -0.03062 0.91691 0.38618
58550.915975000 -1184.37488 1869.84619 352.14862 0.09617 -0.03065 0.91690 0.38615
58551.117696000 -1184.39746 1869.87048 352.15109 0.09639 -0.03085 0.91687 0.38615
58551.319415000 -1184.40674 1869.87805 352.15533 0.09633 -0.03074 0.91687 0.38618
58551.521135000 -1184.40112 1869.86938 352.15097 0.09793 -0.03175 0.91673 0.38601
58551.722855000 -1184.39490 1869.86450 352.15250 0.09842 -0.03184 0.91668 0.38600
58551.924575000 -1184.39758 1869.86609 352.14990 0.09814 -0.03172 0.91673 0.38595
58552.126295000 -1184.39673 1869.86365 352.14917 0.09829 -0.03190 0.91667 0.38605
58552.328015000 -1184.39807 1869.86414 352.15140 0.09836 -0.03172 0.91670 0.38599
58552.529734000 -1184.39600 1869.86377 352.15128 0.09833 -0.03194 0.91668 0.38602
58552.731454000 -1184.39783 1869.86475 352.15118 0.09834 -0.03186 0.91668 0.38602
58552.933174000 -1184.39441 1869.86475 352.14926 0.09820 -0.03188 0.91667 0.38607
58553.134894000 -1184.39575 1869.86450 352.15176 0.09820 -0.03182 0.91668 0.38605
58553.336614000 -1184.39624 1869.86426 352.15112 0.09813 -0.03181 0.91670 0.38603
58553.538334000 -1184.39648 1869.86646 352.15094 0.09810 -0.03183 0.91669 0.38606
58553.740053000 -1184.39514 1869.86365 352.15173 0.09804 -0.03174 0.91670 0.38607
58553.941773000 -1184.39441 1869.86401 352.15311 0.09823 -0.03182 0.91667 0.38607
