# timestamp[secs] tx ty tz qx qy qz qw
0.00445975 1.1714500222971336 -0.01971259263390977 1.1032486311463006 -0.5498906789388033 0.6145142657262582 -0.38874060794223353 0.41094184280971224
0.0094575 1.1712193562025262 -0.01949697808338476 1.103301676519972 -0.5494136049554849 0.6146567831375365 -0.38855369254291183 0.41154314189900204
0.01445875 1.171294228267434 -0.019466689885914948 1.1033307576540434 -0.549730375097282 0.614297094445899 -0.3888009597890766 0.41142363582786623
0.0194575 1.171321138155449 -0.019428442089358382 1.1033142622174306 -0.5495991416455882 0.6143498963499823 -0.3889333583469852 0.41139498188740004
0.024461 1.1714639617480749 -0.019547146024165844 1.103137909143272 -0.5496062279195374 0.6147208650475079 -0.38904038036250993 0.410729637054224
0.02945875 1.1714551172538308 -0.019501041992989777 1.103128070035704 -0.5494858242982921 0.6147982242284602 -0.38910068501509826 0.4107178219916196
0.0344605 1.1714518501147042 -0.01946716189831723 1.1031168148386403 -0.549399476537481 0.6148729891704119 -0.3891521502945386 0.41067265101309264
0.03946075 1.1712724903598308 -0.019250955106373594 1.1032293115291307 -0.5493609014195051 0.6145618282826757 -0.38909457593991625 0.41124417343415404
0.04445975 1.1712625619966657 -0.019188722085536698 1.1032035182083124 -0.549268292265185 0.6146524557493503 -0.389095859088103 0.4112312174359715
0.049462 1.1714497264927681 -0.019264516928456175 1.1031089703990307 -0.549087225005953 0.6150823119606701 -0.3892903465954539 0.4106458265902262
0.05446375 1.171398143363177 -0.019239328690126754 1.1030449071494952 -0.5492055972815889 0.6150206246203387 -0.3891773108202368 0.4106870632840905
0.05946575 1.1713862888362425 -0.01919143139970767 1.1030332686763085 -0.549157330306468 0.6150494166628758 -0.3892098519262844 0.4106776507150695
0.06446325 1.1713795464125314 -0.01912804007153513 1.1030328960359566 -0.5491239549177231 0.6150809009772306 -0.3892327560931631 0.4106534170960675
0.069464 1.1713817691860464 -0.01905417029941653 1.103008252371148 -0.5490549716098366 0.6151271156011835 -0.3892484196883764 0.41066158521681995
0.07446425 1.1713806028125702 -0.018984832536336076 1.1030004818892356 -0.5490088903291915 0.6151419338797085 -0.3892557441965935 0.41069405295450573
0.07946325 1.1713315666250856 -0.018935706896891676 1.1029455580664982 -0.5483911473977542 0.6157752948936049 -0.38916312580299395 0.4106580051206987
0.08446125 1.1713118871531871 -0.018861255360177725 1.1029158899571792 -0.5484259122880445 0.615812915467447 -0.38911570501687087 0.41060009739859105
0.08946275 1.171364684578364 -0.0187491418572194 1.102958216117587 -0.5489586150371297 0.6152832546587533 -0.3891829432939356 0.41061854824413047
0.094463 1.1713724676224515 -0.0186782094247867 1.1029372382621012 -0.5488631406503239 0.6153439640127903 -0.3892290459840325 0.410611505624049
0.09946525 1.1712949695512442 -0.018607338655039836 1.1028233805113035 -0.5486284170337911 0.6154730554711076 -0.38931546231997677 0.4106497885189257
0.104467 1.1713593234086424 -0.018502532424714932 1.1029086477321082 -0.5487888979569315 0.6154400113195757 -0.38923584401569 0.4105603435301208
0.10946575 1.1713674317500098 -0.018418234117100432 1.1029014471232752 -0.5488054804123567 0.6154307839225538 -0.38925672323240795 0.4105322134597989
0.1144665 1.171181541648407 -0.018368850224975506 1.1031046858673799 -0.5493893604764186 0.6156727234772252 -0.3889917966788999 0.40963863377124143
0.11946825 1.1711996266539109 -0.01830672571707638 1.1030518966007201 -0.5493747451665801 0.615385506173182 -0.3892791241123654 0.409816827003774
0.1244705 1.1712070247509045 -0.018224518411147646 1.1030442723647356 -0.5493580673177969 0.6154248952398031 -0.38927022330448724 0.40978848866263534
0.12946975 1.1713660124205252 -0.018081049413841244 1.1027881180559258 -0.5488024521086421 0.6152769196921455 -0.38945565688614886 0.410578216632428
0.13446975 1.1713186941712617 -0.01802183205124757 1.1027214841923572 -0.548279269589354 0.615855149350209 -0.3893583845835296 0.410502528508535
0.13946725 1.1713993471696909 -0.017904829550229772 1.102778658737669 -0.5487658114165603 0.6153235806342412 -0.3895033435608689 0.4105120225896973
0.14447025 1.1714227800403294 -0.01779933985413967 1.1027565456314428 -0.548753415279258 0.6153644543520128 -0.3894660815916644 0.4105026782239489
0.14947025 1.1714753327837049 -0.01770197566948723 1.1027603255107106 -0.5486576078650703 0.615424740812363 -0.3895291572808768 0.4104805151963541
0.15447 1.17150672257186 -0.01759014353710971 1.1027718799253519 -0.5485949690610675 0.6154751303124905 -0.38952517438737483 0.41049246327575156
0.15946975 1.1715292809229585 -0.017477919358850715 1.1027735012717625 -0.5485462084477228 0.6155505868065896 -0.3894862386621085 0.4104814273174045
0.1644695 1.1715637905307725 -0.01735928155334095 1.1027753138878378 -0.5484860946581079 0.6156272056533556 -0.38950915390668245 0.41042510479871785
0.1694685 1.1716174037736533 -0.017304027176458597 1.1026482274477354 -0.5485180278742254 0.6155465284612035 -0.38980988244557796 0.4102178688746944
0.17446975 1.1716614208753189 -0.017179255047552 1.1026426334877224 -0.548493499565783 0.6155997543139824 -0.38982379749911406 0.4101575676810254
0.17946775 1.1717274682578007 -0.0170750908736558 1.1026679349321717 -0.5483362408337634 0.6157008524858261 -0.38992053858808445 0.4101241285558581
0.18446925 1.1709621430249502 -0.016415271538173338 1.1025848558196687 -0.5499524524925617 0.615449496508778 -0.3881359831507732 0.4100300913690249
0.18947075 1.1710289113738832 -0.01628981552494227 1.1025810179877924 -0.5498814900530485 0.6154823880591305 -0.38823153010375056 0.4099854337892621
0.19447075 1.1710976908900246 -0.016162501490423337 1.1025682020303773 -0.5498578950719517 0.6155590670411648 -0.38831451877341705 0.40982333354779
0.19947325 1.1711523771221326 -0.015815205270419262 1.1024581325913647 -0.5491655532492025 0.6161336042472031 -0.3877551909415336 0.410417456670331
0.20447375 1.1712171963146383 -0.015675381115332353 1.1024679868333196 -0.5490806208780008 0.6162300664250497 -0.3877989465489167 0.410344920847765
0.209473 1.1712718642069193 -0.015480918199473327 1.1025250525044175 -0.5489029459100088 0.6166079574112538 -0.3876091476762162 0.41019426064506637
0.21447425 1.1713912895085477 -0.015516494955143394 1.1026422409602783 -0.5493839876667153 0.6161422200883775 -0.38833971762800507 0.40955861904321506
0.21947475 1.1723047133602196 -0.015343385221280807 1.1031200121933176 -0.5463789253142501 0.6165619884242338 -0.38976397069121926 0.4115889108732333
0.2244735 1.1724405278587553 -0.015089401576210852 1.1032662019828896 -0.5462061513610643 0.6166309101913744 -0.3900540420240113 0.4114401598198962
0.22947475 1.1724229088126332 -0.015078813850021053 1.1030927331950613 -0.5463095007640951 0.6164135293500674 -0.39009614636857537 0.4115887350225531
0.2344735 1.1725537817601737 -0.01514467832704678 1.1032808125995526 -0.5463805043319024 0.6162775581614384 -0.3908325081734483 0.41099910747767127
0.23947175 1.1726070790495544 -0.015019099216300003 1.1032519254427784 -0.5464335876912383 0.6160326044159344 -0.39112198012617594 0.41102039025038906
0.2444725 1.1727102770932445 -0.014848694348698573 1.1032586108147324 -0.5462867371116312 0.6161158401591534 -0.3911937208914054 0.4110225603249113
0.24947275 1.1727968247460356 -0.01467091995867522 1.1032769701083402 -0.5461688927235328 0.616167935882373 -0.39124192735180696 0.4110551905689182
0.25447225 1.1728714178084736 -0.014492693633407116 1.1032996850172296 -0.5460366778239858 0.6162502574706198 -0.39130447599466006 0.4110478970933733
0.25947175 1.1729530331214857 -0.014296654390823869 1.1033265994543693 -0.5459370327479791 0.616341360894996 -0.3913007976388857 0.41104716139587694
0.26447125 1.1730080640500227 -0.014106746236434802 1.1033259370650272 -0.5458849159654062 0.6164610826885721 -0.39128991311503863 0.4109471936226119
0.26947025 1.173094227019918 -0.0139302687884005 1.1033344549120743 -0.5458154082570157 0.6165542379596441 -0.3913050008992468 0.4108853952557456
0.27446925 1.1732092923600472 -0.013432879591191788 1.103314346778947 -0.5449839854620981 0.6172371079212648 -0.3907491048494336 0.41149233924121453
0.27946875 1.1732407257316815 -0.01326590799349035 1.1032846090129846 -0.5450078264010162 0.6173111848303727 -0.3906343728417526 0.41145857264066293
0.284468 1.1733303170058056 -0.013051421186031961 1.1032996999411733 -0.5449239509949618 0.6173511889013624 -0.39066521956467615 0.41148035605190003
0.28946925 1.1734825809177831 -0.012952490617818654 1.1033908469861695 -0.5442414148906123 0.6174808440650157 -0.39112244805508617 0.4117546844396752
0.294467 1.1734996211017932 -0.01277068770825552 1.1029790554394738 -0.5453997960840059 0.6180737253085534 -0.39005730418766443 0.4103403854906114
0.29946725 1.1736110445874854 -0.012795832067125326 1.1029945997525779 -0.5461306756851115 0.61729948130787 -0.3910043023370925 0.4096318725473418
0.30447025 1.1737120865044528 -0.012340316307173936 1.1028907821812453 -0.5453120230327497 0.6179790015551263 -0.3903549389310149 0.41031667383256853
0.309469 1.1735992353026572 -0.012043206666262195 1.1031985211273827 -0.5457373301338351 0.6183215438232104 -0.38970309627140587 0.40985452504389225
0.31447 1.1736826896464219 -0.01176410005988058 1.1032167970166096 -0.5457444532529052 0.618347163679368 -0.38958274501897927 0.4099207992976759
0.31947325 1.1737738215891604 -0.011496971030236506 1.1032219655362412 -0.545797179975828 0.6183304967302163 -0.38948392502285156 0.40996964191582685
0.3244715 1.173826061447993 -0.011261468952900332 1.103219750739201 -0.545968762395121 0.6183258397074587 -0.3892772135479418 0.40994452972463985
0.32947125 1.1738927986087841 -0.010991040546562528 1.1032187915231608 -0.5460690836771795 0.6183549155649222 -0.3891228340086047 0.4099136180974907
0.33447325 1.1739935343848162 -0.010718417880064113 1.1032226488808234 -0.5461299056554273 0.6183366200277844 -0.3890288590748035 0.4099493838126432
0.33947125 1.1741185293225054 -0.010587904345625523 1.1033356329477542 -0.5464731273824366 0.6179498144886638 -0.38963761631083843 0.40949685685960147
0.34447025 1.1744930255281358 -0.010217598793328762 1.1032172152473807 -0.5457685376072552 0.617776870801312 -0.39001741273859264 0.4103350570225161
0.34947075 1.1746255910036365 -0.00990856379441413 1.1032455400782804 -0.545820208484414 0.6177223691692487 -0.3899400557247186 0.41042188974196375
0.35446875 1.1738825454656057 -0.009279841856871168 1.1030558858395985 -0.5479640841975197 0.6172832850269097 -0.3881839987153546 0.40989009697395457
0.35946625 1.1739584629103712 -0.008807909839289186 1.103022801757406 -0.5479477016037375 0.6174311747239509 -0.3877054157625799 0.4101421355756423
0.36446425 1.1741060351055734 -0.008467782377833456 1.1030395018332857 -0.547945232584334 0.6174474098574129 -0.38763426966023923 0.41018823865811277
0.369466 1.1751354090394277 -0.00862810848664013 1.1033028721472575 -0.5459432296464739 0.6179248663135756 -0.38931794895908023 0.4105440100803107
0.374467 1.1744200300742575 -0.00777807150144991 1.1030783238738526 -0.5480027544215338 0.6173973556541031 -0.3874423179740421 0.41036805019474226
0.37946575 1.1755982839509849 -0.007481892223645977 1.103775823721953 -0.5449348347812569 0.6174485894832139 -0.38926276892145945 0.4126472608884157
0.38446725 1.1758770651825754 -0.0069467246365159975 1.1038538884603162 -0.5445638685477824 0.617566293667668 -0.3893423577605951 0.41288569174927114
0.38946525 1.175875182770584 -0.006850184406091801 1.1036662909936485 -0.5449082349214833 0.617542941143286 -0.38897401681436716 0.4128134513338319
0.39446575 1.176039256846196 -0.006499372941908894 1.1036865996276095 -0.5449857069988743 0.617412289492504 -0.3890019997037659 0.41288023466500934
0.3994655 1.1762422376089756 -0.0061412945063110715 1.103739028909452 -0.5450533808595245 0.6173939227753322 -0.38892148425019707 0.4128942179569882
0.4044655 1.1765236633174987 -0.005887544700360351 1.10385822532159 -0.5444650707266722 0.6174550432117456 -0.38927967547648806 0.4132413225125257
0.4094645 1.1766546286458923 -0.00560456621587729 1.1034151057727566 -0.5458980384828674 0.6180273292199546 -0.3881476811225154 0.41155671487295853
0.41446575 1.1767770675268825 -0.005147136990613425 1.1038597064618085 -0.546224853368999 0.6182682641999643 -0.3876779110968043 0.4112038427505231
0.419466 1.1771010620971207 -0.0048442938528887106 1.1039716184251334 -0.5454390905757015 0.6177964195183687 -0.3883660892835339 0.41230518211253375
0.4244635 1.1769170502389166 -0.004527940277151275 1.1038863858374297 -0.5465394871515911 0.6174715517851482 -0.38782062197234446 0.4118478322063872
0.42946175 1.1766532438733013 -0.004144901203968352 1.1037328426757016 -0.5483943197941922 0.6176922908152743 -0.38631096867957 0.4104677080632485
0.43446025 1.176860245970927 -0.0039002365418633715 1.1038748297486862 -0.5490155140525742 0.6171727561979466 -0.386717076935334 0.41003616516498725
0.4394585 1.1767685329836346 -0.0028961764997428308 1.1039408817548626 -0.5503702065032446 0.6163954573884685 -0.3857385608183086 0.41031090480543697
0.4444565 1.177297918819979 -0.0023303518906275314 1.103947805644436 -0.5495082896764021 0.6163120963496579 -0.3859549180769386 0.4113864857797704
0.4494565 1.1775908229303542 -0.0017303361980167513 1.1039759274392418 -0.5492473386716782 0.6165063841151349 -0.38538316521281984 0.41197943550365357
0.4544585 1.1778680054454842 -0.001469490313932724 1.104192023223667 -0.5496865402904461 0.6162348239979242 -0.3858541827589995 0.4113586011780374
0.4594585 1.1784519284665815 -0.001474134126446234 1.1048209715788484 -0.5481555562483489 0.6167424583719652 -0.3865799962675467 0.4119588968345646
0.46445875 1.179175125555243 -0.0006201112258511741 1.1051692925233658 -0.5472202242230423 0.6167050232441781 -0.3869453640682134 0.41291430797781603
0.469461 1.179405618535169 -0.0002137774544463747 1.1052010720496244 -0.5474221471580873 0.616571939349029 -0.38684711147599987 0.41293746348676347
0.47446 1.1797154331620032 0.00025196310644824 1.1054285899265786 -0.5475474696673305 0.6165046825665653 -0.3866188394277372 0.4130854848986489
0.479458 1.1802337577740698 0.0005010899319840938 1.1048607028755737 -0.5476390133400901 0.616708858962316 -0.38634624078069496 0.4129143695488402
0.484458 1.1796743215779792 0.0007854595028230771 1.1049775390816845 -0.5495741710268466 0.616979257269895 -0.3849866843480673 0.411205641393117
0.48945675 1.1800102016350826 0.0012229582407451978 1.105126988811629 -0.5496734547734102 0.6168958760902746 -0.38489557061051466 0.4112833219383962
0.49445875 1.1809714222472163 0.0019462423870588094 1.105895084835896 -0.548151031959439 0.6159619986064787 -0.3864318716920406 0.41326948952844395
0.49946025 1.1812387872290535 0.0020332738118633703 1.1057436866684769 -0.5491695421465453 0.6164205872275631 -0.3861229085490059 0.4115186181866335
0.50445875 1.181602373559428 0.0025280582306761515 1.1059112866207002 -0.5492980204674379 0.6162517529207057 -0.3860453094934642 0.4116727835925118
0.50946175 1.1819544390998555 0.0031253902696315346 1.1060566556302047 -0.5494065613896413 0.6161700595096541 -0.38558912049875554 0.41207756335291523
0.5144645 1.1822719977745582 0.003466497393311292 1.1062751873089625 -0.549668680040453 0.6159972527148764 -0.3857995668032585 0.4117892920957623
0.519464 1.1828845200059692 0.00402645558018648 1.106321953367944 -0.5489115804028966 0.6160757886370822 -0.38583895780599314 0.41264391210095
0.524467 1.1830781296696575 0.004838654581389944 1.1068562067556023 -0.5489458530131481 0.6151820838312816 -0.3857530254660919 0.41400973120981793
0.52946675 1.182605655165403 0.005401995703146419 1.106382264391846 -0.5515355027745127 0.6151775766285003 -0.3839183384131285 0.41227642161886197
0.534469 1.1828960352055924 0.005909518531658799 1.1065608498648758 -0.5518877946852383 0.6150168387000016 -0.38361812949190105 0.41232424245738397
0.539472 1.1832207076182035 0.006412752752595716 1.1067607703007112 -0.5523232327022878 0.6147464597387481 -0.3833041249994505 0.41243640069030735
0.54447125 1.184435372321132 0.006712279798503262 1.1075927634474239 -0.5501723867110051 0.6144595145576222 -0.38508156638482877 0.4140797472721096
0.54947225 1.184863213118944 0.007179230858280757 1.1079029070694248 -0.549957162544961 0.6141284990040613 -0.38522249680873827 0.41472513069375944
0.55447375 1.1852888393309575 0.00770478556465308 1.1081468124813187 -0.5503245411978965 0.6139325623820102 -0.3849925899569106 0.4147413819245118
0.5594715 1.1848528730521968 0.008155944063131287 1.1077514243572693 -0.5526166161899259 0.6141602063205531 -0.3831336980637408 0.41307467350479626
0.564475 1.1852631442242523 0.00902946409526072 1.1080743672961295 -0.5527161407887551 0.6141295901444773 -0.38208337972302725 0.41395894139393885
0.569474 1.185644027913825 0.00906932843848713 1.1082980606868922 -0.5521989738379054 0.613797904704556 -0.3846430369733317 0.4127688936688343
0.574475 1.1865831462356478 0.009744839506549315 1.1086534186697268 -0.5520081501463986 0.6128466633680454 -0.3855014523162632 0.4136358297254442
0.57947425 1.1873608311835233 0.009852071857977283 1.1092947446374966 -0.5515575458539292 0.6136459616989766 -0.38448659083786974 0.413996339075603
0.5844765 1.187818600302263 0.010342628376123746 1.1095826504211646 -0.5515432833248278 0.6135769872081377 -0.38448167863521 0.41412211505992386
0.58947675 1.188208485753206 0.011049898929720008 1.109745554060041 -0.5509557803485704 0.6140770809600978 -0.3835039410611393 0.4150684207821615
0.5944775 1.1885096891614046 0.011484743384186927 1.1099909340530347 -0.5513490277703235 0.6135635927759637 -0.38348089959376835 0.41532681931621596
0.59947725 1.1889072582269518 0.011525261156823025 1.1100723278884872 -0.5524736403640342 0.6118946427458926 -0.38542818547037627 0.41449117810491626
0.6044755 1.1892615836866285 0.01227018751520357 1.1103913812556434 -0.551787660363353 0.6126647047125056 -0.38416637236142637 0.41543776407175276
0.60947575 1.1896461826508387 0.012506171119810602 1.1108574240179527 -0.5528545787539946 0.6117762321578163 -0.38476889230758715 0.4147704859677475
0.614477 1.1899489006157185 0.013037071801715053 1.1113684960325698 -0.5532503279295549 0.6121769899600565 -0.38372494263451157 0.41461859100795945
0.619477 1.1903794374419352 0.013512516192074366 1.111735569817455 -0.5532932080332064 0.6119331233329294 -0.3837175513619862 0.4149280892987248
0.62447675 1.1907888587033297 0.014264904906938818 1.112086649842824 -0.5523530094596549 0.6126716838271884 -0.3825994121835279 0.41612167760648894
0.629477 1.1911643290395204 0.014425747857162722 1.1129343972260954 -0.5533505337537797 0.6120495654519381 -0.3835488339782351 0.4148358810161403
0.63447825 1.1916471229017627 0.01486085963923656 1.1130337759351598 -0.5530098348911545 0.6115938195309324 -0.38370725051025456 0.41581470432283174
0.6394775 1.1911523976306513 0.015615934387228005 1.113158228082504 -0.555075585908861 0.6110845644912292 -0.38193127320376064 0.4154458466725282
0.64447675 1.191402284853487 0.016153970803817825 1.1135294760151009 -0.5557812606085155 0.6105326870521853 -0.3816402484935027 0.41558121844841
0.64947525 1.1923712508984647 0.016213699258096462 1.1146043235445742 -0.5546907277694336 0.6100420238469397 -0.3833212469579056 0.4162111811304236
0.65447325 1.193024999848824 0.016676457322279858 1.114309555479027 -0.5533948878010472 0.6111691405950685 -0.38263680489547475 0.4169118075556679
0.65947625 1.1925968364907842 0.017455182309528763 1.1145714158352444 -0.5552147138553822 0.6105678327714107 -0.38093064957072065 0.4169357064595661
0.66447475 1.193718327029977 0.017757003638399615 1.1155672291831922 -0.5532021680964028 0.6100993371413646 -0.3825811340054225 0.4187813700921183
0.66947775 1.19409158175959 0.01807501393978282 1.1159809671112912 -0.5533728831208033 0.6095999146768794 -0.38275761872395664 0.41912170256534964
0.67447625 1.1934199840718565 0.018493959126756825 1.1161837688834575 -0.5564704036168265 0.610086021790178 -0.38017922772069035 0.4166527219693397
0.67947475 1.1947682655874008 0.0187771573481193 1.1172595173175157 -0.553589744268109 0.6089912761847187 -0.3829916268817401 0.4195061791089081
0.6844735 1.195141665032553 0.01883397644823884 1.1178538525558253 -0.5542998387841127 0.6082030376420883 -0.38365758070333006 0.4191033458417039
0.68947075 1.195823246440375 0.01909995394891808 1.117547778744374 -0.5534181777060511 0.6090286869378423 -0.38357080443007735 0.41914891990812136
0.69447025 1.1952394535212587 0.019655409479387514 1.118118792817738 -0.5565585299276125 0.6083854948234135 -0.3814985515060173 0.4178140108374729
0.69947025 1.196159429517678 0.019685606500895587 1.1188162100445274 -0.5551873145634105 0.6088856353804097 -0.3821726030481623 0.41829347383703624
0.704469 1.1964528049010508 0.020111615172483742 1.1195230710934907 -0.5551715435974508 0.6084668207886792 -0.3821291930858929 0.41896296372169395
0.70946825 1.1972550466316951 0.020321568949555602 1.1202272700036147 -0.5542838720089394 0.607324756632975 -0.3837583867904095 0.4203040920327782
0.714467 1.1967222302988823 0.020669825846112724 1.1201285883039724 -0.5569210608436539 0.6075142215850559 -0.3815141434759222 0.4185837561211808
0.7194675 1.1970771056202805 0.020877216402721083 1.1207626660446783 -0.5571703224361142 0.6073233036186912 -0.38149687355748246 0.418544826922973
0.7244645 1.197966636144272 0.02181869431084729 1.1210369556302378 -0.5558217345296432 0.6066853209133449 -0.38103444001534276 0.4216727123432636
0.7294645 1.1979673787894924 0.02212066815336036 1.1216751876741062 -0.5568458385202428 0.6065705811266654 -0.379544429476704 0.4218303785736042
0.73446425 1.1981434133392905 0.021502692548054564 1.12241355881086 -0.5572452788081013 0.6065764988340941 -0.38120302122813665 0.4197938862284613
0.73946725 1.1985009486185196 0.021943900032603044 1.1230882549486891 -0.5566034721199686 0.6071252119024751 -0.38038555855566397 0.4205928895483916
0.74446775 1.1988596342038578 0.022076833841304988 1.1236205606796938 -0.5564609718157122 0.6069963545015329 -0.3803827191714823 0.4209698319636119
0.7494695 1.1990442407340771 0.022093471137494745 1.124462388640319 -0.5575659645996643 0.6067920348965513 -0.38012018978111256 0.42003840637127365
0.754468 1.2001160855062099 0.021788622284941717 1.1256316115167706 -0.5560660427478755 0.6058293542252832 -0.3827463103295873 0.42103041646748235
0.75946625 1.2006845258367949 0.0220113632809011 1.1260146920912224 -0.5555234402002956 0.6055923204607364 -0.3827840006869776 0.42205219772568575
0.7644675 1.201096991735516 0.021910182563256463 1.1264532700979708 -0.5552611637849467 0.6052145995815951 -0.3834242965497077 0.42235783082694006
0.76946975 1.2014025601131597 0.02207394195498352 1.127270426250128 -0.555607755466276 0.60571347676306 -0.3824001877766806 0.4221152716044423
0.77447225 1.201742507444035 0.022342124028215202 1.1277910028480438 -0.5548013583473579 0.6061962293643434 -0.38157096706371185 0.4232318293494039
0.77947325 1.202051609310882 0.022258261193239575 1.1282637437161243 -0.5549814207145467 0.6058735639180839 -0.38180644405117947 0.423245421106781
0.784471 1.20139886122706 0.02224307602951897 1.1287036026603885 -0.5577191767491396 0.6055152318744962 -0.3800902698876522 0.4217013286568691
0.78947225 1.2017389345001446 0.022236683335324164 1.1293565380805777 -0.5577380240851835 0.6053566929834442 -0.38006877826915236 0.4219233277915517
0.794473 1.2018530570434753 0.021821373974130524 1.1302107184474572 -0.5588917803783547 0.6049128570182186 -0.3803228044488075 0.4208027776236315
0.79947525 1.2022446037809504 0.02172277805482924 1.130826101111654 -0.5588962415859514 0.6046870978530839 -0.38057341974218095 0.4208947338906182
0.804474 1.2031734434120382 0.022075949821421356 1.131550011018417 -0.5572868972967924 0.6043823919577483 -0.3811420551097935 0.42294677232416383
0.809472 1.2034812903811374 0.021964077805196706 1.1321573907974438 -0.5577204648241952 0.6038535142459011 -0.38124795347355006 0.42303524016491645
0.81447275 1.2047039939834983 0.021453927350750877 1.1331676391489793 -0.5552930309594744 0.6044878131568115 -0.3830241277328938 0.423717654915619
0.8194755 1.2049876751293855 0.02126476812988936 1.1337430115816578 -0.5553266224750113 0.6044452433255001 -0.3828628541852673 0.4238800833688508
0.82447375 1.2044727372224477 0.021670378933252 1.1338939761918982 -0.5565570556349112 0.6044309363761701 -0.3805567268477402 0.4243631282585225
0.82947575 1.204436088386793 0.020852396599179042 1.134779605851274 -0.5579405843063615 0.6035577608108125 -0.3817969901689118 0.4226717308347859
0.8344745 1.2056189292906554 0.02091359123895649 1.135317209213989 -0.5557516924123663 0.6029335637208837 -0.38336400762624384 0.4250214250792199
0.83947625 1.2058975120019826 0.02074273010721983 1.1359734191354334 -0.5557258062297165 0.6027127292149788 -0.38357394907639514 0.42517904454770894
0.8444745 1.206406410700701 0.021383683380601964 1.1366821523596462 -0.5555224559438775 0.6030382810219914 -0.3810880358808525 0.4272136953242468
0.84947525 1.206613326203689 0.020481786913177806 1.137463592590201 -0.5548508386101311 0.6034551246838686 -0.3828934495060799 0.425881516048473
0.8544745 1.2065099449404306 0.02025144455312052 1.1381829789836897 -0.5559746767193455 0.6036486469787917 -0.3809838569487014 0.4258541658737
0.859476 1.2068294631754313 0.019885153376152643 1.1388529658271453 -0.5559922337359406 0.6034666085774567 -0.3809942937419411 0.42607984755609063
0.8644775 1.2072640911539736 0.01925456069229931 1.1396274609646615 -0.5554401777908925 0.6037816248113291 -0.3813644628983458 0.4260224229709856
0.8694795 1.2075546489722095 0.018197568032800218 1.1404087590639493 -0.5563711069926022 0.6029017381254911 -0.3830106621718693 0.4245745142277791
0.8744785 1.2080069047776392 0.0176214111730293 1.1408884596164188 -0.5551485916172553 0.6029965181930598 -0.38433843947025553 0.42484021021790475
0.8794795 1.2076918509881334 0.01741327425579046 1.1415404413288697 -0.5569777848466227 0.6020039883207918 -0.3831668211625728 0.42491191133384143
0.88447825 1.2087674115656217 0.01773860824383211 1.142216821754649 -0.553978149777653 0.6023637613918843 -0.3837207615453189 0.42781361092166054
0.88947925 1.2088637133217992 0.018026663264956628 1.142989960210326 -0.555026254184261 0.6022637865544623 -0.3806615049020593 0.4293262247486973
0.894479 1.2090366255470146 0.016544174030095223 1.1435589718699877 -0.5553429478765513 0.6017547507388001 -0.38336065784198076 0.42722363725106577
0.89947775 1.2091391910345832 0.016181498440749877 1.1441916223941646 -0.55588753569117 0.6018115389456097 -0.3826577213344992 0.4270655541696195
0.9044775 1.2091372146217252 0.015061171551617701 1.145220773219075 -0.5555935434623692 0.6018758910493154 -0.3834871568876648 0.4266132050684047
0.9094815 1.2098333695912467 0.014922907769265529 1.1455010840546727 -0.5554533933615297 0.6015133548711893 -0.38339890647142894 0.427385645794616
0.91448025 1.2108850168769603 0.013990622089092474 1.1462923667353568 -0.5535272782380302 0.6017390186531791 -0.3851482649070068 0.4279935977509819
0.91947925 1.2103582177641112 0.013686034920769342 1.1468516463437926 -0.5546469507847747 0.6015832740494533 -0.38390193481716167 0.4278827278738088
0.9244805 1.2105558609311562 0.013220660427652624 1.147563375480375 -0.5545711317598004 0.6015559489619009 -0.38379807880437466 0.42811252585421056
0.92948175 1.210345486025151 0.012122586244827163 1.14807114735427 -0.5557959264480213 0.6012336894375481 -0.38426098948761334 0.42655882453314703
0.93447925 1.21103626810453 0.011921695268929298 1.1488530733502917 -0.554214908734169 0.6011982462297889 -0.383872769928988 0.4290083917291701
0.9394785 1.2110214877486483 0.011140760598579921 1.1493545005777124 -0.5545666913706275 0.6011881469379033 -0.3837657024750342 0.4286636005161254
0.94447925 1.21142131337531 0.010285584565156922 1.150215907829615 -0.5534301182184631 0.6011245146267293 -0.38475847803325885 0.4293312657436066
0.94947625 1.2117537444927458 0.00966627745162402 1.1507653581558535 -0.5528924703661643 0.6010599281445611 -0.38511475926097466 0.4297947198263572
0.95447475 1.211664128010011 0.00906159243667052 1.1510502449247189 -0.5525576049699193 0.6017876843485267 -0.3843346847328759 0.429905252663451
0.95947775 1.211784942587384 0.008071081598192077 1.1515942727398512 -0.5535582202427385 0.6012238060820719 -0.38508166800265664 0.4287369132348773
0.964475 1.211811942966636 0.007342806748477478 1.1522051711404586 -0.5535895316871934 0.6015429289047245 -0.3845250964137415 0.4287483939551054
0.96947525 1.2114801761449967 0.006012841635185593 1.1527600365365962 -0.5543934687277402 0.6015691882028027 -0.3850362504815421 0.4272112819813636
0.97447575 1.2119911961925542 0.005048712856006322 1.1535500233207094 -0.5533615357288045 0.6015990167811301 -0.38597629269241884 0.42765866676971787
0.97947575 1.212238609430804 0.004191504116058977 1.1541209916184165 -0.5531005340303077 0.6014201845713111 -0.3865440886598499 0.4277349978289418
0.98447825 1.2119280073187892 0.0034543633869792457 1.154488495995023 -0.5540310078288706 0.6013481076706693 -0.3857589157230379 0.4273407945717528
0.9894775 1.2122634786993332 0.00270781101369608 1.1550314199326395 -0.5533047810074153 0.6015748149662078 -0.38606276482795254 0.42768809069940933
0.99447725 1.2125936963532076 0.002017307489922536 1.1556383524366693 -0.5517714053543861 0.6012345651898809 -0.3866555703616219 0.42960770915162766
0.999476 1.2126664028937955 0.001063377845135164 1.155880550618814 -0.5516031891471455 0.6017675355742553 -0.38731924376045385 0.42847818878493205
1.004476 1.212870061200015 0.00017411416073812372 1.1567777253952733 -0.5511276097562553 0.6014813433066339 -0.3875881432656547 0.42924815971450136
1.00947575 1.2123919776543406 -0.001001320413319011 1.1568594251687643 -0.5519299409069265 0.6020351454768699 -0.38698200381015946 0.4279859257828396
1.014474 1.2125308844263358 -0.0019888913479177914 1.1574561821644291 -0.5515394542204264 0.6021427825800404 -0.3875071958986066 0.4278626800175486
1.01947275 1.2127733208445153 -0.0029661972377391377 1.1579853521947534 -0.550458575254726 0.602424946115978 -0.3886217069320671 0.42784659648863027
1.024473 1.2129135800052868 -0.003929751658224911 1.158324347100372 -0.5500495452831086 0.6023618188192595 -0.3894222765814052 0.42773359403342953
1.02947475 1.2135921065130444 -0.0052515234668391 1.1588126067472349 -0.5485340521249097 0.6028140823305361 -0.390988784142236 0.42761354805290774
1.034475 1.2124360571180117 -0.006568505864248418 1.1591550587486608 -0.5506141250409474 0.6027454108888668 -0.3904289958610439 0.4255434809143948
1.039476 1.2122139548886022 -0.007446689855166215 1.1596657645418074 -0.5508922977379167 0.6030957685856037 -0.38967234820460156 0.4253805722548814
1.044476 1.2130186459270262 -0.00884976001845408 1.1603023470550462 -0.548779600619325 0.6033965925640838 -0.39196693761258977 0.4255765757707482
1.04947625 1.2128960641274922 -0.009315364460459032 1.1605644367388732 -0.5480902494475626 0.6032739275155136 -0.3920834026943888 0.42653048211365274
1.054478 1.212820825478204 -0.010411896984180269 1.1610068702425678 -0.5477878505284809 0.603607898934995 -0.3924206505985298 0.4261361380363018
1.05947825 1.2128455918091996 -0.011542103788599222 1.1616205156613275 -0.5462319671879245 0.6041793157532535 -0.3929875640008567 0.4268006173596906
1.06447775 1.2128854700151066 -0.012976267002316442 1.1623623155981262 -0.5462360211009835 0.6039318936594222 -0.39446505249450725 0.4257813986463192
1.069477 1.2124188878585025 -0.014053836665385486 1.1623660614734177 -0.5470929004240214 0.6039315381351658 -0.3944818147335609 0.4246647541247582
1.0744785 1.2127881878619204 -0.01497170707263715 1.162833194962777 -0.5452521340602225 0.6039885363922362 -0.3955943432668683 0.4259143972499552
1.0794785 1.212648530652738 -0.016139691986741082 1.1632228480095939 -0.5449134406639282 0.6041796652455327 -0.3961196127838957 0.425588447511833
1.0844775 1.2127792101427193 -0.017490418661109418 1.163486189300624 -0.5446767653199782 0.6050611386765371 -0.39626034567445517 0.42450674697815943
1.08947725 1.2118846053807086 -0.01850694247939487 1.1636736827728367 -0.5461630373981404 0.6047788025829025 -0.3953563007585543 0.423841871429593
1.09447925 1.2122445094325238 -0.019667234764204667 1.164163069873997 -0.5443358049229939 0.6048545321204779 -0.39778429682707095 0.42381267046886023
1.09948 1.210738648797846 -0.021140467614492276 1.1641582580755918 -0.5472530630220248 0.6056598489920691 -0.3951488658271249 0.42136398299742317
1.10448125 1.2118049880368045 -0.022531970071156947 1.1646677940536438 -0.5435882388686261 0.6057288822659467 -0.39916108350564505 0.4222259787923425
1.10947925 1.2118488433829584 -0.0236411832436306 1.1650750207091745 -0.5427516731164103 0.6059550636012832 -0.4000431550429043 0.4221428150858678
1.11448 1.2113781808075899 -0.024442125674202 1.1652128295259536 -0.5434897697790172 0.6057133837233963 -0.39980161927564584 0.42176869507880277
1.11948075 1.2111237712049707 -0.025649584185770784 1.1654689989380809 -0.5434844006977906 0.6060048156470748 -0.3996917338861795 0.4214610153665197
1.1244795 1.210724032973203 -0.02705798051122104 1.1658972089335866 -0.5431809443840689 0.6064597703205736 -0.3998849704219413 0.42101427418959453
1.1294765 1.2104623205112783 -0.02815430123143242 1.1661026582909855 -0.5417583120391026 0.6077824529840697 -0.3992156605367256 0.4215747591631114
1.134477 1.2104510284998118 -0.029447290209753865 1.1661057494670666 -0.5414443340541418 0.60725757198611 -0.4011269860456262 0.42091972566292624
1.13947825 1.210235667282915 -0.03103137024348703 1.166497871136916 -0.5405969108134844 0.6078019392963177 -0.40167731730421563 0.420698366255256
1.1444785 1.2101110282869845 -0.03222591832173117 1.1668718822420399 -0.5410004996595366 0.6073650667243677 -0.40256564360799796 0.419960757306578
1.149479 1.209792777042355 -0.03322833597883469 1.1667047427407289 -0.5402567041428973 0.6081956446286908 -0.4024683944863796 0.419809412618275
1.15448025 1.209090604522732 -0.03433836364001944 1.1670666701250016 -0.5415676451275895 0.6088091083609593 -0.4002688873386422 0.4193337252790153
1.159486 1.209156771828055 -0.036276815299163254 1.167405734382632 -0.5406186652311266 0.6092113109184558 -0.4017120250701556 0.4185934619254895
1.1644845 1.209238954710982 -0.03726840448750122 1.167509087363149 -0.5387154322484285 0.6089725931286738 -0.40378172966026005 0.41940240660742056
1.169484 1.2088379697938723 -0.03847760412608038 1.1677580829848104 -0.5390553409335194 0.6098165759882447 -0.40300223129182633 0.41848809377905816
1.1744825 1.2086477058317942 -0.039904655764346895 1.1676867602064245 -0.5390619270523528 0.6093525361023763 -0.40482621288398507 0.41739365461182637
1.17948275 1.2090011358597144 -0.04151887481962095 1.1684890788552953 -0.5378105089768176 0.6100766350421708 -0.4055276273594 0.4172693365896587
1.1844845 1.2080625090721548 -0.04269642772989411 1.1681901713237142 -0.5391092327576478 0.6095378743262839 -0.4056180287808243 0.41629176024179737
1.18948575 1.2081603959472969 -0.04382798816785889 1.1683790146726916 -0.5370046218634763 0.610437552824823 -0.40587868440330926 0.4174380477933763
1.19448475 1.2074577141894929 -0.04527606950301816 1.168141857896828 -0.537682981500501 0.6107462296921379 -0.4060766125735618 0.41591806770366635
1.1994835 1.2084903386456125 -0.046813666223806005 1.1687529793870286 -0.5342905474391648 0.6115015350267707 -0.40833295697576344 0.4169696389720601
1.204486 1.2075895199528275 -0.04817809211993377 1.1686737107641318 -0.5359885014404667 0.612062265003647 -0.4063758129076524 0.41587835813594937
1.209488 1.2075256453209842 -0.049661949485068455 1.1686593820945417 -0.5351213941814351 0.6116515974221725 -0.4085736064693465 0.41544557400079934
1.21448625 1.2065071081494831 -0.0506609932267233 1.168412379114139 -0.5367150189112633 0.611460502295872 -0.4079294458569331 0.4143025582952848
1.219486 1.2058834639759743 -0.051632705415724664 1.1682968967032412 -0.5358700773308778 0.6132595068966121 -0.4060292545116756 0.4146037649407158
1.22448875 1.2046444510750831 -0.053608524613312655 1.168312027813195 -0.5381969978019739 0.6134547671295835 -0.40530825758381966 0.41199812690993964
1.2294875 1.2043985669445583 -0.05507324578578194 1.168332614312958 -0.5379201660657312 0.6136054149838064 -0.40579934941245827 0.41165176746710636
1.23448775 1.2041894448242754 -0.05659246277567272 1.1684186202128237 -0.5382301580319397 0.613228076065773 -0.4070091578572409 0.4106131623924438
1.23948575 1.2038357957227421 -0.05765011679470788 1.1682315963922512 -0.5370436320059606 0.6144100093227972 -0.4062539430194573 0.41114743285949173
1.2444855 1.2037962793186174 -0.05923210375515979 1.1681103583753616 -0.5359086059750278 0.6140858855570469 -0.4082358511914745 0.41114958470548413
1.249486 1.2037044729591106 -0.06056760625502998 1.1684904806989695 -0.5361422157560692 0.6136397468140989 -0.4099641811621328 0.40978916015209926
1.2544845 1.2034646700661888 -0.06186249515609667 1.1683240921995706 -0.5357590456027039 0.6139111421024129 -0.40992436332627497 0.4099236160663828
1.25948625 1.2026955911251822 -0.06361204518993623 1.1680689823209023 -0.5360272265453563 0.6144092675561357 -0.4099882815336397 0.4087611446166564
1.26448475 1.2023212178438951 -0.0651099285172262 1.1681014620437828 -0.536236781701518 0.6145241320635669 -0.41028644782054535 0.40801376912638265
1.26948225 1.2026634118282105 -0.06650920325073843 1.1686188921501832 -0.534065725948563 0.6146364545835198 -0.41202158163025054 0.4089425941803347
1.27448175 1.2017171958861226 -0.06714366986254944 1.1677975401421898 -0.534188041071822 0.6164302538955697 -0.40979211727083614 0.4083225434393477
1.27948 1.2012210953565927 -0.06890220259440014 1.167481765228447 -0.5339757220512533 0.6164668787769209 -0.410629267321436 0.4077034712262636
1.28447775 1.2019143604212639 -0.07010331302067772 1.1679546565020578 -0.5310852776026452 0.6162404594013569 -0.41269168037330634 0.4097336952963259
1.28947875 1.2016523490931803 -0.0712043208048952 1.1678917986955886 -0.5305775686837623 0.6166030370258211 -0.4130966105089762 0.4094378203416933
1.29447925 1.2000065006331964 -0.07323570998763033 1.1671530881065557 -0.5337987231459842 0.6171418505074835 -0.4124400362771261 0.4050778641145907
1.29947725 1.200069362701294 -0.07416154635420372 1.166872773587006 -0.5319393128746116 0.6178887440591824 -0.41231990633076915 0.40650505805812315
1.3044785 1.1996625950943185 -0.07545024742332027 1.1666250661965176 -0.5317211183700562 0.6183004386412333 -0.41250173619822056 0.40597972546521177
1.309477 1.1999633521991218 -0.07663984895027752 1.1673383136801525 -0.5295336540204211 0.6184936532578309 -0.41407854184368253 0.40693816646288244
1.3144765 1.1993638469984715 -0.07823700191519836 1.1670331335834552 -0.5287572339663955 0.6190401260997558 -0.41483341036629306 0.40634757468265476
1.3194765 1.1982628145803493 -0.07954656405035346 1.165977367030738 -0.5307476932658188 0.6196750402542397 -0.41339477907228056 0.40424557785422827
1.324474 1.1978872768129751 -0.08090587500782531 1.1656582011028576 -0.5303448351675117 0.6199284913292024 -0.4141622444516758 0.4035996242815324
1.3294755 1.1973556355751973 -0.08201791485223803 1.1653887504480092 -0.5304031795263169 0.6202817199803832 -0.41415609251525615 0.40298608665690405
1.3344785 1.1969680284540918 -0.08367663125381906 1.1655172105252138 -0.5305739866987662 0.620252418958426 -0.4154023046646982 0.4015209915982673
1.33947875 1.1963462064110928 -0.0849732971674794 1.1650466369835122 -0.5302930989309649 0.6207295751915236 -0.4153624896443362 0.40119574512350326
1.344478 1.1961267841369072 -0.08634894368529582 1.165329943537687 -0.5289986691512322 0.6207296788859461 -0.41678992434689305 0.40142400619455554
1.34947875 1.1949228617313536 -0.08733361455788735 1.1641684418618674 -0.5299799495493898 0.6221756203984417 -0.4145941696112999 0.40016299801675465
1.3544795 1.1951091129696647 -0.08813258967736384 1.1639525013741996 -0.5282232621699294 0.6225844251354221 -0.4154305269235337 0.4009816656424439
1.359481 1.1941864734257994 -0.09013701253666476 1.1636990249025083 -0.529909169051385 0.6221844481560153 -0.4162297765685406 0.39854178968555865
1.3644815 1.1944063591327034 -0.09113340050576854 1.1638361715968215 -0.5277252292921858 0.6219161012563679 -0.41785840962744264 0.40015096509969006
1.36948275 1.1938551942923663 -0.09219435607720405 1.1634762311618432 -0.5259012132716623 0.6234262413278293 -0.41734019365302055 0.40074280812624424
1.3744815 1.1933124321394344 -0.09297432105165554 1.1629919023799955 -0.526340230804514 0.623624144259043 -0.41681060298857386 0.4004095520465624
1.379482 1.1918342659890517 -0.0946311882884633 1.1619230587363432 -0.5287462876569758 0.62397725882746 -0.41658947778642486 0.396904208534968
1.3844855 1.1921080641859871 -0.09560415922092348 1.161940962101185 -0.5257530261478067 0.6242983487504012 -0.4178777895170056 0.39901563913251237
1.3894845 1.19150823134957 -0.09680481736940455 1.161422062227668 -0.5253997003619497 0.6246984263052623 -0.4180938116670324 0.3986283929639661
1.39448425 1.1896072954560428 -0.09821712367159877 1.1602339864567872 -0.5287002897069314 0.6253408146262182 -0.4162548624291575 0.39516674800710144
1.3994865 1.189064175234905 -0.09915062030659945 1.1597012066050107 -0.5284393221746504 0.6258485879979281 -0.4159806036241738 0.3950007153019647
1.40448975 1.188965522814879 -0.10003993191907476 1.159248951984912 -0.527559431424084 0.6259296502122965 -0.4165053848896904 0.395495112053866
1.40948875 1.1883981748665695 -0.1011146876712855 1.158601327818823 -0.5268233345847164 0.626468331569235 -0.4167561806215797 0.3953591905996522
1.414491 1.1877658043222805 -0.10218705213815493 1.1581096674192934 -0.526980986793183 0.6265152484407608 -0.4169004664650859 0.39492237729823393
1.4194925 1.1880536099343597 -0.1031879325080526 1.1582393041585926 -0.5242930843787054 0.626523990542334 -0.41894136376708146 0.39632383813309885
1.42449 1.1866399597196797 -0.10427572415783565 1.1569891454243333 -0.526356635923151 0.6271299423877587 -0.4173814009913626 0.3942708374796157
1.42948975 1.186104374968764 -0.10531841843066343 1.156394870166036 -0.5260824030205503 0.627243394992637 -0.41791408752131226 0.39389191934014456
1.4344905 1.1855735865047385 -0.10629859302682804 1.1556003392409302 -0.5254778469629495 0.6277233212079117 -0.41792140868971406 0.3939265928084783
1.4394895 1.1848591364818581 -0.1073056424777112 1.155078901860965 -0.5258836646610304 0.6279731686137611 -0.41792776338319015 0.39297895024721347
1.444489 1.1840836278225435 -0.10855469959401619 1.1545351536652457 -0.5261175501851871 0.6281624959178564 -0.41889730299322153 0.39132755033908784
1.44949025 1.1838588427570056 -0.1098307023304135 1.1545106735102741 -0.5250869256827484 0.6278836301461733 -0.4204914578934267 0.3914496152893292
1.45449225 1.1836407451597568 -0.11028874303336463 1.1536989124536152 -0.5229761467226278 0.6288695576800744 -0.4202911491847667 0.3929050512520401
1.45949475 1.1825751382772633 -0.11134580828697596 1.1523983757410416 -0.5241371296937337 0.6295758859657168 -0.4197060765073124 0.39084687849557537
1.464493 1.1825158939954001 -0.11200054638120534 1.1523415036595117 -0.5227163477905856 0.629157150499121 -0.4205911049711476 0.39246913528002064
1.46949325 1.181651038951035 -0.1130093984231083 1.151488441588089 -0.5229298995986198 0.6294880370316398 -0.4204584362959546 0.39179565424771
1.474491 1.1801545338395387 -0.11383205254363929 1.1502925959661179 -0.5249289024887968 0.6305794935760148 -0.4190572131590076 0.38885755967028635
1.47949425 1.1797258720744561 -0.1144391273393985 1.149526473239725 -0.5244986736361671 0.6303622606278201 -0.4189881773331597 0.3898633978525328
1.48449825 1.1791205911832383 -0.1152201636757487 1.1488437668651605 -0.524262983240154 0.6306672202972657 -0.4191957708843354 0.3894638459720518
1.4895005 1.1792693200116742 -0.11600185444562719 1.1486606251144766 -0.5226893540267097 0.630144988058671 -0.42079144345711406 0.3907015412369865
1.4944995 1.177849372244928 -0.11669649344453367 1.1472127283462414 -0.5245397053502877 0.6307421473623842 -0.4193509691431731 0.38880227073720036
1.49950375 1.1772437528308781 -0.11741555323044045 1.1464255356370838 -0.5241016454490715 0.6312086768201951 -0.4193166193797696 0.3886729270947433
1.5045065 1.1765999055693719 -0.11792739716124191 1.1457855061823459 -0.5242730905988637 0.6315696972358077 -0.41928944086359776 0.3878837567979322
1.50950775 1.177101855734568 -0.11851557339452995 1.1457080660842218 -0.5212608739929784 0.6311251096915842 -0.42217658888297305 0.3895319306038971
1.514509 1.175373151790219 -0.1197133948151873 1.1440978504968564 -0.5246075369349797 0.6312884729144795 -0.420565834330352 0.3865050777807884
1.51951025 1.174695083140991 -0.12026098552016325 1.1433287267999528 -0.5238111536367002 0.632118038616532 -0.42048876786850564 0.38631315882041073
1.524511 1.1741751160294664 -0.12070088360564248 1.1422241610489283 -0.5233414212070938 0.6323712288714288 -0.41994493679579825 0.3871261238978212
1.5295125 1.174340594773757 -0.12122348372463479 1.142106320736613 -0.5209338509856614 0.6324841573142604 -0.42159000049331985 0.38839874501311333
1.53451225 1.173676690112899 -0.12178200216157288 1.1411827513527522 -0.520669459331218 0.632929265825553 -0.421494087945721 0.3881321841951123
1.53951475 1.1723369791466942 -0.12213802113375954 1.1398034425729506 -0.5233101267335063 0.6331971682656293 -0.4197808602123045 0.38599467192950665
1.54451375 1.1725932786944129 -0.12268733665381588 1.1395581798321104 -0.5212001993946872 0.6326607650429759 -0.42174455508413144 0.387585137464097
1.549513 1.1719861835058238 -0.1234448896011531 1.1387791386190662 -0.521703914646495 0.6324946286847837 -0.4224018704278202 0.3864611623261764
1.55451425 1.1706176659015937 -0.12401012304890438 1.1372193096629217 -0.5234770889229136 0.6333502590205643 -0.4207555893941652 0.3844527549191768
1.5595135 1.1709250004108687 -0.12418488786588208 1.1367380081113434 -0.5204417705183421 0.6337134074876813 -0.4217111120068235 0.38692042939092
1.564512 1.1696287752772334 -0.1248020080657627 1.1353909098267942 -0.5229170893621518 0.6336514805088589 -0.42121054383170287 0.38422024499881247
1.56951075 1.1691150136304773 -0.1251399607918867 1.1345447262638177 -0.522733120688992 0.6340805853350627 -0.4211306111026687 0.3838501064584777
1.57451375 1.1693602297947345 -0.1256036066008452 1.1342684659619318 -0.5207114230055718 0.6337083970669107 -0.4230037575854398 0.3851507529617428
1.579515 1.1682663029871558 -0.1258822152217207 1.1327149865733492 -0.5221728486943777 0.6344000968815796 -0.42180260682072895 0.3833465717106109
1.5845135 1.1684881922483514 -0.1260358502257059 1.1324184478712247 -0.5194401653506654 0.6345822939648869 -0.4226193908243361 0.38584981185171313
1.5895185 1.1669505019647626 -0.12640634151103322 1.1309599482387116 -0.5226311139792302 0.6350212947423634 -0.4206454961803158 0.3829648031709669
1.5945165 1.1664437526412839 -0.12673542502566104 1.1299806206853962 -0.5225627998458325 0.6351043758583499 -0.4209676805719459 0.38256602553903873
1.59951725 1.1668606802791937 -0.1267622320882662 1.1297716781056228 -0.5202090391031033 0.6349058488252104 -0.42261355808942197 0.38428491940481335
1.6045195 1.1663086948593169 -0.1268802171548217 1.1287127332981608 -0.5199800893898892 0.6356664675324081 -0.4216178983758745 0.38443100351306697
1.60951975 1.1658664664627725 -0.12730083174233436 1.1278462852091915 -0.5200844720305917 0.6353538950963125 -0.422504481305632 0.38383268909156715
1.61452025 1.1654202848410553 -0.12742331726316286 1.1268982804771241 -0.5199575680046173 0.6355593983525376 -0.4224746036444501 0.38369726076159155
1.61952 1.1649683525007102 -0.12736451533324625 1.126232385324873 -0.5201468343946037 0.6358726723965514 -0.4221186553055327 0.3833132609388691
1.624518 1.164496461904393 -0.1273580898113155 1.1249933348773058 -0.51975672650553 0.6362162474821916 -0.4214892016696905 0.3839644313836652
1.62951675 1.1641465106833289 -0.1274558120935221 1.1241808088616565 -0.518514424297509 0.6360653242071543 -0.42220450858706976 0.385106541187528
1.6345155 1.163614173226685 -0.1277233254037018 1.1232502671961182 -0.52004775398923 0.6362608336496395 -0.4219313490755248 0.38300968891338877
1.63951475 1.1632090788745766 -0.1276297871435831 1.1223736339795272 -0.5200289087211352 0.6365507150151309 -0.4214557471983927 0.3830772434659561
1.644515 1.1627790832211347 -0.12769564539397135 1.121397807898187 -0.5200381000132518 0.6365663521617749 -0.42151902970869626 0.3829691389962087
1.6495135 1.1623249435568523 -0.12773139403965975 1.1204176249983453 -0.5200475626563071 0.636697183777651 -0.4213682273915503 0.3829047475414025
1.6545115 1.1619552277498522 -0.12743808955372055 1.1194536133051702 -0.5194441435969398 0.6373740351720706 -0.420429828012072 0.3836285712626909
1.65951275 1.1616095854796182 -0.12758217929251833 1.1187627443260504 -0.51997488106097 0.6370083897641579 -0.4209494136873125 0.38294650481759546
1.664512 1.161231930893279 -0.12751436466995122 1.1177128983576554 -0.5200998897566466 0.637031093165955 -0.4208488027200872 0.38284954781739206
1.66950975 1.1608313060466986 -0.1273935514078047 1.1167634434361484 -0.5202601420323129 0.6372284516585851 -0.4205218801840129 0.3826625580009397
1.6745075 1.1604757391805336 -0.1272567859809516 1.1159022848367686 -0.5203491975801802 0.6373297601458996 -0.4203742584802829 0.3825349294080017
1.67950875 1.1601426945208801 -0.1270648286803073 1.1149936373936298 -0.5204438997683696 0.6374320055395536 -0.4201283776974436 0.3825058584662828
1.68450625 1.1598135364634328 -0.1268296137947361 1.114068637385718 -0.5204202335054557 0.6376636678754563 -0.4197596398952943 0.38255675650120147
1.68950925 1.1586603737106125 -0.1266011348650366 1.112456457172391 -0.5224091639572281 0.6382435266290519 -0.41793773245852917 0.3808699488237992
1.694508 1.1584286062260234 -0.1260365111080757 1.111707053874243 -0.5223954717434914 0.6387580715698118 -0.4173687699616564 0.38064997959674707
1.699509 1.1589169319323875 -0.12609903321044424 1.1112875035359335 -0.5204369333952806 0.6380895141846287 -0.4190956691891345 0.38255194459400216
1.70451125 1.158682556560732 -0.12580901567108208 1.11048549625207 -0.520587404081425 0.6381790365050399 -0.41882803284279113 0.38249098156989236
1.70950825 1.1584360300125687 -0.12548823927065678 1.1095691730982558 -0.5207892912359112 0.638280002199372 -0.4184969232809029 0.3824100915650433
1.71450925 1.158247214496312 -0.12508956569713783 1.108641537782948 -0.5208689676207768 0.6383892302830182 -0.41823789087380403 0.3824026357986485
1.71950975 1.1580995128174194 -0.12470508122563338 1.1077701800797346 -0.520895392705008 0.6383995135166831 -0.418090546436185 0.38251058283536427
1.72450875 1.157940355523911 -0.12438941949601624 1.106892259497931 -0.520948691026608 0.6383735997401423 -0.4180061459142629 0.38257348372617284
1.729507 1.157690427945188 -0.1239427599550332 1.106039904232102 -0.5209917841726528 0.6386558330285232 -0.41760981013360676 0.3824765799933532
1.7345095 1.1575091949151257 -0.12343655125391545 1.1052508299882973 -0.5205813330813084 0.6392549795917811 -0.417050865678966 0.38264438079086527
1.73951 1.157382080988227 -0.12296022048058236 1.1044543159602291 -0.5210591213406737 0.6391746094454606 -0.41683545929735827 0.38236293044735464
1.7445075 1.157235247141622 -0.12249452396096602 1.1036185119063673 -0.5211433046165721 0.6392653334321596 -0.4166297110837102 0.38232077286944893
1.74950775 1.1561802905264007 -0.12190948609217107 1.1020039399642496 -0.5232888140865024 0.6398414158954182 -0.41457499244989304 0.38065647924613005
1.754508 1.1568098146466927 -0.12143576040265561 1.1017453127604038 -0.5214281346139464 0.6395387923196189 -0.4158727920975556 0.3822991686420034
1.75950925 1.1567424682309755 -0.12086614149396402 1.101022150918825 -0.5218722588750608 0.6394805672144527 -0.4154665912018653 0.38223220843726086
1.76450975 1.1565830295181505 -0.1202848371579659 1.1001854143533303 -0.5217661699971361 0.6397992096727544 -0.41508898228511154 0.3822540672565159
1.76951075 1.1565348717713038 -0.11972585219354337 1.0993431478781164 -0.521857534881669 0.6397083287733698 -0.4151371724008473 0.38222911385220154
1.7745085 1.1566306011377288 -0.1190793406885835 1.0986876375587256 -0.5213705300412249 0.6392197413663918 -0.4156909571185393 0.38310823643180514
1.77950675 1.1565860838341195 -0.11833871975472737 1.0979612263344278 -0.5213206687046797 0.6393681856747313 -0.41516447389761757 0.38349907841039516
1.784503 1.1564605041642242 -0.11756424207593306 1.0971367792861768 -0.5220348665234074 0.640119709533363 -0.41385170962309215 0.38269193621352304
1.7894995 1.1564242489471404 -0.11692459695366962 1.0963331352117753 -0.5226288629041616 0.6399057388536507 -0.41374845651057773 0.3823505352118407
1.794497 1.156344684759346 -0.11621065031908284 1.095511059102375 -0.5228466971265419 0.6399990596625109 -0.4133234973239914 0.3823561448372869
1.79949575 1.1562803702937827 -0.11541488213979406 1.0948265831810229 -0.5228065213379665 0.6401896268009504 -0.41281849146234023 0.38263752572076903
1.80449325 1.1562075945759704 -0.11470700210980081 1.094020766703422 -0.523217656075083 0.6400922385290508 -0.41258189177944066 0.3824936510869984
1.80948975 1.1563653080457843 -0.11376544790118202 1.0934771049797682 -0.5231600721607905 0.6400093793107646 -0.4122331069311687 0.3830866727528406
1.8144875 1.1564663657390681 -0.11293378601829068 1.0927808886527088 -0.5231557666044151 0.6400014150175577 -0.41203950894279245 0.3833140692881662
1.8194865 1.156454998722326 -0.11221802544966646 1.0920444253973645 -0.5238784509820907 0.63983729253357 -0.4117083130108246 0.38295675040100396
1.824485 1.1564324641530057 -0.11129554168218718 1.0912163028699444 -0.5242934441081407 0.6399334520751602 -0.4112284844028764 0.38274364135293715
1.8294825 1.15691475379755 -0.10991450892360927 1.0906768640709563 -0.523561163377993 0.6396758666562812 -0.4113950762818458 0.3839955533998701
1.83448 1.1568914526142722 -0.10894548268993537 1.0900437502492684 -0.523966697218276 0.6397782025445757 -0.41075760924195814 0.3839543439067125
1.83947675 1.1567597372068001 -0.10796955194532812 1.0894159014522695 -0.5235883616885414 0.6403189524975919 -0.4102892185368335 0.3840698162172216
1.84447525 1.1569200958908648 -0.10709479226523995 1.0887973710677523 -0.5239485588497712 0.6398656799824715 -0.4103129576299292 0.38430859483076485
1.8494735 1.15698001654082 -0.10613926189072408 1.0880890805738888 -0.5243253664001302 0.6398311035779318 -0.4100676808163215 0.3841140015588323
1.85446975 1.157054906984098 -0.10516690795124062 1.0874978042270604 -0.5247271528517574 0.6397171994703194 -0.4096513019193107 0.38419933706053394
1.8594665 1.1572610979317266 -0.10400233992143611 1.0868629744274578 -0.5244141123406102 0.6398176712489015 -0.4092721673399747 0.3848629358310333
1.86446375 1.1572220005958083 -0.103003651213862 1.0863159385220567 -0.5251672736430455 0.639473525940822 -0.4088884279422621 0.3848157972459668
1.869461 1.157316544062952 -0.10196043603724347 1.0857676257016475 -0.5258735935317786 0.6390247914886972 -0.40865728831683557 0.3848421756958709
1.8744585 1.1576278277626713 -0.10078230977502708 1.0852332173917254 -0.5257018331891222 0.6390359330895585 -0.40835031800833227 0.38538380425810254
1.879456 1.157689019113269 -0.0997039659047173 1.0846462162693626 -0.5260159060640421 0.6388139841882269 -0.40813381926076137 0.3855525200913785
1.88445275 1.156652861719052 -0.09934665710724323 1.0838944862063606 -0.5284676327372808 0.6394263768522052 -0.4066338686662171 0.3827594108421918
1.88945025 1.157778609577935 -0.0973542280231033 1.0837039753443487 -0.5261279570396259 0.6391512603522403 -0.4072629464168237 0.3857614958589563
1.89445 1.158134577270701 -0.09614222746371211 1.083248441892412 -0.5266385546229897 0.6384189797050367 -0.40724745105336924 0.38629335063850345
1.8994485 1.1582917449311545 -0.09497502736947064 1.082772409460578 -0.526983559426955 0.6381412955389498 -0.4071984190870069 0.386333356720087
1.90444675 1.1583662993297608 -0.09381863917560078 1.0821390889231428 -0.5270232414367517 0.638280229049189 -0.40696666439542295 0.38629391175797373
1.90944475 1.1585455161890394 -0.09254217496139569 1.0816814255722889 -0.5272296531458155 0.6381413827043111 -0.40666708424499015 0.3865570476859155
1.91444425 1.1585372940806313 -0.09134918382068913 1.0813378535148364 -0.5273746867580756 0.6382745427917229 -0.40643480140225724 0.3863836176650695
1.91944325 1.1588378481072257 -0.09002481634174396 1.080823226479437 -0.5273022600385573 0.6380556963470293 -0.4064793890345898 0.3867967957563813
1.924442 1.1590638608134545 -0.08852080512745295 1.0803181521602525 -0.527151466508359 0.6381637854560502 -0.4056834365793824 0.3876586946988715
1.92944075 1.1592004164516005 -0.08748520594259519 1.0799760351494858 -0.5284026804509191 0.6373954826697352 -0.4059185912904331 0.38697248378830396
1.93444075 1.1582776911693942 -0.0872873609470742 1.0795268108026572 -0.5319067256563489 0.6371930495417191 -0.40476336404883295 0.3837015401860382
1.93944375 1.1593333204728187 -0.08513075921274546 1.0793187238748327 -0.5294659119513542 0.6373364261435028 -0.4052821284982858 0.38628295886829794
1.94444225 1.1594047233177338 -0.08385330670907637 1.0788854011902387 -0.5295671775559262 0.637354282891676 -0.4053238323877813 0.3860708658181416
1.9494445 1.1594675883836096 -0.08248547496246607 1.078497565305853 -0.53027277058715 0.6371479341535472 -0.40490107790124047 0.3858865324057171
1.9544455 1.1592644573328477 -0.08170406462586488 1.078109998825898 -0.5321772554547349 0.6364650016663671 -0.40462155832928487 0.38468307080722713
1.95944575 1.159465887303804 -0.08028359245415938 1.0777433301289485 -0.5323954014255861 0.6363316783765823 -0.40430720405612297 0.3849322231038229
1.9644455 1.1603705335742271 -0.07828943534521293 1.077450324985457 -0.5305860713386236 0.6358123853694672 -0.40503688734978516 0.38751277578710985
1.96944475 1.1595398088726219 -0.07681831158539167 1.0763922940317154 -0.5330974479934903 0.6367904845601816 -0.4026077353697748 0.38498311798942325
1.974448 1.1605972068433035 -0.07542656212935848 1.0767834079463454 -0.5311076124214776 0.6359355920805156 -0.4044903934959487 0.38716682234232624
1.97944775 1.1608267094820663 -0.07414515077659292 1.07645865631183 -0.531520381458476 0.6356690680976724 -0.4043088432124484 0.38722768400294505
1.98444925 1.160382362700171 -0.07264541412922823 1.0756630303602681 -0.5339523232981926 0.6357530152259251 -0.4026222925555395 0.38549748327703587
1.989449 1.1603807472560446 -0.07093600725939524 1.0751470702131432 -0.5336387974417776 0.6362133409555195 -0.40142277466904347 0.38642201623628525
1.994447 1.1606951189647288 -0.06954565279856614 1.075297412136561 -0.5351796954946029 0.6350282212311761 -0.40201430463861826 0.38562462400137393
1.9994505 1.1617528516517084 -0.0681748650392172 1.0755423855817179 -0.5333325044307101 0.6341655419460636 -0.4036722694254994 0.38786493012747253
2.004451 1.1620128727210686 -0.06664738870722411 1.0753119735230339 -0.5336254719312293 0.6338480110270637 -0.403503860893077 0.38815613980405933
2.00945 1.161477834639323 -0.06509898040635818 1.074646441670367 -0.5354836851219208 0.634357761121294 -0.40183694083716953 0.3864900087350924
2.014451 1.1618740640150436 -0.06359635917890753 1.0744420866552433 -0.5353151273889517 0.6338839300533639 -0.4018164367102719 0.3875208753062374
2.019454 1.1628201970790766 -0.06196322969217742 1.0749138608582092 -0.5339392323997738 0.6330012049703925 -0.40303263705381054 0.389593460006483
2.0244555 1.1632020118943582 -0.06062265548535192 1.0747993727051524 -0.5332486221139957 0.6328532380218043 -0.4036766110868222 0.3901126501413419
2.029454 1.1627825242119276 -0.0588821924503828 1.0740213959797837 -0.5361395202810886 0.6328495736311511 -0.40150904440859403 0.3883893912116192
2.0344585 1.1628486756631287 -0.057224999974316106 1.0736529429103825 -0.5375345071994998 0.6319402725589438 -0.401246441598288 0.38821313552303993
2.0394565 1.1632107492043158 -0.055658765344406766 1.0736042154549856 -0.5374847111896247 0.6316051208104583 -0.40119359553265305 0.38888154431265365
2.0444565 1.164344993457309 -0.054034913077323804 1.0741151348382232 -0.5362708942632818 0.6308149360374151 -0.40265543028004325 0.39032633642141695
2.049455 1.164516907962721 -0.052433018943538495 1.073866721824374 -0.5366361392687334 0.6306169018508084 -0.40243428612906684 0.3903724151097577
2.05445425 1.1650690097228344 -0.050784711390252715 1.0739432110779854 -0.5357888455531808 0.6306835152144555 -0.40254646070776834 0.39131184953841663
2.059457 1.164602463591295 -0.04920976553123238 1.072927726355103 -0.5380808057263604 0.631152165518127 -0.40041557910312015 0.38959383270550163
2.06446025 1.164918455576957 -0.04742005233798838 1.0728485533970837 -0.5378718821775303 0.631161008968013 -0.4001009108869713 0.39019082540302846
2.0694605 1.1652770430226984 -0.045996412481022604 1.072976103688649 -0.5390936182307677 0.6298773873326828 -0.4009152082591061 0.3897429197514308
2.07446025 1.1656429614177886 -0.0443270065128128 1.0728561417111302 -0.5395819807818011 0.6292408005232394 -0.4010679960417688 0.3899381534596235
2.0794595 1.1660570328516293 -0.04271025521854152 1.0728140100431354 -0.5396485622919549 0.6288517504190089 -0.40123468560704356 0.39030197575337944
2.08445725 1.1664872913347009 -0.0406539332339419 1.072727055832825 -0.5386302914765645 0.6295704552540292 -0.40014277741756854 0.39166849331502246
2.089459 1.1668042704091204 -0.038973811219548335 1.0726417476798578 -0.539030191843015 0.6290146455273239 -0.4003596833226142 0.3917896782249802
2.09446 1.1671261599156812 -0.03709102514153738 1.072818422403 -0.539198931644979 0.6285192242329465 -0.40025202976623614 0.3924619848476236
2.09946075 1.1675424092105429 -0.03559153099890129 1.0729445443437442 -0.5401039323079971 0.6275962006348493 -0.4008449562641001 0.39208936773619857
2.104461 1.1678156685332428 -0.03384274103546839 1.072665825964528 -0.5403987608403698 0.6274628174778513 -0.4002837782041609 0.3924697298793268
2.10946025 1.1680551628916536 -0.03204000493968716 1.072844476336932 -0.5410804793711069 0.6273978840116313 -0.3997368361795617 0.39219162635428
2.11446175 1.16872527531201 -0.03027724977551129 1.0727118610521096 -0.5406041008953699 0.6269239695950837 -0.40023852110343433 0.3930937148660446
2.119461 1.1691423443029312 -0.02858745595656673 1.0728616921859375 -0.5407972849266846 0.6266920559065211 -0.40021127994214556 0.39322550157213115
2.12446225 1.169615699728967 -0.0267837698894976 1.0729943601297154 -0.5410773420028016 0.6263987755515691 -0.40029986084067093 0.393217376739149
2.129463 1.1700888043387314 -0.02511686331301931 1.0729780773663273 -0.5408516044773332 0.6264113200868882 -0.40036305815219725 0.39344354317781993
2.13446225 1.17045529720454 -0.023458965417751564 1.073104356870955 -0.5422679894916924 0.6252594451810696 -0.40043276104170966 0.3932552067919911
2.139462 1.1709253789641683 -0.021719234802935212 1.0733060118183508 -0.543057919714292 0.6243432202049376 -0.4007503241934674 0.39329736444393476
2.14446225 1.1722700801312271 -0.020168222422482694 1.0734859283500675 -0.540467738932133 0.6253020586309166 -0.40171356280736176 0.39435792384855334
2.14946175 1.1719365706125486 -0.017887642566161155 1.0734756968447188 -0.5423584484053102 0.6245085558364589 -0.40024286148677596 0.39451492869005883
2.154462 1.172482082549009 -0.01635526959925754 1.0735210225770062 -0.5428678435259745 0.6242740340278192 -0.40034263467767545 0.39408401358521084
2.159464 1.173983231814625 -0.014941177706783614 1.074386944199687 -0.5395032084794251 0.6236194858400282 -0.4034646134921362 0.39654927888052716
2.1644635 1.1734412518172257 -0.012876785054145957 1.0736344866910559 -0.5435574912877383 0.6233749578047071 -0.4005494747073668 0.3943463375747421
2.16946475 1.1739070095475062 -0.011072303269612779 1.0738397280707581 -0.5439878264892775 0.622822851437962 -0.40063570125533304 0.39453767277385005
2.17446325 1.174538390466377 -0.009526158901424404 1.0740299291166415 -0.5448151228749119 0.6221303829145559 -0.4009553118775926 0.394163806581128
2.17946625 1.1759506678710336 -0.007881486303233022 1.0742509965091172 -0.542324370640707 0.6231192676445407 -0.401494781992607 0.3954852656319842
2.18446775 1.175412364025153 -0.005797531545191352 1.074500875757779 -0.5454419135427123 0.6222713580841702 -0.399846889512987 0.39420038153930814
2.189466 1.1763129774454633 -0.004036792552666174 1.0746359099939489 -0.5455482914339169 0.6214529433326591 -0.4000665248175064 0.3951203318701179
2.194468 1.176807796328693 -0.002414301551785278 1.0746925234610343 -0.5453355845821961 0.6215690738699309 -0.4000904022356217 0.39520710600368697
2.19947 1.1784179601540727 -0.001066351080993306 1.0752585284596003 -0.5432464270912757 0.6219520317956707 -0.4016300764702895 0.3959195262578874
2.204471 1.1779636734557475 0.0012021577560667462 1.0755534627137457 -0.5470780181343079 0.6207062329315518 -0.3992477952347941 0.39500710433398023
2.20947225 1.1787849496663094 0.0028867033777624958 1.0753597268707522 -0.5468547796332501 0.6194236710689189 -0.4001991402723842 0.39636449618629765
2.214473 1.179505511777616 0.00408000922846816 1.0764970363575472 -0.5445076055409235 0.6208430311839829 -0.40147656771863366 0.39608327875743454
2.2194755 1.1810994922849138 0.006721973269120392 1.0763092678949127 -0.5467608213100413 0.6190407279917745 -0.398867426364036 0.39842936331740564
2.22447325 1.18110365355891 0.008755545115707801 1.0762945054862993 -0.5481776315289919 0.6185999138541917 -0.3976460336587374 0.39838808062782916
2.229477 1.1820478664285305 0.00996412322849844 1.0769514317720712 -0.5470799872645914 0.618277147550346 -0.3989353062602968 0.3991083534212051
2.23447625 1.1831595598028777 0.011799816026957514 1.0773566139539443 -0.5478900589504968 0.6184334836927375 -0.3985347304310595 0.39815396292279737
2.239475 1.183621048041025 0.012899489126293111 1.0776637688007438 -0.5469305363311451 0.6196026987704082 -0.39893628364874056 0.39725221924299514
2.244475 1.1830446214585253 0.014547968696796126 1.0776802268583183 -0.5506215022286185 0.6183634602150025 -0.39735149805226117 0.3956695330070945
2.24947575 1.185438160899846 0.016329364862725435 1.0786741740052372 -0.5473923485845141 0.6171835301905457 -0.39983055568815107 0.3994766995843062
2.25447525 1.1861027181118131 0.018246799859611102 1.0789074148381546 -0.548325630268658 0.6181144823202782 -0.39822391342287977 0.3983606465435311
2.259475 1.1871507918436885 0.01891082276141489 1.0793038062846751 -0.5486094639069086 0.6158751544195811 -0.40096858255379136 0.3986848957325006
2.26447675 1.187674282484138 0.021201394439829876 1.0794073110921718 -0.5488229319676969 0.617579694417582 -0.39794135545670223 0.398787397000895
2.269478 1.1878669068382157 0.022620241756685158 1.0799256018448657 -0.5503296825530225 0.6161366365275114 -0.39857124791637866 0.39831375316957784
2.27448 1.188308384419914 0.0244229749163745 1.0800189061274341 -0.5527031479851867 0.6155151732095056 -0.3969168687313168 0.39763966234854337
2.279481 1.1899451202025828 0.02542476888565493 1.0808480087505343 -0.5520598657613965 0.615435700799858 -0.39848894680469304 0.3970835706384525
2.28448125 1.1910894858034147 0.027023603006419216 1.0814057608164567 -0.5515732385961418 0.6156605322446621 -0.39873714149454415 0.39716213753773516
2.28948075 1.1916541335694395 0.029046983644781945 1.0822236259039029 -0.552376739898182 0.6148187475700508 -0.39776192381243247 0.3983256165762915
2.2944815 1.1917191291473277 0.030414032468231943 1.082124635891927 -0.5530937236631052 0.6142849346403549 -0.3980440259006767 0.3978722224070904
2.29948075 1.1933088808598975 0.0320867410583873 1.0829312127700015 -0.5528795528121782 0.6135279097878916 -0.39811286745398833 0.39926663867780104
2.304481 1.1944293305123432 0.03446340624378062 1.0834546839993457 -0.5525545277833431 0.6139063524992211 -0.39590410836647955 0.4013258291784514
2.30948075 1.1955084698434177 0.03595929819280862 1.0839489246722873 -0.5522195441013297 0.6135522179519645 -0.39598015712244566 0.40225236621308763
2.3144815 1.1954557974108448 0.038053735682204645 1.0837799430197177 -0.5547087815459364 0.6141473836274831 -0.3925709897867757 0.401259488158437
2.319483 1.196411866352994 0.03899622953444368 1.0841130541214128 -0.5541903392144786 0.6138223014451705 -0.39388991703037757 0.40118073661592724
2.32448325 1.1970725321545501 0.04068731725239991 1.0846136942825009 -0.5551276683915136 0.6135433184958451 -0.3930361251544057 0.4011489404683973
2.329484 1.1977449656095078 0.04154150342462243 1.0856632876397787 -0.5578715378598085 0.6121329628841115 -0.39373849765081054 0.3988014273599507
2.3344855 1.1988351360895908 0.043052234885541316 1.086097651249432 -0.5572362541753327 0.6121750541841462 -0.39342532979792627 0.39993245672322536
2.33948725 1.2005339972395792 0.04471975776864703 1.0873367265389624 -0.5527000041455669 0.6125971591278315 -0.3948946473762976 0.4041109297204795
2.344486 1.2004068501848535 0.04578331052968811 1.0873250874558533 -0.5583094693145092 0.6112161376414763 -0.3931716769006466 0.40015172377926894
2.34948675 1.2019383813119833 0.04785492846547276 1.0882729759124867 -0.5560071206186796 0.6120523363659836 -0.3924313741117804 0.40279726412055705
2.3544895 1.2030179084512924 0.049559508358392235 1.0887704312945736 -0.5562220256956225 0.6115671300775081 -0.39181541978551543 0.40383583342506735
2.35949 1.2038099565225453 0.0507783395644702 1.0893602045538124 -0.5563483402381902 0.6113795277844575 -0.39166374329133186 0.40409294662402445
2.36449225 1.2038849148158677 0.051856900634203215 1.090027831825617 -0.5585129459385157 0.611454502874998 -0.3904171215807469 0.40219541433185646
2.36949675 1.2052118562785847 0.05343633139821852 1.0909150913510843 -0.558121531281715 0.611000862152385 -0.3901794106101235 0.403656203104489
2.374495 1.2063458366483808 0.05422826082892519 1.0915601884671673 -0.5592404830757559 0.6092321308674397 -0.3916886834458329 0.40331906484616387
2.37949675 1.207253889154056 0.0554522752096275 1.0921703522924642 -0.5594599469311783 0.6086824625541869 -0.3917485155693805 0.40378624061243235
2.38449675 1.2075868940131196 0.05648743673242896 1.0927162136597075 -0.5602049161142951 0.6089248626906932 -0.3907289014152528 0.40337561795096794
2.38949625 1.208232736212083 0.05783448721623452 1.0935262438064877 -0.5615407690558412 0.6087737670607375 -0.38966038500712413 0.40277940560926534
2.3944955 1.2098059144845932 0.059115055973840584 1.094439865485386 -0.5601706271674596 0.6081686600424331 -0.39044420135078844 0.4048370969075725
2.39949775 1.2100304515267943 0.06075908024231131 1.0945588960502073 -0.5602622290591202 0.6094210550944198 -0.3875998010826871 0.40555962138503343
2.4044985 1.2115850060449047 0.0621179779854996 1.0960552849108613 -0.5611698586048797 0.6075645956661533 -0.3880346429461557 0.4066728018444958
2.40950025 1.2126700499439909 0.06348734137184392 1.0966146429638217 -0.5602833500139551 0.6073127806752237 -0.3877037318640915 0.40858239123134543
2.41450225 1.212640459727249 0.06341687648687475 1.097361388819851 -0.5623820124271314 0.6072791036583935 -0.38842062026855173 0.40505306332437685
2.419504 1.2139640203698692 0.06463195791101264 1.0984193454159066 -0.5617920549107465 0.6067547522944287 -0.38874998966790164 0.4063395170796142
2.4245075 1.214004743458531 0.06564074686545408 1.098599153726586 -0.5642849337572526 0.6066093183552275 -0.387002080821713 0.4047678814565745
2.42950875 1.2147488591719409 0.06637694842172226 1.100161636423942 -0.5644793697874743 0.6065279525264736 -0.3867420662077655 0.40486721046996144
2.4345125 1.2158690080136323 0.06751542733833053 1.1008698998473663 -0.5635949434173695 0.6063516513810184 -0.3866906735097073 0.40640956883726664
2.439513 1.2165765253926781 0.06887166796099181 1.1014572761882022 -0.5618546416271003 0.6070169575624105 -0.3859287643594678 0.40854469003247595
2.44451175 1.2173497842313261 0.07004496306599786 1.102530494043413 -0.5630570121398092 0.6073315187518685 -0.3837282733704795 0.4084946017107817
2.4495115 1.217658187405418 0.07074063217146455 1.103386275923399 -0.565950668795579 0.606379851769581 -0.38250614958361573 0.40705326603339587
2.45451225 1.2185376933067606 0.07168151070238249 1.1043653009078507 -0.566043324124061 0.6066398012865728 -0.3821131783240108 0.40690616321296197
2.45951075 1.2191119309166285 0.07234036372966834 1.1048647064530401 -0.5668210623874174 0.6057504662376092 -0.3823463568610758 0.40692937874031865
2.46450975 1.220744155572827 0.07280909105571179 1.1063727138127915 -0.5647900414419464 0.6048094834521616 -0.3852405831462625 0.4084206053952977
2.46950975 1.2209579790831686 0.07349821111643103 1.1074455342654783 -0.5654001232768325 0.6057328864676155 -0.38327328955523815 0.40805876582137035
2.4745105 1.22127501379932 0.0739353481823955 1.108357779072918 -0.5667517363505666 0.6053866987353247 -0.38258874710591634 0.4073392504116049
2.479509 1.2222187501709971 0.07558576999409065 1.1089375482037465 -0.5652948945681942 0.6066027508403341 -0.3804427768985473 0.40955839431489593
2.4845085 1.2234573655012042 0.07636799815110379 1.1104612084773335 -0.5645441586617151 0.6055844643739978 -0.38141502682420664 0.411193296081641
2.4895075 1.223833750949329 0.0767084573606296 1.110999966272924 -0.5648832193434815 0.6055470682867727 -0.38154710087984384 0.4106598426966351
2.4945075 1.2244214559017508 0.07735636204668231 1.1119103175438145 -0.5656323339532635 0.6058651915642611 -0.38052749408490133 0.4101051800244057
2.49950825 1.2243910056244196 0.07685431301871311 1.1133384669705224 -0.5681858218093626 0.6052490263295593 -0.38106266081399987 0.40697633414646356
2.50450725 1.2255028340520184 0.07778393069884823 1.1145857993938502 -0.5683240027912017 0.605146719237448 -0.380357974319105 0.4075942681385578
2.50950525 1.2270432176106774 0.0790004622688186 1.115638532245079 -0.5644072742886174 0.6042938916146824 -0.38141445737399904 0.4132751298994097
2.51450375 1.2275550035620242 0.07926734167275075 1.116786496700999 -0.5645671824990112 0.6044956502726645 -0.38144365119306445 0.4127343530784182
2.5195025 1.2276900416808711 0.07990800395878656 1.117478989938286 -0.5659329202286192 0.6058054075244024 -0.3787077934549206 0.41146098866381664
2.5245005 1.2286842434506253 0.08032837522600354 1.1187026296266256 -0.5662188111567962 0.6051620119267792 -0.37854331755472836 0.4121652022521759
2.529499 1.2282408034078403 0.08007894017400112 1.1195313145970962 -0.5681821158204354 0.6054820449247591 -0.37784363603221205 0.4096275909231491
2.53449625 1.2298320121133346 0.08114288358880184 1.1209187154913813 -0.5665089796989585 0.6050688454214106 -0.3778306927066413 0.41255694863820414
2.539494 1.2306570169197166 0.08072190773619861 1.1222209009324917 -0.5682787073378253 0.6035673891139636 -0.37949792900197005 0.41078831466805293
2.54449375 1.2308050475635648 0.08169135787235646 1.1233307002347497 -0.5661858108785985 0.6046527904079197 -0.3778993745068903 0.41354648270655275
2.549496 1.2315298674049324 0.08203970504536881 1.1244322345831061 -0.5657603038143334 0.6044683134288076 -0.377958075327045 0.41434409611278605
2.5544955 1.232069961517461 0.08171437164224196 1.1259455911061877 -0.5682523096544034 0.6031420234117515 -0.37859640003825373 0.41227876254457796
2.55949525 1.232760051741334 0.08204286009696934 1.126887141340492 -0.5683748104656605 0.6027634278556512 -0.37815371998111547 0.41306910914794137
2.5644935 1.233153702433665 0.08232774221179812 1.128220243385062 -0.5687533772802321 0.6028197205258934 -0.37760778579466625 0.4129653017926125
2.569492 1.2337510658849347 0.08240498248487384 1.1293482613794188 -0.5687519534446767 0.6025923192216712 -0.37765991077197747 0.4132513811998862
2.57449525 1.2342971810290189 0.08250011783431524 1.1306313824939531 -0.5684282064910087 0.6026917383555901 -0.37733257551876426 0.41385041988103394
2.5794955 1.2348761518854723 0.08258228065262774 1.131746141967565 -0.5686180981788143 0.602602350524478 -0.3766015541135043 0.41438524950241146
2.58449475 1.2350315957236506 0.08253807281266443 1.1325381991474068 -0.5698535030121283 0.60214227525404 -0.37612036358086653 0.41379359293794177
2.58949675 1.2360298601588027 0.0826211272967313 1.133544320763478 -0.5690688318586788 0.6016093229581997 -0.3766287773416514 0.4151838763908204
2.59449825 1.236606981648982 0.08282354923942654 1.1351329825587877 -0.5688055421176983 0.6021845908836582 -0.3752829019746041 0.4159287405842401
2.59949875 1.2369761701834663 0.08276883801378897 1.1363365846184343 -0.5690104843332544 0.6020216392278523 -0.3750624861714689 0.41608309997778276
2.604498 1.2372803943065396 0.0826900440430247 1.1377007020699814 -0.5695919234173112 0.6019414344236361 -0.3746414366118108 0.41578280901838854
2.60949825 1.2377005026001877 0.08258350154190769 1.1386872077426384 -0.56975401164244 0.6017905802025288 -0.3744694259212248 0.41593402463260737
2.6144975 1.2383922359886226 0.08251369874324066 1.140149982104085 -0.5689273018371166 0.6012141133284531 -0.3751561543474454 0.4172782944441948
2.619497 1.2383813755792747 0.08200747247682025 1.1412649874312173 -0.5702673791117756 0.6012240574253274 -0.3742498850671656 0.4162472493857784
2.62449675 1.2394351162543893 0.08248841295633391 1.142405217433163 -0.5690635825069552 0.6009460678624626 -0.37467307503121017 0.4179121312329321
2.62949625 1.2397430603911934 0.0823002236220012 1.1434276104060233 -0.5693995976262972 0.6003971980220615 -0.3745421624205031 0.4183604563048972
2.63449425 1.2410673898761195 0.08237986829041677 1.1452869827854009 -0.5677359583498485 0.6000034775599318 -0.3756013960914706 0.4202324354053429
2.639494 1.2407606107444107 0.08186188753292925 1.1458641806241663 -0.5693571652819654 0.6006548283159227 -0.3740020238188595 0.41853157795111645
2.6444945 1.241806469552859 0.0818274130443096 1.147691356258817 -0.5681857636228129 0.5998845864030717 -0.3749594684662779 0.420367479736317
2.649494 1.2415202315811644 0.08153080952683046 1.1483192277642484 -0.5698136345726988 0.6004699701824266 -0.373021506286238 0.41905034615438824
2.65449375 1.2415369270748502 0.08082300790643428 1.1495866880101056 -0.5707179003010997 0.600069548711486 -0.3726278126416687 0.4187435112703038
2.65949225 1.2429837312795025 0.08103149333251534 1.1513279976098854 -0.5687387008797776 0.5992075879961637 -0.3740954231755395 0.4213539734813435
2.66449375 1.2430302821622137 0.0805127665969194 1.1518379141363273 -0.5689879289908056 0.5991608968547736 -0.3736303905007672 0.4214964859132059
2.66949375 1.243393734802315 0.08024868811634941 1.1530619044027965 -0.5689298606819546 0.5990376053689453 -0.3734445205037629 0.4219146253496861
2.6744925 1.2441488983244127 0.07996796269142438 1.1544565066536165 -0.5680662604500799 0.5986437253776896 -0.37433307108913705 0.4228488686199341
2.679494 1.2440241289033556 0.07959677630831688 1.1557167768238825 -0.5690217970399962 0.599134483543416 -0.3730921646995616 0.4219648110474768
2.6844945 1.2449294822353452 0.07933707882991528 1.1571027570529264 -0.5680579795886593 0.5987040253824951 -0.37367063800439276 0.42336022027327586
2.689495 1.244798557463262 0.0786914735188081 1.1579274848467926 -0.5689262824774937 0.5986552386140489 -0.3728144584829119 0.42301793098211404
2.69449425 1.2450626568144738 0.0781921470917527 1.159108889465127 -0.5691501591560207 0.5983793734243056 -0.37295923048357993 0.42297947253987106
2.69949325 1.2456145097270652 0.07793115579162581 1.1605053058845491 -0.568871080924054 0.5984012454414979 -0.3728813789245154 0.42339239482271596
2.70449325 1.2454729366126591 0.07746193415756869 1.1613066247403965 -0.5699895611061487 0.598436791141167 -0.37115996606962026 0.42335043028900016
2.70949525 1.2461529567487935 0.0767648766508085 1.1623415895825056 -0.5681654469962251 0.5975420232009756 -0.37406786202549414 0.42450534737284595
2.7144945 1.24648972613775 0.0762568099351406 1.1637938156892547 -0.5686519054556194 0.5979892588289633 -0.3727738312959093 0.4243624953360619
2.719494 1.246895144218946 0.07554672046503602 1.1648203521603966 -0.5690782120628437 0.5972663942997156 -0.3733134102913932 0.42433470337951806
2.7244935 1.246202248036959 0.07507542214487306 1.1658411663362882 -0.5705513188724136 0.597783566898105 -0.37136980792861274 0.42333257072731095
2.7294945 1.2466608512385324 0.0744956731389797 1.1670892967897404 -0.5701802600311129 0.5976069512620522 -0.37177374536324176 0.4237271352329409
2.734496 1.2469095237579393 0.07399747245846286 1.1682763858785676 -0.5699336383547525 0.5975651250512055 -0.37165926092051066 0.424218060631877
2.739497 1.2473077300440998 0.07321501722590769 1.169416242754656 -0.5694974673137891 0.5972562554822972 -0.3722813773095983 0.42469303752111714
2.74449525 1.2473872328843782 0.07246287526696939 1.1704991773464295 -0.5694385008492332 0.5975181525418507 -0.3719237121037589 0.4247170864334421
2.74949675 1.247878719994314 0.07210191618036474 1.1721265183504674 -0.5688532491652167 0.597413703476504 -0.37178745314563855 0.4257662944575853
2.75449625 1.2479872148463436 0.07150347773060683 1.1732088714752091 -0.5685154283644024 0.5976363375740492 -0.3721662493780356 0.425574081149925
2.75949825 1.2480662635495683 0.0703976021014163 1.1739167526113243 -0.568857570225014 0.5970605502171933 -0.3726856572893661 0.42547052191994317
2.764499 1.2482808680502488 0.06955902387023033 1.1749259581200842 -0.5682474385823827 0.5967042905216637 -0.3732042497560437 0.4263301844599178
2.76949925 1.2486299864490489 0.06908543681824414 1.1759514786302716 -0.5672233761161566 0.597434595433081 -0.3731555589462282 0.42671357442039265
2.7745 1.2485330812174045 0.06781196978343487 1.1771016103881253 -0.5685689903813933 0.5970066052579103 -0.3729888743827151 0.4256662026069538
2.7795 1.2486543092409121 0.06707613613624948 1.1783342017307445 -0.5683239644132295 0.5971864285925419 -0.37274233374187954 0.4259570325926931
2.7845035 1.248371823751246 0.06634006175921559 1.1795953644412789 -0.5692989347706379 0.5973589266224482 -0.3713093383881553 0.4256646695219655
2.7895035 1.2492522155401626 0.06559336018127401 1.1809673405603673 -0.5670098919910531 0.5971920695498859 -0.3738851736355607 0.4266981267670683
2.79450625 1.2492866793802038 0.0648128630774474 1.1822103996462854 -0.5672889128444235 0.5974924886724929 -0.37276176964916596 0.4268895389111394
2.7995085 1.248911272982865 0.06356809449602359 1.1827024768623693 -0.5681899874427144 0.5969803211057716 -0.3724646454154792 0.42666699227596566
2.804508 1.2492970219818225 0.062512110839903 1.183798710082274 -0.5670017660413065 0.5971050749040162 -0.37404082947673634 0.4266942520286202
2.80950825 1.2493008892949322 0.06154301528966122 1.1848837627145241 -0.5669550990018204 0.5972025705764584 -0.3740537533327782 0.42660847979191324
2.81450825 1.2496652603236904 0.06065946202715769 1.186160502634541 -0.5657299938553251 0.5977597057113205 -0.3746087362458395 0.42696744958915134
2.819507 1.2499851233250698 0.0596632342847197 1.187414629172479 -0.5649382894345468 0.5979614680155609 -0.37516142835385213 0.42724783741400124
2.8245085 1.2493109489862921 0.058772931255905235 1.188300056979896 -0.5666711460655699 0.5986340284142209 -0.37339742525539144 0.4255531401058388
2.829508 1.2496885940881022 0.0574958754781572 1.189029840526917 -0.5659114401051084 0.5980330018213491 -0.37461165845191746 0.42634126711193754
2.83451 1.2495284298568414 0.05655715632473871 1.190129820739629 -0.5661527785825375 0.5985627270883176 -0.3736387397074014 0.42613118312760573
2.83951275 1.2498958032980751 0.05540117351458979 1.1911615623095686 -0.5651114235506096 0.5983867233015929 -0.37512702577950857 0.42645295505929615
2.84451325 1.2499785866067656 0.05448262263210424 1.1922151661672848 -0.5647992425096805 0.5985987271192778 -0.37507638899872625 0.42661350420181005
2.849514 1.249835390049408 0.05328918222569811 1.1931164322267698 -0.5652190723166862 0.5987019943682887 -0.3749998267195231 0.4259794034800577
2.854515 1.2496747885382717 0.052282669306820934 1.1941807507487858 -0.5653342434334355 0.5994186093960813 -0.37397118575974875 0.42572300399750596
2.85951725 1.2496941532842507 0.051224567168906596 1.1953213713358746 -0.5651740544228354 0.5997952489041654 -0.3738774112364169 0.42548751916642563
2.86451925 1.2499075800465127 0.04999199150771154 1.196158910252082 -0.5646863789583377 0.5995876799719241 -0.37497230782340696 0.4254640711157573
2.86952175 1.2499990603971842 0.048934148017513404 1.1970460974940182 -0.5638814467928597 0.5998769620293352 -0.3753784154094709 0.4257656510733595
2.87451975 1.2499021109352575 0.04790562203180872 1.1982193389825277 -0.5643594302121803 0.6000672590746446 -0.37513718908229055 0.4250762372618171
2.87951875 1.2497761502179654 0.046650028585575896 1.1989908612367415 -0.5650081334157766 0.5999457275318172 -0.37501496494382186 0.42449347375256824
2.884518 1.2500207286509644 0.04546139214815939 1.1999036735348574 -0.5634661946394472 0.6005312781801024 -0.3755424810635863 0.4252480174469001
2.889517 1.2502801057381805 0.044285811807472174 1.2008387040287047 -0.5625277969199349 0.6006848334024136 -0.3766698984182569 0.4252763762993416
2.89451475 1.250181983293315 0.04305595790719046 1.2017465235248899 -0.5628849866232871 0.6006900662933878 -0.37624130009222334 0.4251757521254716
2.8995135 1.2501127734278539 0.04198340554904667 1.2027179509736514 -0.5626289688973433 0.6015828118326565 -0.3758572237211802 0.4245916994497581
2.9045145 1.249771735796387 0.041099603385331605 1.2034663049257643 -0.5632955668358187 0.6026555725377601 -0.37411810884451235 0.42372161368863853
2.9095145 1.2501253140804012 0.039716829088310104 1.2044644641111641 -0.5627754591128766 0.6021980367547926 -0.3757387997661308 0.42362915562939235
2.91451375 1.2499218200820017 0.03841997302828168 1.2052993748329668 -0.5632126203704455 0.6029188463338465 -0.37473035770912644 0.4229155565856025
2.91951275 1.2501403508886826 0.03728271867728443 1.2060510939059008 -0.5627653707564705 0.6030383901701989 -0.3754313216555651 0.4227187719728364
2.92451275 1.2502291074015677 0.036056959754298505 1.206837824473291 -0.5622290009868142 0.6033422404343579 -0.37586093464518516 0.42261714253525745
2.92951325 1.2498217629640471 0.03495724255329 1.2075573934990884 -0.5634317895049658 0.6039277966712067 -0.37422257255046787 0.42163171272664407
2.9345125 1.2501653225527825 0.033708520370097805 1.2082498825339614 -0.5622303736131234 0.6041589994901396 -0.3758030390378506 0.4214985007942934
2.93951225 1.2502567474819377 0.03244989044558928 1.2089561903281378 -0.5617415702088369 0.6045120439429236 -0.37621445885376165 0.42127696112727364
2.94451225 1.249890770004558 0.03129201301048142 1.2095844379543526 -0.5627994478401878 0.6050481589275248 -0.37502115487513726 0.4201578754293565
2.949511 1.2500304465547858 0.030117700268080326 1.2101508656507107 -0.5620804935149473 0.6053789630361323 -0.37551939264389367 0.4201987811401311
2.954511 1.2503394665642305 0.02877231725553881 1.2109064655739046 -0.5610796146260526 0.6051618168597903 -0.3771125878277039 0.4204223323848655
2.95951025 1.249920077102107 0.02767472323444805 1.211588620574336 -0.5619290095889448 0.6062319134808096 -0.3758651680249637 0.4188603952695331
2.9645085 1.2499282448395823 0.02637862090337504 1.2122675939258352 -0.5616099110815631 0.606707001428082 -0.37618563833138124 0.41831242834311677
2.96950975 1.2499474265795716 0.025286284030734338 1.212884540628635 -0.5606378481309956 0.6073509373950936 -0.37648737982555347 0.418410438350237
2.974515 1.249813349255394 0.024171489163884417 1.2131730131791978 -0.5605958440845507 0.6073725235728532 -0.3765186090070666 0.4184072827703383
2.97951475 1.2497460502313225 0.0226797248424207 1.213923344707438 -0.5612830094443999 0.6079556511900686 -0.37665935375377285 0.41650815205093816
2.9845155 1.249845036613056 0.02143480517386176 1.2145093362946147 -0.5605915648029237 0.60838483910825 -0.3771544417128733 0.4163646384015929
2.98951675 1.2497193871534542 0.020221707668272255 1.2151399734104162 -0.5602864778317312 0.6086338898227099 -0.37783612562342217 0.41579287282500593
2.99451675 1.2495089489745663 0.019128612759296972 1.2156029403167294 -0.5604720100138536 0.6090020070535335 -0.37766164125537055 0.4151618553288568
2.999515 1.2494218230091545 0.017790061276045155 1.2159577485976074 -0.5604425494135353 0.6092667362239563 -0.3778627990895335 0.41462983250375
3.0045145 1.2501384405976323 0.016330923121348703 1.2168026394624283 -0.5585157674871277 0.6100682789234483 -0.37976400862909027 0.4143140478786723
3.0095155 1.2497884666077292 0.01518080172831943 1.2171502243768142 -0.5589994145877855 0.610467455573617 -0.3793505730924134 0.41345166932840466
3.01451425 1.2488592695582632 0.014347696081130113 1.2173950804358784 -0.5600246736443438 0.6105940926564128 -0.37871897303965135 0.4124550380131509
3.0195135 1.2484719698289528 0.01324556797859218 1.2176431732310617 -0.5608102879871804 0.610816090028444 -0.3784840518595102 0.4112728383179556
3.0245125 1.248622757920062 0.011750305496118319 1.2181194064947969 -0.5595357446762319 0.6110743263352342 -0.3803113823963728 0.41093937575184286
3.02951675 1.2483463633542653 0.010661238818585841 1.2186940035908387 -0.5589797899874609 0.6117009738955054 -0.3802384137463106 0.4108311838609061
3.034515 1.248466342027273 0.009363028437979763 1.2189944905454932 -0.5579623032480765 0.6118513290163505 -0.3823161400907698 0.4100614446166844
3.0395145 1.2477492248450965 0.008272026613293026 1.2193862202536745 -0.5588397188915305 0.6125943814775783 -0.3805110655023582 0.4094357353744279
3.044513 1.2474940568127142 0.007070464459515889 1.2197382911919725 -0.558754343667982 0.6130433939425481 -0.38102360458261864 0.40840224451688906
3.0495125 1.2473916820773145 0.0057506023765066215 1.2197217315523916 -0.5574380786328397 0.6124070537446031 -0.3827512059825198 0.4095386469344619
3.05451275 1.2469106389938924 0.0046895741518615044 1.2200243211018382 -0.5581677421350482 0.6133110764973032 -0.38193108068554754 0.40795458655584604
3.0595125 1.2479544526280706 0.0029820033574128983 1.220457351645484 -0.5563248113062869 0.613228566590786 -0.38473461269856785 0.4079616492192827
3.06451 1.246110859184353 0.0024982488887909625 1.220377936064469 -0.5594754433995591 0.6132052975208448 -0.3818788146408548 0.40636813636619507
3.06951225 1.2460704911556755 0.0009993728706966555 1.2209906239605335 -0.5571662397465957 0.6138287055560068 -0.3838178154354157 0.40677264666698154
3.074515 1.2450001921545386 0.00037420416996119393 1.2207376682471076 -0.5584798326512227 0.6144459949887491 -0.3825465437859793 0.4052339294796897
3.07951375 1.2447971701194587 -0.0009317036388492642 1.2210775218251537 -0.5577850338488763 0.6148253933341725 -0.38332316995096516 0.4048813889331436
3.084515 1.2442851883131083 -0.001993903577453361 1.2211936972411723 -0.5580079833405874 0.6153531991182206 -0.38329963190589944 0.4037931686444734
3.08951675 1.245137939499675 -0.00323931276268807 1.2220265664468553 -0.555262120387456 0.614178312776389 -0.38659097810566007 0.40622209864221265
3.0945165 1.2432327786886832 -0.004245518583485316 1.2216724709874756 -0.5577272346807461 0.6155945211143131 -0.38467993437454273 0.4024985283935891
3.09951725 1.2433214150554324 -0.005583550862562195 1.2222801141121844 -0.5554935713501568 0.6157449255838069 -0.38688027957675863 0.4032477254505592
3.10451725 1.2428028946351994 -0.0065788675445974075 1.2224208042089837 -0.5553434693550836 0.6157865367607946 -0.38730015017607894 0.4029877986520093
3.10951725 1.2415989090714212 -0.007510557768619034 1.2219093469672588 -0.5573229872010155 0.6162468926968826 -0.38580531420715913 0.40098019241390076
3.11451675 1.241264205041591 -0.008679345827548725 1.2218048253775997 -0.5564068468580106 0.6163985598067759 -0.386774692367611 0.4010854941051831
3.119515 1.2414154620437245 -0.009827191413085346 1.222382716717262 -0.5542814678798575 0.6161171887326047 -0.3891557571553803 0.4021560154790738
3.12452025 1.239811954611355 -0.010697765914763051 1.221671511190524 -0.5572738753515253 0.6164466089535933 -0.3873288918602929 0.3992690016650253
3.1295175 1.2393805640609215 -0.011778899063550664 1.2218018741293786 -0.5562928916196251 0.6168864748769678 -0.3879264656151933 0.39937745695350446
3.13451725 1.2395501333476098 -0.01296583334489727 1.2222458960348417 -0.553012664653473 0.6174222891319351 -0.39017655001799956 0.4009101762639582
3.13951875 1.2389046473387824 -0.013934358620502418 1.2221212861992152 -0.5529434688490824 0.6176310813401862 -0.39043723096181093 0.4004299393134451
3.14451825 1.2379315907394934 -0.014828513123960187 1.221577986175601 -0.5538152105475884 0.6179272630130602 -0.3895570204712425 0.3996247464720955
3.14951975 1.2370530043228487 -0.015915977410749904 1.2212505654692423 -0.5551120370937495 0.617822871679766 -0.3896047278849515 0.3979367807990211
3.1545215 1.2363508408068102 -0.01682594700106764 1.2210670726625987 -0.5553161787445005 0.6178188357997456 -0.3900474165980128 0.3972239174078892
3.15952125 1.2369984605273006 -0.018407917572968478 1.2211415554604332 -0.552334974223991 0.6180970473942669 -0.393396053092865 0.39764514540281815
3.16452225 1.2360075011927207 -0.019330895271001423 1.2212449692660412 -0.5518145264784913 0.618102312490284 -0.39375108301431455 0.3980079701294136
3.16952425 1.2353773472893734 -0.020392618146153944 1.2209142707993434 -0.5517664268012764 0.6179019567285363 -0.3946157954262165 0.3975290632471193
3.174523 1.2348421582999891 -0.020856288149360146 1.220676332356061 -0.5518751516863238 0.6180827050356787 -0.3940291156234991 0.3976790700149284
3.17952125 1.2338797114444566 -0.022128751488545373 1.2203919445305775 -0.551519884496976 0.6187081658669281 -0.39464277334478814 0.39658933916679856
3.1845215 1.2334186093441886 -0.023402032117824628 1.219563246642367 -0.5511820959858316 0.6175179289209333 -0.39667165992594366 0.3968897815986991
3.1895235 1.2317850352511925 -0.02406034337133946 1.2185671562431197 -0.554032152213735 0.6185168800913105 -0.3940082888280608 0.3940085172814311
3.19452425 1.2312247433237395 -0.025000980855144416 1.2183480341412638 -0.5535741531580447 0.6193681341538388 -0.3938374776333592 0.3934854667729666
3.1995235 1.2314061379068935 -0.02569577691096822 1.2185269747695053 -0.5512334610248352 0.6189732163982405 -0.395785412973753 0.3954336046739
3.20452625 1.230701082178498 -0.026633580742631134 1.2180086391341487 -0.5513951606572888 0.6191103767407187 -0.39597794244908774 0.3948001865621075
3.2095265 1.229887906526387 -0.027568771659247267 1.2177175592661384 -0.5514646870088423 0.6193941692318593 -0.3962028234172322 0.394031578455367
3.2145285 1.2284861253398844 -0.02871464164186666 1.2168230556163318 -0.5521252406615001 0.620155620967912 -0.3956906377900654 0.3924202384837909
3.2195305 1.2285132190365626 -0.029618873743312797 1.216152045761808 -0.5510797746976556 0.6195859221339626 -0.39690832153355615 0.39355832008738356
3.224528 1.2280262991459856 -0.03028807270004179 1.215959229594412 -0.5504456051677132 0.6197944871436848 -0.39737726630616904 0.39364417648541794
3.22953 1.2275787503001074 -0.03135863452572821 1.2153356786265237 -0.5498289012751655 0.6195205190454611 -0.398718705396186 0.3935808681470384
3.23453275 1.2259631430970188 -0.032040738830935764 1.2140277596574633 -0.5512319876991035 0.6211721716770905 -0.3959024369021321 0.39185416844307785
3.23953225 1.2261594354536707 -0.032739927985478604 1.2139779675667768 -0.5492576661423809 0.6206062170418504 -0.39779291246140236 0.3936047997018123
3.24453275 1.2258012177111008 -0.03406033089006194 1.2133232694128697 -0.5490709342425314 0.6197518134812365 -0.4003047420972403 0.3926638668265954
3.24953575 1.2252072936279377 -0.03470355186706631 1.212522119118149 -0.5481719699207118 0.6204420488353385 -0.3998838657195348 0.3932582476788691
3.25453825 1.2242051432174335 -0.03541189040524573 1.211689785528414 -0.5487463752650888 0.6212858435471458 -0.39864820658239375 0.3923785463426598
3.259539 1.2240493699495534 -0.0368325896904456 1.2106708780733793 -0.5475277978270553 0.6221151006770641 -0.40013019276780937 0.3912568733604783
3.26453825 1.2230035750602777 -0.0371166999585801 1.2102170294411954 -0.5482883802685415 0.6218315902011695 -0.3992137448867248 0.3915784868757486
3.26953925 1.2224849370858744 -0.038222759341764154 1.2092897011140635 -0.5483756432443359 0.6214060019264028 -0.4004071036565372 0.39091288800394847
3.2745405 1.2218976311006056 -0.038783785892632525 1.2085257164395187 -0.5471494424372301 0.6227892209890036 -0.39950515482329624 0.3913524052949623
3.279543 1.2212488797650278 -0.03956558886230134 1.2076455454162804 -0.5470196055716338 0.6224930282630057 -0.40003274996300103 0.3914661924627029
3.28454375 1.2202719349876368 -0.040795863851365494 1.2063802127539511 -0.5476752769416638 0.6227702839084663 -0.4000592102946675 0.3900789570918264
3.28954275 1.219935555845552 -0.04120181365915644 1.2058146570238881 -0.5470398240551927 0.6237164119980113 -0.3997146519576075 0.38981208974632797
3.294543 1.2194184453295889 -0.04161933237251066 1.204847561861739 -0.5459649259320966 0.624689478408541 -0.3991404302053314 0.3903489108389162
3.29954425 1.2188605112678859 -0.04270174499655363 1.203959907177798 -0.5459475211506298 0.6240218136210917 -0.40026534137867814 0.3902892988099164
3.30454525 1.2183096497186165 -0.043385986068595055 1.202979101565811 -0.5460562745988655 0.6246917654529628 -0.39996904491460217 0.389368085821848
3.30954725 1.2177823038716582 -0.04420092319828107 1.2020833307919956 -0.5458830911794877 0.6249841199100522 -0.400136499345864 0.38896951360720017
3.31454625 1.2176588017174375 -0.04468075422806378 1.2009441681704078 -0.5447294328441338 0.6253066829324349 -0.4003004694433485 0.3898986168695377
3.3195455 1.2165919779974648 -0.045789624365080855 1.2001020060960776 -0.5461301710406844 0.6257348207000735 -0.39996909822516424 0.3875854627143138
3.32455 1.2161489030860269 -0.0464835008065912 1.1990385253576903 -0.5457365666287773 0.6260576814564551 -0.4002136848985508 0.3873659584340441
3.32955025 1.2158029950193583 -0.04702934357838145 1.1978138683494637 -0.544950637365931 0.6265520500961209 -0.40016320351083673 0.3877250854803673
3.334551 1.2151574086254495 -0.047903219081681034 1.1966356593134087 -0.5451526609321486 0.6270598104183115 -0.4001073683733598 0.3866764334816563
3.33955225 1.2147668820023785 -0.04844143855623863 1.1955926187429455 -0.5443828354476791 0.6276997778393695 -0.40020855380269815 0.38661793909944786
3.34455175 1.2143009510316924 -0.04914969782344983 1.1944212349800627 -0.5440462278011576 0.627937310442694 -0.40053991323585647 0.38636280110064863
3.34955275 1.212903444369779 -0.050126641710623115 1.1924385484393099 -0.5455801767446163 0.6289996492152932 -0.399227895139551 0.38382131229622324
3.35455475 1.213364166397305 -0.050693272393539324 1.192243279233432 -0.5441134002260469 0.6285434652674489 -0.40104964787720615 0.38475043846837415
3.35955575 1.2129394887929845 -0.05112842627793132 1.1908602242465083 -0.5435246192781241 0.6294356632143577 -0.40008716148808354 0.38512594994998706
3.364556 1.2115281318074034 -0.052178277769888745 1.1890044217634452 -0.5461296648811602 0.6302857746089795 -0.39879502801821476 0.38137220282855105
3.36955825 1.2120432461556279 -0.05258723739610957 1.1885262212927625 -0.543497130683497 0.6300645734569384 -0.40074516325191883 0.3834485837025938
3.374557 1.2116902397183893 -0.05321315336287835 1.1873262751451108 -0.5433422549467567 0.6304436919869327 -0.40083007552526767 0.38295586661868397
3.379557 1.2101608055694957 -0.05385698736582653 1.1852629742580587 -0.54448144817449 0.6325009152097503 -0.39803722379733775 0.3808528762190809
3.38455625 1.2098595616379602 -0.05438586852112142 1.1839034672117408 -0.5447203742446194 0.6322434511586065 -0.3986687991574167 0.38027768923280225
3.389556 1.2091843566453173 -0.05480067616006701 1.182601099761941 -0.5446732877918953 0.633260808967858 -0.397353097570654 0.38002930576778876
3.39455425 1.2094900533479025 -0.055657673820117284 1.1812657730561318 -0.5435778580184748 0.6325371648403748 -0.3998870834807545 0.3801449300372207
3.3995545 1.2082026182598062 -0.05685133116718881 1.1797471642072526 -0.5448735461077527 0.6333588475669243 -0.39878839094200114 0.37807037467983395
3.4045525 1.2081908440928157 -0.056364084528012906 1.178451064964385 -0.5426625072073494 0.6352596086695279 -0.3974858371126033 0.37943068162625526
3.4095505 1.207976686183016 -0.05703834577471491 1.1773974048374285 -0.5434967659767543 0.6346814054637119 -0.39805344938443776 0.3786082808980375
3.414552 1.2075851401896451 -0.05721427384483739 1.1758113457457688 -0.541672469260802 0.6362269847218853 -0.3973491197118137 0.37936768051700237
3.41955475 1.2071119030166297 -0.0577923643336567 1.1744883709790759 -0.5429225229214626 0.6356779126493216 -0.3978417724107076 0.37798234032756345
3.42455675 1.2078443430390364 -0.05821579515407367 1.173943840679556 -0.5402227292869155 0.6354091972527462 -0.3997903131846994 0.38023974054811327
3.429555 1.2075993784330488 -0.05810328006196641 1.1722734175760234 -0.538484872391 0.6368054308358201 -0.3987048570179187 0.38150664798188666
3.43455475 1.2062615856219288 -0.059374425083488086 1.1706292395900058 -0.5414135520621189 0.6367789329215338 -0.3978254021397901 0.37831059414600904
3.43955525 1.20686371882218 -0.05927772638771577 1.1697233170535148 -0.5394443521613609 0.6367299709572611 -0.3994597417760157 0.3794820808763095
3.444556 1.206105741398247 -0.05987174796853461 1.1681702829111815 -0.539651938108262 0.6377763179858529 -0.39878530590478334 0.378136792321024
3.44955625 1.20524103692098 -0.06034280572573352 1.1663938371963376 -0.5396431263985872 0.6389077428141565 -0.3975533661651789 0.3775361086752011
3.4545595 1.204691831214703 -0.060154765453322205 1.1645823455181257 -0.5410317110661159 0.6391522461009098 -0.3966616813466215 0.37606994625508744
3.45956 1.2056572531286982 -0.06015344610618387 1.1638577538477888 -0.5378625892676544 0.6387941856060503 -0.3981963154570171 0.3795859821682739
3.4645615 1.205248716340844 -0.06033174938475791 1.1623472150292145 -0.5373963315820015 0.6395826028258905 -0.3979379496786819 0.37918948451953854
3.469564 1.2049244237539831 -0.06086276749813431 1.1609894661653408 -0.5370335849123861 0.6391857573532643 -0.3993444471260781 0.3788937962311496
3.474562 1.2035927295296196 -0.060734547042180065 1.1586458751479582 -0.5398738684114167 0.640665331521649 -0.3952671841752607 0.3766271263556419
3.4795615 1.2043177028109673 -0.0608059519441035 1.157961080062471 -0.5366486325433876 0.6408908214375952 -0.3974504611127959 0.37855030200434714
3.4845615 1.2030847713121113 -0.06170395082172195 1.1562692679825168 -0.538244305999607 0.6416381151786916 -0.3965784041899881 0.37592441466212306
3.48956 1.2026766707695653 -0.06110057038480691 1.1543525292223338 -0.5395426780024795 0.641729344714053 -0.39488138145036916 0.3756938132717027
3.49456125 1.2023357646870088 -0.06115704988892699 1.1529110022477715 -0.5394075453771866 0.6421515612475088 -0.3946594383404547 0.3753995206527867
3.49956225 1.2031770252230019 -0.06119862099125935 1.1521087490869342 -0.5365703524827511 0.6418644778295841 -0.3968337055782029 0.37765759499070534
3.504563 1.2021143066293427 -0.06185347076432556 1.150486517001677 -0.5380749528011995 0.6424656919466475 -0.3960227317488641 0.37533874803658307
3.50956425 1.2025265184298506 -0.06156725529843114 1.1493400706827939 -0.5370862676107848 0.6419720544999132 -0.39753952013055244 0.3759954152904621
3.5145645 1.2023193835087562 -0.06120417143565242 1.1477157439740249 -0.5361809311416814 0.6427263717287878 -0.39643816205620136 0.37715991811152016
3.51956575 1.2013304429321077 -0.061874148812697705 1.146121763152474 -0.537496976725137 0.6431013982160061 -0.3958967300483314 0.3752111015961469
3.52456425 1.201871243061144 -0.06109690804733298 1.144851144867574 -0.535773260344752 0.6430546976661219 -0.3964499620664046 0.3771672001733893
3.5295665 1.201555876325915 -0.06094042891095298 1.1433652102952054 -0.5354701614144552 0.6435772450412732 -0.3959447119858987 0.3772370885136637
3.53456475 1.1998683190642037 -0.06139995499949924 1.1411767642865982 -0.5388206321168315 0.6440722767796646 -0.39373958440014023 0.37391492129290854
3.5395645 1.2002361411010998 -0.061477240501812365 1.1402803824618404 -0.5372293096745047 0.6440088600503445 -0.39509638987858775 0.37488144753804253
3.54456525 1.2008759250934158 -0.06063890092275702 1.1391679719287524 -0.5353753825204801 0.6439241020428194 -0.3956495261089505 0.37708938342143944
3.54956525 1.2006991469534112 -0.060645851380549065 1.1377572194388283 -0.5345647866627682 0.6434913422274997 -0.39654728967872593 0.3780338984626863
3.554565 1.1993230983053937 -0.06028890397154153 1.1356593854016395 -0.5377775016628553 0.6449182167444922 -0.39296346195985127 0.37477402522171965
3.55956825 1.2003069677843443 -0.06020393391684618 1.1348891764723155 -0.5351834795451588 0.6440309729881415 -0.39565437833936506 0.3771741798622686
3.56456725 1.1999318532230971 -0.06010598565872075 1.1336745273876934 -0.5358031967636605 0.6441893812146834 -0.3954996861913992 0.3761847600456326
3.56956725 1.1998532018169425 -0.05952337285936586 1.1322068283573132 -0.5348923492292074 0.6447796895726845 -0.39463202084866367 0.3773789802989989
3.5745685 1.1987024413463356 -0.05941683170240428 1.1301099923060083 -0.5371007516055495 0.645660447469015 -0.3923540179694809 0.3751049103678459
3.5795675 1.1994512045178758 -0.05920793259127566 1.1295701800645317 -0.5356273766245401 0.6445319984911071 -0.3948293114884252 0.37655229533352824
3.58456625 1.1993185322420312 -0.058861397414636765 1.128229358080079 -0.5354860813946615 0.6446633264549524 -0.3946075985094019 0.37676079328304324
3.589567 1.199240078044628 -0.058311961917629884 1.1267166517508056 -0.5345991168417077 0.6454115320030293 -0.393653635462686 0.37773609030191935
3.594566 1.1988603761033543 -0.058229285219425 1.125512014681371 -0.5362312033083635 0.6443867008159717 -0.39387449191647356 0.37694132305640315
3.59957 1.1988159783929382 -0.057823038577985375 1.1241847777657505 -0.5359736783878037 0.6445169956338095 -0.39373645644299465 0.3772289242387557
3.6045735 1.1988536804904568 -0.05702612120678134 1.1227319487984413 -0.5352785903636025 0.6450465404293365 -0.39270813055760323 0.37838091333000845
3.6095715 1.1985244957462562 -0.057127635385508704 1.1213522438516592 -0.5362214118599816 0.6445491750501584 -0.39320463888223683 0.37737656308591566
3.6145725 1.1985428996431111 -0.05635723719748992 1.120091083084936 -0.5353325257803554 0.6450630439106482 -0.39256109906364256 0.37842904186161397
3.6195735 1.1984972246418928 -0.055831805194405525 1.1188901052971763 -0.5354743930992075 0.6451560098303464 -0.3923744068475932 0.37826342959083536
3.624575 1.198337364701233 -0.05560711111866468 1.1176289514064102 -0.5362399676613746 0.6448997321220516 -0.39275026928993034 0.3772244140616047
3.62957625 1.1971086641392832 -0.05538443053208318 1.115643388372071 -0.5390793400752601 0.6452991100632162 -0.390315395875206 0.3750152202223594
3.634574 1.1970845900398637 -0.05493324730398001 1.1144143922579397 -0.5390726540410622 0.645320058197882 -0.39036907568821283 0.37493290186237055
3.6395745 1.1983820313067606 -0.053975906920155095 1.1140184715170518 -0.5359674817822736 0.6449087440858232 -0.3925751433155336 0.37777814537688964
3.6445735 1.1982608299801518 -0.05338395280538341 1.1126002580396541 -0.535624315234007 0.645500048050951 -0.3923398846300921 0.37749926599235545
3.64957425 1.1985920032378656 -0.05284440630627627 1.1114645923585604 -0.5349881475805116 0.6448504779047336 -0.3934987412906589 0.37830448543081835
3.6545735 1.198479762704947 -0.05208773086516657 1.110477946286388 -0.5359498888219745 0.644936564579711 -0.3922762451629241 0.37806598871190605
3.65957275 1.198418487430823 -0.05142546296478909 1.1091849494893136 -0.535646567796605 0.6452000558037434 -0.3922059876389692 0.3781191685946432
3.66457225 1.1982616208775225 -0.0512210479486887 1.1079425010544317 -0.5371242864812864 0.6446438856367646 -0.3919607440730752 0.37722478270758425
3.6695715 1.1982694501985343 -0.05022898354915835 1.1067200170459695 -0.5363977132210327 0.6452258411890636 -0.3908108466424587 0.37845473872012325
3.67457275 1.1983420728763245 -0.04969173713147067 1.1057681252532265 -0.5368497895336264 0.6448637249412245 -0.39127689064066895 0.37794903701848476
3.679573 1.1984611694455514 -0.04893230053099824 1.1047972772194457 -0.5370507331587191 0.6446786057639592 -0.39132781097712427 0.3779266458451585
3.68457225 1.1989698667105286 -0.04780296925770119 1.1039303948686559 -0.5366521107990223 0.644390395033933 -0.3917562669593105 0.37854003495148436
3.6895705 1.1995594343379452 -0.04716447195659483 1.102753294947013 -0.5350567628940163 0.6439757746088202 -0.3939845537976241 0.37919076144763
3.694572 1.1992884136535356 -0.046166249973073385 1.1019451631471722 -0.5369069288057091 0.6441556253310883 -0.39158918639398566 0.3787510914228926
3.69957475 1.1994810362390727 -0.04526379850675025 1.1007587630121367 -0.5359319891838713 0.6443786455459413 -0.39138081174677575 0.37996595154070323
3.70457475 1.1992224618413778 -0.04482271544127764 1.099621941871136 -0.536951237347195 0.6444208377900619 -0.3906384077378482 0.3792186531980063
3.709573 1.1997410191547215 -0.04350953644887381 1.0989198335691857 -0.5364550715939912 0.644228076966742 -0.3907452924448554 0.38013715609106646
3.71457375 1.1996753181448798 -0.04297651394544476 1.0980313489241098 -0.5371911961278312 0.6444217001393889 -0.3904650129560858 0.37905588618225305
3.719576 1.200399922610826 -0.04216925359304071 1.0969484093293944 -0.5366130296644891 0.6429418636567299 -0.3925005527988768 0.3802834895239143
3.7245775 1.200119344276762 -0.04115849269486882 1.096194330987343 -0.5382693354759817 0.6432518968591662 -0.3901503554593566 0.37983656986691977
3.7295765 1.2003931930453937 -0.040210590186644454 1.0954767190994565 -0.5383943595977173 0.6430534287700936 -0.39023342840377073 0.3799100849630465
3.73457675 1.2005771596916188 -0.03921562378094433 1.0945670359867226 -0.5388145974710233 0.6428118335929969 -0.3901712503551447 0.3797870081259384
3.73957625 1.2008889540440355 -0.03842647385106192 1.094097355483329 -0.5393849191046188 0.6421216911454156 -0.39105287735433564 0.3792377749063908
3.74457675 1.2011433898654522 -0.036973848795739214 1.0932309126657038 -0.5384024628233023 0.6430219810985768 -0.38994415247677416 0.38024870519047704
3.74957775 1.201670981984186 -0.03546030963815901 1.0927147570071314 -0.5374423008642053 0.6431485174814437 -0.3902129492446289 0.38111627090038913
3.75458125 1.2020369995792486 -0.034939990449838976 1.0921110190026386 -0.5390463207870705 0.6413638259718901 -0.39175964160358406 0.38027081138479835
3.75958025 1.2022373824718025 -0.033572131966571904 1.0912796848835722 -0.5382588674021888 0.6420130584285834 -0.39071969895433595 0.38135907137384634
3.76458025 1.2020518265556037 -0.03290232829678606 1.0903988119436387 -0.539657480272157 0.6414134480705707 -0.39032592595428217 0.38079425435326647
3.7695845 1.2020758887263063 -0.031826463898136426 1.0895745360519355 -0.5409808503451301 0.6410492728128484 -0.38978871655930786 0.3800793414920436
3.774587 1.2028975229348953 -0.030300618317910217 1.0895374542710539 -0.5393568108093347 0.6417294090209676 -0.3900146880650506 0.38100674446091404
3.77958825 1.2032359613611794 -0.029284492677004666 1.0889475767011478 -0.5395894997711572 0.6413420713839538 -0.3903524724616903 0.38098355142013296
3.78459 1.2035390067319263 -0.028193966695451433 1.0884739196018702 -0.5400222020436685 0.641069339267792 -0.39021693131878543 0.38096833209968284
3.789588 1.2039217779179079 -0.02725535514578833 1.08817273584112 -0.5412662369914729 0.6397730728743755 -0.39106493646845836 0.3805121435419511
3.794587 1.2034615197381464 -0.02568821205661151 1.0869527882545218 -0.5422663037164477 0.6409191319397723 -0.388306799385198 0.3799838834983577
3.79958625 1.2044951905258132 -0.024563225118249644 1.0871735938428249 -0.5406768729390835 0.640137411095356 -0.3898866484478292 0.38194373322135855
3.804589 1.2049434024276517 -0.023420644382732125 1.0868869932693044 -0.5415123536424457 0.639227731386629 -0.38983428823515615 0.38233690116847435
3.809591 1.2052437384836967 -0.022169362681118864 1.0865215191593942 -0.5413785623921681 0.6392550255350224 -0.38994599611467495 0.3823668194607651
3.81459 1.205867445320739 -0.020883796872157454 1.0862818905873743 -0.541775412268228 0.6383355029572498 -0.3902198823487247 0.3830608721151952
3.81959125 1.2056605936543103 -0.01942355515564845 1.0858755733091026 -0.5423007003086319 0.63877147696652 -0.3895886014855524 0.38223248455790576
3.8245915 1.2057336868163548 -0.018540639023104395 1.0850366610619107 -0.544560842963912 0.6382830380876864 -0.38816808079002174 0.3812791531880252
3.82958975 1.206184646181197 -0.017189486180285693 1.0848549579373332 -0.5450470172677102 0.6376213534616619 -0.3880509710450744 0.38181042736974236
3.8345875 1.206574647950764 -0.015772822338532014 1.084779806318253 -0.5453202935114511 0.6373939942857765 -0.3880649337739658 0.3817856475930125
3.8395875 1.2070998379093347 -0.014877168687841592 1.0844853543394628 -0.5451715944273889 0.6372214192460973 -0.3883886604012818 0.38195686137990226
3.84458675 1.208351475596053 -0.013622110479831601 1.0850439652232624 -0.5434859966436216 0.6361638866866125 -0.3903294797908275 0.3841371863466156
3.8495845 1.2080826553160695 -0.012500580099820541 1.0842806641736793 -0.5457494949441423 0.6364387186509505 -0.3885955655849005 0.382226022894702
3.85458625 1.2084611172021436 -0.01115549891523 1.08418858838733 -0.5461431805101484 0.6360669679812351 -0.38827483893603965 0.38260826974153367
3.859585 1.2088548731410642 -0.009894297342710284 1.0840723635176321 -0.546182421360103 0.6360489474271225 -0.3880655387424875 0.3827945097758948
3.86458675 1.209531361068076 -0.008645429915459014 1.0840822368255867 -0.546081983202212 0.6357248065447395 -0.3881685601562816 0.3833713693949924
3.86958675 1.2100489898516869 -0.0073595591022622975 1.0842039320442982 -0.5467662639998724 0.6351320292916015 -0.3880937552733905 0.3834542932832438
3.87458725 1.2112804192811448 -0.0060423901380297525 1.0847572720405114 -0.5450696461969352 0.6341767918829404 -0.3897166498519322 0.38579762863449024
3.8795855 1.211828930943515 -0.004747876671862394 1.0847977249347267 -0.5448468642516356 0.6339991174289659 -0.3898779180826519 0.3862411456667834
3.88458475 1.2117159614893314 -0.0038143683117727104 1.0843659029191823 -0.5480541216744026 0.6332167827649335 -0.3890009028763385 0.3838638864258001
3.88958375 1.2121816320755292 -0.0024315274146511634 1.0844423788798252 -0.5484092018630576 0.6325599727559118 -0.38907397695407436 0.38436528021675503
3.89458475 1.2136637835239554 -0.001638235066096564 1.084694643713804 -0.546074043176248 0.6330369075299821 -0.3908503055188236 0.38510187191165973
3.8995825 1.2131317509551254 0.0005612462677244377 1.0846761475345985 -0.5479364297759372 0.632979551713705 -0.38839285329651635 0.3850370729487062
3.90458075 1.2137963008408321 0.0015231185947004837 1.0848934165652482 -0.5479706747585951 0.6328093224879368 -0.3887678048902347 0.3848897177865326
3.90957825 1.2153048542961482 0.00271645739952495 1.0855038571958995 -0.5464236243768856 0.6315248630699323 -0.3909450823113617 0.3869877422656874
3.914579 1.215860639307929 0.0039968805028371725 1.0856566088655888 -0.5466628686402785 0.6315463099066269 -0.39085156925647313 0.38670921543590964
3.9195775 1.2167985925127034 0.004922254378705613 1.0858335363539906 -0.5447176308010311 0.6311399362677332 -0.3926052556353434 0.3883377354700155
3.92457725 1.2162805501734222 0.006833983367451321 1.0855672121612923 -0.5494633783902513 0.630700973891075 -0.3892494024029675 0.3857345979682841
3.9295765 1.2168332810409648 0.00810128639475841 1.0859712184560546 -0.5499464932835333 0.630506507928179 -0.38909972116148367 0.38551498670922474
3.9345775 1.217654056029623 0.009346935773762284 1.0861159833613345 -0.5491977126422394 0.6300479036806085 -0.38958981673683246 0.3868349598875007
3.93957675 1.218305256479484 0.010644932883565057 1.0864030544841718 -0.5490834041278013 0.6299866925395479 -0.38974008312250025 0.38694553898730155
3.94457525 1.220083444536381 0.011406718911265865 1.0874375166283548 -0.5453595503430901 0.6293665649820969 -0.39348082795099043 0.3894271764620717
3.9495765 1.2193799823444373 0.013360844699623276 1.087304154099189 -0.5502354452766274 0.6291188158097041 -0.3897619191440036 0.38669900018051573
3.95457575 1.2202220868651075 0.014678431842849837 1.0875866364853868 -0.5497256923441364 0.6294161378230453 -0.3896529179174472 0.38704985749009163
3.95957625 1.2209169413259335 0.015895903194112212 1.0879997748889378 -0.5492959052536889 0.6293867414382245 -0.39016727152135133 0.3871896672263973
3.9645765 1.2227430760475007 0.017027721606349723 1.0890145267609102 -0.5467313706325351 0.6283950910298995 -0.3933899020961162 0.3891642363637772
3.96957475 1.2237150152951843 0.018447834465985958 1.0895214722679354 -0.546250126254707 0.6281007811097252 -0.39412682059039694 0.38956932326272137
3.97457775 1.223566679579645 0.01999949093617083 1.0892945251191932 -0.5486528005821618 0.6272519592664244 -0.39318120912335963 0.38851463396129043
3.979576 1.2241497068124323 0.02133798839180162 1.0897738912417259 -0.5489543311580687 0.6267221974051145 -0.3933406232984312 0.38878218020596544
3.984575 1.2249147712436406 0.022883004359346048 1.0905878935703963 -0.5488392627372187 0.627288023123145 -0.39253561082200056 0.3888457199982043
3.98957575 1.2255869344555974 0.023939075562869467 1.0912125205498582 -0.549683446317118 0.6266955224978797 -0.39310814473115363 0.3880294028447792
3.99457775 1.2272367451444366 0.02487238686161882 1.0925097018778567 -0.5468084791073312 0.6258425759524019 -0.3962378684523906 0.39027824549402645
3.9995775 1.227047175361386 0.02670774762965195 1.0924829297574161 -0.5503705734095987 0.625538782399398 -0.39355293848900197 0.38847078171432636
4.004581 1.2274860298368937 0.028220837124661967 1.0932636370827857 -0.5505118848975575 0.6259611912227367 -0.39321607438517453 0.3879308836824721
4.0095805 1.228085133963922 0.02956252485683888 1.0935920833848634 -0.5502754792398971 0.6253331690097907 -0.39318891001026757 0.38930425855416956
4.01458125 1.2289342791605797 0.030886544427834936 1.094341209393734 -0.5509184230564707 0.6244755735292506 -0.393316805765764 0.38964219420450513
4.019586 1.2297786882862132 0.03217914906445271 1.095038396756294 -0.5508434888525051 0.6240163516870095 -0.3938567629808189 0.3899383205973806
4.0245865 1.2303308230408705 0.03348514821176882 1.095829937223042 -0.5518644275041586 0.623460965598185 -0.3938408283609132 0.3893988699866446
4.02958825 1.2312523291296678 0.035063349420438955 1.096817354142819 -0.5515912683915147 0.6239847788076988 -0.39362018369342067 0.3891699107584051
4.034589 1.231537779151082 0.03643284588764713 1.0974709728389578 -0.5527086550425238 0.6231346343670221 -0.3925381539076181 0.39003867477490156
4.03958975 1.2324521918837343 0.03824606080451892 1.0979045666590503 -0.5511741830361838 0.6233664079390328 -0.39203422677549865 0.392339784426866
4.04458825 1.2335086617016766 0.03962081715478148 1.0988714752766102 -0.5510493442490434 0.623653037948226 -0.39179216640778014 0.3923014234006115
4.0495885 1.235095467877246 0.040293737756254694 1.1004755319581303 -0.5490770541028184 0.6224009308808729 -0.3952169640448797 0.3936178619264395
4.054589 1.2347978701125015 0.0421172247898448 1.1006430964264564 -0.5528595548176779 0.6220255317691177 -0.3918740578841136 0.39225664204903377
4.0595925 1.2358008781987297 0.04375237627546544 1.1013688843752973 -0.550942866434777 0.6231331146981621 -0.3912942433159898 0.3937713733106631
4.064594 1.2366052411983377 0.0448595257103766 1.1023818215267271 -0.5528182763038556 0.6210425330813574 -0.3924368021931399 0.3933083799930371
4.069597 1.2373134006263802 0.04669057740656318 1.1033726534387562 -0.5519304834157857 0.6221682347486805 -0.3910225906487167 0.39418366626294166
4.07459475 1.2387124480582214 0.04850263037738558 1.1045907348024397 -0.5514442426857744 0.6211567998690662 -0.3901709068497152 0.3972910024568949
4.0795945 1.2397632599150115 0.04960057872381883 1.1057039524618797 -0.5516634596936499 0.6203502207842556 -0.3914912536595714 0.396947892197219
4.08459225 1.2402394071603629 0.050122435282843686 1.106919164057188 -0.552529818677473 0.619684114480369 -0.3924216640303269 0.3958631522794072
4.0895915 1.2404742786411116 0.052500204731079185 1.1073540899187797 -0.5543282867053845 0.6200338481451925 -0.3883901437985774 0.3967761004806842
4.09459175 1.2416474075770858 0.05409227800040188 1.1080023160456745 -0.5535432854268673 0.6195930363530542 -0.38860737909909 0.39834483223881434
4.09959075 1.2423384938140984 0.0545232019669296 1.1089610273640587 -0.5545943099139545 0.6184894553718963 -0.3906633134295438 0.39658305630106
4.104594 1.242886119973553 0.05610870932923174 1.1099821255420672 -0.5556138397188213 0.6183481632684187 -0.38902848915668836 0.39698317939170336
4.109593 1.2434697281322198 0.057400764488934414 1.1111217441568602 -0.5554036463572107 0.6186014702889284 -0.38915008728879125 0.39676343094168387
4.1145945 1.2449499292515493 0.05880461365592204 1.1123361244135028 -0.5550018343481191 0.6169269167294036 -0.3903087720596185 0.3987896760678331
4.11959525 1.24600149852325 0.060977424246232814 1.113279300342481 -0.5535617304231167 0.6170426431720143 -0.3892251553512222 0.40166100826452644
4.12459525 1.2470861906400759 0.06257036806111396 1.114502635599783 -0.5540170836909343 0.6166352619664986 -0.38811366089377364 0.4027329275161553
4.129595 1.2480487722438562 0.06396168723486291 1.1159281526211362 -0.5545275784454786 0.6159952027536142 -0.3886744316301451 0.4024689567220197
4.13459425 1.2482758983105793 0.06489363094780924 1.116437819182137 -0.5554468768088217 0.6153658460557568 -0.38841840165323244 0.40241121729961293
4.13959175 1.2491725131165845 0.0661042240477107 1.1174813814985198 -0.5556250356038341 0.615188046169252 -0.3883594643448272 0.4024939926439834
4.14459125 1.2509342323651726 0.06787169337101971 1.1187891761166062 -0.5543057174265341 0.6149333268744878 -0.38845083216692355 0.40460860855418573
4.149591 1.2508374499882824 0.0683930182768891 1.119360683159508 -0.5572311762457939 0.6148815004060514 -0.3885475715806951 0.4005557904922566
4.15459175 1.2515820617966467 0.06950474381266898 1.1207428794278536 -0.5577704123969939 0.6146681701198322 -0.38864073798687043 0.40004197838857497
4.159592 1.2526878479286971 0.07089461897601206 1.1218268957639277 -0.5574433630458295 0.6135544872480817 -0.3883875527623893 0.40244614177942045
4.16459125 1.2534746487310322 0.0726811715612952 1.122661386929844 -0.5571475889879738 0.6144675385956754 -0.38623588863613084 0.4035319645660286
4.16959275 1.2540402919111855 0.07386593129827625 1.123813426932067 -0.5592273996343189 0.613880813463016 -0.38532013057742065 0.4024219916108249
4.1745925 1.2551104688496741 0.07521465916209694 1.1250886731203051 -0.559038164187243 0.6135225361273975 -0.38527573772045326 0.403272903342047
4.17959175 1.2562406111446516 0.07668505530206357 1.1260393841930232 -0.5581176140918771 0.6133458238567351 -0.38498126030513186 0.40509388839103166
4.1845895 1.2571604032776955 0.078178745740971 1.1275089400737561 -0.5590191844976905 0.6127776927778744 -0.3844408728819703 0.4052237232136225
4.18958725 1.2587379464512731 0.07856714243099813 1.129461487469884 -0.5581541993808194 0.611266536295038 -0.3880508694207529 0.4052574910612032
4.194586 1.2585018360311993 0.07950292335016976 1.1299816268677951 -0.5608196348493882 0.6117249843066485 -0.3853121031495687 0.40349530841000575
4.19958725 1.259347078704832 0.08075700782267266 1.1311198839448602 -0.5610905865567599 0.611445842972834 -0.384916296166471 0.40391927378390485
4.20459025 1.2608377687559844 0.08242063771103589 1.1322672449011504 -0.5585620541931784 0.6106176166207661 -0.38527425308594904 0.4083115327748359
4.2095915 1.2614788454767238 0.08365685515000372 1.133346982170519 -0.5610650112249452 0.6104684800635504 -0.3828989758095285 0.40733605579676424
4.21459025 1.2619404344502452 0.08500196121823321 1.1347440839774836 -0.5619452027791989 0.6109842811195759 -0.38111939884289703 0.40701818279269636
4.21958925 1.2630229323944986 0.08594533078220949 1.1359546879001094 -0.561941094072088 0.6100632479586269 -0.38175416008590674 0.40780976145788833
4.22458675 1.2641524449369468 0.08631148148893311 1.1377104065972714 -0.5611593400217182 0.609329740872535 -0.3842109241627803 0.4076756403669236
4.22958425 1.2647513373430777 0.08732431083918267 1.1388808698927404 -0.5620251427240167 0.6091060079946786 -0.3834028400245824 0.407578056612374
4.23458225 1.2654154223479412 0.08829213953514188 1.1398048501825015 -0.5632751874936774 0.6090055688822944 -0.3822458039570032 0.4070889651925972
4.239585 1.2664403789272296 0.08966832572867257 1.1410263389546487 -0.5630911105502389 0.6091414257532907 -0.38075991192094283 0.40853030992143397
4.24458525 1.267083980752586 0.09056446575256744 1.1421154420655235 -0.5633661171237606 0.6090702153630699 -0.3801890239428416 0.40878893931694193
4.24958675 1.2685099349289533 0.09104357840687002 1.1440947859689767 -0.5623596419125182 0.6074640829203352 -0.38260053456902243 0.4103118960708778
4.2545875 1.2688241265702052 0.09208565120329458 1.1449909618770489 -0.5643618216655143 0.607489704116081 -0.3803876785222105 0.40958174723469065
4.25958725 1.2696094546427452 0.09291654615442846 1.1462319469983868 -0.5642821354248923 0.607520328439929 -0.3798386468669532 0.4101552444122182
4.264587 1.2711959002986346 0.09365225631897389 1.1482051757227831 -0.5626765134225925 0.6064797474228564 -0.3813740490864853 0.41246974663832303
4.26958875 1.2718197961535127 0.09427841737453113 1.1488012136609917 -0.565070232675623 0.6056250467988573 -0.37970052962715084 0.4119968963895969
4.274587 1.2727897342444627 0.09527491979526868 1.150891367975192 -0.5633584513740071 0.6057925660501302 -0.38036540092004145 0.41347887971069963
4.27958725 1.2729223064760378 0.0962064068044591 1.1516484436117622 -0.5660631901960762 0.6054250704602342 -0.3779374108333755 0.41254849685318884
4.2845865 1.274330992784607 0.09685783849961507 1.1534407827393753 -0.5643583738805202 0.6048311221431977 -0.37902626680846957 0.41475056188891435
4.2895855 1.275337949595639 0.09750978841976438 1.1548458990695414 -0.5635757144578808 0.6046761155237982 -0.3792686326843186 0.4158178851974829
4.29458575 1.276146099498679 0.0982194258108982 1.156206607450934 -0.5641468755812932 0.6040185886753573 -0.378812934150169 0.41641398658910866
4.2995845 1.275375552621131 0.09873424609869456 1.1568431831825323 -0.5679218071188199 0.6046872165875774 -0.37475579138411674 0.41397619245377704
4.30458425 1.2777691201846946 0.09948143975726971 1.1590398748106152 -0.5638386050908912 0.6026486583251163 -0.37843638775836874 0.4191497613604147
4.3095805 1.2786205354519347 0.10009965300791171 1.1604837538002524 -0.564428064773024 0.6019882642654397 -0.3778518510349672 0.4198321903483715
4.3145795 1.278006510300736 0.10028351615739808 1.1609241381328756 -0.5681246589251954 0.602900335621643 -0.37447395527291605 0.416551094165768
4.31958425 1.279271655468706 0.10111456943893718 1.1623431466525251 -0.5679763750856374 0.6021121711216018 -0.37416418382713224 0.418168547684766
4.3245835 1.2796135842682097 0.1012920868984702 1.1637247960292179 -0.5686113856808396 0.6020659478474777 -0.37320579929865355 0.41822854743129045
4.32958275 1.2808099602438041 0.10211558964720792 1.1651840935971824 -0.5678243230122256 0.6016968686462543 -0.37265437203357415 0.42031551893935837
4.3345805 1.281569032557004 0.10252075094704305 1.1666132133147955 -0.5683259154690278 0.6010362147828742 -0.3721572786661767 0.42102266240851205
4.3395785 1.2827242039561295 0.10288179148590565 1.1684386088391312 -0.5670400089620877 0.6003657599245442 -0.37276717822113886 0.42316806754237685
4.34457725 1.2830370809329446 0.10320350297875157 1.169395482375011 -0.5691818914456339 0.5999558524530652 -0.3710098144628262 0.42241764538184945
4.349577 1.283757910810184 0.10358136756372184 1.1707159935095266 -0.5690531047842876 0.5996141181120903 -0.37074798195162395 0.42330533563235523
4.35457875 1.284460548688375 0.10391555203085538 1.1721310413433996 -0.5692461729258873 0.5992351212353973 -0.3701160331877704 0.4241346320033047
4.3595775 1.285484638517965 0.10397777547523465 1.1733326638221477 -0.5694638554736181 0.5983348439661096 -0.36981425321769734 0.42537483461320375
4.364577 1.2862680051923947 0.10422573670526043 1.1747175289044567 -0.5695147728045031 0.5978458287800351 -0.36954557855963727 0.42622688082143667
4.36957675 1.286855849973602 0.104353345196721 1.1758887175038892 -0.5702050478330968 0.597304965577744 -0.369057335449456 0.4264852455510899
4.374574 1.287245635053528 0.10498779598116373 1.1775048686570184 -0.5702676657124134 0.5973463292042084 -0.3683402696605342 0.4269632281304534
4.37957375 1.2879841894711799 0.1050106008854299 1.178858573522713 -0.5699659309221733 0.5973624574272692 -0.3682097377580408 0.42745587031251453
4.38457475 1.2889142481981928 0.10495031998082759 1.1800572267941833 -0.5704287970787026 0.5965843008295917 -0.3676211967583974 0.42843064218253035
4.38957425 1.2892735917989386 0.10511712590336297 1.1812295855040424 -0.5703635627880289 0.5964579402417748 -0.36749065271445347 0.42880526108455186
4.39457525 1.2900655039084632 0.10530664256158792 1.1828509403286094 -0.5702400419784045 0.5964226144777713 -0.3673058932008041 0.4291768170392322
4.39957575 1.2906023090137606 0.10542260656420951 1.184156403504297 -0.5706127947296795 0.5964802532359752 -0.3663735920895465 0.42939811016087864
4.40457575 1.2919250785030525 0.10552441912874859 1.186064569675369 -0.5686771471174139 0.5955734613899492 -0.36793457668990565 0.4318827406952189
4.4095775 1.2919411140837262 0.10545852159765547 1.186862286516315 -0.5705634086750119 0.5954526454931937 -0.366276008663528 0.4309703344011319
4.4145785 1.2925791635176498 0.10548772994539936 1.1881683157160152 -0.5704351270975534 0.5951592696215497 -0.3661016545125418 0.4316929326731223
4.41957575 1.2931059253714223 0.10513231654866498 1.1892590098232354 -0.5710614625430656 0.5948759669941108 -0.36589870849376716 0.431427311390447
4.42457375 1.293628340319831 0.1050958793807468 1.190430631524494 -0.5709201223933624 0.594063654143638 -0.3663665609300027 0.4323356701732791
4.429572 1.2943173372551726 0.10500690196442083 1.1920219039320794 -0.5706609692567813 0.5941780094976356 -0.36572939118350156 0.4330595381940961
4.43457175 1.2951084948668456 0.10476071614180064 1.193499723280129 -0.569537578383539 0.593172463720423 -0.36704910828455134 0.43479688039402176
4.439571 1.2954721212096125 0.10459528318365514 1.1944400508226887 -0.5709403277713442 0.593480437242932 -0.3656140495433035 0.43374471698319866
4.444569 1.2965071429483852 0.10401145232350142 1.1953493479940132 -0.5709850385376369 0.5916893421689953 -0.3668790010129192 0.43506276184656056
4.44957 1.2967220831457937 0.10414940469402756 1.1968788545282425 -0.570800654675619 0.59277712638515 -0.365145753038155 0.435282058089519
4.45456825 1.2975059201352388 0.10382959731649694 1.1985210402736863 -0.5696911385488305 0.5922935145876328 -0.36654939255587593 0.4362131841809524
4.45956775 1.297688645445475 0.10368193866757672 1.1995541229743454 -0.570979066052817 0.5923338338811158 -0.36494198383498405 0.4358220781508638
4.4645675 1.2984360970981754 0.10327029611061485 1.200871882902997 -0.5703596247310296 0.5918334490806687 -0.365644347273388 0.4367233430136022
4.469567 1.2995150854118924 0.1029671810696848 1.2022714486409238 -0.5689046522595778 0.5911465081799766 -0.36662161596746207 0.4387275842814498
4.474565 1.2992307332838091 0.10253981374226523 1.2029526068826786 -0.5706260940502164 0.5909169317378554 -0.3658711894435126 0.43742578034416496
4.47956325 1.29987000831895 0.10215694683421472 1.204365724663715 -0.5699812606639286 0.5911967651811677 -0.3658796921975071 0.43788103198099293
4.48456325 1.3009247894453932 0.10187210201478435 1.2060473924057045 -0.569049666084503 0.5904328142148567 -0.36682005083912483 0.43933429154781656
4.489562 1.3007695026935129 0.10111924072931544 1.2066153551440142 -0.570813380789594 0.5900981090936623 -0.3660208755490354 0.4381609574322611
4.494562 1.301301551454683 0.10060962932371281 1.2075015174870276 -0.5703810136627016 0.5899901272579202 -0.3661806444346408 0.4387355520501194
4.499561 1.3018075711012014 0.10000629047932581 1.2086317629742145 -0.57038016085763 0.5895897034355122 -0.3667638521132488 0.4387877966465111
4.5045625 1.3023025822199041 0.09961588923195269 1.2096502765970718 -0.5692428967796886 0.5898704014261429 -0.3672237753565141 0.43950214197445975
4.5095625 1.3033488021871655 0.09960813062656428 1.2113702135532463 -0.5679767125399374 0.5895068175063066 -0.3676412323562173 0.4412755266242547
4.5145625 1.3029550382670234 0.09845325125343347 1.2119408296623682 -0.5708266704976414 0.5889640646556992 -0.3669939803629718 0.4388549431989542
4.5195625 1.3033912130614247 0.09792282608621089 1.2129734729030663 -0.5706872602199501 0.5889620133644544 -0.3668856239036909 0.43912952167798375
4.5245625 1.3038564337611647 0.09720906362817523 1.2137602898507336 -0.570119257793053 0.5886329810260319 -0.36742504185987057 0.43985689054075067
4.529563 1.304547028731175 0.09639249700528667 1.2147518211487462 -0.5702969938474822 0.5877305318265551 -0.3680797073035752 0.44028569115826804
4.534564 1.304583076108694 0.09582647093625393 1.2157413688300034 -0.5702754731778998 0.588058253959407 -0.3679361115562204 0.4399959004977481
4.53956775 1.3049966827350656 0.09514169083028283 1.2170891616550523 -0.5701838179467215 0.5875319127802794 -0.36859883455088366 0.4402630627070326
4.544567 1.3055489040119526 0.0944685001998137 1.2175228583885667 -0.5693607063608607 0.5866338593017142 -0.37004393512604444 0.44131234658625884
4.5495655 1.3055529400058823 0.09359157914928523 1.2187782291411153 -0.570587306060388 0.586785127364655 -0.36904749524676733 0.44036040548450994
4.55456425 1.306053135785131 0.09288950505596413 1.2194850216476951 -0.5698560499738697 0.5866019762188194 -0.3695125064665349 0.44116064122853604
4.559568 1.3064908038642804 0.0922208661703567 1.2206791032355662 -0.5701739279967316 0.5865611079269126 -0.36940877747635636 0.44089104507095
4.56456625 1.3070721513656252 0.09155513836789708 1.2218055381121593 -0.5696042113405585 0.5862413216036616 -0.36970675668664243 0.4418020703072093
4.56956725 1.3075535737825374 0.09062616240339236 1.2225873676666086 -0.5691306160758016 0.58608403040558 -0.37047816618481133 0.44197486300588273
4.574564 1.307316956782877 0.0895555165055339 1.2231978243498087 -0.5704193232203348 0.5859688683259953 -0.3705398481566995 0.4404117414166177
4.579565 1.307444953745295 0.08872013049089804 1.2241137646136124 -0.5708752550024193 0.585888083406945 -0.3700601269395138 0.4403318060249231
4.58456425 1.3080577648842289 0.08805435589183647 1.2249682379562055 -0.5694948521817526 0.5855167951025062 -0.370805009052257 0.4419834173960934
4.589565 1.308176392034508 0.08710738142875596 1.2259521653431131 -0.5704969411087364 0.5850997815405861 -0.3712006539114305 0.44090992318438454
4.59456425 1.3083511011355695 0.08601734753994718 1.2265586572744098 -0.5703678558439246 0.584417122107606 -0.3719851971907273 0.44132091439047294
4.599565 1.3085766147106592 0.08504437972464522 1.2273002953516878 -0.5706244329116451 0.5846556258584003 -0.37121784424214693 0.4413194623315392
4.604565 1.3088031732312349 0.08404559564545426 1.2281532685731964 -0.5706089670520855 0.5844538256735565 -0.371979417004507 0.4409653565760955
4.6095625 1.3090514580568113 0.0831100272445685 1.2289330624456143 -0.5705259124738529 0.5843328433220661 -0.3721734795829201 0.44106939647426097
4.61456275 1.3091397983972244 0.0820825144596588 1.22974405916292 -0.5707318399923434 0.5846885421929172 -0.371427932033426 0.4409600511981192
4.61956325 1.3092325680983716 0.08128326787587474 1.2304756068971194 -0.5709668089334053 0.584730021227358 -0.3708223736506919 0.44111049927645607
4.6245615 1.309648891428088 0.0799946612984069 1.2311658247267934 -0.5707779873409038 0.5839721471090032 -0.37211615386288294 0.44126929261196396
4.6295595 1.3097826559340806 0.07886967368089579 1.2316639104924945 -0.5706193923719955 0.5833389038647656 -0.37272793742767046 0.44179533377773805
4.634557 1.3099568216795177 0.07793825530151428 1.232511875940792 -0.5709744516111185 0.5837571739363198 -0.3721510356576947 0.44127014871183984
4.63955375 1.3098431661315957 0.07678267324728891 1.233128667789023 -0.5719541883946788 0.5832749162474913 -0.3716857434948335 0.44103116277306215
4.64455175 1.3101875708086375 0.0756594609074269 1.2338599996797703 -0.5712293437605309 0.5834718407968127 -0.37278538806206646 0.4407819214435938
4.6495525 1.3103400061324826 0.0745597547937557 1.2344944096998514 -0.5709047975298593 0.5829150667868587 -0.3735937632201376 0.4412543905201153
4.6545515 1.3104786271961113 0.07339501028180828 1.2350704479195094 -0.5708507212053384 0.5827905454617038 -0.3739357168689371 0.441199177095231
4.65955125 1.3107881905557075 0.07237567789711749 1.235761415281196 -0.5704895404025759 0.5825477575746376 -0.37453837692253555 0.44147570561498817
4.66455325 1.310842307374105 0.07112708993976258 1.2362820765485774 -0.5707219290293799 0.5826911570562129 -0.37451181814642 0.4410083823263886
4.669552 1.3109799033723784 0.07001748266724708 1.2369217718156758 -0.5711637247153322 0.5830994217585266 -0.37434849943419085 0.44003439057140714
4.6745545 1.3117403657559552 0.06887583845879106 1.237587737208283 -0.5691552354908312 0.5821495088310182 -0.3763910511920411 0.44214708397062935
4.67955275 1.3112211126296955 0.0675916029525104 1.2376793904734869 -0.5709236527095265 0.5825951686931969 -0.3755193117106021 0.4400162482506219
4.684551 1.3115249691034465 0.0663462945766802 1.238076212034408 -0.570308969777438 0.5823608185072211 -0.3760397072774882 0.4406786750112352
4.68955325 1.3116356508216926 0.06512302898287685 1.2385180870442465 -0.5703739130781426 0.5822927281201828 -0.37629438375985347 0.440467155198971
4.69455175 1.312314078209929 0.06411330915133531 1.2393788711441562 -0.5690217089169423 0.58204740286039 -0.3776137805554437 0.4414101815084728
4.69954975 1.3118142773955241 0.0628749272222379 1.239668457297331 -0.5699638498891061 0.5823543987833394 -0.37724040404688974 0.4401070796883676
4.70454725 1.3117679354319927 0.06148087269162883 1.2399522601684925 -0.5704176045760395 0.583518103105013 -0.3764724294193029 0.4386329782695192
4.7095455 1.3118477291566 0.0602759624784327 1.2403544328354978 -0.570358565404292 0.5830935339355318 -0.37702194515268056 0.4388023363951242
4.7145485 1.3118617338073706 0.059140867138784116 1.2405712827087867 -0.5705163264041302 0.5831363093100115 -0.37717120411211424 0.43841196249561015
4.7195495 1.3118909471643585 0.05769115163111779 1.2409213569655992 -0.5710526526439645 0.5828231601663871 -0.37771633181981257 0.43766014732728714
4.72454875 1.311972058773717 0.05646308737417256 1.2412253731619425 -0.5706731043247463 0.5823976318607009 -0.3785532014185165 0.437998493261332
4.72954825 1.3118977505209621 0.05517901631429677 1.2413942130988083 -0.5714629411482497 0.5827682308566192 -0.3780865883383729 0.4368773600417951
4.73454675 1.3118768537132235 0.05404968325738969 1.241616638151381 -0.5716951920006977 0.582933744309324 -0.37818836896121366 0.43626415710123845
4.739546 1.3118642591179261 0.05262539498704432 1.2417807981752305 -0.5718034197087515 0.5828951915580567 -0.37848790609556454 0.43591392476871965
4.744545 1.3117988191707148 0.05135130999339652 1.2420172447522322 -0.5719697198241036 0.5829501086417231 -0.37875039491525503 0.4353940155657607
4.749543 1.3116144686528226 0.05021146533477669 1.2422593738700596 -0.5719117489289298 0.5829873863939982 -0.37864048687611596 0.4355158325948273
4.75454625 1.3118665835065935 0.048970479813668165 1.2424393673154492 -0.571636779684672 0.5830455070161945 -0.37954062913947234 0.4350152177710337
4.759544 1.311670407429439 0.04758213590618047 1.2425105372572824 -0.5721778323535859 0.5829857557098576 -0.3794871182646125 0.4344302750428174
4.76454475 1.3115219156961249 0.04618878150920207 1.2425285411053937 -0.5720027947116955 0.5824690749938112 -0.3804087872430279 0.4345477351294709
4.76954575 1.3118244025258659 0.0447375923206203 1.2425427421457615 -0.57200023900878 0.5826434326070472 -0.38043779140619105 0.434291887886195
4.7745455 1.3113326483998589 0.043683796119967956 1.2425908436429163 -0.5718229999800634 0.5832478315597022 -0.3804654911723063 0.4336893285541174
4.77954525 1.3114770901336925 0.04224232025970621 1.2426471673335089 -0.5724208268989963 0.5827048016289696 -0.3808651944722422 0.43327960340920013
4.78454525 1.311208504088192 0.04105861359244155 1.2426792560063136 -0.5723664582490899 0.5829078777101254 -0.3810368862458908 0.432927170428129
4.78954425 1.3110617299256697 0.039616318689129265 1.2425544332771312 -0.573247857809674 0.5826985746521839 -0.3809219254155342 0.4321432069958468
4.794544 1.3106268709401954 0.03848748723615259 1.242455901353226 -0.5730798539134992 0.5832286661485611 -0.38094312482224596 0.43163194931760485
4.799545 1.3104689740225222 0.0372529290480491 1.2425662377874696 -0.5721802495957615 0.5827638673905762 -0.3821711740935599 0.43236700906574815
4.804544 1.3099853257456282 0.0360451732626126 1.2424912283573821 -0.5731182336021423 0.5831148796252805 -0.3813645612404115 0.4313624913019944
4.80954625 1.3099061495171518 0.03459846248717509 1.242341259222066 -0.572917550899357 0.5826635276351989 -0.38247229498853874 0.4312582022424482
4.81454525 1.3095758622702074 0.0334787172777302 1.2422052335449554 -0.5735594671838999 0.5831190176536466 -0.38190186014077154 0.4302937578856863
4.8195445 1.3096403864102075 0.03203108516789617 1.2420690243844683 -0.5729195094380274 0.5827204044077636 -0.382790283010688 0.4308964669439049
4.82454325 1.309326750758893 0.030539741556608983 1.2418770073392023 -0.5735083589637315 0.5824440967042163 -0.3829925696005114 0.4303065512444989
4.82954425 1.3086276312607588 0.029397875446238005 1.2415883497393854 -0.5733577587176051 0.583043870912106 -0.382978624838181 0.42970699089869147
4.83454425 1.308397252974848 0.02816866476716228 1.2415337576922656 -0.5734443211128909 0.5831623445941125 -0.3829873830669278 0.4294228159313608
4.839543 1.3078982704002893 0.02678993513133804 1.2411408311211083 -0.5740268830371174 0.5828516285067538 -0.38314712050940486 0.42892353717541326
4.84454225 1.3074884038385588 0.025522549817729185 1.2411600354382604 -0.5739121264571041 0.5829945037736258 -0.3836231076951694 0.42845722180578233
4.849543 1.3068222248029664 0.024092059845785465 1.2406232326867903 -0.5750172311330526 0.5822773720210814 -0.3831605688559722 0.4283645928485087
4.854543 1.3064315835355145 0.02285556232421181 1.2404431818432355 -0.5746024377324633 0.5830301198861302 -0.38340146887265264 0.4276812265271502
4.85954225 1.30608347447091 0.0216853344017741 1.2402283512607701 -0.5741360905594903 0.5833227178795142 -0.3836280540737074 0.42770535705125534
4.86454225 1.3056391716029567 0.020374516951006665 1.239983245288501 -0.5740541546958476 0.5834089137124371 -0.38429496142374153 0.42709864141862464
4.8695405 1.3048588622797355 0.01895855485273563 1.2395457914532633 -0.5751835626008462 0.5826916656399347 -0.38386128376613426 0.42694824854187224
4.8745435 1.3044113592798006 0.017732696201375856 1.2391770655789995 -0.5750892534162186 0.5826489982168166 -0.3842246199827497 0.4268066738949004
4.879543 1.3041476180298286 0.016368776450836432 1.2386173097120552 -0.5737938634157199 0.5829545908224827 -0.38537189740293637 0.4270984055665798
4.88454275 1.3032098197530657 0.015119882730796588 1.238469729176054 -0.5750388446568955 0.5828370129928194 -0.3845102660376576 0.42636040943422576
4.88954225 1.3030311050779577 0.013870709486604463 1.2381038176888075 -0.5740226257441043 0.5830769186956228 -0.3857846689757031 0.42625053806601726
4.89454275 1.3024799285520192 0.012762157119371328 1.237584505737266 -0.5740669890024204 0.5834572345317076 -0.38562385211843575 0.4258156787715148
4.899542 1.3022124538843514 0.01133076137133485 1.2370533826937364 -0.5728472518072989 0.5828981575089212 -0.3875278473270915 0.4264949373856159
4.90454125 1.3016314807083431 0.010091248555739861 1.2365242182631797 -0.572756597579693 0.582908974211864 -0.38779051063079184 0.4263631404998744
4.909541 1.3006404972416845 0.00896339369660188 1.2362234585028542 -0.5734366666910776 0.5834699553087457 -0.386348804961883 0.42599037718094146
4.9145415 1.3000863615249298 0.0077251319800918684 1.2359310154106293 -0.5733580173615653 0.5835510105639364 -0.38676456795823705 0.4256077665751668
4.91954025 1.2994665868534978 0.006470466334132979 1.2353783726012069 -0.5734463796399382 0.583473987897411 -0.38693574896812205 0.42543869275774426
4.92453825 1.2991487352519773 0.005252108383099013 1.23486675463558 -0.5729536771444814 0.5831483161476623 -0.3878315591133253 0.4257332580108005
4.92953625 1.2984748985379742 0.004254121422528144 1.2344007214291655 -0.5726741565314709 0.5832125170385861 -0.38771101627447835 0.42613101068790615
4.934538 1.2972552925464198 0.002804112661054254 1.2334682757235154 -0.5736131056030997 0.5833466972589475 -0.3868747168791228 0.42544399081094525
4.93953975 1.296553889790995 0.0015162753002565532 1.2327702925960065 -0.5734449401285499 0.5834538368456279 -0.38737373759561816 0.42506953352631643
4.94453875 1.2957289531521454 0.0002673531339704924 1.231906155015102 -0.5741233137353289 0.5836760396434726 -0.3869949789268473 0.42419286610819557
4.9495395 1.2951566942063524 -0.0009399657853000169 1.231396847548438 -0.5732799300850885 0.5837178040470674 -0.38758124314946185 0.42474042303367293
4.95454075 1.294535829940891 -0.001979607710034543 1.2310517362414537 -0.5726574266626114 0.5842740374257125 -0.3876385121286643 0.4247631160930623
4.95953925 1.2933971586218973 -0.003288377458639219 1.2299920755652696 -0.5740688956090512 0.5841707212319975 -0.38714866159460615 0.4234446662493193
4.9645385 1.2931492272131624 -0.004493681056435439 1.22949538419868 -0.5724828671981685 0.5837087147790447 -0.3891656835597892 0.4243790449527424
4.969542 1.291895202777667 -0.005680464126119163 1.228424341373959 -0.5740539963741154 0.5842711506411638 -0.38721958820200897 0.4232614112909708
4.974543 1.2910393042493276 -0.006730626188329248 1.2277746489923955 -0.5741336737159923 0.5845095651918244 -0.3870524982297589 0.4229768983274918
4.97954175 1.2902479019216604 -0.00790922017589206 1.2270763623677508 -0.5737138641824532 0.5846752305808041 -0.38735958344268906 0.423036440398729
4.98454 1.2897187387264777 -0.009180123964423019 1.226191920030296 -0.5732104890429803 0.5842468962333056 -0.3885175946554889 0.42324860086711386
4.989539 1.2889612432000725 -0.010224826701559785 1.2256049701589429 -0.5728365885148798 0.5846102962675638 -0.38846993902472804 0.423296764493552
4.99453825 1.288090289189973 -0.01139883650622757 1.2244329083180905 -0.5732964785650284 0.5848754689525522 -0.38811013156627827 0.42263738506913484
4.9995395 1.2872999168869024 -0.012422027097209853 1.2236967963317058 -0.5730897058426422 0.5853048466486249 -0.38782445628973017 0.42258563232840596
5.00453825 1.286368246702487 -0.013517484111964323 1.222603805162514 -0.5728651924131319 0.5857996398779545 -0.3876562423116471 0.4223587231692246
5.00953875 1.28555292045742 -0.01458429426395115 1.2218231647270232 -0.5727144341537758 0.5858106739872285 -0.3878252198965367 0.42239274374301533
5.0145405 1.2847553987675462 -0.015787964987966228 1.2209812225623287 -0.573225305427487 0.5855533298144996 -0.38853852403157824 0.4213998843190146
5.01954275 1.2841257496948302 -0.016822748370968046 1.2197854104504733 -0.5720620536537248 0.5858711142341912 -0.38859346263948324 0.42248688153518643
5.02454175 1.283238413620067 -0.01793902758098634 1.2189665838808237 -0.5718619076430709 0.5858607400205876 -0.389254097271771 0.42216394877641544
5.02954125 1.2829204456922134 -0.01867271464147807 1.2184934971512957 -0.5707407135477893 0.5858290595978464 -0.38983198983275524 0.42319070232307565
5.0345435 1.281938677740525 -0.019627129572142986 1.2175246840118292 -0.5709605370423702 0.5861978535147496 -0.38946100715196913 0.4227248107021427
5.03954225 1.2806368522985174 -0.020823127270034027 1.2159528434925226 -0.57106742262515 0.5870250670999734 -0.3887303737859577 0.4221045675052212
5.0445435 1.2798716088286415 -0.02179178044927133 1.2149980126220425 -0.5714126579690415 0.5868596559823498 -0.38886893828117924 0.4217395728801147
5.049547 1.2787940833376568 -0.022651163211830357 1.213876349237632 -0.5719246711008457 0.5872156481321458 -0.3885891265661642 0.4208068962000021
5.054547 1.2780250585284407 -0.023684573079379795 1.2130904190207061 -0.5712882010249537 0.5874777565187885 -0.3887629641656251 0.42114490933463744
5.0595485 1.2771741169185844 -0.02473488549842548 1.2118081284783675 -0.5711860075381748 0.5876509563801525 -0.3889924979534635 0.42082981690229226
5.064548 1.2762922953924198 -0.025572201513178464 1.2105608942353168 -0.5712042761938705 0.5879622782249238 -0.38852515265075427 0.42080190113651084
5.0695475 1.2758669076257838 -0.026232932931964978 1.2098829844609973 -0.5701315686965186 0.5881725966556739 -0.38880748720917396 0.4217009945554512
5.074546 1.2744258591983795 -0.02727890841414923 1.2085001948639729 -0.5708119954715865 0.5886319982131805 -0.3884796664580543 0.42043975222847674
5.079544 1.2734803062555775 -0.028086941611923072 1.207142459444462 -0.5706135304368232 0.5890049768442395 -0.38791092848058306 0.42071183451440197
5.08454175 1.2731683254543915 -0.028859681405480425 1.2062744916109882 -0.569705179409784 0.588817935565676 -0.3889035298473781 0.421287896553047
5.08954025 1.2715553559299781 -0.029777215482078748 1.2049232557770262 -0.5713771189826009 0.589676891763833 -0.3872247133819797 0.4193642480817021
5.09454025 1.2707969472563352 -0.030480695779942352 1.2037912588613184 -0.5699825872623808 0.590043608773076 -0.3876907559998903 0.4203144866358537
5.0995385 1.270392058776318 -0.031296920577194874 1.2027227340488809 -0.569793922174196 0.5893353480488838 -0.38847600682319383 0.42083859841529914
5.1045385 1.2695537080912052 -0.03202550000398518 1.2014349017178647 -0.5694568827138824 0.5899376773663931 -0.3880781690426925 0.42081793006691687
5.1095375 1.268057385793088 -0.032758774068600255 1.1996031062182346 -0.5700486153290313 0.5908832591964795 -0.386817134789588 0.4198500379849617
5.1145355 1.2672645730056162 -0.03365503882027378 1.1984024272622569 -0.5699740757697773 0.5908858143800318 -0.38712581197913515 0.41966309465371143
5.11953825 1.2669391163582688 -0.034196606264917065 1.1974146068853369 -0.5688308276935122 0.5909458325482378 -0.3876401850821232 0.42065377612578375
5.124538 1.265839388760371 -0.034718108335794445 1.1962028453637994 -0.5690738031507278 0.5912375030863782 -0.38687085729017623 0.42062353867956015
5.12953925 1.2647937734228925 -0.035278099057698034 1.1948489900881953 -0.5688142793258598 0.5919260028928881 -0.38613531710003085 0.4206821123155936
5.13453825 1.2632990640146609 -0.03618118659612042 1.1928015283853408 -0.5701310597314284 0.5920987622144409 -0.3860100998495589 0.41876703944768484
5.13953775 1.2625783502592698 -0.03694103150090769 1.191421004199242 -0.5699461243884768 0.5920117487793923 -0.3860918931116732 0.4190662891180404
5.14453525 1.2615396843982605 -0.037565806666879205 1.1901128101320704 -0.5692962848722728 0.592493114403868 -0.3860625982505859 0.41929621945188084
5.14953575 1.2612847830764455 -0.03760747260977467 1.1892435291959607 -0.5678753252632344 0.5926934622790101 -0.38622687466366523 0.4207860216504736
5.15453475 1.2603093117335693 -0.038540523101493994 1.1878780622193859 -0.5684079737374741 0.5924276832388512 -0.3868228889291782 0.41989268643832195
5.15953725 1.259299493232655 -0.038937248649865655 1.1862914343512725 -0.5684221349397719 0.5930700994800356 -0.38594495937034495 0.41977448939862394
5.16453575 1.258682984543431 -0.03915473118265305 1.1847937032627431 -0.5675973930559449 0.5931655437942375 -0.3863317378440592 0.4203993641595703
5.1695355 1.2569382574455141 -0.04003165446580263 1.1827236911916705 -0.5695497054064858 0.5937838670720782 -0.3845155999972252 0.4185470172335335
5.174537 1.2562550955875253 -0.04052033514283558 1.1815230113374324 -0.5685638173184031 0.5939567840555564 -0.3855811401265454 0.41866180705841827
5.179535 1.255751980418252 -0.041136714128945776 1.180153086300196 -0.5677542160077117 0.5938796145749135 -0.3860969781636745 0.4193939401692638
5.184533 1.2545368607264142 -0.04092397702674172 1.178183725194045 -0.5683008384957138 0.5947826710904838 -0.3842705730775926 0.4190511398411375
5.1895335 1.2533746831063852 -0.04169590826815388 1.1770037581666575 -0.5697343006359428 0.5944742647389715 -0.38423597539977133 0.41757141958055366
5.19453125 1.2524413513596537 -0.04214819637044659 1.175503785550553 -0.5692995760790938 0.5946012407503625 -0.38457381071842256 0.41767252876362915
5.199533 1.251583319282803 -0.042544420682919595 1.1740001737991856 -0.5690577327289447 0.5948412236520172 -0.3848521981183838 0.41740388243164683
5.2045335 1.250559510294701 -0.04235056309264655 1.1718009721203642 -0.5695207953844033 0.5955337114002441 -0.38329982434373994 0.41721326305455064
5.2095305 1.2499381753933687 -0.04305630130886816 1.1703104495023038 -0.5693606416837522 0.5951313094176376 -0.3839746977506023 0.417385452237674
5.214533 1.2488173930011135 -0.043220429197360535 1.169133102285139 -0.569928007335286 0.5954850224400509 -0.38343576183845357 0.4166013334685415
5.219534 1.24808198300462 -0.04325790765574659 1.1676328852667888 -0.5685745396841971 0.5962004545320255 -0.38317889444807157 0.4176624781905396
5.2245345 1.2472131135007007 -0.04364007347320213 1.1659454774601141 -0.5692154571197721 0.5960403179749556 -0.38342588254855153 0.4167904693201456
5.2295345 1.2462597867625311 -0.04391104238690846 1.1639312488460225 -0.5699168701078232 0.5962015455971427 -0.38335997956680196 0.4156604434639193
5.23453225 1.2446845517773852 -0.04445959116180977 1.1623288336548834 -0.5710309933579104 0.5967934412077657 -0.3823017630678093 0.41425421556251685
5.23953225 1.2445484140983916 -0.043940806024967125 1.1606603180266872 -0.5699094146207836 0.5967095949953288 -0.3827172363869413 0.4155339159917613
5.244534 1.2435373079595966 -0.044118593770816936 1.1591306416517608 -0.5705123563301673 0.59710614740029 -0.3821848242122677 0.414625927979934
5.2495325 1.242860221210696 -0.043985542885138576 1.1573723539139307 -0.5699490332937078 0.5977395379459058 -0.3812792090947889 0.4153212117576409
5.25453425 1.2422489142015178 -0.04380168819579641 1.1558047874505852 -0.5696160127002946 0.5976353167197519 -0.3820849785935239 0.4151875424647108
5.2595345 1.241281942763976 -0.04390788297824698 1.1543256603343044 -0.5698334824030539 0.598075007795586 -0.3818119124940196 0.4145066354841345
5.26453325 1.2403765639353317 -0.04421751420314142 1.1528796583199494 -0.5700471258159109 0.5980808971766907 -0.3823476260494367 0.41370981090095493
5.2695315 1.2403871499898984 -0.04423517731878114 1.1510708808593904 -0.5687164238626108 0.5992496687726468 -0.3828071265179716 0.41342492376712114
5.274531 1.2393909583288965 -0.04362607441320866 1.149523472161416 -0.5687416670836519 0.5985475972935647 -0.3826379191990469 0.41456231460183746
5.2795325 1.2384590816803496 -0.04330177263721393 1.14791487542834 -0.5690941758728494 0.5994769517296913 -0.3812861415980262 0.41398077438181813
5.28453 1.237646656568587 -0.04326049853356322 1.1461206380615565 -0.5697725784882345 0.5994346581222566 -0.38156736505945116 0.4128482110489396
5.2895305 1.2377182703370497 -0.042786589333826876 1.1449381673650196 -0.5679554557531947 0.5994466306207138 -0.38275118784053946 0.41423648502312116
5.29453 1.2359353013159546 -0.04307229799992246 1.1428710955747763 -0.570580233547852 0.5999822508660866 -0.38119413531080276 0.4112791350588946
5.2995305 1.235456194631351 -0.04241985608262204 1.1412031276160217 -0.569837440587538 0.6001693033016012 -0.381217427841227 0.4120137999985361
5.30453125 1.2348058029901134 -0.04215140527456209 1.1396296007406364 -0.5697479557808226 0.6005255599941711 -0.3812081512076083 0.4116268505942464
5.30953025 1.235140979352753 -0.04211031198411235 1.1379700150837364 -0.5678256441334713 0.6008431466042915 -0.3834529694788975 0.41173458834651944
5.31453275 1.2335026588076052 -0.041535206598169436 1.1363903831578352 -0.5701664814584552 0.6003641642766697 -0.3818294114661062 0.41070592181402493
5.31953325 1.2327055683827266 -0.040985492868452995 1.1346982418228844 -0.5702206008093097 0.6007719703129544 -0.3813219627621202 0.4105058669668497
5.32453375 1.2318807545977029 -0.04050321024450816 1.1328911203875807 -0.5698712996542804 0.6017189885280909 -0.380513753929717 0.4103538031325988
5.32953325 1.2324764430218114 -0.03965149347620138 1.1317601417586418 -0.5671815497849052 0.6010227826500031 -0.3826150687594684 0.41313728163581115
5.3345335 1.2305767884479963 -0.03986536928546773 1.1298694272502539 -0.5711919283539032 0.6012277397851896 -0.38113643219298304 0.4086563421156527
5.339538 1.22987894413216 -0.039162963034234506 1.1280875073572116 -0.5707673775086693 0.602130942666255 -0.38045050630927224 0.4085588585561958
5.3445365 1.230657045722872 -0.03804842961641594 1.1269067871916143 -0.5676701026314513 0.6014428459171007 -0.38258636342029917 0.4118796331434301
5.34953775 1.2288791682266562 -0.03783047562461468 1.1247762300898658 -0.5704473566281075 0.6022912489890601 -0.38093256719943996 0.40832027129943826
5.3545395 1.2284932333410719 -0.036957031830391424 1.1231542005575907 -0.5700754663401866 0.6028129914947512 -0.3806903486194419 0.4082956262687315
5.3595365 1.2275823663883887 -0.03667524977393176 1.1214985387028784 -0.5707141926636895 0.602723776000299 -0.3802286292574075 0.40796513285966884
5.364538 1.226887857299331 -0.03599050976412378 1.119768500045172 -0.5715723141850999 0.6026336597058585 -0.3798297213009224 0.40726790281469094
5.36954075 1.2264508205028664 -0.03497050829423175 1.117993498943241 -0.5719457934646609 0.6021470356687773 -0.3804634878519065 0.40687159053557165
5.37453875 1.2260518299883199 -0.03424900046164192 1.1167820789985892 -0.5709058023621918 0.6025807672902135 -0.3804764425322874 0.40767715216712175
5.379539 1.2258835554674146 -0.03335426088771075 1.1154511981177404 -0.5707468844006197 0.6028300085439807 -0.38026169450179165 0.4077315519315079
5.384538 1.2250818365469214 -0.03245734181524437 1.113728948656269 -0.572009089697051 0.6029221342337714 -0.3790985944749542 0.40690878218841553
5.38953775 1.2244514087599452 -0.031463568671357856 1.1120197309283928 -0.5717940159499223 0.6034524819610964 -0.3787775621338466 0.4067238175504263
5.3945365 1.2240023164962428 -0.030788070721222558 1.1108192066197125 -0.5720640515959606 0.6033463141461403 -0.3786924093847528 0.40658087160151996
5.399541 1.2235736825422487 -0.03017571763278991 1.109265090389111 -0.5729909752782333 0.602653332962423 -0.3795679326452647 0.4054854954574602
5.404546 1.2226453329859155 -0.02940125057133433 1.107915281716038 -0.5739522562611319 0.603195625728199 -0.3780046607373554 0.40477934865301524
5.40954575 1.2216153695855383 -0.028772892658680264 1.1063261151069612 -0.5754327399673784 0.6030833780467879 -0.37726036637716365 0.4035371319448547
5.41454925 1.2219495614409392 -0.027682308963871822 1.104956582090951 -0.5753516733744689 0.6023977815916429 -0.3783313287823418 0.4036740892606971
5.41955025 1.221903507117821 -0.026333936575438373 1.1037069225854592 -0.5746186818052326 0.6020167059583483 -0.3784539554555206 0.4051689275691649
5.4245485 1.221118329825609 -0.025652567529975082 1.1024346034841537 -0.5751119467583221 0.6026319029461961 -0.37744911034340406 0.40449129452717797
5.42954825 1.2208659305486262 -0.024321029887261862 1.1012958431876325 -0.5744708409778994 0.6024681674931511 -0.3771564348197225 0.40591672015040925
5.43454825 1.220478722245153 -0.023397511553821176 1.0999453236208976 -0.5752043796079903 0.6025589985612048 -0.3774904528111647 0.4044298863451203
5.43954825 1.2208604128377818 -0.02201534051501533 1.0991930925612448 -0.5748869132977995 0.6018694077103265 -0.3779744391782583 0.4054547771444186
5.44454825 1.2197859274148624 -0.021271380667805727 1.097232881195883 -0.5764940076000534 0.6025010060993266 -0.37698894839526154 0.40314579203851775
5.4495485 1.2194071603411958 -0.02002417748983483 1.0963326164321032 -0.5772492808025055 0.6024259152973505 -0.375840218710737 0.4032498163553275
5.45454775 1.2191169076618713 -0.018360197401668252 1.094812459840936 -0.5758434464734768 0.6028604995791926 -0.37450183888871585 0.40584715826237433
5.45955 1.2187759297072847 -0.01754223146295223 1.093596509871898 -0.576971045159841 0.6021569999568762 -0.375093157987276 0.40474249008626134
5.46455325 1.218476765211531 -0.016593637778104183 1.0926712510020116 -0.5781941127749618 0.6018190533387905 -0.3750194519583999 0.40356635841407584
5.469554 1.218046352119158 -0.014578405508847033 1.0912788817160233 -0.5779432327147773 0.6029751205138986 -0.37242665170181943 0.40459981821871094
5.4745555 1.2185121520809803 -0.013638621122563893 1.0907282633555764 -0.577789935794881 0.6017200989941355 -0.3743647387323731 0.4048984501754446
5.479555 1.218543132184476 -0.012411707313099707 1.089660045443208 -0.5780777886704376 0.6010919100060688 -0.3744975379523836 0.4052976437616629
5.4845555 1.218252710364368 -0.011156710993240438 1.0884873034735325 -0.5786154356484825 0.6010241596927268 -0.3740188151529201 0.4050729107291355
5.48955475 1.2172750470416063 -0.009944455218520675 1.087089763947707 -0.5798485867124394 0.6017271211012033 -0.3725443671310515 0.40362207910094405
5.49455525 1.2170466648929856 -0.008615581221769662 1.0860329633525017 -0.5812295671846982 0.6011947286610887 -0.37160971625704264 0.4032905990024673
5.49955525 1.2170254608424793 -0.00683837866187352 1.084859805461089 -0.5800528925684368 0.6019887415137181 -0.37039022772885954 0.4049188512735399
5.50455675 1.2169225578835814 -0.005599482934049313 1.0839661817489128 -0.5796475225953093 0.6018879791231972 -0.37090454300286413 0.4051782695505158
5.5095575 1.2174126570900947 -0.003652357381860677 1.0833848853473647 -0.5789877260734362 0.6017554364892 -0.37019668163034863 0.40696194493082827
5.51455825 1.217174475055821 -0.00302947008231879 1.0824909935821931 -0.5810711346679449 0.6002127267038254 -0.37131165918100756 0.4052513675667402
5.5195615 1.2172695542308474 -0.0011737148162901771 1.0814883459989206 -0.5795127352592947 0.6013158225603364 -0.3702847530726544 0.4067843075301698
5.52456175 1.2163709497104265 -0.00023666946873397363 1.0802511552309029 -0.5824783409744587 0.6010409464517202 -0.3692701732352496 0.40386668857789154
5.52956 1.2169906792874403 0.0012118219816431575 1.0800813618424994 -0.5821893991032207 0.6000980742955729 -0.3700867895346627 0.4049365049121927
5.53455975 1.216752141654947 0.0029612750531848794 1.079121736183438 -0.5815655448637735 0.6012477451684861 -0.3684670720195425 0.40560409612633175
5.53956075 1.2170760762274084 0.004232619517196213 1.0784628248037582 -0.5824150747700128 0.6000561797055549 -0.3692672544498884 0.4054219489234105
5.54456125 1.2168251174693252 0.005520874419215182 1.0774010999587105 -0.5829433589804738 0.6002663079392896 -0.36891602693927905 0.40467068690582675
5.5495635 1.2167936447235972 0.007118681601809229 1.0766790274791105 -0.5835743513896873 0.6006991895092973 -0.3679433938515821 0.4040038601844774
5.554564 1.2170273612013334 0.008913419130986876 1.075793703570335 -0.581834539631454 0.6015403120502537 -0.3677279865331288 0.40545523722185184
5.55956375 1.2165503099377817 0.010645087750988397 1.0745720452617047 -0.5837824958114497 0.6018283924651391 -0.3655868022727563 0.40416193983471765
5.56456475 1.216467913072776 0.012140136806853021 1.0738920875781857 -0.584390972009965 0.6019464229086567 -0.36491255069598794 0.40371589778613964
5.5695645 1.2169566225120962 0.0132257208319118 1.0738717595132394 -0.5833974224754516 0.601896413804562 -0.3665000575775748 0.4037893786293067
5.57456825 1.2170700311923826 0.014562263529035235 1.0733063272395031 -0.5840827400865333 0.6017267215078201 -0.36674282260716734 0.4028299981662058
5.57956525 1.2178459211437704 0.016864570073523884 1.0726101922895608 -0.5830949266278985 0.6017550234261386 -0.3660536637718124 0.40484060265917715
5.58456325 1.2171073776471273 0.01805601201377448 1.0716097727753358 -0.5854721076925848 0.602168257889779 -0.3644968606205787 0.40219129640226364
5.5895655 1.2181363625284924 0.01959609569052411 1.071759213704393 -0.5841020526697877 0.6015176849032456 -0.3663612143071895 0.403460936729867
5.5945675 1.2184534585293918 0.021175219544600044 1.0709058400839668 -0.5840056568775891 0.600920736516425 -0.36664794452001337 0.4042288286834352
5.59956825 1.2180285118350425 0.023252027798882753 1.0698938800175612 -0.5866144999005236 0.6001635724429435 -0.36396132197246023 0.4040040481567496
5.60457425 1.2189464385265447 0.024741775724327203 1.069964156720886 -0.5838856150068937 0.6008878897296809 -0.3658358358515507 0.4051857275016355
5.60957225 1.2192001991597021 0.025913958503664514 1.069930947407469 -0.5857611943041316 0.5993990446583893 -0.3666353024951616 0.4039593586913032
5.61457025 1.218615449230368 0.027553401624643595 1.0686201813072425 -0.587312528246943 0.6005522694861024 -0.3643455394327269 0.4020613058660966
5.6195695 1.219762852718088 0.02941680406583123 1.0689337210996508 -0.5852839179628347 0.6001483840679649 -0.36602065404445694 0.4040959456460212
5.62456725 1.2200722628374352 0.031104581759590667 1.068582272707593 -0.5852498733062543 0.60006393717546 -0.3658440872834544 0.4044304153945827
5.62956775 1.2193067661257537 0.03297515522175773 1.0676247996788073 -0.5877476377937579 0.6016269101348761 -0.36159132931645943 0.40230521477178854
5.634569 1.2193432153878834 0.034508906113225477 1.0675695623441477 -0.5890821595715585 0.601417101142409 -0.36075542437074104 0.4014164963165526
5.63956775 1.2191485772089559 0.03568677750658679 1.0672465293570315 -0.5897145086938087 0.6016964792815662 -0.3607644990885368 0.400058897230876
5.644569 1.2202155310335792 0.037757913698825404 1.067110342384997 -0.5893760569430154 0.6006463258902544 -0.36120736258779257 0.40173261743255656
5.6495685 1.220529440796077 0.03950905278831317 1.066958983807775 -0.5901251832357175 0.6001570523976341 -0.3605645059971139 0.40194155991070574
5.65456825 1.2204989162785105 0.040922402559180615 1.066776417555095 -0.5903390281967493 0.6007685363858003 -0.3599257223725826 0.40128602249661677
5.6595685 1.2219955586194649 0.04289562398496904 1.0672206689490449 -0.5883412300650231 0.5990351764873674 -0.36232538946093806 0.40463782137647925
5.66456975 1.221225553818484 0.044479607748001235 1.066298032119165 -0.589999346161792 0.6005484927698393 -0.3596587501854582 0.40235290824792885
5.66957075 1.2226455119523405 0.046292844237502496 1.0671119273662697 -0.5892204947051476 0.5988178832358358 -0.3611955627376307 0.4046901491203119
5.674572 1.2228627398731884 0.048062250342924065 1.0671886569114006 -0.5903350563376314 0.5992755287929419 -0.3595453211588543 0.40385705872444744
5.67957125 1.2231023286137936 0.04971567243564995 1.0669526840592953 -0.5899871326416601 0.5996136431399192 -0.359133560820804 0.4042298204857179
5.6845715 1.2225027293289252 0.05169373601951892 1.0663222477235268 -0.592248419115982 0.6001702904247489 -0.35588246273202473 0.4029703528373787
5.689574 1.2238439236217244 0.0532248182219605 1.0672930324574499 -0.5919069068942224 0.5984505592725239 -0.35788927082770117 0.4042504316679625
5.6945725 1.2241858774996395 0.05505019081936244 1.0675611718392086 -0.5924360774450877 0.5982303035808534 -0.35734379668198646 0.4042838223228098
5.6995735 1.224499028288101 0.05684599340085431 1.0676121208475595 -0.5931120184230675 0.5979289451161606 -0.3566013497265027 0.40439409932345277
5.70457575 1.2240363681954196 0.05823566038473022 1.067474344126957 -0.5955010585719676 0.5974492753476641 -0.35490813357282947 0.4030794826706859
5.70957625 1.2250527373195068 0.06035862208456683 1.0677223949999688 -0.5935059092227525 0.5980263289879195 -0.35514717391837286 0.40495151612594266
5.71457625 1.2253637542844062 0.062060597882738336 1.067813572646475 -0.5932439311841433 0.5981301305817548 -0.3557891312169959 0.40461843644511747
5.71957725 1.2254299947927796 0.06380967436607288 1.0682948300603272 -0.5965017361814802 0.5968840696056489 -0.35298076655030347 0.40412827744299107
5.72457575 1.2258996247758362 0.06574477459872302 1.0686178113787699 0.5967419353203905 -0.5965016393320131 0.3521389112375731 -0.40507165304019027
5.72957475 1.2266243923891242 0.06773504859147947 1.0689113163517103 -0.5960846511774434 0.5963146768516847 -0.35184327659278736 0.4065688176906685
5.734575 1.2267022257045888 0.06934241009037802 1.0691427666352635 0.5988486341358795 -0.5946909756242573 0.35077307872614355 -0.40580931993442815
5.739576 1.226704588111311 0.07120002731388798 1.0692159464850943 0.5982649834542112 -0.5959638151105129 0.34942920237062136 -0.4059622804917794
5.74457425 1.227355809670866 0.0733510962224603 1.0696602080871054 0.5987544111496249 -0.5951804883429024 0.3482975480046756 -0.4073599875769599
5.7495725 1.2273508138125941 0.07485243200497431 1.0701557806610458 0.5995289255616396 -0.595178055781727 0.34757922293000726 -0.406837600423267
5.75457225 1.2284284495269653 0.07679664695806626 1.0708856930647683 0.6007110689981439 -0.5931761137941469 0.347888153553766 -0.40775255023620877
5.759573 1.2288239930983968 0.07861798866697524 1.0712771595351374 0.5998337634462033 -0.594107147473286 0.3471582976817822 -0.40831026181300745
5.76457075 1.229188316022928 0.08046835720442894 1.0716999777522336 0.6006146236486993 -0.5935281746771416 0.3463317817610187 -0.4087061005979602
5.7695715 1.2299569065307587 0.08248916033769516 1.072361395675192 0.6010387074972838 -0.5929784890680846 0.34569667021016903 -0.4094176300528933
5.774574 1.2307233186177744 0.0843836234694129 1.073222719564316 0.6031709421718501 -0.5906568687075444 0.34525787851776674 -0.41000765272069306
5.779574 1.2304013041547626 0.0858787909985389 1.0731853975594754 0.6048112879551109 -0.5911255027006952 0.34380196237369615 -0.40813497361403145
5.7845715 1.2307935529639153 0.0879110060214742 1.0741043743461784 0.6054828219665312 -0.5905648926345861 0.342532534899201 -0.40901726421567236
5.78957325 1.2317355044880824 0.090055901387467 1.0748250959163905 0.6056928392836916 -0.5898359060495812 0.3419714009182846 -0.41022597349401896
5.7945715 1.2323388354056986 0.09193946924811891 1.0755230574299235 0.6064732387140498 -0.5896063379485366 0.3410671554586364 -0.4101557904528008
5.79956875 1.2332273335494544 0.09376615633137031 1.076396687697228 0.6059705967489551 -0.5890855878224169 0.341125275997702 -0.41159610320206413
5.80456825 1.2335450637435783 0.0956467070373202 1.076931755757565 0.6073675598448324 -0.5883724479008778 0.3401039814004625 -0.4114022260936574
5.809568 1.2340850906530636 0.09749694949133862 1.077673767892087 0.6079317608481338 -0.5880170601797001 0.3393679903903795 -0.41168468296513716
5.814566 1.2347066800334385 0.09936410192395527 1.0785336060502841 0.6079460716038482 -0.5869550245466163 0.3391887097316896 -0.41332359280771974
5.81956675 1.2352894464599378 0.10119583556383079 1.0793373171833378 0.6083116101923808 -0.5866242313788606 0.3388016787633097 -0.41357274877762107
5.824567 1.2354378181192192 0.10318444346190377 1.0802280386436036 0.6107328312218385 -0.5871322485677016 0.33572497291380154 -0.41178862796539095
5.829568 1.235537266581953 0.10469830309790586 1.0809844330649938 0.6115545650121222 -0.5866505980292326 0.33498366467855256 -0.4118592408132966
5.8345685 1.2367717210539795 0.10680697475647713 1.081998939262527 0.610948900831386 -0.5849692210842959 0.33575523593299883 -0.4145128134334684
5.839567 1.237355877758987 0.10878115780972258 1.0828645498754608 0.6124410563173739 -0.5848087433687982 0.3344181663703789 -0.41361718559283794
5.8445655 1.2379930296205608 0.11051926482158714 1.083685111731831 0.6126520988244832 -0.5846922390939213 0.333890286595836 -0.4138957210049928
5.84956725 1.2384699393859082 0.11244921549058848 1.0848368778020245 0.6135418072857876 -0.5840344983908986 0.3333010885791896 -0.4139813277838845
5.85456925 1.2392113755155911 0.11427562835725556 1.0858620376960926 0.6139526477439129 -0.5833848253144442 0.3331666203682841 -0.41439630185783516
5.85957125 1.239283682306244 0.1156720993753247 1.0867300727883975 0.615027918373304 -0.5834590436992083 0.3322178137689707 -0.41345801257391473
5.864574 1.2403719213006872 0.11794263571748483 1.0878788803460697 0.6153688096261649 -0.5828225381864398 0.3317151926567259 -0.414251310295941
5.86957275 1.2411503954714405 0.1197819606933105 1.088854370456996 0.6159835703358193 -0.5820195033628898 0.3310989811504566 -0.41495903829496383
5.87457425 1.241515754075193 0.12151091886035002 1.0900945514772324 0.6167174161396405 -0.5819719167480639 0.33003100337549807 -0.41478651564098856
5.87957475 1.2421577011285603 0.12335196029520837 1.0912245744829439 0.6178131210512502 -0.5814343604364051 0.32917621504203876 -0.4145890150636164
5.884573 1.2430095713895057 0.12493404715536632 1.0920159254782078 0.6169667706291313 -0.5802425734570625 0.3305754913201252 -0.41640173441743056
5.88957025 1.243657760438351 0.12677780423435944 1.0934891298856637 0.6171593317989875 -0.5807409382226607 0.3292565224188356 -0.41646664247013326
5.894571 1.2440267935820328 0.12850900035857105 1.0946071206481907 0.6190543395861604 -0.580204757699969 0.32774080666298205 -0.41559611094157384
5.89957125 1.2445801887041212 0.13029032391657494 1.0958064706695845 0.6204786690820573 -0.5798224843733303 0.32645307360116754 -0.41501867255058394
5.90456975 1.2454108612306702 0.1318974128043688 1.0972146397096427 0.6202433668770433 -0.5791480058436088 0.32669407264059164 -0.41612105939726807
5.90957025 1.245422490204871 0.13329155440611756 1.0980143611412962 0.6211424135681479 -0.5793708168776124 0.32589200118536 -0.41509753333488436
5.91457125 1.2463423297220408 0.13529164290435158 1.0994719725146083 0.6213159645341447 -0.5790315897358604 0.32465987342805613 -0.4162749774952202
5.91957325 1.246815009346455 0.13671256298317477 1.1008577613323545 0.6220714031891497 -0.5782095342526933 0.3242612299243699 -0.4165999983215328
5.9245735 1.247711468102329 0.13842469295476156 1.102528096036835 0.6218109560684016 -0.5781227493972522 0.3238379584852472 -0.41743765784458087
5.9295725 1.2483468445246548 0.13994232403274495 1.10363499518269 0.6224593800259585 -0.5773749662999668 0.32346667677061214 -0.4177939414673077
5.9345725 1.2488575793042358 0.14136518030692158 1.1051526337197342 0.6227518406282614 -0.5769092375610129 0.3234788033180711 -0.4179920339130783
5.9395735 1.2490261051418905 0.14274003391005927 1.1064453854793055 0.6240247950876344 -0.5767766931341233 0.32193515524976474 -0.41746791156616025
5.94457425 1.2502676223816964 0.1444914586388176 1.1081116395574477 0.6242447172298176 -0.5758317796751806 0.3218901763164385 -0.41847701121776265
5.94957625 1.2508657442333122 0.1458470298403797 1.1097494261688143 0.6238828867811214 -0.5747597419231557 0.3221634157803772 -0.420276237942144
5.95457325 1.251151750727906 0.14708813981518773 1.1109233089921382 0.6250877328011671 -0.5747764509818832 0.32088878647462676 -0.4194374141788127
5.95957675 1.252111421469236 0.14864052492582566 1.1130031453866986 0.6250006394313644 -0.5744508444575899 0.3202212752149505 -0.4205220123989449
5.964576 1.2524249471304536 0.14954262186675277 1.1143535332484835 0.6253547968766043 -0.5740654482272799 0.3203278306980354 -0.4204406260761725
5.969575 1.2533345835011733 0.15110363687308012 1.115975814768823 0.6259162860359478 -0.5730312329025502 0.3199725905203434 -0.42128559233475965
5.97457675 1.2542228031132048 0.1524379068016747 1.117637080753225 0.6251414403744224 -0.5730660342232264 0.32028900529323184 -0.4221474304488045
5.97957575 1.2543049359463108 0.1534952710201053 1.1189228613193918 0.626314355581376 -0.572703980583567 0.31878038185330576 -0.42204211491494964
5.9845765 1.255666778947037 0.154907248502613 1.1211960083006842 0.62536596396041 -0.5719036856504589 0.31956644612967416 -0.4239349855429941
5.989576 1.2558918641122334 0.15578104060253142 1.1224287598791305 0.6255808101106684 -0.5721671324022769 0.3191704734924564 -0.42356065854896924
5.9945745 1.256534889512878 0.15696002189005653 1.1239034292396388 0.6269148799462194 -0.5708012302881252 0.31923836315966503 -0.4233799195648251
5.999577 1.2565027597583718 0.1578585230557561 1.1259003590146328 0.627362651143291 -0.5715844519808113 0.31674083617756016 -0.42353578467680514
6.00457625 1.257643077621508 0.1589235938729768 1.1274757698997748 0.6267053757201079 -0.5707712773292163 0.31777902245988326 -0.42482586303559067
6.00957775 1.2585335061063885 0.16001818794383285 1.129512183815141 0.6256271642803392 -0.57058610717253 0.3182741620679122 -0.42629063252223587
6.014576 1.258752733462495 0.16099149755923078 1.13111906641482 0.6267135291971153 -0.5706535474455569 0.3167311355169585 -0.4257535306996714
6.01957575 1.2593445643032328 0.16161882929640214 1.1328772064841492 0.6270659715504922 -0.5698749673752366 0.3170551674713703 -0.42603616004068473
6.0245745 1.2599455159004775 0.1626438708034872 1.134629196951914 0.6276116664899783 -0.5691167231874895 0.3161249510492705 -0.4269364903567078
6.02957425 1.26090811864437 0.16344243650971976 1.1365003282636734 0.6265372457621519 -0.5690523137154585 0.31709550162071204 -0.42787964052963445
6.0345735 1.2610812566342893 0.16412920162663702 1.1385033405178207 0.6268977167072404 -0.5694986150616894 0.31587185901991044 -0.4276628916674585
6.03957275 1.2620228662841606 0.16486652162040139 1.1402432974271433 0.6266376227627874 -0.5686749180866157 0.31599568111028997 -0.429046450628632
6.04457225 1.2631287686182633 0.1660039422678138 1.1423139165502447 0.625976202228836 -0.5681722380431886 0.3158425959019309 -0.4307871362681193
6.0495695 1.2633744879351292 0.16616555172422576 1.143993942894042 0.6262037285816102 -0.5682459324259043 0.31616610063703576 -0.43012143331840047
6.054569 1.263937989693071 0.16673860393793055 1.1457373396222192 0.6262033858275216 -0.5680416707338228 0.31589608166654715 -0.4305898808330238
6.059567 1.2644693041009727 0.16710548366436465 1.1477694561480123 0.6260898156794116 -0.5679107646214436 0.31586262716360136 -0.4309520934987033
6.0645685 1.2648905283451386 0.16762700565220634 1.1495652296178838 0.6267248877879859 -0.5675356102065353 0.3150270065686407 -0.43113481801755915
6.0695685 1.266155930719407 0.16825036493130377 1.1515827489698716 0.6247048460066206 -0.5675402474459029 0.31662771773941983 -0.4328842931592854
6.074567 1.2664840683310787 0.16857954140047898 1.1532547821042123 0.6254659283680695 -0.5672042858549683 0.3157713461671848 -0.43285116090659675
6.079566 1.2673584646342022 0.169033649173579 1.155394587178408 0.6246315804823608 -0.5675647415083315 0.31603127989524876 -0.4333934505601809
6.084564 1.2679096911316674 0.16932252698538058 1.1571054927350424 0.6247957940416426 -0.5671442374747792 0.3160041888306141 -0.43372685216450496
6.08956675 1.2684604531478023 0.16950657257095364 1.1587934080486177 0.6245190019568151 -0.5661956104919442 0.3167702010695842 -0.43480476833730053
6.09456425 1.2692474525942723 0.16971531590946504 1.1609504646204631 0.6241354040312521 -0.5666561421729424 0.316468673533419 -0.43497516325006647
6.099563 1.2694474576620527 0.16974478058982254 1.1627175810860657 0.6251489414637814 -0.5663765326837555 0.31535355904670953 -0.4346936358039002
6.10456325 1.2704440878025332 0.17003931615788825 1.1647512883754274 0.623996785799939 -0.56630390926729 0.3161347907955908 -0.43587462384102843
6.10956625 1.27121464183779 0.1701353108352074 1.166595243540434 0.6234269345588276 -0.5666317732032967 0.31633144186458517 -0.43612120993015663
6.11456825 1.271504000057689 0.17011500437649307 1.1685219697329516 0.6237806154562014 -0.566841707757932 0.3155326288119373 -0.4359213028542903
6.1195675 1.2724688626127485 0.1702112192332598 1.1705000544891861 0.6228280966532146 -0.5663638509141635 0.3161001845229585 -0.43749036988437207
6.12456925 1.273014435579358 0.16998509114978536 1.1718832472075646 0.6228094278062258 -0.5654313102370659 0.3173483116471711 -0.43781948235998613
6.12957025 1.2735992543724426 0.17012638910101524 1.1742064260584903 0.6226610491387248 -0.5663855547183454 0.31567428096493555 -0.4380072712057706
6.13456925 1.2743435130062242 0.1699632579424497 1.1760527440027897 0.6218956883813712 -0.5659977801292192 0.3164394982492201 -0.4390424918037414
6.13957 1.275085511024134 0.16980148156806027 1.1779150337016369 0.6214066539170585 -0.5656787935390668 0.31691437201753175 -0.43980285789945056
6.14456925 1.275564351017514 0.1695320890817541 1.1797900642749266 0.6210153542129154 -0.5656989963352895 0.3167895229631205 -0.4404190885030439
6.149567 1.2764860838773928 0.1695403822523369 1.18198620868393 0.6206948000430527 -0.5648750864853849 0.31731325443516534 -0.4415499976530495
6.1545655 1.276843474236317 0.1690310957129219 1.1834983132032428 0.6197670872496975 -0.5655113353371204 0.317373110895726 -0.4419954701664056
6.1595665 1.2775587405885063 0.1686827743614957 1.1854253491914981 0.6193494763911251 -0.5651584997058984 0.3179738759031579 -0.4425999441339103
6.1645645 1.2779093086772606 0.16806036460383786 1.187134001904277 0.619159084935151 -0.564697861916251 0.3186380964774672 -0.44297642799893694
6.16956675 1.2787285222959874 0.1678895636220099 1.1890741936159064 0.6180891940553347 -0.5649360006946306 0.31827384245660034 -0.4444263994398787
6.17456425 1.2793016731337274 0.1674141223647935 1.1907965678148653 0.6181793400165428 -0.565198302553604 0.31791756281432554 -0.4442224731161578
6.17956475 1.2802007832260638 0.166986212456769 1.1926316911536414 0.6170508176300978 -0.5653041679369825 0.3189677902929904 -0.4449033995495096
6.18456175 1.2804502029722267 0.16638967626574386 1.1944154083169138 0.6172216743954522 -0.5652990072003232 0.318071281217278 -0.445314604723001
6.18956075 1.2815788072122467 0.16576553204537559 1.1966675794541144 0.6147873745754142 -0.5652642410324311 0.3198072888309235 -0.44747750768425587
6.19456275 1.2823379108945308 0.16522933018512836 1.198505983662018 0.6132872020532908 -0.5649228577030235 0.3206968892331416 -0.4493266939304647
6.19956375 1.2823137395493787 0.16450318417111748 1.1995676320823945 0.6153880984621359 -0.5644706115851879 0.3196785677480091 -0.4477454971860488
6.2045635 1.2834164435855113 0.1639287258278334 1.2018851052655777 0.6128876130174222 -0.5653490416058641 0.32062271577235113 -0.4493888172795352
6.20956125 1.2832848510869728 0.1630929878349603 1.2031729990285194 0.615026586123187 -0.5650044913398155 0.31944949485927066 -0.4477323345053956
6.21456275 1.2838995516334344 0.1623149658256186 1.2048635600075712 0.6139968438001787 -0.5652965690135903 0.3199011575631607 -0.4484539154190006
6.2195655 1.2849969444411664 0.161554671001326 1.2069538760131096 0.611616258464107 -0.5652241193729 0.32168446871023554 -0.45051786851590003
6.2245645 1.285506986359981 0.1610767460346909 1.2083178870724705 0.6124163914108297 -0.5650561304364133 0.3207265225590107 -0.45032458373352086
6.229565 1.2860158118625842 0.16014927892305186 1.2095535028155844 0.6113333237785729 -0.5645892658414123 0.3221948681182141 -0.4513324662516361
6.234564 1.2868127736973116 0.15904714000354792 1.2115810492870183 0.6097775700046931 -0.564564032065137 0.3238336593555478 -0.45229473784902857
6.239564 1.2875204941389842 0.15850050003334948 1.2132311959773034 0.6089487544318098 -0.5654181261666824 0.32295421301608446 -0.45297277332447533
6.244562 1.2873478044349747 0.1573030719180349 1.2142719290992576 0.6103480768012604 -0.5656854494650373 0.32220404044562695 -0.4512867754865571
6.249563 1.2878822325978512 0.1563227114103512 1.215729440575476 0.6099771081516729 -0.5656500935319733 0.322519666889985 -0.4516070899436427
6.25456375 1.2887000023104414 0.1552981279108314 1.2174200643073185 0.6084455990110116 -0.565736488891083 0.32375353712516225 -0.45268071019236816
6.25956425 1.2895813001847893 0.15462337418276528 1.218711446370237 0.6068683089567918 -0.5660860126870274 0.32426030283996304 -0.45399640728331964
6.26456525 1.2897652612288515 0.1535206718123384 1.2199895426590346 0.607557307508945 -0.5659289196532954 0.3237912607852407 -0.4536053300300155
6.26956625 1.2908221394526205 0.15270077406210952 1.2218344521009292 0.6053438814117401 -0.566087997457718 0.3247851648707975 -0.45565092016973746
6.27456725 1.2908839792079585 0.15124102891940364 1.223136122203572 0.6058712411019387 -0.5661184271583141 0.32521307742366434 -0.45460578516998973
6.27956625 1.29158617062157 0.15022853543030998 1.2244448495381137 0.6050951555035093 -0.566268981012805 0.3257970677621953 -0.4550335861960729
6.284567 1.292427136976106 0.14941926575076275 1.2255514152861335 0.6037267193238444 -0.5663434301075146 0.32629636619792646 -0.4563987828144938
6.28956575 1.2928942773776 0.14820039010462435 1.227049063557683 0.6037807068058669 -0.5665472850496442 0.32674995799469886 -0.45574937942069355
6.294565 1.2934212942514256 0.14710787466910286 1.2282429216259088 0.6028638056965222 -0.5672902342923195 0.32704925741247537 -0.4558243138355168
6.299565 1.2940690241827357 0.14590383282858657 1.2290839041288524 0.6014434079522121 -0.5668235703679191 0.32866448659915726 -0.4571176242004962
6.3045645 1.2941527229355247 0.14471208578788086 1.2302195172093486 0.6021239365747437 -0.5678321618291376 0.327899018948529 -0.45551688702920146
6.3095655 1.294702337474865 0.1435125506446888 1.231242580747499 0.6012126306535569 -0.5680741574616472 0.32893267554939826 -0.45567358857276774
6.314563 1.295789447701328 0.14226192557381895 1.232980717465357 0.5991421079474919 -0.568272560437139 0.33103439642172616 -0.45663033180479545
6.3195615 1.2961203177914116 0.14144726254003792 1.2336341059041953 0.5996949921742804 -0.5681218523371071 0.3300718918791381 -0.45678881712392055
6.324559 1.2966690366624707 0.13989182972213968 1.23481611735118 0.598889728269506 -0.5683973142486829 0.33156278459052374 -0.4564227277456057
6.32956 1.2971202800633788 0.1389875631708538 1.2355902018163736 0.5984667855207556 -0.5686588823067578 0.3314504772163623 -0.4567331423874651
6.334559 1.2980866752624907 0.13737660906612703 1.2367529201992025 0.5960466041522628 -0.5689671280501738 0.33423054607083474 -0.45748748064846995
6.33955975 1.2979387247294685 0.1360392751002881 1.237260988789751 0.5969389856630782 -0.569734587623504 0.33350992155583137 -0.45589196010111227
6.344559 1.2984292673483306 0.13477411591260724 1.2381243740139682 0.5961674486795483 -0.5702404561842694 0.334288315268677 -0.45569893300347325
6.349557 1.299078232583499 0.1334744579474303 1.239047470088769 0.5955869030911156 -0.5704311620182829 0.3353478870145982 -0.45544080289281275
6.3545595 1.2996753750115049 0.13234562816195664 1.2399841582321145 0.5945873997398478 -0.5709348098933953 0.3359158787183235 -0.4556970367991169
6.35955975 1.3000501268170765 0.1308383315272337 1.2405196644464742 0.5940554307735837 -0.5714675190011799 0.3363303105949717 -0.45541732737143165
6.36456025 1.3004969169069431 0.12949820965416853 1.241257239337658 0.5934534058042941 -0.5716029255336277 0.3375335954247148 -0.4551419807272746
6.36956025 1.3012913194783213 0.12822586967379523 1.2425660245953973 0.5915176115498324 -0.5717716109013705 0.33922376245763675 -0.4561922611988481
6.37456175 1.3017168680914883 0.12691397160629841 1.2432908613948446 0.5907185509797103 -0.5723736469518562 0.33989785604284367 -0.45597088641813693
6.3795625 1.3015166950897334 0.12522722031315825 1.2435617527085392 0.5906803813976673 -0.5729127530116096 0.3404615951868282 -0.4549214950641538
6.3845615 1.302067902756211 0.12372758709182934 1.244154644407185 0.5898770683728226 -0.5733270514230059 0.34160172785242693 -0.4545870607955342
6.38956025 1.3026998562405647 0.12272250651464181 1.2447803927090364 0.5884991536839558 -0.5740309992119548 0.34173951811810954 -0.45538034631876095
6.39456 1.3026630864802213 0.12113549225175647 1.2447297435347773 0.5898310977882248 -0.5740277716881683 0.34202055753806915 -0.4534460625410723
6.399561 1.3026284588781194 0.11950115286441966 1.245182602480239 0.5897524557730157 -0.5744752529303561 0.34298215943974175 -0.4522537595049403
6.40456225 1.3028890048501802 0.11809272821638453 1.2456114201508217 0.5894348780254148 -0.5748109855594256 0.3436421005855966 -0.4517399275606318
6.40955975 1.3038289690016143 0.11676170421175758 1.2466682558283066 0.586877955221949 -0.5749813121925315 0.3457056195013061 -0.4532751713353345
6.41455925 1.303847098315708 0.11541833031184928 1.2467367896384196 0.5881266808904562 -0.5752119859806489 0.34567661263661176 -0.4513821638977897
6.41955925 1.3039528550832744 0.11388297382215362 1.246849319950037 0.5874033234763504 -0.5759979222664656 0.34610057693258606 -0.4509968068186113
6.42455975 1.3041188081049 0.11222354102490385 1.2470416647158415 0.5873676436677282 -0.5762750690595021 0.3470086385462455 -0.44999033403726346
6.4295605 1.304733795105473 0.11081522381813375 1.2477787348862972 0.5856463270818324 -0.5764304687027292 0.3487325531312615 -0.4507015650219814
6.434559 1.304054521321095 0.10912291041612207 1.2477019384547188 0.5870205175122702 -0.5777273220190885 0.348002834558113 -0.4478080845091985
6.4395605 1.3049210737423997 0.10791461348045711 1.2480061985859554 0.5859579090261021 -0.5773957016404893 0.3492686963665543 -0.44864118214365173
6.4445575 1.304950655379712 0.10619577487267945 1.2483643062111065 0.5846253139517588 -0.5780943587245622 0.3505656659648315 -0.44846835846498584
6.449558 1.306043783043723 0.10530451673962499 1.2490434817696305 0.5832821885713995 -0.5778184443203784 0.3520481778545108 -0.44941051875524124
6.45455475 1.3056630734334582 0.10359446152930549 1.2488939222572006 0.5837116001324303 -0.5784224665413547 0.35213927559268904 -0.4480023980472757
6.459553 1.3057084229521927 0.10206484912943778 1.2485552847420314 0.5835268716624311 -0.5790304805857739 0.35244538792685937 -0.44721621295470704
6.4645525 1.3057486926744521 0.10056450930955001 1.2484583627567374 0.5836997950769615 -0.5795141390967125 0.35268304835296127 -0.44617550271005724
6.4695535 1.3060893248183085 0.09927886216412435 1.2487365135723236 0.582757255318855 -0.5800413134347959 0.35334813908959567 -0.4461963118224884
6.4745525 1.306206939770606 0.09770854903077777 1.2488079558213097 0.5822397805639633 -0.5804426560934955 0.3541061279874033 -0.4457488205679568
6.47955225 1.306159911215476 0.09612798602422848 1.2487994492424956 0.582888497357048 -0.5805849152780038 0.35475315165127924 -0.4441985560466854
6.48455075 1.3068653635907186 0.09484461080491227 1.2492628227237224 0.5813091942487983 -0.5807207404646056 0.35613068499585737 -0.44498761497420847
6.48955075 1.3067976062052682 0.09325302566247698 1.2490834621122981 0.581137232126779 -0.5810699457800084 0.35671432471743186 -0.44428833665608525
6.4945535 1.3062745798160498 0.09164041663831818 1.2485418868453644 0.5822631155197581 -0.5815944177404317 0.3563279657735173 -0.4424341514464048
6.49955275 1.3070491037546064 0.09041445272000379 1.248820999642509 -0.5798726889446737 0.5816869758978351 -0.35856366216449337 0.4436440316989423
6.50455275 1.3069567712350498 0.08873660660277027 1.2485974864544518 -0.5801619320876973 0.5819164518966891 -0.3584330828982329 0.4430700854857017
6.50955325 1.3069302778866911 0.0873583591987617 1.248491733182746 -0.5798628934018195 0.5824630456214879 -0.358902619349305 0.44236267379291677
6.51455125 1.3062491100746756 0.0856442708547348 1.2476852625745785 -0.5805886141772756 0.5826288298668902 -0.35904894941369875 0.4410718304545965
6.51955125 1.305892669473505 0.08368504335014579 1.2472667861105127 -0.5811999836807461 0.5833921332859687 -0.359619726479138 0.4387867934619468
6.52455225 1.3056416396940362 0.0822653585581337 1.2471152152826561 -0.581595869580458 0.58436621632256 -0.3588283913847662 0.43761233442857483
6.52955125 1.3057162718057158 0.08078070547354337 1.2469697557300607 -0.5807938324532439 0.5844361175648809 -0.359846700341852 0.43774798791432873
6.53455075 1.3055369118340174 0.07946227458217399 1.2464888791621778 -0.5807119723942 0.5852570484533398 -0.3596140165665 0.4369502848638869
6.5395495 1.3059357412534571 0.07808691565240379 1.246057191784585 -0.5796191779268455 0.5850939134423275 -0.3612143081864155 0.4372996050690638
6.5445485 1.3058841520407267 0.07683334712978265 1.2458522640144654 -0.5798158250245008 0.5860201283022473 -0.3607875874800066 0.43614944112784504
6.54954825 1.3054539543787775 0.07481735060476824 1.2452148783334278 -0.5805230340864558 0.586329455872688 -0.36124857987241404 0.43440791844907434
6.55454725 1.3053074954640593 0.073405713110556 1.2447004011087615 -0.5802822533378329 0.5864451273559634 -0.36182089534195766 0.43409706144543203
6.55954575 1.3063578575425612 0.07282870678750931 1.2449546623040688 -0.5773460236849367 0.5868554452782246 -0.36318054605083266 0.43631656655770934
6.56454575 1.3064750199956243 0.07119587371965878 1.2443913032229887 -0.5770407623693053 0.586941119384873 -0.36425632446731854 0.435707942347902
6.5695455 1.306324979039816 0.06983947586893142 1.2437971591830976 -0.5765925204086052 0.5872936799228985 -0.36491851899060423 0.43527195341438696
6.57454325 1.3056525848660707 0.06805329554566203 1.2427643729850224 -0.576988866581766 0.5879614749552547 -0.36478635224015626 0.4339539941381473
6.579541 1.3056265595919554 0.06651830366963624 1.2421268873454694 -0.5776661708134557 0.5879094578219862 -0.36494631285206114 0.43298782111840406
6.58453925 1.3052432716900444 0.06507622774001576 1.2413727094663252 -0.5778641214151414 0.5882916315280514 -0.36518381790868615 0.43200323215550784
6.5895385 1.3053155214295797 0.0640285997337343 1.241275224291486 -0.5764495063921847 0.5889306531335997 -0.3662716709667183 0.4321015105586722
6.5945375 1.3050926248603005 0.06254001680492809 1.240381392018353 -0.5762167967762614 0.5891104117357012 -0.3667811180624209 0.4317345681438742
6.5995365 1.3050022007474866 0.06133677151098738 1.239776257496075 -0.575232787029119 0.5897652690853696 -0.3674263635745159 0.43160402622980854
6.60453775 1.3038901718156026 0.05979589539732425 1.238591470989155 -0.5769837012586256 0.5906906392125505 -0.3657252864280441 0.42944078997655866
6.609537 1.3044408149358446 0.058711208032647955 1.2383609083882012 -0.5745874795706868 0.5900698765275961 -0.36827608194131256 0.43132296090663746
6.61453625 1.303378188603571 0.05717695710738165 1.2371607746431506 -0.576287077223391 0.5912860130439731 -0.3665390970216038 0.42886261874692616
6.61953475 1.3036598028761406 0.05591046849725714 1.2365891382736292 -0.5748648240003092 0.5912555476824296 -0.3688291271702269 0.4288500745163654
6.62453325 1.3026510131123963 0.05449641319697224 1.235341659819864 -0.5764654400253325 0.5920125204500202 -0.36742785799177824 0.4268554102484679
6.62953375 1.302292299089378 0.05318325011699273 1.2344205868175693 -0.5763099265088055 0.5923563643293407 -0.36785929244095034 0.42621631504528784
6.634535 1.3019445695907357 0.051917596626081974 1.2334678408966622 -0.5761456897563889 0.592655503831727 -0.3681306121121917 0.4257880345653218
6.639534 1.3014602315677861 0.05076537110621734 1.2324418570405518 -0.5759799236333948 0.5934222839241379 -0.3677145704585179 0.4253035565170319
6.64453475 1.3009068082158086 0.04945061460113609 1.2313815625565938 -0.5764344557829879 0.5936237461009967 -0.3679971582569645 0.4241606508930178
6.649533 1.3007185859003936 0.048284741139488045 1.2304446973677965 -0.5758941827196106 0.5936230198762324 -0.3690057535787071 0.42401928542053885
6.654532 1.3001264533599237 0.047091114469052175 1.229389606361568 -0.5757407117841803 0.594528862475804 -0.3686537415146263 0.42326408227575746
6.65953075 1.2996574189034464 0.04592963448446071 1.2283254223651192 -0.5754917923107082 0.5949004376074342 -0.3690835234592886 0.42270559379829437
6.66453125 1.299208846225878 0.04478378237227023 1.2270849032678164 -0.575082230865095 0.5952201419523901 -0.3694224027131272 0.42251686206713956
6.66953425 1.2986477511171224 0.04364223928815428 1.2259425935404875 -0.5751390256166914 0.5954376336106559 -0.36936565762018175 0.42218258687875265
6.67453525 1.2979352565510947 0.04261088187456267 1.2249119873651912 -0.575204898510932 0.5960122569117645 -0.36952308923725513 0.4211429696202095
6.679534 1.2974017102079638 0.04141480804497747 1.2236211774169106 -0.5747541370890898 0.5958179713694295 -0.370398314517582 0.42126442467258957
6.68453325 1.2968892904727687 0.04019157388941585 1.2223215082858179 -0.5745061616671118 0.5959919106681477 -0.3708354646207702 0.4209719358866461
6.689533 1.2963807742199929 0.03917965242836328 1.221325866328177 -0.5747126395725888 0.5965571458269948 -0.3710358848681849 0.41971100273681194
6.6945335 1.2955993601645528 0.03824612151320688 1.220000288291205 -0.575201038785689 0.5968719832276104 -0.37062353334642817 0.4189579897168839
6.69953475 1.2951272774641187 0.03742011761251009 1.2186988243665242 -0.5743985462489868 0.5976934480343922 -0.37063547564888255 0.4188773047496566
6.70453725 1.2946167767522265 0.03627053664261258 1.217284800471271 -0.5743134447040944 0.5978809786715941 -0.3713149546272406 0.41812391350529593
6.709537 1.2940119928921592 0.03535402164737657 1.2158525715360287 -0.5743420948416296 0.597709099020971 -0.3713270865064861 0.4183194782305413
6.71453675 1.2932225858312654 0.034418549757799524 1.21445929767669 -0.5742292439576115 0.5986097103361583 -0.3708791323866472 0.4175833560323713
6.71953625 1.2924948379188546 0.03353692475452486 1.2132320155586875 -0.574420839991601 0.5990940132869563 -0.37093208428902613 0.41657706450556126
6.72453625 1.2919396916504546 0.032520350750431394 1.2114700966290246 -0.5744701849876399 0.5987462712667335 -0.37174067519894577 0.4162880968837348
6.729536 1.291208215380543 0.03179657641657993 1.2102454714685804 -0.5741243516308541 0.5996610134928134 -0.37152543033599095 0.41564017175302004
6.73453675 1.2906721111412383 0.030804141048292127 1.2087113526157311 -0.5738354249690434 0.599939385492589 -0.3717821910090467 0.41540780112304654
6.73954 1.2900172231933458 0.03009788048575581 1.207018918653687 -0.5729435840213933 0.5997471258845829 -0.372887661619788 0.4159252653225451
6.74453925 1.2893428769264046 0.029363341307245088 1.2057763544637716 -0.5735097803171114 0.6005705848050903 -0.3721124129159112 0.41464907657124805
6.74954 1.2885735931433273 0.028916475924023848 1.2039448762800125 -0.5735409623587397 0.6010174528034626 -0.37188281910124604 0.41416416404556056
6.75454125 1.2880238626676064 0.028163114285654756 1.202569121210201 -0.5730682225176013 0.6013927969877818 -0.3722782310357565 0.41391839143557924
6.75954325 1.2873538561909992 0.02743886655382096 1.2009957859937475 -0.5730674542591543 0.6016976737728296 -0.3723209802485861 0.4134376493644835
6.76454275 1.2865405853562488 0.026616625304205426 1.199333882803611 -0.5734255563373369 0.6020718009944167 -0.3722288353930463 0.41247832899255626
6.76954225 1.2859237455966719 0.02609390060350138 1.1977680425758033 -0.5730040547758186 0.6024452872252101 -0.37232786903467846 0.4124293721968651
6.77454425 1.2853654522792712 0.02555098357319484 1.1960370756077328 -0.5727412163617864 0.6027242571125105 -0.3724930418767611 0.412237677465308
6.779543 1.285324836754029 0.024994282837133522 1.1948612847128441 -0.5711587864481726 0.6028161994014165 -0.3739036514767815 0.41302097987222397
6.7845415 1.2847446860513685 0.024227926166661782 1.1931134867954727 -0.5710327420261848 0.6026155772651699 -0.3750270897699274 0.41246909643041346
6.7895435 1.2841198657543411 0.023987210994814594 1.1914666128626112 -0.570669554417527 0.6033913918860214 -0.37422392949407524 0.41256701086340425
6.794542 1.2834202982485166 0.023067603767055675 1.1896594322660548 -0.570760403024926 0.603529166529464 -0.3753780404693487 0.41118904924677463
6.799543 1.2830386157999552 0.02218338745233156 1.187757403006144 -0.5710969119453153 0.6033654056764097 -0.3753867448763578 0.4109541290346144
6.80454475 1.2811617403417663 0.022046903945461317 1.18539153952497 -0.5723407652776299 0.6053556381095635 -0.3728713479783229 0.40857992812570776
6.80954675 1.2812843633530988 0.021795623716073815 1.1842983205391253 -0.5708453492004478 0.6053717851220454 -0.3740281883518002 0.40958943271602777
6.81454675 1.2806397387612523 0.021418982921069942 1.182248363928393 -0.5706237912222699 0.605871699438092 -0.37406384217098126 0.4091261598717498
6.81954625 1.2800484397248928 0.020977599720994902 1.1806481312833867 -0.5706618123332148 0.6060763639833262 -0.37441548034113964 0.40844777517601344
6.82454475 1.2789825392972198 0.02032386233576814 1.1786394732328878 -0.571343620323652 0.6068597858426058 -0.3736975351144712 0.40698626523741266
6.82954525 1.27758005332943 0.019710218939999503 1.1762772100408043 -0.5727657118376392 0.6077989553937199 -0.3725115299343081 0.4046665654973565
6.834546 1.2777849003578534 0.019545975015985397 1.1746379192935954 -0.5707704861451155 0.6078773806403868 -0.3737057516256078 0.40626365017484684
6.8395435 1.2764122219410083 0.019201492562514588 1.1723637326358542 -0.5723982424876871 0.6086351789979562 -0.37243223937123415 0.40400210143025295
6.8445415 1.27571228892145 0.01892228652715231 1.1705280177149693 -0.5725606233797375 0.6090296854196608 -0.37229246871079913 0.4033057061012826
6.8495415 1.2760978558552565 0.01895679465775697 1.16906665571949 -0.5702073483029376 0.609076597401074 -0.37391305204302083 0.40506580693948413
6.8545415 1.2744135852115654 0.018299170501605903 1.1665310709128018 -0.5728074814266272 0.6098378855687419 -0.372015995956787 0.4019868670728062
6.8595405 1.2749947252544254 0.017930079006144652 1.1649633259355336 -0.5711947542920557 0.6092078374772733 -0.37358295181997225 0.40377981813728453
6.8645405 1.2731312338994443 0.017975215248955793 1.1626626177019797 -0.5731443069617198 0.610663110911742 -0.3711420167990906 0.40106080802699623
6.86953875 1.2723911763188702 0.017675600000789767 1.1605018167508347 -0.5736615629538674 0.6111884125825725 -0.37053773190328326 0.40007864820568945
6.87453625 1.2722607120464235 0.017384352398896845 1.1584899482688698 -0.5726026997658598 0.6111700296577883 -0.37202369700872584 0.40024456515099194
6.87953775 1.2715565909708304 0.017487672464695694 1.156018569806017 -0.5730829061967 0.611027049880379 -0.37199169892220973 0.399805081099019
6.88453925 1.2708088801943147 0.017167580527225584 1.1544492912528082 -0.5735414286202094 0.612442483747382 -0.37002764461210474 0.39880317950142385
6.88953925 1.2701502114921117 0.017070969748683485 1.1521979457190479 -0.5742374431047224 0.6126560501734604 -0.36935944791444714 0.3980923528011307
6.89453825 1.2710787482814057 0.017616016485405867 1.1505560022801862 -0.5711677775097321 0.6123165908621592 -0.37144173130694885 0.40108203990359953
6.89954025 1.2698668407005718 0.017337781620531574 1.1479893774998762 -0.5727841779024728 0.6130134306546893 -0.3702036672849178 0.3988509296847067
6.90453925 1.2689316114820932 0.016989861113718453 1.1461836707754238 -0.5737834243421152 0.613589237655964 -0.3690734090984497 0.3975747075449564
6.90954075 1.2683118025037492 0.01725768539966098 1.144068705742707 -0.5739468571216255 0.6142241960622572 -0.3681665650778425 0.3971989709587182
6.91454075 1.267545849014115 0.01723349274350922 1.1417046319473603 -0.5743444853623826 0.614824380899856 -0.3664743992605045 0.3972605032866733
6.9195415 1.267304125598565 0.017420882779386054 1.1393797227562534 -0.574716954739616 0.6151413054566244 -0.36696228210151466 0.39577806883503613
6.924541 1.2668574576400242 0.017178375111905474 1.1375244746370141 -0.5747985494611569 0.6151338690454228 -0.3670646382367715 0.39557616465943307
6.92954275 1.2670584924419084 0.017585486166648782 1.1358109988335532 -0.5740260368924137 0.6154242572632787 -0.36748327779001405 0.395857465618925
6.9345435 1.2667332965886104 0.017602475505288945 1.1334136269435955 -0.5736656994765111 0.6151235330906869 -0.3679533299348847 0.39641020581209285
6.939546 1.265699670961026 0.017616771897238287 1.130876846486196 -0.5752875274716222 0.6162930178222409 -0.3668567082099118 0.3932471647202689
6.9445445 1.265388746443102 0.018091254088941654 1.1284581179826494 -0.5751765633607717 0.6166541148874395 -0.36649101534253065 0.3931843832428771
6.949545 1.2654076180967087 0.01857366151380633 1.1271113981606238 -0.5748310079605035 0.6171517268852543 -0.3656697821116908 0.3936733020412342
6.954544 1.265408394658549 0.018965557522149745 1.124775595201059 -0.5739299371534111 0.6172717342609028 -0.3662733981616313 0.39423829230650614
6.9595455 1.2638891844097822 0.01860718989003332 1.1222618430120859 -0.5768564500981979 0.6177958822463216 -0.3641262364408557 0.3911227017126625
6.9645445 1.2642380797810437 0.019218872691892867 1.1205243020591862 -0.575739999180932 0.618005289809183 -0.36483231669226784 0.3917783758810086
6.969548 1.2638304767966646 0.01899723924198281 1.1182284448096218 -0.5753923307162305 0.6186051346847788 -0.365213155946408 0.3909868333054648
6.9745475 1.2638500181455614 0.02024518750364701 1.115960430572136 -0.5750971541898929 0.6187597494750072 -0.36450206861712187 0.39183909662787847
6.979548 1.2623563330767678 0.019944142537777085 1.113026261013736 -0.5777073481081518 0.6190606690347545 -0.36289968656321275 0.3890011895719738
6.98454675 1.2628526612541648 0.020699727610526845 1.111604886845486 -0.5765759518642893 0.6194497489249482 -0.3634954150462526 0.38950386843901774
6.98955025 1.2619255852055895 0.021058524374494302 1.1085200168584834 -0.5775439419927565 0.6197060562986488 -0.3627531501806942 0.3883523540397639
6.99454925 1.2612245281971177 0.021249648358837796 1.1065564434721467 -0.5790860891787489 0.6208082344401951 -0.360678965362247 0.3862215961286073
6.999554 1.2619301658230277 0.022076608434374426 1.1050257320299683 -0.5772403509132189 0.620683753179824 -0.3617651413836193 0.38816393224497425
7.00455725 1.2606764662387293 0.022329254425204156 1.1024309200180071 -0.579370251392608 0.6213150079585913 -0.35988991339274423 0.3857162466436241
7.00955925 1.2613741639625962 0.022902250381070775 1.1007389452782352 -0.5783268675433756 0.620781842761297 -0.3613987089602227 0.3867284721057389
7.014562 1.260118686266248 0.02318631873871993 1.097714769538136 -0.5800055078086991 0.6210881525049078 -0.3599155642052177 0.38510245957725764
7.0195615 1.2609770784666097 0.02428919385497274 1.0962552358987867 -0.5776930221497099 0.6220431619696657 -0.35985667728024645 0.3870868747750763
7.024565 1.2597777962142762 0.024334254250042455 1.0936552144207614 -0.5800350442130747 0.6223008057049946 -0.3591987764629777 0.38376723894979714
7.029564 1.2594558162381058 0.025183923222737794 1.0915769534389812 -0.5799923214118589 0.6227524995457296 -0.3578399094852768 0.38436809257845245
7.03456475 1.2601802449525894 0.02606075202024229 1.0901183215145558 -0.5790281352549285 0.6222925836128067 -0.3593031070978435 0.3852007738745259
7.039568 1.2588144056452732 0.02647345699057096 1.0874398978302888 -0.5811710107100476 0.6229783426215452 -0.35689721413654074 0.38309609692132196
7.04456675 1.2598885421379031 0.027521936034958144 1.0859209551270381 -0.5793611212829936 0.6224447634165783 -0.35863343269868136 0.38507826294371994
7.0495675 1.2596137095207782 0.027875204244464744 1.083757032561873 -0.5796276566651589 0.6224025720439941 -0.3591119965265946 0.3842985712861295
7.054567 1.2580151981242353 0.02865545008999803 1.081179194207115 -0.5832517225931955 0.6231669337928354 -0.3551275972763096 0.3812673476342568
7.059566 1.2580573718198331 0.029202183963412124 1.0793272332677315 -0.5824884755023705 0.6232229993521291 -0.35569943457221503 0.38180909003121816
7.0645675 1.2578603401543407 0.030128236644086395 1.0773641282585928 -0.5824520709101586 0.6237184803782404 -0.35520277425683844 0.3815177996992691
7.0695655 1.2584822650937586 0.030964813060696036 1.0755956337903574 -0.5819555136751559 0.6231658150064755 -0.3559795707807279 0.38245351651824205
7.07456225 1.258345337423718 0.03179096744378765 1.073564126304392 -0.5812249281919607 0.6237438318601966 -0.3556098538882957 0.3829658560265575
7.07956025 1.257256163845528 0.03229216823830804 1.0709063795476328 -0.5843136779264625 0.6237118131700795 -0.35350303489984414 0.38025873325505827
7.0845595 1.2578204723418167 0.03342113320743785 1.0696289334912652 -0.5827855133196966 0.6230875000056173 -0.3547077403122986 0.38249893040894956
7.0895605 1.2566207225070483 0.034346262572673966 1.0672979710521517 -0.5856309065283716 0.6240028524071997 -0.35147711804015686 0.3796323445132434
7.0945605 1.2564203533527953 0.03518978562838445 1.0653436228336666 -0.5863020255946816 0.6242798187809674 -0.3507144311597441 0.37884565514556556
7.0995625 1.2566221872153664 0.03610368335916689 1.0636492917726463 -0.5856772135516116 0.6239145137814358 -0.3515110145817182 0.37967471294125665
7.10456475 1.257113107058014 0.03732381822836672 1.0622611599957366 -0.5840596815449195 0.624375773878565 -0.3515585305036344 0.3813604345200424
7.10956275 1.2560801878873236 0.0380438890123876 1.0598818532965195 -0.5870104379995675 0.6246134623483531 -0.3491956318961376 0.37860160987166375
7.114566 1.2560403804231168 0.0390512238123915 1.0580684417700903 -0.587397736593557 0.6244591963071808 -0.34874118161133183 0.37867426561688644
7.11956575 1.2559493613419224 0.04010761008592732 1.0562318551755214 -0.5879821593552239 0.6241488476714221 -0.3484520470734034 0.3785450661688228
7.12456475 1.255778909370348 0.04120311492313001 1.054591147765079 -0.588454976515513 0.624500408015945 -0.34727260783541714 0.37831430960146584
7.129566 1.2556528457414706 0.042423672189299946 1.052889218830717 -0.5881799273959499 0.6249353020041443 -0.3464678442235781 0.3787615004677092
7.134565 1.2557382188774588 0.04348770881302142 1.051190260484377 -0.5887908831175789 0.6244160998795892 -0.3462965741098312 0.37882517462357035
7.1395655 1.2555514529192953 0.04464520235592642 1.049583457659207 -0.5891428094121064 0.6247278025765943 -0.3453663989466698 0.37861322386366814
7.144564 1.255640606984191 0.04565087870291794 1.047913799773805 -0.5896920130522226 0.6243155366458764 -0.34497731600175735 0.3787929406538779
7.149565 1.2553561376594817 0.04691719245687044 1.0462880019985192 -0.5909426125936881 0.6242402357916597 -0.34359611632379783 0.37822303669517915
7.15456975 1.2553369818692008 0.0482123441508283 1.0447689150685775 -0.5916104469916152 0.6241233595182945 -0.3428631449747514 0.3780370020672598
7.1595715 1.255427977338045 0.04934767010873704 1.0433134675985285 -0.5919125621343503 0.6243806036696524 -0.3422413173308902 0.37770260954921436
7.164572 1.255273725959635 0.05061847192848588 1.0417594754477202 -0.5926455828929785 0.624368550098303 -0.3412442000452277 0.3774751947626191
7.169571 1.2555546455598339 0.051832097271713506 1.0403325217892443 -0.5924166683715787 0.6244747947875263 -0.34105748389145973 0.37782736056593685
7.1745725 1.2554287973701417 0.053046846706215414 1.0387996737697303 -0.5928597701859953 0.6237877796312599 -0.3405529467961599 0.3787212554190266
7.1795715 1.2552485881998408 0.05423498168736067 1.0371210694250668 -0.5946602638816356 0.623347387456474 -0.3398115147971854 0.3772868133431835
7.184569 1.255369657259782 0.055647950378961655 1.0358883738717346 -0.5947465793635788 0.6233687442747141 -0.33883633254980244 0.3779918712629783
7.18957175 1.2555890516754011 0.057114619119695245 1.0348022361399123 -0.5950364904234929 0.6238407270667702 -0.3376540478802928 0.37781485712892343
7.19457 1.2559163100209678 0.0585095459025914 1.033626338111257 -0.5948098135602412 0.6241547458653862 -0.33737620782516214 0.37790135392673496
7.19957125 1.255865242015398 0.059909318679287546 1.0322749500710926 -0.5957935388380682 0.6240131559770293 -0.33614373796332864 0.3776837667605532
7.20457125 1.2559427928524776 0.061282224275470906 1.0311159600657693 -0.5965175818703942 0.6236619817221652 -0.3353503863193034 0.37782618420296543
7.20957075 1.2560901568669836 0.06272347281439539 1.0298920195581482 -0.5971816085463557 0.6234371112090775 -0.33445774291476726 0.3779395626097207
7.2145715 1.2561874713100094 0.0641031557466934 1.0287813802716976 -0.5977934142971424 0.6232643357901234 -0.3337078950165597 0.37792015341693325
7.21957125 1.2563245495249409 0.06554752318669772 1.0277059094968393 -0.5984597049710613 0.623059059725809 -0.3328854361120473 0.37792945908467257
7.2245735 1.2566014995351922 0.06727380984980333 1.0268124161131367 -0.5987852504895085 0.6231636014830889 -0.33195106291476073 0.37806327699553566
7.2295755 1.2566856615158426 0.06869072385107808 1.0258232902700344 -0.5996606788150697 0.6227006493737843 -0.33111784778765796 0.37816919814943506
7.23457575 1.2569920070489518 0.07023714218253439 1.0249114946281366 -0.6001074729476342 0.6222939548533344 -0.33058536769409724 0.3785955220706649
7.2395785 1.257249536656637 0.0716403262141165 1.0240104012893803 -0.6003739580768943 0.6219891323398139 -0.33014687163081424 0.37905629247729883
7.2445805 1.257485793701768 0.07333119029358787 1.0232151172309356 -0.6010806789381952 0.6218785950300778 -0.32914102083334895 0.37899237308341127
7.24957975 1.2577313321648338 0.07499065844393568 1.022420094737714 -0.6017000448741958 0.6215046297391837 -0.3280131870445852 0.3796003165646793
7.2545825 1.2580205630799823 0.07652401018514045 1.0216114171318273 -0.6023227082225046 0.6212083246353647 -0.3273817111284216 0.37964297409784603
7.25958275 1.2582638001346196 0.07806184070183776 1.0210005436418763 -0.6029544107619665 0.620963855733797 -0.32664007897149494 0.3796789791710905
7.264584 1.2582480312666615 0.0796815489098403 1.0201576363569682 -0.6017409067951597 0.6225209650532361 -0.32545556103506623 0.3800713182415595
7.269583 1.25862277453157 0.0813597457063035 1.0195526600040248 -0.6020400805158054 0.6226946695466153 -0.32465391207942174 0.3799985886056435
7.274582 1.25877490786615 0.08264129750401339 1.0188523890071493 -0.6024493575853438 0.6222735478986197 -0.3240145251451596 0.38058506358714045
7.279583 1.2591451428642715 0.08462049379220529 1.0183399361322307 -0.6030313812346759 0.6222676683050506 -0.32243745425123477 0.38101206060225595
7.28458275 1.2595439594936277 0.08639283182763177 1.0179204432232816 -0.6034961005437636 0.6219860923847675 -0.3213173511566729 0.38168169638333244
7.28958375 1.259883513476014 0.08779364396828485 1.017594979360257 -0.6039885075008677 0.621926890613659 -0.3211913613884754 0.381104887016577
7.29458625 1.2604775004402347 0.08999990178865627 1.0171940568020221 -0.6038555586197274 0.6210946593527272 -0.32031456374900624 0.3834037932752629
7.29958575 1.2609091729752446 0.09171767840723463 1.017039487100945 -0.6039970657399273 0.6211096656492552 -0.31905347862844197 0.38420724302089715
7.3045875 1.2614588476938209 0.09279711209622529 1.0170711900131304 -0.6058345867124595 0.6195125563277332 -0.3198097588835854 0.38326278741621117
7.30959 1.2617180004065613 0.09429305323240485 1.0167355597165897 -0.6053462333711247 0.6200662988883213 -0.31935233850653816 0.38352028188446086
7.3145925 1.2621816819692804 0.09600170031463176 1.0167283287876536 -0.6068964388948366 0.6187780223037029 -0.3182412970026805 0.3840741444730897
7.31959425 1.262655582800486 0.09784314787644524 1.0167264922052963 -0.6080812081885512 0.6189091128426202 -0.31655476957412854 0.3833820968018499
7.32459425 1.2630626647356373 0.1001248552633448 1.016337342924745 -0.6066733091904136 0.6198976943563033 -0.314447285636591 0.38574246461009726
7.329595 1.2635880376120356 0.10168577510551825 1.0161314487190787 -0.6075280062343374 0.6189031971873193 -0.31413606454880644 0.38624744284206347
7.334595 1.263992573242435 0.10299904798581339 1.0163964521552762 -0.60814132018619 0.6193836334282492 -0.31376639700919084 0.3848099497560956
7.33959375 1.26460013918551 0.10520642839822898 1.016377305556918 -0.6079012619678218 0.6192062309785142 -0.3119185906998714 0.38697091879250933
7.344594 1.265154178504626 0.10621980047796996 1.0166543564548753 -0.6101195135732528 0.6175149125610031 -0.31274466714466576 0.38551301546703487
7.34959525 1.2655916504061624 0.10782774802968731 1.0164933291063944 -0.6116378854003212 0.6164123699493375 -0.3119342489236317 0.3855280945208981
7.35459475 1.2660842013321314 0.11012911557031219 1.016629094852526 -0.6100601404172609 0.6176228473358577 -0.309494959260059 0.3880483394055878
7.35959425 1.2667004569721958 0.11110176724982035 1.016954083323596 -0.6121021214454596 0.6158468391420846 -0.3104243822748768 0.38691131610477897
7.364594 1.2672391073552456 0.11274862496948591 1.017137416436493 -0.6127563670572204 0.6157250914059176 -0.3092961934257024 0.38697301091469116
7.3695915 1.2677077906953433 0.11451298758894689 1.017380070489636 -0.6120340020454258 0.6167376487863946 -0.3079623146349143 0.3875671111877213
7.37459 1.268659328571865 0.11609934030333305 1.0179082704790825 -0.613530768932665 0.6148387650139674 -0.30831054614026465 0.38794058275422005
7.379591 1.2692443227271946 0.11761721732719485 1.0181315617387032 -0.6136341127175128 0.6146378000840353 -0.3074643136448519 0.3887663131653106
7.38458975 1.2695735727672373 0.12006669329240154 1.0184167340096113 -0.6134503745825586 0.6157147006670013 -0.3042911983018162 0.38984729310732474
7.38959225 1.2702365384459382 0.12106222343379906 1.0190632740300156 0.6155357436605341 -0.6141582069848155 0.3049579871899488 -0.38849204769020035
7.394591 1.2710567007693074 0.1226428829950892 1.0194848599575348 0.6153564225209438 -0.6131550460127183 0.3051411700549963 -0.39021305609735146
7.39959125 1.2716045880506606 0.12428937761876477 1.0202338606394539 0.615677135661475 -0.613022320485528 0.3040321844897653 -0.3907809232864389
7.40459275 1.2724132282078355 0.12596779513645856 1.020721177347621 0.6163684138512717 -0.612617407481917 0.3034799401911359 -0.3907554431587446
7.40959325 1.273073242225996 0.1276040901748267 1.0213323796524985 0.6169134753037055 -0.6124013154156549 0.3026962435568116 -0.390841882354585
7.4145925 1.273494700703898 0.1290858205212858 1.021930173568408 0.6174468514238431 -0.6122350685328382 0.3014977152888213 -0.3911863164797491
7.419593 1.2742106480475377 0.13074490677034842 1.0227348921065 0.6178933164335276 -0.6120792124526663 0.3004573193276711 -0.3915255885028848
7.4245895 1.2751975164032263 0.13224830779972993 1.0232892471804635 0.6175795742856922 -0.6115212549750868 0.301079188837912 -0.392413743627186
7.429589 1.27593984467002 0.13382388087944228 1.024039923622921 0.6180009093891093 -0.6111484464688486 0.30029828348061766 -0.39292924720812195
7.43458975 1.2764049769405152 0.13508018996811944 1.0244381045605016 0.6181871137505959 -0.6106220272653933 0.30014710079940515 -0.3935697525124623
7.43958925 1.27720632685975 0.1368761548103593 1.0256540219461698 0.6192107348891248 -0.6106274920468046 0.2981196013220884 -0.3934931194598689
7.4445875 1.277877381513793 0.1383444823642973 1.0264464274358023 0.6198221158171544 -0.6104622960748509 0.29730618518694857 -0.3934022903651564
7.44958725 1.2786623965613186 0.13989437853470674 1.0274074142482954 0.6199410083979398 -0.6101051629876453 0.29685152471172094 -0.39411167006153314
7.454591 1.2790788492892016 0.1412152025420774 1.0280565485382622 0.6203397362841395 -0.6101280636584512 0.29591631623907355 -0.39415211696350155
7.459589 1.280233813997335 0.1429959830356679 1.029146480378506 0.6199197314057846 -0.6098900048436772 0.29588523980279735 -0.3952032812014601
7.46458825 1.2809982437755627 0.14434309332704653 1.030185064881494 0.6206214703788205 -0.6092615689952089 0.29563888837850644 -0.3952555865875245
7.46958725 1.2808411652952287 0.1455218341989578 1.0310188928700343 0.6223687860980185 -0.6093943531129843 0.2932971869383211 -0.3940461605179701
7.474588 1.2823776670358706 0.14715642388678782 1.0320787216144487 0.6211552605856188 -0.6089424094010971 0.2944234411591567 -0.395815767214495
7.479586 1.2833211564082583 0.14856615540992135 1.0331842680708474 0.6212295431322022 -0.6079541559936206 0.29516924125032074 -0.396661969401592
7.48458725 1.2835354813793156 0.14998683535907537 1.034236900807598 0.6231028851335458 -0.6080123465795265 0.29262455848774066 -0.3955182027605857
7.48958725 1.2846111225505559 0.15129360372806985 1.0355639374342651 0.6226676178639513 -0.6079818439286386 0.29241647446195906 -0.3964034820482827
7.49458625 1.2850905801284136 0.15267866773905714 1.0366104413333717 0.624100537150301 -0.6078638495688763 0.2905131510992766 -0.39572991920548684
7.4995875 1.286012488895999 0.15395563910184307 1.0381124896933702 0.6231533220442478 -0.6076259177626154 0.2910274901960345 -0.3972073529512694
7.50459 1.2868186063713685 0.15533150980453606 1.0394431395585575 0.6231855056605946 -0.6074708267469658 0.29052785900968464 -0.39775945409902635
7.50959 1.2873535084337064 0.15641564083213766 1.0405127405480996 0.6231365709235602 -0.6076221876539147 0.29010346911172763 -0.39791464946347277
7.5145895 1.2882769012235766 0.1577875088710748 1.0418417326223388 0.6238254160092943 -0.6071192457721136 0.2894581146721671 -0.39807294759172623
7.51959075 1.289410877723032 0.15899337689324958 1.0432207543741832 0.6233562956717411 -0.6064570397969302 0.29057477739012616 -0.39900261436715934
7.52459025 1.2900198924461086 0.16014951790402032 1.044354378520124 0.6238530913273915 -0.6057733725336882 0.2903809397872535 -0.39940562261777174
7.5295895 1.290719483369363 0.1614375647679452 1.0460284151412613 0.6244140856387687 -0.605838796557373 0.2887537113788974 -0.39960942982708325
7.53459075 1.2916250394581326 0.1626173987220758 1.047344371004523 0.6244866347445794 -0.6057015489604176 0.2886471723254499 -0.3997810482262299
7.53958875 1.2919412903116738 0.16360579856563903 1.0485804062673574 0.6248723508911893 -0.6059214446441922 0.28741476406007765 -0.39973303767927837
7.544588 1.2934325537099751 0.16481127473743026 1.0503786036924005 0.6241181654488909 -0.6050526021052758 0.2889861121739539 -0.4010921231000786
7.54959 1.2941820875025425 0.16595144532143094 1.0519423544155642 0.624195239016193 -0.604915875697601 0.2883931118927606 -0.40160490526303566
7.554592 1.2949183575159553 0.16704543040170636 1.053415600011525 0.6245737394054556 -0.6047764848226993 0.28767170921769974 -0.4017437431576908
7.55959075 1.2958491738195985 0.16797221353630504 1.0546436269086112 0.6244221202440831 -0.6040619379076072 0.28884462024578855 -0.40221260084221155
7.56459125 1.2964178405229294 0.16889087097322716 1.0561839824774562 0.6240365560677433 -0.6041126197624099 0.28831394206021227 -0.4031146116783771
7.56959025 1.2976031110159951 0.17000396369892856 1.0582407781298633 0.6241495288208545 -0.6040572646047551 0.28787660671736803 -0.4033351535086177
7.5745915 1.2984914863486217 0.17095601821832346 1.0597077911632486 0.6243538344053294 -0.6037138198665982 0.2878835638184876 -0.40352814876859533
7.57959175 1.2992840477073313 0.1719758380472441 1.0612724753007974 0.6246956815818236 -0.60356005238277 0.28718012821766237 -0.40373028439493563
7.584589 1.300062201525281 0.17286958286926268 1.062939269703272 0.6245721183023173 -0.6033923331726868 0.287075077750429 -0.40424653497879576
7.58959 1.3007781178799394 0.17365662844414406 1.0647917381529728 0.6243549176931932 -0.6027822913598849 0.28684607562912245 -0.4056522832074588
7.594589 1.3016771208873914 0.17442836291680727 1.0662564330807593 0.6250302817146514 -0.6026430329984198 0.2866866974470296 -0.404931178381073
7.5995895 1.302758603422009 0.1753019798457136 1.0680370254789986 0.6247054511674331 -0.6023587384367772 0.2866193948500753 -0.4059019241224716
7.60458925 1.3035354470832092 0.17615355262837834 1.0699189622520608 0.624491551236329 -0.6023961996449315 0.28613954786868956 -0.4065135670962152
7.609588 1.304483641788881 0.1768715702285216 1.071586192701485 0.6246904957858479 -0.6020499056880809 0.28635179461208443 -0.4065714516025973
7.61458625 1.3053868117664569 0.17761305194076166 1.0734588025013012 0.6244108952478 -0.6019077018277852 0.28633299442403365 -0.4072242240834912
7.61958675 1.30617933261372 0.17828382678914959 1.074929696250365 0.6251427002808685 -0.601037353090723 0.28598141129393395 -0.40763382694468747
7.624586 1.307356511053821 0.17897110926832172 1.0767838274573933 0.6245419257009717 -0.6007890823016301 0.28661198977292923 -0.4084769625661763
7.6295855 1.3078908065395414 0.17967526852243307 1.0790233939654466 0.6245957344751781 -0.6015123132882698 0.28466096985634065 -0.40869455303252405
7.63458425 1.3088757808215092 0.18028060987355096 1.0805365531945061 0.6251133995702918 -0.600809947019434 0.28527087273649493 -0.40851092324237315
7.639584 1.3099674253244582 0.1808229819261671 1.082406358185211 0.6244418870250209 -0.6006145921661628 0.2858613249816689 -0.40941146086233315
7.6445835 1.3108181632219955 0.18143849390832423 1.0842511753620572 0.6249360177691707 -0.6002343514247277 0.28523374224911746 -0.4096527912111806
7.649581 1.3117022336872626 0.18197753146695073 1.0860560776912207 0.6250307129092386 -0.599888864533453 0.2850137326492815 -0.4101671980183905
7.654579 1.3128144337631733 0.18246999427759905 1.0880527490236067 0.6243438627975437 -0.5997324571834549 0.2858228819869164 -0.4108783286088844
7.659579 1.3137789052871691 0.18299537724583131 1.0899782576872268 0.624492710048902 -0.5992789311605313 0.28527320293037217 -0.4116950539570712
7.66457725 1.3144161677478792 0.18346829727785358 1.0919691734375494 0.6247839520973948 -0.599278425693857 0.2843668033504916 -0.4118809328576347
7.66957475 1.3158513767002258 0.18383930264176465 1.093758305277736 0.6240383526285802 -0.5987164886775727 0.28562906092360746 -0.412953678019828
7.674573 1.3166839606170277 0.1841366611512626 1.095595656491071 0.624350217395977 -0.5983878979147631 0.2853632135593056 -0.41314230721853396
7.6795725 1.3177591140636185 0.18454513107281326 1.0977120691605216 0.6238893715454387 -0.5982148292139499 0.28580219642255295 -0.4137851794122244
7.684571 1.3186976689769485 0.18487973634331012 1.0996352257732387 0.6241290303665966 -0.5977372989917884 0.28513332638874356 -0.41457455424825995
7.6895695 1.3194294226545615 0.1850107881503466 1.1015133160516775 0.6239746788362088 -0.5976158683228511 0.28500810195243953 -0.4150677726847056
7.69456925 1.3206361380003657 0.18564055690063425 1.1036651907647501 0.6239204622897465 -0.5978290646009377 0.2840817104207679 -0.4154771330156787
7.69957075 1.3219912932155176 0.1856778994508223 1.1055082363537019 0.6231515793382313 -0.5968011727274782 0.28623888281903176 -0.4166266570466742
7.704571 1.322773066848886 0.1858675635213615 1.107195105381335 0.6237606691331523 -0.5958845729569827 0.28607131111491063 -0.4171419522314105
7.7095695 1.3238201794324485 0.18588429884575197 1.1092264306035855 0.6237423545369781 -0.5960295985393742 0.2857004688517286 -0.41721629273023536
7.714567 1.3248261149035119 0.18608097412856872 1.1114208587218206 0.6233556615323965 -0.5958138026359304 0.28544828959215884 -0.41827372113597105
7.71956625 1.32560820024376 0.1862748808942286 1.1134332698289493 0.6237474563962139 -0.5959033276430781 0.2842638135733484 -0.4183687596318542
7.72456525 1.3268414014451237 0.1862286708022857 1.1153581759300015 0.6228768883341028 -0.5952649150445426 0.2855495086716964 -0.41969696328850425
7.72956325 1.32786655296808 0.1863426558722676 1.1172921309542763 0.6220843941542035 -0.5948908375962414 0.28600754145752094 -0.4210885704020763
7.7345645 1.3286023116553078 0.18618672460929347 1.1192973998746554 0.623110625854793 -0.594859938559757 0.28502020663661 -0.420283574806766
7.73956625 1.3298815496869876 0.1861021747725613 1.1213276149547209 0.6222214971204998 -0.5945902353701846 0.2860588524442757 -0.4212756739497507
7.74456425 1.3304473591936232 0.18578849907938488 1.123088893651013 0.6222812645866409 -0.5947334536279075 0.28576481361704126 -0.42118477913938246
7.74956325 1.3314128583092515 0.18561482500923793 1.1250143628888867 0.6219689932370085 -0.5943971341351088 0.2861530791146328 -0.42185665064915856
7.75456425 1.3326794233913895 0.18565106163045697 1.126946120178918 0.6222271008333468 -0.5935400169953597 0.2863209787027692 -0.422568314439647
7.75956575 1.3337336442884546 0.1854681187658486 1.1290744100459913 0.6211774163409807 -0.5937140453649166 0.2870456140699903 -0.4233757966718834
7.764564 1.3347860074194091 0.1853876577289463 1.1309653926158774 0.6207183027715553 -0.5934266882268148 0.2871033036545947 -0.42441164844425755
7.7695635 1.3357531695862077 0.18513869040377043 1.132877192068149 0.6204675112503982 -0.5932300691600997 0.2871398300364299 -0.42502808205304554
7.774566 1.3365625599348352 0.18470040245437935 1.1348283861122213 0.6206586423027084 -0.5929142282382563 0.28724086792518855 -0.4251214549763113
7.77956525 1.337443798326694 0.18441070600262116 1.1366522651706785 0.6208220305862583 -0.5926348389890669 0.28718263952489886 -0.42531175096706386
7.7845645 1.3385604508083229 0.1842816769019041 1.138543937634959 0.6197420979134884 -0.5925122095124605 0.2876437788228168 -0.42674356486885706
7.789562 1.338417702612215 0.18322226787719012 1.1397867564748505 0.6226108863074611 -0.5913981495763778 0.28788587915029157 -0.42394060139946216
7.79456025 1.3399848585608938 0.18331382628423581 1.1419461740921846 0.6211937391221709 -0.5909101226430677 0.2885287053374423 -0.4262566734136492
7.79956425 1.3407016070714308 0.18240412192785274 1.1441551814573125 0.6196665968431105 -0.5919062792265121 0.2886502725741078 -0.42701438560310534
7.80456075 1.3411440520636315 0.18193970643774263 1.145463721643301 0.621462713721372 -0.5906126626569712 0.2888930571976002 -0.42603002202466306
7.809561 1.342675975844492 0.1817264802336765 1.1476616241728193 0.6189499341777702 -0.5911599461385875 0.2890478054015723 -0.42881495222915367
7.814559 1.3435601293751935 0.18124946129158703 1.1492847286543115 0.6199687471662414 -0.589727902748485 0.2898648982718117 -0.4287634476105291
7.8195605 1.3446068617449891 0.18102011691742176 1.1509527237413795 0.6192196474461886 -0.5895226915728228 0.290341450210621 -0.429804451613691
7.8245605 1.3452444785784472 0.18014968721380625 1.152872805687869 0.6193989712724142 -0.5891261400264431 0.2905234104694324 -0.42996680510642743
7.8295605 1.3460993438237874 0.1794934694470186 1.154831181919112 0.6181686452074652 -0.5897610977504003 0.29020101642134827 -0.43108322135131405
7.834566 1.3470455252118112 0.17900410195917116 1.1566570188300227 0.6186634486571329 -0.5889660896964503 0.29046665993259313 -0.4312813489486176
7.839567 1.3470955378936673 0.17789340336490028 1.157985268560682 0.6193221957231909 -0.5883887187432324 0.2910398783368151 -0.430737185251047
7.84456625 1.3485988533281021 0.17782804264277335 1.1603183780238182 0.6178331945516834 -0.5886904736644717 0.2906134129066615 -0.432746477935412
7.8495645 1.3492957836765405 0.1768227663199899 1.1617640927300714 0.6170373812129275 -0.5885428962216468 0.2918512829718618 -0.433249302504466
7.85456475 1.3497992469602296 0.1760083199372012 1.1630265923803242 0.6176413346394685 -0.5872811006752399 0.29249026827865443 -0.43366984388672436
7.85956475 1.3505115931613434 0.17535631932826035 1.1649656701455033 0.616858811214853 -0.5873262565710728 0.2921596542894595 -0.4349434581348157
7.864564 1.351526490686407 0.17467664248792178 1.1666298770057313 0.6162401603310788 -0.5874109756154208 0.293088169746801 -0.43508129731825546
7.8695675 1.3520544298565056 0.17377852069601643 1.1682677293767774 0.6165166259220107 -0.5869937852908463 0.29316513539618205 -0.4352008150036044
7.874565 1.3528391296840696 0.17302549319508465 1.1697995171394604 0.6160069833661139 -0.5867084385261561 0.2935959115610305 -0.43601610672201957
7.8795655 1.353435023984001 0.17208559618430597 1.1713602118638082 0.6160513689426783 -0.5863963613052828 0.293942536409793 -0.4361396606142967
7.88456625 1.3541659463160667 0.17123642809512613 1.1728512770722004 0.6157019194191771 -0.5860347743788622 0.29469063538754775 -0.436614039006009
7.8895685 1.3549944771236717 0.17034125768606428 1.1742419024268607 0.6151850188526463 -0.585679262311704 0.2959392542622235 -0.43697500164655473
7.8945685 1.3552280735103477 0.16934023165037954 1.1756760295978754 0.6157446918771304 -0.5852824119038892 0.29531331706116987 -0.43714187343176436
7.8995675 1.3559669440550637 0.16837936048200516 1.177263674033261 0.6149798622659489 -0.5849696573150537 0.29633738499274315 -0.43794340191824555
7.90456675 1.3564857715417793 0.16741092826080053 1.1786094369208195 0.6151767476818968 -0.5848335856111774 0.2965260243120198 -0.4377208735694529
7.90956725 1.356902157403089 0.16629549609825306 1.1798938408492743 0.615164537546539 -0.5843419257203186 0.2971199809755617 -0.43799180642530766
7.9145675 1.357290332303335 0.16539888544658224 1.18132277994216 0.615127100500639 -0.5844464873552925 0.29690639178136946 -0.43804970969868773
7.919567 1.35812735407831 0.16444341636451004 1.1826079682808885 0.6135300587004044 -0.5835200982285755 0.2989838910442843 -0.44010657224178273
7.9245665 1.3585335191322743 0.1633911292357839 1.1840222827545506 0.6141459055954411 -0.5836824657214956 0.2988142276430529 -0.4391464940173339
7.9295675 1.3590793183767598 0.16238044328820816 1.1850708388337015 0.6141076597777674 -0.5831481986416371 0.2997395784371364 -0.4392791205391118
7.93456875 1.359500713070293 0.16116398871488577 1.1863379110804237 0.6140360048731748 -0.5828646675082354 0.3005562554029024 -0.4391975653713142
7.9395705 1.36006986587756 0.16013577332323767 1.1876810369807664 0.61314468425639 -0.582826644145339 0.3013287464393408 -0.4399632775717872
7.94456925 1.3604676459936538 0.1589461192319201 1.1888005885530102 0.612824665072211 -0.5827465036386696 0.3020041532340608 -0.4400521944104085
7.949571 1.3609516193816715 0.15775704663823878 1.189964447945404 0.6124889459073755 -0.5826150594120751 0.3028693567213495 -0.44009900755026965
7.95457275 1.3612841736446537 0.15679135165758631 1.1912733799142505 0.61326862582862 -0.5823260300881838 0.3023941577336501 -0.43972236766460737
7.95957175 1.3617391065066131 0.15536459915214004 1.192133339752383 0.6121946060226153 -0.5823864642214377 0.30412698303757024 -0.4399438019076215
7.96457325 1.3620367480998166 0.1540092040856879 1.193037141022013 0.6119719595743053 -0.5826403576689262 0.3045712646803458 -0.4396099169050052
7.9695725 1.362536782194758 0.15279859577273652 1.1942072852622998 0.611863558472576 -0.5819103965926459 0.3056539719138647 -0.4399760511709066
7.974572 1.3630225787435526 0.15156773551880326 1.195171541418841 0.6112608207868704 -0.5817438498013549 0.30663540224565095 -0.44035103301673734
7.97957275 1.3633582796846289 0.15020177572988996 1.196076868586551 0.6108630030799741 -0.5817753633968642 0.30749648924702955 -0.44026097614178084
7.98457275 1.3634750172974517 0.1489633116140294 1.1969713076734578 0.6112540144852218 -0.5820774837840677 0.30691431632394883 -0.43972484019294616
7.98957225 1.3638972515559593 0.14756789687640182 1.198001193614066 0.6107192541231659 -0.5815718060985879 0.30845818140480746 -0.44005656149966604
7.994572 1.3642761017788443 0.14611939528088602 1.1987316126216105 0.6103594386964228 -0.5816009984461902 0.30949075588431835 -0.4397921170538824
7.99957125 1.3645917200174855 0.1447677467134459 1.1994107281522326 0.6099969593870794 -0.5818049105444297 0.31022054678974065 -0.43951105555421505
8.0045735 1.3652253234844796 0.14340428458052376 1.2002599058461054 0.6087693718271762 -0.5816642799624989 0.3122245297990177 -0.43997995446683186
8.009573 1.365564966585889 0.1421684159613258 1.2011721194980542 0.6095616723523936 -0.5813379577005137 0.31210933437888205 -0.43939561892344836
8.01457575 1.3657229870232437 0.1406902292062222 1.20169250096743 0.6088827022131473 -0.5813694746539693 0.31300050571730126 -0.4396613154541769
8.01957775 1.3659003897122055 0.13910432733463488 1.2022474884904095 0.6088255680865557 -0.5816291887214503 0.31369024194689094 -0.43890471241331125
8.02457625 1.3660510192996298 0.13772646678634498 1.2031399097001556 0.6085065979040469 -0.5818506472616608 0.3138727040569899 -0.4389230800907854
8.0295765 1.3664619045469828 0.13647952725910253 1.203822208275933 0.6092107802544879 -0.5813681483306418 0.31437337915177377 -0.43822674474410406
8.0345755 1.3665883862383832 0.13478741350919626 1.2044408546771104 0.6089527831430412 -0.5810798465095889 0.3153951822567634 -0.43823349813992996
8.03957425 1.3666038916356225 0.1332012425087493 1.2046463026704308 0.6083888596281395 -0.5820158389779274 0.31573547654310086 -0.437529047620032
8.04457375 1.3670926106715848 0.13172545617509662 1.205259687824881 0.6072254654060513 -0.5823573406972359 0.31726737757203544 -0.437582647081682
8.04957525 1.3670695960698822 0.1302168565474316 1.2055755648996764 0.607757806247196 -0.5819752033982386 0.3175963173788861 -0.43711313268139684
8.0545715 1.367312952911854 0.1286086088939769 1.2060083746881414 0.6075062776133276 -0.5820630455298799 0.31852943977669956 -0.43666661159793463
8.05957275 1.3676143065361823 0.12709865217184674 1.2065228246818993 0.6067718402108832 -0.5821880729392592 0.3195283966350137 -0.43679123777638634
8.064574 1.3678253307721795 0.12535188674734965 1.2069873434047136 0.6064308965004949 -0.5826473561222448 0.3209829193933636 -0.43558419580039576
8.069575 1.3685075999048497 0.12407336549245185 1.2074825269424734 0.6055924461128397 -0.5824938422083458 0.32212409198917846 -0.43611326781075316
8.074576 1.3679525982503367 0.12234341664828928 1.2074567903443394 0.6066677502497008 -0.5826277638938991 0.3212837365901903 -0.4350584904924933
8.07957875 1.3681527936268971 0.12082635649258613 1.2078922659214677 0.6059095472412384 -0.5833446203177639 0.3218828562732973 -0.4347115150828018
8.08457675 1.3682836712657882 0.11932611627237813 1.208294761720979 0.6063935327629165 -0.5834031754034366 0.3223317756266746 -0.43362408232690675
8.0895785 1.3684532743474749 0.11769421673073684 1.2085515241430826 0.6061005415440557 -0.5836071802485511 0.3230755217509244 -0.43320549390295787
8.09457625 1.3688454075263314 0.11616825105218301 1.2087540822540028 0.6051136094790858 -0.5838234329739814 0.32422013726952714 -0.4334386015603552
8.099578 1.369033920791851 0.11450745960010239 1.2086725747038212 0.6045055199577928 -0.5837233936757609 0.3259746409882814 -0.43310577166411934
8.104577 1.3685620303509582 0.11265276098323 1.208750251679228 0.6050091849176842 -0.5847092208498604 0.32527968807209673 -0.4315925598827068
8.1095785 1.3685410527617479 0.11095705538817799 1.2088257016807493 0.6052743053069045 -0.5848377988790774 0.32569876891022903 -0.4307297020961999
8.1145775 1.3686404897585862 0.10925172476956224 1.2088458108065447 0.6048956659528366 -0.5851726003032589 0.32656432636059257 -0.43015113845536784
8.11957775 1.3691482532903991 0.10799604630263843 1.2087885478672862 0.6039012253287624 -0.5854133218593858 0.32761868572312675 -0.4304190393105649
8.12457675 1.3692309476225124 0.10629727319332716 1.2087692520788251 0.6038967956537846 -0.5854748076322758 0.32846736357947115 -0.4296941946200721
8.129578 1.3693112487159234 0.10460434066312063 1.2090053901381725 0.6032959361671315 -0.5858970293855257 0.3292994291475989 -0.4293257158900526
8.134576 1.3692331940555067 0.10300636289570578 1.2087660977581007 0.6037090742327558 -0.586207246345812 0.3294380378040583 -0.42821372849139433
8.13957775 1.369405599379108 0.10126281275731522 1.2087809859941947 0.602594494959618 -0.5866106449693808 0.33085555755721735 -0.42813832564543075
8.14457525 1.3698655703049036 0.09961093196170234 1.2080855907619532 0.6011396362355605 -0.5862215324465356 0.33410997363167033 -0.4281891850134211
8.149575 1.3699533281852552 0.09808137366011632 1.2081150754742593 0.6014286600353941 -0.5870086957703522 0.33389063747242537 -0.4268739863077601
8.154574 1.3700466958208646 0.09620384271268381 1.2079750951329413 0.6002166484139303 -0.5873278785749348 0.3354372943685326 -0.4269282838629145
8.1595755 1.3698616793139589 0.09464884603202431 1.2075632678631973 0.6006126685088349 -0.5877309500408432 0.3354516274044862 -0.4258038967206223
8.1645725 1.3697613992618096 0.09312776475586171 1.2072927191785827 0.600510988186048 -0.5879728512938055 0.3358035596178678 -0.4253356892587521
8.1695725 1.3695904179672784 0.09119970818303673 1.2069263365371992 0.5999405907060952 -0.5881197205081711 0.3369399456012665 -0.4250387688562394
8.174571 1.369736551006617 0.08965909214896198 1.206589760748112 0.5993209171026171 -0.5889409877501878 0.33725206546848074 -0.4245279679931048
8.17957075 1.3701747907689201 0.08829382487346335 1.2067639283813727 0.598356773879697 -0.589246680449711 0.33826197265324137 -0.4246602860970344
8.1845715 1.3691928524276284 0.08640855752819998 1.205759179823211 0.5992175291616006 -0.5898631030395683 0.33778395771051123 -0.4229679306181749
8.1895735 1.36916667306236 0.08474029323781643 1.20515079913472 0.5985760912820792 -0.589686170202124 0.3395751681563278 -0.42268852455374445
8.19457125 1.3696106203030272 0.08333548076765776 1.2052199087170024 0.5977091223136652 -0.5903871613160456 0.3398775510380994 -0.42269380780483856
8.19957125 1.3694276493840911 0.08193213264420121 1.2047089960605164 0.5975007052731183 -0.5910305880627931 0.33990774672671314 -0.42206453877036865
8.20456875 1.3683736170362766 0.08005583380863057 1.203654914095517 0.5984910630893218 -0.5914931040293575 0.3395286585937555 -0.42031493582961604
8.2095655 1.3689031596860235 0.07866524963725194 1.2034543415768462 0.5969307026491731 -0.5917657500529142 0.3411975952789701 -0.4207983296959776
8.21456725 1.368628609112784 0.07710432950538339 1.2027884463870688 0.5969765268632848 -0.5920208760541891 0.3414460759072542 -0.4201724478566128
8.21956625 1.368321274539281 0.07553752280193102 1.2020624904216188 0.5966192116605183 -0.5920921931087498 0.34236264624221474 -0.4198335022306822
8.2245675 1.3680583752914928 0.07400826069512847 1.2013422472691482 0.5965171842792316 -0.5925221525446577 0.34245986638763176 -0.41929224595404596
8.2295665 1.3678702168834906 0.0723888459293909 1.2007755271384501 0.5964026598963459 -0.5932462541117779 0.3430472323487561 -0.41794897491053384
8.23456375 1.3675333022434255 0.07091110710685761 1.1998514531085385 0.5959764688195516 -0.5933001027820209 0.34403335406684526 -0.41766983125638646
8.23956525 1.3673413615468204 0.06947946474270375 1.1991862689412494 0.5960166096549503 -0.5941444171147054 0.34386225904978857 -0.41655174879961976
8.2445635 1.3661502330898758 0.06790058165762575 1.1980430384955836 0.5971402010934402 -0.5951344203283483 0.34274908848578245 -0.41444138828149363
8.24956425 1.3664268094326926 0.06649356134340284 1.197358922829241 0.5958140204776028 -0.5948045129073047 0.344359303164509 -0.4154875626916798
8.25456825 1.3661353669899283 0.06499473917504633 1.1962097825421822 0.5953803423923022 -0.5951309422791156 0.34545308631887844 -0.41473313659214467
8.2595715 1.3656636278134697 0.06371827956004289 1.195665414925262 -0.595847963912541 0.5962317233305604 -0.34446755294671877 0.4132977630745767
8.2645735 1.364279218825722 0.06214546538132822 1.194466395283715 0.5977785852229576 -0.5968260330694687 0.3426765970834567 -0.41113525646762855
8.26957575 1.3644373796945084 0.06088234956418934 1.1936279610910776 -0.5962521255877195 0.5966315895785611 -0.3445509646457366 0.41206647741690683
8.27457375 1.3637348667024232 0.05929062240120407 1.1920076715096628 -0.596417113888858 0.5980087450041315 -0.34462105306894103 0.4097663931323829
8.27957525 1.364034127829822 0.05811832126251597 1.1915383202797256 -0.5950512368504302 0.5978828957301431 -0.34582007239522716 0.4109240149281521
8.284575 1.3626915525809904 0.05653387352870661 1.1901151010712494 -0.5964995408369688 0.5979832822666147 -0.3459269679359219 0.40858147873538186
8.28957875 1.3619402298939034 0.05525329633980637 1.1891114243408143 -0.5972357220660082 0.5986303177676787 -0.3447508986589604 0.40755128856562467
8.2945775 1.361582224305081 0.054082845156534554 1.1879332188803016 -0.5964815174498882 0.5999906720277114 -0.3446499044582812 0.40674001054397346
8.2995795 1.3613841533200244 0.05271447754958257 1.1865984377879306 -0.5957551195639337 0.5994078649073926 -0.3474754847075298 0.4062595679215334
8.30458 1.3605712632809492 0.0517166098868008 1.1854372452315725 -0.5960079260021242 0.6007538916942454 -0.3454488696908625 0.4056283917407296
8.30958175 1.3598841827329298 0.050393983169813306 1.18436957881751 -0.5965411167558806 0.6013652210817312 -0.34516505679161363 0.4041777461254014
8.3145825 1.359156575965349 0.04913621161726396 1.1832295314558765 -0.5971718797933273 0.601272413657887 -0.34480884954209906 0.40368810712674763
8.319581 1.358791639937009 0.04818371940825565 1.1819845968681213 -0.5969102387556875 0.6013366465477237 -0.34511730998644624 0.4037157994618064
8.32458075 1.3582811565737642 0.047179921955232754 1.180627063513324 -0.5962934712581757 0.6021857267626 -0.3456157963490221 0.40293444619727653
8.32958075 1.3578018509176564 0.04604198528494104 1.1795047369420433 -0.5958686995058946 0.6027981909783324 -0.3460364377409646 0.40228549272618236
8.33457825 1.3572228608454422 0.04463888716108101 1.1779856112193672 -0.5957199362427599 0.603238459488973 -0.34649534481043825 0.40144999013698845
8.33957875 1.3567021051038992 0.04394723151177968 1.176712757718508 -0.5953541349488355 0.6038357689234354 -0.3464382138478104 0.4011438422235918
8.344577 1.3554492837043228 0.04252591589231337 1.1753901175063775 -0.5973802368984804 0.6035234454957081 -0.34494269388946347 0.3998885360102041
8.34957525 1.3549277629705807 0.04172083493188346 1.1738390031483945 -0.5964773007289844 0.6041335152861136 -0.345157033049348 0.4001301637713396
8.354576 1.3545242359291616 0.040532751256502714 1.1727818277497188 -0.5961354025984947 0.6048240890161541 -0.34624160608940774 0.3986566860434389
8.3595785 1.3535778635527351 0.039346009338396395 1.171137822889527 -0.5971749618766129 0.6043388902889261 -0.3453797145081505 0.3985842738973574
8.3645795 1.353134516851926 0.038579744234480115 1.1697315605486733 -0.5959896107989622 0.6057983086315466 -0.3460545352618798 0.3975563503499138
8.36958175 1.353639175452302 0.03891746188719667 1.1685794825149542 -0.5918531623126523 0.6069417168573731 -0.3463093162708282 0.40174798576068693
8.37458075 1.3524473136437283 0.036734867598347376 1.1671008760434285 -0.5948465463173183 0.6056703227008069 -0.34761515268449195 0.39810143450884017
8.37958125 1.3512791848624308 0.0360060279726714 1.1652387481347346 -0.5955019581135598 0.606817078037051 -0.34653147408487356 0.3963160218235647
8.3845795 1.3503581589656826 0.03488858590652778 1.163911566704788 -0.595824114294303 0.6067428276224751 -0.34644165189850135 0.39602392324698055
8.38958275 1.3506302711534643 0.03437487749585644 1.1622909611473555 -0.5933901786115313 0.6069451311994862 -0.34807872658995326 0.39792826456049846
8.3945815 1.349601655618656 0.033752679672910936 1.1609834896854963 -0.5940689752861606 0.6078980720937773 -0.34635954812166003 0.396959758630619
8.39958375 1.3490778434551107 0.03262514583849806 1.1594471264906596 -0.5940125758375131 0.6078733981884935 -0.34790501308855815 0.3957285602398517
8.404584 1.348305825410775 0.03182002953380311 1.1576758359720927 -0.5939909923685674 0.608215146395813 -0.34757792533594833 0.3955232262445305
8.40958175 1.3474876752955476 0.03168268641666188 1.1561184111769216 -0.5930607734799194 0.6096728333781785 -0.345886404914333 0.396157229008208
8.414583 1.3462104987386347 0.030678538592086038 1.1537760103630124 -0.594729912341136 0.6090266362441716 -0.34624385884050574 0.3943324459476421
8.419584 1.345341152603725 0.029445698861665235 1.1526521099805591 -0.5957543427066103 0.6093551087413446 -0.3462738432168119 0.3922467846915989
8.42458225 1.3444349477677666 0.028619086838657253 1.1505530887424937 -0.5961626093998145 0.6089647460152726 -0.34645974771674987 0.39206852012907745
8.42958 1.3446050242649519 0.02862208729715974 1.1494997230976234 -0.5935878807536817 0.6105997974320585 -0.3463167077414359 0.3935556544345603
8.4345795 1.3428406332293956 0.027697166305212097 1.1472042608155497 -0.5957519195529003 0.6105278279027072 -0.34515402903633974 0.3914129762098065
8.43958075 1.342050673629662 0.026826347794621876 1.1455036108748915 -0.5962608081841284 0.6106091875760075 -0.34551545102648823 0.3901903916978743
8.44458025 1.3423085342208356 0.026573924219182987 1.1441677164350676 -0.5942455202883203 0.6107967916184264 -0.34651811522868475 0.39207746273441935
8.44958325 1.3407352129154513 0.025726437984853946 1.1420261090423716 -0.5956981375611012 0.6120503107173834 -0.34513077442166973 0.3891309478878394
8.4545845 1.340172478498105 0.02595082774560408 1.140265791966667 -0.5944660848127464 0.612581535791538 -0.34414386541974246 0.39104850838309496
8.45958425 1.339026957265531 0.024547032634650492 1.1383407719810528 -0.5962154924607607 0.6121970566480758 -0.3450879826488817 0.3881444764678877
8.4645845 1.338351483766778 0.023889723180411198 1.1365739945317976 -0.5967199538706138 0.6120165489496195 -0.3454155315760661 0.38736178310524405
8.46958675 1.3384916041729769 0.023991617206216783 1.135466636177704 -0.5939019736847215 0.6133986068563284 -0.34613572123068204 0.38886071702889113
8.47458875 1.3368922984013476 0.023166396722066357 1.1331736299412112 -0.5966366545474385 0.6131987617125361 -0.34483998810427624 0.3861312777914987
8.4795875 1.3362330064242813 0.02272893278970761 1.1314818435983383 -0.5962663568218503 0.6133623842324588 -0.3451369793017642 0.38617804553019996
8.4845885 1.335366081546042 0.02229408539892794 1.129374174857606 -0.5961287682971814 0.6134081724525609 -0.34511079188668276 0.3863411017484954
8.489588 1.334822393498975 0.02188144338217563 1.1276030928967677 -0.5960610243169736 0.6137747610540233 -0.3453991648973027 0.3856049985043277
8.49459 1.3341045370912903 0.02204966845302979 1.125621396794228 -0.5956397588560176 0.6148662170279886 -0.3447112548336025 0.3851323975189295
8.4995915 1.3333956010495498 0.021626300635454454 1.1238953262439895 -0.5957502659606132 0.6152274462011548 -0.34488995971595565 0.38422353615543947
8.5045915 1.3325918812393862 0.02106443665707201 1.1221221473732546 -0.5959494327315905 0.6157170411385463 -0.3443541667343843 0.3836104882966014
8.50959125 1.3320306077275457 0.021345839181558916 1.1202068044403077 -0.5963156705726839 0.6159706763856312 -0.3435763844703006 0.38333146870142853
8.5145915 1.3310229154062256 0.02067522727469299 1.1182805648678558 -0.5961468952930207 0.6166550063237672 -0.34371621161178995 0.38236716423297384
8.5195895 1.3305425897080836 0.02045240729766413 1.1164592363056465 -0.596288802066887 0.6167576265631064 -0.3440836928868442 0.3816491934948018
8.524591 1.3310363005731476 0.02108418107638422 1.1151342348325537 -0.5938363036774088 0.6168952119846143 -0.3452111612361869 0.38422388788722334
8.52959125 1.329051230234283 0.020384572630467616 1.112860488563379 -0.5962533549057756 0.617953479632835 -0.34328617449065296 0.3804865781822685
8.53459125 1.329227028275473 0.020253585342299103 1.111360288613727 -0.5952664822908906 0.617301102528755 -0.34452994374341267 0.381963717834526
8.53959175 1.3282422317402331 0.020440725277582103 1.1088914964575292 -0.5950022117392189 0.6180059905872503 -0.3442308366140028 0.3815050389545763
8.54459 1.3270017529735394 0.020132456388915247 1.1073152936488961 -0.5972075609027268 0.6183786795989047 -0.34233723139892186 0.3791518928032035
8.5495925 1.3266694412494136 0.020465368419138687 1.105178311173044 -0.5955113737404035 0.6188630397783168 -0.34328406127965305 0.38017205974861706
8.55459475 1.3255723607834586 0.020154989480077455 1.1035988059317514 -0.5974396867993805 0.6189872150634153 -0.34178657437129656 0.3782890241662182
8.55959575 1.3257666245759012 0.02025665193804672 1.1019410371830303 -0.5957742744124672 0.6185302648674583 -0.3436516145961374 0.3799695950688135
8.564599 1.3241902973660347 0.020365895181879822 1.09980133397066 -0.5973090198047559 0.6200995352642408 -0.3408874393015901 0.37748411218402184
8.56960075 1.3236521093770355 0.020397505688189262 1.0980281550982627 -0.5976014920420709 0.6202530138081602 -0.3408589296721417 0.37679416878946903
8.5745995 1.3237679325410125 0.020714857046978844 1.096381510216584 -0.5961109993322083 0.6201667244881303 -0.3416024520056359 0.37861943306776635
8.57959925 1.3221878400189453 0.020971934718333095 1.0941895001497204 -0.5979620529934676 0.6207928681477574 -0.33949605270788796 0.3765634451622749
8.584601 1.3225741361895917 0.021208204323100787 1.092918705921617 -0.5962141913612775 0.6205607202072144 -0.34140329660728014 0.37799050202485635
8.5896025 1.3208787519575325 0.02134075751074568 1.0903042775545808 -0.5989681589172229 0.6207291538859498 -0.3386941059660503 0.37579085234103715
8.5946015 1.3205196439534737 0.02156452172606555 1.088718003795524 -0.5975600632778685 0.6217388020992026 -0.33932977898588856 0.37579001295003345
8.599604 1.31967562265491 0.021826194932637166 1.0865406169404033 -0.5990378672385772 0.6207610540067185 -0.33923662419477757 0.3751371219269772
8.60460475 1.3193528446895886 0.022023004731459066 1.0851823713200117 -0.5982903681424702 0.6210644499631154 -0.33897605637534417 0.37606225227238627
8.60960425 1.319588359052932 0.02292044730724319 1.083825783468325 -0.596930357849984 0.6211175407473515 -0.3396671038162563 0.3775094794016817
8.61460375 1.3179174883028237 0.02312152127733385 1.0816460777266876 -0.5992840272179122 0.621476752955303 -0.3372398199239443 0.37535930002502904
8.6196015 1.3171574165000908 0.0234596360477091 1.0795491258319114 -0.6001009890034544 0.6216107678029623 -0.33625519459027303 0.37471495894819234
8.62460075 1.3175863669390706 0.02415558481402997 1.0785131933485534 -0.5978557785364239 0.6218190935982023 -0.33776250001924685 0.376597897615036
8.629601 1.3157385928185932 0.024431587475488428 1.0760060915128011 -0.6013991279307669 0.6212735825840318 -0.3352102435459709 0.37412874405632873
8.6346 1.3152847368348914 0.02525722725629065 1.0744240884721092 -0.600919634097143 0.6223013181106183 -0.33410558984101957 0.3741792587401488
8.63960125 1.3147075774081183 0.02584558127151283 1.0727121360483727 -0.6012413715722292 0.6223024351570541 -0.3335600750702881 0.37414725527076725
8.64459925 1.314115959308409 0.02637664937826701 1.0709526969934122 -0.6021957762225811 0.6218857285102916 -0.3331012580798867 0.37371371347664445
8.64959975 1.3139242319782773 0.026993206379726277 1.069480654805014 -0.6004553101128057 0.6227185327182813 -0.33346377302227487 0.3748025635561665
8.65460025 1.3132501161962842 0.027718011485115497 1.0676164508342763 -0.6018980093673831 0.6223260783546668 -0.3321972697802562 0.37426462893229223
8.659598 1.3124499948892665 0.028252253450297197 1.0656323219231911 -0.6034666953858572 0.6211391697242327 -0.33224683725619636 0.37366578452892707
8.66459775 1.3120949314159993 0.029066009110982043 1.0643919554242305 -0.6028527255492685 0.6216171997965723 -0.33201345568991003 0.37406912924716323
8.66959775 1.3127977074529473 0.030051178019152726 1.0634095445121945 -0.6007066273429247 0.6220383262156128 -0.33274855155585886 0.37616255797546544
8.67460025 1.3112119420018093 0.030882255912100445 1.0613106407363408 -0.6033720438282264 0.6223619387442011 -0.32986675283098327 0.37389265746448036
8.67959825 1.3105829168004408 0.031691498224028565 1.059762831777772 -0.6041061997064384 0.6222180388272152 -0.32910265449270715 0.3736199331407688
8.68459975 1.3112107524939411 0.032664295731253526 1.0588320985750161 -0.6021052008922777 0.6219025805581084 -0.3307787073140738 0.3758882202746793
8.68960175 1.3100165124606413 0.03347387467927532 1.0569789689287603 -0.603575713299179 0.622184130973641 -0.3289952163338892 0.37462703200567327
8.694601 1.309776547117504 0.03435134966901663 1.055399142445287 -0.6032433913283574 0.6223952833946849 -0.32889532422259177 0.37489917008607615
8.6996025 1.3098397970902649 0.03543612448573432 1.0539857614596584 -0.6031795328360688 0.6216813212753269 -0.32978356127550074 0.37540589853846656
8.7046045 1.3082229601086053 0.03647956109040752 1.05214960318838 -0.6059663232634435 0.6221826421603543 -0.3264326434235672 0.37300845053758036
8.709602 1.308023999112882 0.03751196767097262 1.0507937578324038 -0.6061363659249525 0.6218337288169546 -0.3263686038342027 0.37336986225485247
8.7146005 1.30752513299432 0.038609979355230875 1.0493241956790866 -0.606493786723199 0.6220340444236517 -0.3252834425600824 0.37340275339152335
8.71960175 1.3071813692148329 0.03982563426529248 1.0480306182382242 -0.6066931935782827 0.6223986901156078 -0.32480000009296284 0.3728916724033556
8.72460225 1.306715395860079 0.04097211500899118 1.046722504610368 -0.6069964985480018 0.6225898525874163 -0.32432335786767813 0.37249360497474177
8.7296005 1.3065482225222766 0.04186589364037853 1.0451383362938256 -0.6069294200494254 0.6224520639137091 -0.3245547891884847 0.37263158215971176
8.7346 1.3071900930958118 0.04325470179145534 1.0445214309138768 -0.6052972128153186 0.6216819667558079 -0.3264379222982538 0.374920123832046
8.7396005 1.305646487335964 0.04459940617603596 1.04272720481843 -0.6082930029502559 0.6223522165710704 -0.3228509494188225 0.3720545733493951
8.74459825 1.3053367216261895 0.0458012646864823 1.041273226517728 -0.6086448895877672 0.6221792394979128 -0.3224189690916003 0.37214298419613273
8.74959825 1.3050495588282545 0.04707579977037069 1.0401110068844739 -0.609064234716512 0.6217754277180229 -0.3224994069959454 0.37206210229277986
8.75459875 1.3045671727637087 0.04841217856420646 1.0388785088365469 -0.6100235079570501 0.6217809763471969 -0.32117193480468026 0.37162928502247994
8.75959725 1.3043526802329846 0.04979185436032372 1.0378008765938596 -0.6101279809468647 0.6220276656418646 -0.3206122665442416 0.3715282015987467
8.7645975 1.3043057325217688 0.05099352657605905 1.0366994516413806 -0.6099509813594316 0.6220282497355664 -0.32081735041288817 0.3716408004291623
8.76960075 1.3040392397681855 0.05228604387565469 1.0355197596927181 -0.6103884204880905 0.6215791811552484 -0.3205240246983261 0.3719269380935076
8.77459875 1.3046246799806185 0.05405393715674063 1.035134151937 -0.6089542624712544 0.6212542591908193 -0.3214653621846117 0.37400250342861796
8.77959925 1.3035079494278932 0.055231655886251896 1.0335727217462982 -0.6120734405767974 0.6209110606508916 -0.31898110808548585 0.37160006833479203
8.7845985 1.303027637304666 0.05693749062426974 1.0325559146644032 -0.6133162471032917 0.6206277128048631 -0.31743753640054256 0.37134597563686156
8.78959675 1.3027980582289893 0.05834571742249016 1.031520860005659 -0.6139815598107385 0.6201929487270879 -0.3167241639657044 0.37158196205117083
8.7945965 1.3024400254843016 0.05981755586340089 1.0305145632449322 -0.6142994506056572 0.6204457796889083 -0.3160515961263668 0.3712069611925215
8.79959625 1.3024959544811925 0.06136355022668541 1.0298373201968485 -0.6146986411632941 0.619983047492413 -0.31545804452338916 0.37182364572401755
8.8045945 1.3020492305798335 0.06266459768291929 1.0286401847964723 -0.6136600242620749 0.6215786019460061 -0.31460361613018584 0.37159922085942093
8.809594 1.3019163571564618 0.06430018339334492 1.027879837224208 -0.6142382345404489 0.6212934528282431 -0.3138090534852493 0.3717925693879372
8.8145925 1.301558311418649 0.06586970766066146 1.026831726584851 -0.6155794549375099 0.6207605258248207 -0.31309067572280835 0.37106944499913425
8.8195915 1.3015484908258628 0.06747325792821864 1.026355233187256 -0.6166485757328375 0.6198259572231782 -0.3125009997640246 0.37135352690599127
8.82459375 1.301624993008197 0.06892143884048138 1.0258004331571404 -0.6169778634711409 0.619340601047617 -0.3121437057992524 0.3719164460069933
8.82959425 1.301319512507459 0.07072494882186359 1.0251112688489479 -0.6164368478197423 0.6204652592791002 -0.3108090739119616 0.3720567083816226
8.834593 1.3014014373607798 0.07240676826689636 1.0245494564818278 0.6193182824142188 -0.6187089649133645 0.3101106564207935 -0.370776836624943
8.83959425 1.3013576821831025 0.07379393818499685 1.023820742631745 0.6198001199819317 -0.617848045529913 0.3102457622669379 -0.371293914440644
8.844592 1.3015574067005733 0.075630574624935 1.0237413208151245 0.6194729686292552 -0.618365869092496 0.30905674071502237 -0.3719688482894064
8.84959125 1.3013772250661302 0.07741030375303627 1.0234082474254445 0.6201970377606201 -0.6184344182999447 0.30756964540894755 -0.3718809188947119
8.854591 1.3011828997291 0.07911585590071421 1.022886480519483 0.6197190997104596 -0.6193409257325425 0.3063910573395367 -0.3721418750277583
8.85959 1.3013453881963828 0.0807273974831472 1.0226537141900838 0.6214767756548488 -0.6178031467303503 0.30591895972200056 -0.37215518173785905
8.864588 1.3011611673876873 0.08256591208741543 1.0222147060140587 0.6208973096822605 -0.618699028541835 0.30451040146912306 -0.3727887582905822
8.86958825 1.3012282022817023 0.0843554743136034 1.022065134833435 0.6211151474543524 -0.6187935784221115 0.3036218315924045 -0.3729936518049467
8.874587 1.3013212699282974 0.08611708812736132 1.0218448977542618 0.6215974637959832 -0.6185262356866656 0.30243891273287465 -0.3735941552468953
8.8795885 1.3013742771630705 0.08797612271290803 1.0216088778075092 0.622505587852066 -0.6177513232632711 0.3012302032308071 -0.3743400330728175
8.88458575 1.3015191785679967 0.08946369641055471 1.0217178793022614 0.6247710653586754 -0.6159534635419865 0.3009833165175828 -0.37372649065766417
8.8895885 1.301282274337873 0.09129744350623356 1.0215235102926272 0.6242602580104002 -0.6171786683360138 0.2992481528665874 -0.37395208867675656
8.89458725 1.3016290994509627 0.0929342760833884 1.0214079904659583 0.6243035728369359 -0.6163370528969433 0.2992547526246593 -0.37526028193895167
8.8995885 1.3016108829716642 0.09492690468990476 1.0216199417502054 0.6247991461914004 -0.6168772002624682 0.2973406054285577 -0.3750694750019181
8.90458625 1.3016725122225592 0.09694399266517892 1.0216133026684662 0.6257196332456797 -0.6164213599023654 0.2956184514651048 -0.3756452831866576
8.9095855 1.3018613331929958 0.09840972775134613 1.0216173550095329 0.6265167543804874 -0.6152467564213208 0.2954089496279152 -0.3764063464838444
8.91458575 1.3020628031409511 0.10023617992459413 1.022016625879291 0.6264887480257871 -0.6157563442381404 0.29457328682750983 -0.376274569716318
8.91958375 1.3021890131970575 0.10174511449927232 1.0222212654844163 0.6267717192759833 -0.6144880329292732 0.2948152067660339 -0.3776846080555057
8.92458375 1.302356733137363 0.1035031681911834 1.022399261316503 0.6274423673973479 -0.6142448507021288 0.2935754927517984 -0.3779322280995232
8.9295855 1.302722477753241 0.1060133825942328 1.022817245683055 0.6281238758126048 -0.6146212412744929 0.29059747770007 -0.37848940852117696
8.934587 1.3028269319933254 0.10761692290507954 1.022944645829794 0.6295152092023532 -0.613332594828264 0.28977943418291413 -0.37889524809474195
8.93958875 1.3029262872445582 0.10941785597280614 1.0234160115697968 0.6302877870776767 -0.6131269368179619 0.28821098565213615 -0.3791399379627161
8.94458975 1.3034835599492314 0.11110479735127624 1.023864056664408 0.6294430911712493 -0.6126638161230566 0.2888946215806175 -0.38076809347962365
8.9495915 1.303514264555133 0.11297600083771411 1.0244989809597898 0.6310661932721547 -0.6126477713562376 0.28640544891899306 -0.379986956079727
8.95459175 1.3038026099473095 0.11478603915664434 1.0251288377055696 0.6315920187965128 -0.6121536015380087 0.2854305172494701 -0.3806427586849517
8.959591 1.3040643820065416 0.11647535569444215 1.0256509177083315 0.6324227635127637 -0.6115079279719824 0.28447928579819404 -0.3810131732237628
8.96459125 1.3043710318255792 0.11792992573508337 1.0262330409690235 0.6324930715946793 -0.6112727810399906 0.284393940533773 -0.3813373678673997
8.969594 1.3047166186560704 0.11917260715437862 1.0269337509733916 0.6348405203217801 -0.6094037282570105 0.28488532382519527 -0.38005915593896794
8.97459375 1.3049767349978811 0.12100142735218428 1.0275871595210824 0.635622316675466 -0.6092096532241179 0.28369967435756194 -0.3799504753676156
8.9795915 1.3054180199915388 0.12298528249776615 1.0286140209885122 0.6359798856696272 -0.6091548188616988 0.2822921360251843 -0.3804880308492741
8.984595 1.3058298441318994 0.12472214970421722 1.0294787615619534 0.6363353839010074 -0.6091335952982877 0.28153945133176717 -0.38048532116015593
8.989597 1.3061629661228187 0.12650094857162292 1.0301414769466692 0.636864678641578 -0.6087364150273569 0.2806702481509304 -0.3808773686126495
8.9945965 1.3067487375984868 0.12822676305133768 1.0307590109700784 0.6369323049134785 -0.608147217556773 0.2801508785446309 -0.38208596674862316
8.9995955 1.3068754172861037 0.12993660898991383 1.0317759226538274 0.6382815430712558 -0.6083773628306345 0.2787275616933012 -0.38050571943444683
9.0045975 1.3072704434726292 0.13156996533899512 1.0326500275757606 0.6391178032201823 -0.6076581209579944 0.2780753066347199 -0.3807284668642661
9.009601 1.3076005534961674 0.13320696133351542 1.0335008478877954 0.6398905096609376 -0.6073056848226147 0.27729142642844834 -0.38056458802321164
9.0146005 1.308217224082669 0.13509729002757806 1.0347549198939618 0.6394990388183526 -0.6075414537565064 0.2765592966196762 -0.38137818077475794
9.019599 1.3086564812033523 0.1366306042817415 1.0357431821502086 0.6401595929892471 -0.6069745848743093 0.2759699007061582 -0.3815994794607754
9.02460125 1.309342277513496 0.13834714474501797 1.0370205290244625 0.6397013540897286 -0.6069062820052306 0.27589736988986874 -0.382527886207278
9.0295995 1.309715959234857 0.13989037535799642 1.0380134451058471 0.6406036791700477 -0.6066246612689856 0.27492741480712585 -0.3821627443401013
9.034602 1.310110683698547 0.14160016460766123 1.039160622126495 0.6413158474269912 -0.605912049663909 0.2740301272238498 -0.3827428134985186
9.03959975 1.3106501211592385 0.14316591541977763 1.0403922426832368 0.6414913810941091 -0.6059417306480359 0.27343049545507786 -0.38283049930279356
9.04459625 1.3115838371739916 0.14452455970191042 1.041261598920828 0.6411663248366238 -0.6048248951913747 0.2752373627533342 -0.383845000223826
9.049597 1.311185769989264 0.14587962772098895 1.042250793862291 0.6432798110022372 -0.604213983967295 0.27309004476341775 -0.3828033095290711
9.054598 1.3120423391144294 0.14758385262134152 1.0438429303172059 0.643256600932893 -0.6036267263017956 0.2730989139038815 -0.38376125895530155
9.05959575 1.3129872118200605 0.1492636072834105 1.045427914634561 0.6430708604217071 -0.6035749783035339 0.2724937547518104 -0.38458323892706786
9.0645955 1.3135848711634641 0.15067561591793627 1.046663114596228 0.6430724871796957 -0.6034250068734551 0.2722763432229431 -0.3849696484574241
9.069594 1.3142962119165733 0.15217960887807946 1.0480352937575677 0.6432505480192245 -0.6030098666565354 0.2720708531848357 -0.38546761736248353
9.07459525 1.3145791142698322 0.15361086666974189 1.0495147974341614 0.6438930115410452 -0.6030790450277763 0.2705074551354494 -0.385387041625859
9.0795955 1.3152019878136305 0.1549902300254404 1.0509929476668773 0.6441190841669913 -0.6027717589812253 0.27011456854984606 -0.3857653844549646
9.08459225 1.3158527659696881 0.15638824331836884 1.0524880976469975 0.644340637365189 -0.6022806015031136 0.2701706315160852 -0.3861231020789475
9.089593 1.3163924843724863 0.15775096461530025 1.0540414124251192 0.6445671821996635 -0.6022370640466851 0.2691028654367647 -0.386558293318533
9.094591 1.3168556091373913 0.15913044738907645 1.055614615503797 0.6454327557008334 -0.6020411232245078 0.2676794291641138 -0.3864075141833754
9.09959125 1.3175122260151115 0.1601237536148161 1.0568832737447476 0.6443659284009357 -0.6022460298564339 0.26905570600106005 -0.38691251841525415
9.104592 1.3177727443251919 0.16138736720530095 1.0584627827382527 0.6453742241429222 -0.6018160768254147 0.2673087488874401 -0.38711180975865234
9.109592 1.3183572685216716 0.1626739608514701 1.0603008622747732 0.6452573043585382 -0.6015082183023704 0.2671607275791234 -0.38788660730431773
9.114591 1.3191704078468138 0.164127835711846 1.061884959519608 0.6457966986160397 -0.6012048955154409 0.266716860799465 -0.3877646371578649
9.11959125 1.3196208131655105 0.16528388371013425 1.0635817614764227 0.645863073482513 -0.6013368576105802 0.2658969985909402 -0.3880124484228363
9.12459025 1.3202486506645197 0.16616439042565206 1.0649950744009749 0.6457764811210163 -0.6004236525794148 0.26685753205440366 -0.3889103128485858
9.1295915 1.3211665300066884 0.1676274839230679 1.0669998150005746 0.646350151244946 -0.5996739449242642 0.2663866019104213 -0.3894365417975369
9.1345935 1.3214445552901137 0.1685584634449531 1.0686733314671917 0.6461588720565861 -0.6002052162145829 0.2655623218838232 -0.38949847713057734
9.13959375 1.3222632191770451 0.16954139234310592 1.0703207577344434 0.6460187101259017 -0.5995382586147806 0.26611655814167684 -0.3903788930094072
9.14459375 1.322861378211304 0.17061243684428445 1.072049170940847 0.6466567440051499 -0.599264602990004 0.2654178298920903 -0.39021835760412965
9.14959475 1.324136341217987 0.17196177432544554 1.073998912724537 0.6460179671648307 -0.5987167264544216 0.2664590212724731 -0.3914060009075442
9.15459375 1.324222747409102 0.17262378323584143 1.0756681921479576 0.6465814979177636 -0.5990845331553244 0.2648980890192187 -0.3909719825236258
9.159594 1.3249147443639508 0.17357336340916768 1.07731738994626 0.6472801168419573 -0.5978912160118482 0.2654202718650568 -0.39128841465090025
9.1645915 1.325438624857078 0.17445279659633112 1.0792059907382012 0.6468971670533216 -0.5985867631056221 0.26434434438955495 -0.391586529240189
9.1695935 1.3264917727525964 0.17547481572007415 1.08127775730453 0.6459641839396588 -0.5987293630337878 0.26469925633436164 -0.39266745040092316
9.1745935 1.3267666527496895 0.1764437357604131 1.0830086707345012 0.6459208312335329 -0.5994935106481176 0.2633059819593809 -0.39250957992612523
9.17959275 1.327860066999718 0.17733792854491084 1.085136338871945 0.6465506864712619 -0.5981469455930374 0.26399566230158295 -0.3930632666469975
9.184594 1.3284867745017348 0.178391608770726 1.0872064402866162 0.6456097067513588 -0.599073321507874 0.2633152383240187 -0.3936551120871074
9.189594 1.3289483631803491 0.17880815024703078 1.0888103271307366 0.646457363104847 -0.5979223570340916 0.26343233129833493 -0.3939354508965252
9.194594 1.3295784964436157 0.1796414667742336 1.0906137549573407 0.6459125105941143 -0.5981759661483501 0.2634452679748185 -0.3944352075590773
9.1995935 1.3303199564399224 0.18040621079458657 1.0927520845016423 0.6463064047504924 -0.5979924770459862 0.263202516649583 -0.3942302167569405
9.20459325 1.331171994893865 0.1812898514435933 1.0946575560354548 0.646967076550115 -0.5965634430865533 0.26345565988104097 -0.39514146265554023
9.20959 1.331731755529982 0.1817446463415865 1.0964427960019452 0.6463241276301795 -0.5968963065605343 0.2638443728142202 -0.3954314962060443
9.21459075 1.3326796789998403 0.18251536339988464 1.0986490755171512 0.6443605018990856 -0.5972458658105468 0.26461243706157883 -0.39758920699246936
9.21958875 1.3331819759157417 0.18309371749878486 1.1004235720895106 0.645533472723887 -0.5969871910581627 0.26391027308252524 -0.39654028429281996
9.22458725 1.3340529762876234 0.1837255789378262 1.102478293446388 0.6458381674985706 -0.5965835506881297 0.2637984232901821 -0.3967260015678908
9.2295865 1.335047937249056 0.1843695042104953 1.1045738945252457 0.6444161385238586 -0.5968915916827594 0.26448849705598576 -0.39811317877393465
9.234585 1.3354606911223725 0.1847519633458382 1.1062624369735068 0.6457343448120715 -0.5959086916835629 0.2643055020426979 -0.3975708599684674
9.2395845 1.3362644691452954 0.18535382527425984 1.1084017155754893 0.645806754428543 -0.5961852659471237 0.2634452873159875 -0.3976095386092061
9.244585 1.337210949237668 0.18595546080264452 1.110630573120926 0.6443642160964789 -0.5965164095508747 0.2639871377995962 -0.3990911189531538
9.24958475 1.3379442821122853 0.18641094311365441 1.1127097000983546 0.6448963685283963 -0.5960688907454051 0.2640168386481808 -0.39888050874246744
9.2545885 1.3387547105576882 0.1869660085380015 1.1145623928653008 0.6451868062712308 -0.596181197041656 0.26332418439170907 -0.39870081417266834
9.259586 1.339653673049682 0.1873525725019049 1.1167226401128343 0.6442093859551061 -0.5959980303034967 0.26425722519405936 -0.3999359121839817
9.264588 1.3403220032719698 0.1878797721012761 1.1187058735722535 0.644349754881129 -0.5956920483886015 0.26404609217026703 -0.40030493137211265
9.26958575 1.3410827247173145 0.18824790002311337 1.1205055164131814 0.6443367162500516 -0.5950765208592077 0.26454148068377314 -0.400913875304707
9.27458475 1.3419746785226956 0.18869700983144724 1.1227672864206448 0.6439947053931212 -0.595383474656937 0.26448170418878586 -0.4010470866126011
9.2795855 1.3425295058950562 0.18921803109567678 1.1246367770986019 0.6446159302780823 -0.5953366926444282 0.26351791264100566 -0.40075283472515005
9.28458425 1.3438613930757795 0.18956629535943834 1.12686273316531 0.643212628825409 -0.5950770953202399 0.26527800882023866 -0.40222921671741113
9.2895835 1.344463045636636 0.1899180874724576 1.1286586144799076 0.6439124635413955 -0.595075982401605 0.2646552854943166 -0.4015207271421207
9.29458475 1.3453382555658229 0.19026140140523512 1.1306165583640753 0.6436795530219417 -0.5952141006724793 0.2647814205737063 -0.401606283194244
9.29958425 1.3464139342732244 0.19062579366118787 1.132830647228637 0.6430968428001177 -0.594685624042968 0.26547799900377816 -0.4028608834102616
9.3045835 1.3468897853731203 0.1909588994250973 1.134683307476093 0.6439297397314189 -0.5950900122668323 0.2642179900760089 -0.4017601539599003
9.3095815 1.3479877295768192 0.19120070082870963 1.136531456694331 0.6429880136787043 -0.5952386275061748 0.26516674637350546 -0.4024226474836732
9.31458125 1.3488065135360934 0.19135623036503258 1.1387819047161012 0.6427943964392484 -0.5951058886327605 0.2656994438937786 -0.4025768879797394
9.3195805 1.3499075836560188 0.19173557299269536 1.1406430761299835 0.6421881109185199 -0.5952338149716122 0.2660060868108813 -0.40315244943917333
9.3245815 1.3507088776054876 0.19205878512731048 1.1424469387425735 0.6428396173381307 -0.5949875057122602 0.26573250186700853 -0.4026578347410731
9.3295815 1.3514457250268324 0.19251175773039758 1.1444750157263497 0.6408476649820473 -0.5967012909816815 0.26519687678487924 -0.4036489268800278
9.334579 1.3525108081303694 0.1925757067371418 1.1463004299996802 0.6426211702420908 -0.594983869346932 0.2660527778540386 -0.4028003800516934
9.339578 1.3537181748760168 0.19285467584886334 1.1484226018025692 0.6412893159427128 -0.5951717006364722 0.26714103729263666 -0.40392366384433487
9.34457775 1.3548454456863057 0.1932878226494155 1.1504756121448814 0.6415093933615754 -0.5949368893264197 0.2671500289339517 -0.4039141715613055
9.3495765 1.3554046426930784 0.19326549705228355 1.152060916712406 0.6419512138453943 -0.5950181906213988 0.26703588247913507 -0.40316724735604575
9.3545775 1.3564269739045154 0.19345504577953743 1.1541412819904642 0.6414939220836179 -0.5947324625053153 0.26789910615984946 -0.4037436252015564
9.35957825 1.3572672711050247 0.19365349463409998 1.155819179481686 0.6420750340869857 -0.5949901716876833 0.26750447339317307 -0.40270051267896156
9.364579 1.3581349522673833 0.19379235355055924 1.157574454247923 0.6421423673703117 -0.5950838464371678 0.2675959755831493 -0.40239382399497536
9.36958225 1.359188227460556 0.19415991678858818 1.1597880741606978 0.6414014548283554 -0.5952590251051953 0.2678175192768014 -0.40316825661664085
9.3745815 1.3608418339049553 0.19445952059087118 1.1617934572146615 0.6402927870989971 -0.5948423900800444 0.2695156323706631 -0.4044119207697768
9.37958125 1.3609522571096675 0.1944806348118809 1.163491602071656 0.6399649312416731 -0.596589341067867 0.2680319818587573 -0.40334216442856047
9.38458375 1.362092518398966 0.1942764082296516 1.1646008051635501 0.6419812354526669 -0.5943405790327405 0.270163827258755 -0.40203342632497086
9.38958325 1.3631143560789942 0.194603764204608 1.1669260852162457 0.6413573432283436 -0.5950131492233031 0.2688736717501824 -0.40289832362275124
9.39458525 1.3641910013290062 0.19467180068056172 1.1687164445988836 0.6404300612186363 -0.5950776161316909 0.27018737496757916 -0.40339899587709244
9.39958575 1.3651021532539602 0.19493405825105678 1.17070349489584 0.6407068962432757 -0.5949030927303475 0.2696440143228481 -0.40358033761078566
9.40458675 1.3660438118672784 0.19485671088632298 1.172577057550328 0.6405953923445172 -0.595201128613273 0.2700703097798154 -0.4030324894842782
9.40958675 1.366924682742207 0.19491416431603917 1.173997443659891 0.6404701003117086 -0.594649437661645 0.2706612583016119 -0.40364908045230014
9.414591 1.367979000388753 0.1950623676948419 1.175793066786159 0.6412343080459914 -0.594556964282538 0.27015174908091816 -0.4029126591166281
9.41959425 1.3693672266685923 0.19541157870917167 1.1779305286934856 0.6404483919092001 -0.5946352253084085 0.27096258876975876 -0.4035022696473078
9.42459325 1.3699422144610087 0.19516479619333024 1.179107185957451 0.6410465561288106 -0.5945083128255179 0.27110917995017114 -0.4026400270756665
9.42959175 1.3711340436799457 0.19552838986089915 1.181174764706763 0.6412117176893525 -0.5942536940609426 0.27077986527938697 -0.40297437232666616
9.4345915 1.372065968389003 0.19561947683405842 1.18292238305642 0.641193321567359 -0.5941318309444598 0.2706207271906669 -0.40329011127325687
9.43959225 1.373006414253742 0.1952611087184648 1.1844365752136996 0.640144558795843 -0.5945070462615591 0.27215708852040416 -0.40336935302217597
9.4445925 1.3740235401288556 0.19531742817844389 1.1859414997940627 0.6406058346686092 -0.5942236155190938 0.27225907484782286 -0.4029856765580611
9.44959225 1.3750311406836837 0.19548369746483096 1.187989959929666 0.6405522374207842 -0.5943401622260026 0.2718290906043748 -0.40318922133608065
9.45459225 1.3758372015292313 0.19527406953570448 1.1892218825504757 0.6408668074526924 -0.5939601128326635 0.27234232803799974 -0.40290293598836674
9.45959175 1.3769357665803592 0.195404551276619 1.1910727868439936 0.6410352364870606 -0.5939125212136761 0.27208463597137056 -0.4028792543627926
9.464592 1.3777807357568252 0.19541986076310153 1.1925952828109616 0.6402553547832333 -0.5941191049601882 0.27219411719321335 -0.40373993158728827
9.469591 1.379210740427972 0.1954885231811706 1.1942701512798564 0.6399934883456423 -0.5936519621496391 0.2734960486110554 -0.40396236718931994
9.474595 1.3796595033925498 0.19520510480048514 1.1957573128910686 0.6404912740932966 -0.593903693670714 0.2726130410263318 -0.4033998764464408
9.479595 1.3809564851301117 0.1954337824498062 1.1976083005428373 0.6404864974018075 -0.5937146657007575 0.2728129879915122 -0.4035505122793739
9.48459525 1.3813503103825058 0.19488458812982665 1.198654916700867 0.6410435946137188 -0.5937882367960097 0.27287321953393745 -0.40251564653885374
9.48959925 1.3825213930370928 0.19514317977975276 1.2003666970267477 0.6411031795253435 -0.5935717495292351 0.2730247031677108 -0.40263730927905994
9.4945965 1.3833154691230702 0.19484545350040863 1.2015707014520896 0.6407446342255548 -0.5933808524390453 0.2742952682307419 -0.40262586044130005
9.49959775 1.3841205358045028 0.19478896510577687 1.2030931467345976 0.6412796989883603 -0.5930928791662591 0.2737563716278747 -0.40256506721375596
9.504602 1.3851692945045553 0.19467418641643497 1.2047929598825056 0.6406689741028998 -0.5941095924182931 0.27372014054659266 -0.4020626101463072
9.5096045 1.3857595275784211 0.1944549510351678 1.2059073643248495 0.6412104704979545 -0.5933527979967281 0.27449034104149084 -0.4017917897470923
9.5146035 1.3870206924077295 0.19438803283400663 1.2078366208905638 0.6401792366351736 -0.5935543323518797 0.27500335719545743 -0.402786485695273
9.5196025 1.3879915061745058 0.194224275223557 1.20923746489247 0.6398565850846667 -0.5936466954799507 0.2756002236026537 -0.40275509707474905
9.524602 1.3887714077048476 0.19399694806610393 1.210606848455115 0.6399812463157298 -0.593639914311088 0.275673182152078 -0.40251702217798985
9.52960525 1.3894036721870822 0.19354162988779616 1.2120253635133518 0.6395606143573167 -0.594065899481779 0.27617745732086696 -0.402211312252126
9.534605 1.390257147898311 0.1935124978112123 1.2136224512067961 0.6398407523799409 -0.5935754543119204 0.27555563772493197 -0.4029157258661849
9.53960725 1.3910263769217845 0.1932970193500886 1.215087285876568 0.6399444328548622 -0.5939373012141016 0.27522019410438336 -0.40244682858947217
9.5446085 1.391533408058627 0.19267547283971612 1.2160783632225103 0.6401927533090555 -0.593508782775196 0.2765303636912165 -0.40178541702764586
9.54960625 1.3922903292135969 0.19264991832496595 1.2176864664128224 0.6401956745178394 -0.5936060465542466 0.27545874631774214 -0.40237276113070064
9.5546045 1.393302472617189 0.19224722580515713 1.2193832095150787 0.6389810295669862 -0.5944905083949925 0.27645474866976066 -0.4023146172086184
9.5596045 1.3941047497728523 0.19189316398493342 1.220665525945214 0.638774604824726 -0.5942844150058001 0.2771402426170475 -0.40247524673499263
9.564604 1.3948105965123616 0.19156903270495762 1.2219801678178452 0.6392452285285362 -0.5940963075822888 0.27695280592446087 -0.40213462722222504
9.569605 1.3953840360301106 0.19118293578865325 1.2231043814428306 0.639286505084501 -0.594201759317747 0.27711475918176093 -0.40180149811091176
9.5746075 1.3959638145380533 0.1907441668190653 1.224834426025096 0.6393638359695463 -0.5945309639230741 0.27603691721294205 -0.40193337573108134
9.57960725 1.3969775944665497 0.1904556565781354 1.226315674890598 0.6384475000117725 -0.5945661691357793 0.27692190281285306 -0.40272834515393885
9.584605 1.3978991341213245 0.19008660152334844 1.2276616474571935 0.6376388962373829 -0.5949805844165048 0.2778208153961128 -0.40277827238470265
9.58960925 1.398452302810626 0.1895775010824628 1.2288252443011054 0.6380744634727936 -0.5953713880781677 0.27750907967574806 -0.4017245325086603
9.59460875 1.3992280352342565 0.18909250784934606 1.2301192454492056 0.6377629656814965 -0.5955124494843308 0.27779017533716793 -0.40181580431891933
9.59960875 1.400077444928306 0.18855717218475687 1.2312858756457132 0.637507833757159 -0.5954854166191785 0.2787070891487008 -0.40162574487997693
9.6046095 1.4009821658536865 0.18805526775728462 1.2328115974478133 0.636325913694964 -0.5956220905904163 0.27968852089234136 -0.4026139441723617
9.6096085 1.4018074324945775 0.18773482293884908 1.234175146416825 0.6360428632182072 -0.5958156960526004 0.2795387549376564 -0.40287866284334933
9.61460825 1.4024228483216226 0.18708707833187463 1.2351658386702857 0.6362409460427114 -0.5958552457345003 0.27954154113397434 -0.40250529374133237
9.61961075 1.4027621938609325 0.18632123770563885 1.236461265875824 0.6354915253534559 -0.5965902747831024 0.27956144290556884 -0.40258659301908784
9.62461025 1.4035744360463334 0.18568626548847256 1.237715848506899 0.6349839973613671 -0.5966393770635193 0.2799838504695382 -0.40302086832878303
9.62960975 1.4048829041454334 0.18525099869093595 1.2390193313778917 0.6343552356920967 -0.5961266582931054 0.2818557079325167 -0.4034647470699012
9.63460875 1.4053067864624922 0.184584778531368 1.240065200811988 0.6352500721279042 -0.5963103714221429 0.2811290942600268 -0.40229059043981535
9.6396075 1.4060920055214385 0.1840227814174915 1.2415532097599344 0.6343054958351928 -0.5965682879921902 0.28152395984786854 -0.403121663703296
9.64460825 1.4065237654986817 0.183418524247343 1.2428930333595585 0.635133179067525 -0.5968874765096118 0.2801169558805449 -0.4023253363408568
9.6496105 1.4070586112231598 0.18263837907566285 1.243791800734523 0.6352873803819151 -0.5972084789594031 0.2798082012883404 -0.40182004364922325
9.65460725 1.4075349616266866 0.18177124101762035 1.2446919143931467 0.6346408880616533 -0.5976329736367018 0.28023147313706637 -0.4019155302870231
9.65960525 1.4084319721901128 0.181139431516424 1.2461107696832652 0.6348785411075137 -0.5973581039669292 0.280479040340458 -0.40177610879185716
9.6646045 1.4093622585088252 0.180346268326599 1.2471972160650338 0.6322786594618482 -0.5978042007164591 0.28308987697219334 -0.4033781798148629
9.66960525 1.409849032913735 0.17977828186449635 1.2487634545548576 0.6334155986054547 -0.597812682022556 0.2812260435536808 -0.4028853299431925
9.67460575 1.4104998239221407 0.17891695801404717 1.2496889305394343 0.633559157100594 -0.5978668916412224 0.28139892201226036 -0.4024582227058923
9.679604 1.4110433421710251 0.17803337724317064 1.2507373078506028 0.6319375514070313 -0.5985330470092358 0.2821270333500462 -0.40350645572608557
9.684604 1.4117860610142514 0.17740448170655893 1.2521483661118618 0.6325037086707768 -0.5983088445582543 0.28173674173697677 -0.4032244950353486
9.68960525 1.41226627056366 0.17650261359612224 1.2530760478375873 0.6315549925049071 -0.599196644438446 0.28202704898936204 -0.40319029796633904
9.69460225 1.4130618623564404 0.17573019079473332 1.2540764367416823 0.6323296583703071 -0.5986561176928884 0.2821440712669667 -0.4026968822117576
9.699604 1.4140999296685963 0.17501794876065835 1.2551077095441787 0.6312137089038735 -0.5989131004205216 0.2835580459899068 -0.4030721850870883
9.70460325 1.4143606569406268 0.1739847311899121 1.256358285107844 0.6318030323997543 -0.599239534034335 0.2819630884999465 -0.40278247953996144
9.7096025 1.4150029891048401 0.17307720185603048 1.2574074723464939 0.6310825962707548 -0.5990427706692213 0.28275902611652065 -0.4036456970447513
9.71460175 1.4159691446115363 0.17223570708667804 1.2585484854921554 0.6294867029801052 -0.5995519220359491 0.28449718097862475 -0.40416003955048746
9.719603 1.4164245261862898 0.17139546761604157 1.2593145091802902 0.6302865033649376 -0.5992584097852832 0.28392261490203025 -0.4037526850991921
9.7246015 1.4164521258616003 0.1701126987186619 1.2601913410621202 0.6307087938183118 -0.5998617339940292 0.28221667808590367 -0.40339318796936086
9.729601 1.417430217715555 0.1693440918546155 1.2615492579029188 0.6303155819583084 -0.5996411830814788 0.2826420456659382 -0.40403736549356084
9.7345995 1.418131649498538 0.16831542535604394 1.2625797499407643 0.6295932048699894 -0.599506352234199 0.283668040109235 -0.4046442549116019
9.739599 1.418362746534874 0.16725030299058874 1.2635650636510822 0.6301838327747575 -0.5992617356606234 0.28286029978091787 -0.4046526410270699
9.74459675 1.4190362323438874 0.16628930392061617 1.2646525305759502 0.6296758521438275 -0.5998342309651452 0.28244338172756295 -0.4048863454201632
9.749596 1.419663450364336 0.16535078216120883 1.265817217163306 0.6294924644770228 -0.5998603923021991 0.2820544127487661 -0.40540357073247996
9.75459675 1.4199405194911074 0.1641454547238433 1.2665215207929261 0.6288510990205581 -0.6003455684261172 0.2821913780473125 -0.40558540393795894
9.7595945 1.4202969006915092 0.16302248401604452 1.2673061159842647 0.6290630132351052 -0.5998336824247493 0.2821785078652053 -0.4060228669758654
9.76459375 1.4211239557008608 0.1620959436659935 1.2685810398400743 0.6293980492641136 -0.5995391880190842 0.2816668391509595 -0.40629379682029726
9.76959275 1.42177755577086 0.1609916948085175 1.2694967969395787 0.6289295645558453 -0.5995261186694717 0.28209764085992833 -0.4067394213522663
9.77459075 1.4223627424011953 0.16035079123581053 1.2705672042318117 0.6288922193065946 -0.5996775075819165 0.28055239203444765 -0.40764177744646857
9.779592 1.4226853647298212 0.15891179442893671 1.2715039207069043 0.629135108487667 -0.6000200067931218 0.28057981607108123 -0.40674312966504045
9.7845915 1.4226392405416508 0.157583602799546 1.2719854138659177 0.6293198932437092 -0.6003781263629101 0.28004826904235597 -0.40629489826857057
9.7895915 1.4232932479055576 0.15657862502060998 1.2730233487454732 0.6286358054953955 -0.6005865669801048 0.28022089800610506 -0.4069263421466584
9.79459 1.4237499775179399 0.15535446295011537 1.2739639112476984 0.6281094534705819 -0.5998823692614822 0.28118405909226296 -0.408111727866912
9.79958825 1.4243893391918325 0.1544023965425112 1.2749568778898124 0.6285003308953429 -0.5997911350122958 0.280634672818713 -0.40802219159874187
9.8045895 1.424768460582672 0.15329225956050918 1.2758179931107003 0.6284613097993502 -0.5998498777416432 0.28037325219714576 -0.4081756309617427
9.80958725 1.425082292647542 0.1519032430839537 1.2763017585274858 0.6280367057853974 -0.6000483910539179 0.2812160314559174 -0.40795755690024316
9.814587 1.4252764071872628 0.1508169178269383 1.2772836579345206 0.6285138487976146 -0.6000478345127731 0.2800071678204237 -0.4080550503735079
9.819587 1.4257036578429592 0.14976126523180575 1.2782762593197319 0.6283381700749725 -0.600773688831194 0.27907978236701636 -0.4078928706277831
9.824589 1.4263172875938066 0.1487990101602595 1.27928276242087 0.6284749172368852 -0.6002922385329581 0.2792162730386137 -0.4082974156562919
9.82959075 1.4263370861633653 0.1474144377390784 1.279756732444365 0.6284058431636887 -0.6000059768071654 0.27969192447608693 -0.40849890018979934
9.83458975 1.42677850174735 0.1463437233693911 1.280924567513074 0.6279954774351698 -0.6007442567368324 0.27875190403547423 -0.4086874041554028
9.83958875 1.4275072307574594 0.14540820429336046 1.2819473900495832 0.6281176763880265 -0.6000352917411775 0.2792316638486256 -0.40921328323786693
9.84458825 1.4280362677497536 0.14426718196378724 1.282760371292335 0.6275203165625323 -0.5999904037294987 0.28006140637061844 -0.40962833934614884
9.84958925 1.428143108871387 0.1430228441644499 1.2833674418319103 0.6274516759511012 -0.5998428339727738 0.28017061970513024 -0.4098748500843991
9.85459125 1.42811206815021 0.1416923491074147 1.2838168629597644 0.6275626813401226 -0.6000433781061412 0.2798460170405594 -0.40963304569663467
9.859591 1.4287116205904862 0.14061810116026957 1.284743878540969 0.627361229563876 -0.6002297211741172 0.27963554778812283 -0.40981231054298484
9.86459075 1.4289869348595756 0.13959904815067586 1.2856159110781695 0.6275364332078356 -0.6001191712990512 0.2797623826382414 -0.40961935317646075
9.869593 1.4293634176890018 0.13842610381472673 1.2863997526288102 0.6274718729037715 -0.6001719110242272 0.27983675412096914 -0.4095901817368194
9.87459075 1.4293708698326142 0.13706637957262555 1.2868909854238728 0.6272342052633009 -0.6004867917501217 0.27982765647829994 -0.40949889786325916
9.87959 1.4296997543060892 0.13597910400568897 1.287692289421606 0.626956161234298 -0.600681216931448 0.2798738100844836 -0.4096079808120221
9.8845895 1.4300080624643212 0.13468892096599064 1.2881071661588426 0.6269384466928484 -0.6000865255941142 0.28106282566241936 -0.4096926090246192
9.88959125 1.4303098505297 0.1335332193094233 1.2889874927073703 0.626921242992936 -0.6007038804138025 0.28001960316254043 -0.4095285398903058
9.89459025 1.43095284871481 0.13262506202061408 1.2899887085971409 0.6267071170224134 -0.6005357181168663 0.28002693516755933 -0.41009749611522633
9.899592 1.4309159638831066 0.13124960641209604 1.2904340669329408 0.6266834826162218 -0.6007634752023855 0.2799088555139891 -0.4098805827111175
9.9045935 1.43148740260914 0.12990933972363733 1.2911459799685692 0.6257679746521161 -0.6002073093063979 0.2815247657454573 -0.4109859292322889
9.9095935 1.4315489999098114 0.12867641245560907 1.2915563489047153 0.6264924780335182 -0.6008989719028506 0.28020045987853626 -0.4097746976295336
9.91459275 1.4322876255483479 0.1275514209179709 1.2922475736781436 0.6263453425379665 -0.6003839608651421 0.28067189178139434 -0.41043135915854917
9.91959325 1.4322462516814918 0.12632162043685569 1.2928295981218654 0.6266297672402286 -0.6007023204126503 0.28003444278793427 -0.40996654486892686
9.92459725 1.43257687819219 0.12505922075700796 1.2933642927509612 0.6265261410797673 -0.6008595450636046 0.2799399387894 -0.40995906176134306
9.929597 1.4332176475321459 0.12405571264145857 1.2941314296218884 0.626740307935938 -0.6004335575554965 0.27996013752204557 -0.41024194174688333
9.9345965 1.4335374274341495 0.12289213977548244 1.2946960193142107 0.6268650308078128 -0.6004048622236353 0.2798731951182532 -0.4101526901323913
9.93959825 1.4334074965307284 0.12142434557224244 1.294808354025588 0.6268645099935227 -0.6006094632710703 0.2795325672492508 -0.41008621360253067
9.9445985 1.4337243570243607 0.12018447398177522 1.2954558899546962 0.6273289959916658 -0.6009022440380898 0.2787699349210887 -0.4094656851094709
9.94959825 1.4342610210533415 0.1191851999251525 1.296118403340433 0.6276018420087583 -0.6004096360472126 0.2790155924203463 -0.4096028515955305
9.95459975 1.4347282535272645 0.11813102065707079 1.296749375631135 0.6273623884574747 -0.600860648079417 0.2787689174583861 -0.4094762579168601
9.959604 1.4349038390251716 0.11661434461217393 1.2967767095394394 0.6270433255657916 -0.601023161458829 0.27955446845565773 -0.40919081908066035
9.9646025 1.4355307210650436 0.11544349768806916 1.297126950669547 0.6263958878474033 -0.6008917893517066 0.28069955318216455 -0.40959127190517736
9.969601 1.435877068653445 0.11433658956903112 1.2977026739481539 0.6274205771003254 -0.6005481540700714 0.2799591391912819 -0.4090332681548052
9.97460375 1.4362993357050906 0.11316987869894748 1.298259215977412 0.626692487697708 -0.6004300822255372 0.28086985912512874 -0.4096978941328881
9.97960275 1.4363809096169988 0.11175049329705375 1.2983747730469155 0.6268043317084958 -0.6004727723152854 0.2807132756928943 -0.40957152770819727
9.9846035 1.4368631975592625 0.1105765310616407 1.29856841449033 0.6269743371743011 -0.6009736064753567 0.2808273806571266 -0.408497107845461
9.989604 1.4370990776486883 0.10946460257233252 1.2989810077847719 0.6279012897959007 -0.6007938523471802 0.2800879859228799 -0.40784486927769936
9.9946025 1.437436257077984 0.10830360874364872 1.2992855442466134 0.6282668099041193 -0.600670847481331 0.2798371288323099 -0.40763529028513945
9.9996015 1.4377645077551064 0.10688903436300445 1.2994534890807286 0.6272619948097778 -0.6014657894440959 0.28044923913588055 -0.4075898897958027
10.00460075 1.4377856401438451 0.1056412992081424 1.2995677199397317 0.627811930317344 -0.6014930509752673 0.2802358427580972 -0.4068490656414664
10.00960025 1.4383431010436543 0.10457470981259373 1.2999794957370132 0.6278548159680051 -0.6012423346167561 0.28064072885047986 -0.4068743865625441
10.01460125 1.4386580219942713 0.10341036340160559 1.3001633869873908 0.6279397090947834 -0.6014896025614364 0.2806090234870708 -0.40639950257114815
10.0196025 1.4391619938915832 0.10205829004304923 1.3001358957630729 0.6280267935074596 -0.6008565224332691 0.2815822439871741 -0.40652825972776446
10.02460125 1.4389049228213986 0.10084485276523136 1.3002738640481546 0.6281207742395325 -0.6019608729884848 0.28070977126090835 -0.4053509894872838
10.02960225 1.439364341025359 0.09998088853204891 1.3006607842101698 0.6281947340707591 -0.6021610716361171 0.28056601805267606 -0.4050384295420334
10.03460075 1.439716079784366 0.09869770124817157 1.3006836186407786 0.6283259655073429 -0.6020125959500391 0.2811008657705777 -0.4046845915645812
10.03960125 1.4399631223949183 0.09740532465958876 1.300622671407532 0.6282381570419557 -0.6019000588929951 0.2815223521494559 -0.40469532043424217
10.04459925 1.4399363412409176 0.09625793190614057 1.3006651606426824 0.628190677534379 -0.6026979513400141 0.28165805537921174 -0.40348530574166985
10.04959825 1.440519798301499 0.09517140702242896 1.3009409279871706 0.6286353240791058 -0.6022964924906246 0.2820368802463266 -0.40312747690323447
10.054601 1.4407582062333684 0.09412996979696056 1.3009716809506775 0.6286130112185907 -0.6023944311494428 0.28236544742473124 -0.40278578121312414
10.0595985 1.4409519833770812 0.09303124831795367 1.300926538530339 0.6287318020660706 -0.6024901360669709 0.2825525391878554 -0.40232576304687423
10.06459825 1.4409152799146987 0.09174552754801255 1.3006180295748229 0.6284312416748712 -0.6025480519210388 0.2832644304841536 -0.40220800841806853
10.069598 1.441186316280934 0.09070796000079773 1.3006803798910802 0.6282639240070336 -0.6025045074982271 0.28370670053574487 -0.4022229087293819
10.07459725 1.4412889076478796 0.08963956482229124 1.3006052196622377 0.6281098029201129 -0.6029909212397958 0.2839879740598668 -0.4015356210442751
10.07959575 1.4420258399158965 0.08883756852283202 1.3005943533165047 0.6281655970064504 -0.6025086851014443 0.2858005208549245 -0.40088568120339774
10.084596 1.4419683325072266 0.08810507258076186 1.3005440691323586 0.6289164076023235 -0.6026470252536683 0.2844220158758071 -0.40048075120614085
10.0895935 1.4420336893525838 0.08695632514290046 1.3003651191992804 0.6290292046763442 -0.6032616651943599 0.28497813735356753 -0.39898005489205235
10.09459225 1.44217131237368 0.0860190438830497 1.3001409931263508 0.6291477055707505 -0.6031971650216 0.2856521675045165 -0.398408313021875
10.09959375 1.442663516675133 0.08518330435940069 1.2999661248192258 0.62823853754692 -0.6032904538653359 0.2874110261934111 -0.3984367832395929
10.1045965 1.4425311316710665 0.08432510999297685 1.299854274315721 0.6289209251690834 -0.6033928124093572 0.28678614163543126 -0.3976547406772021
10.109594 1.4422704376206168 0.08328974736799077 1.29949096892603 0.6291246463859099 -0.6034082314522989 0.28695445185071133 -0.3971873966888558
10.11459225 1.442602915473624 0.0824260189925615 1.299349102952504 0.6293211116967032 -0.6032267868290382 0.28760854230314337 -0.3966783437736435
10.11959225 1.4428265430180274 0.0816283869320196 1.2990321424033022 0.6291852796793389 -0.6030056065638371 0.2889175412726268 -0.3962786603293079
10.124591 1.4430169650801254 0.08093501422216463 1.2987634050119055 0.6289931982116828 -0.6030805598689902 0.2898465050164506 -0.3957908518918708
10.12958925 1.4429771658929254 0.08018901728058407 1.2985470584331635 0.6295119563310626 -0.6034470653070733 0.28946409953493474 -0.39468578805037874
10.134589 1.4428074515414613 0.0797103193810692 1.2983210628047892 0.6292903447784723 -0.604190914801509 0.2891976313321513 -0.3940960929415315
10.1395875 1.4427819922049803 0.07900052144690337 1.2979147449933934 0.6298494695458721 -0.6038861108579343 0.28971395961884017 -0.39329001058714336
10.144587 1.4428295105992257 0.07841459967140792 1.297605499239447 0.6300394243899107 -0.6039616866610836 0.2900279777254303 -0.3926377171088206
10.14958625 1.4430236699467465 0.07789823988166009 1.297473719975892 0.6309665054844962 -0.6035774645308112 0.2897169937151656 -0.39196884674663507
10.1545865 1.4429869096021566 0.07759215064572259 1.2972895179670272 0.631083915620051 -0.6039670145727022 0.2897504998696744 -0.391154169834703
10.1595855 1.44305165774872 0.07714637355679241 1.2969497850204743 0.6310391015850122 -0.6040977281658216 0.2900706562331579 -0.3907871562476675
10.1645845 1.4430335594119517 0.07667834509877836 1.2965383620559137 0.6313866437908274 -0.6038782292142892 0.2905356791112892 -0.3902191813416034
10.169589 1.4431817486258265 0.0761540418101109 1.2959672172039762 0.6305627255901989 -0.6038290791879775 0.29224190344494694 -0.3903533810461145
10.17458625 1.4433892288574341 0.07595356129675146 1.295863676754405 0.631008289673817 -0.6036985691836543 0.29234292366554093 -0.38975914474354095
10.1795865 1.4432239995210925 0.0757428682912293 1.295609904616847 0.6317100338894291 -0.6037359645302077 0.29133821397223014 -0.3893165335503584
10.1845855 1.443241766480487 0.07527062672421075 1.295113839626838 0.6322736093911117 -0.6034666340513091 0.29158265705410774 -0.3886356372742804
10.18958375 1.4434554578939627 0.07524939988178177 1.2948073782139164 0.6320129401958692 -0.6036874876224487 0.292072530959512 -0.38834868014707274
10.19458175 1.4434603883310666 0.07506535202089104 1.2945282565274032 0.6320028336911346 -0.6041741825676196 0.29169920504121644 -0.38788857820699874
10.19958125 1.4434419970574952 0.07484832680685327 1.2941939202954913 0.6323223686110702 -0.6041824250263934 0.2916959618823551 -0.38735705139424054
10.204582 1.443439486635606 0.07468297363013363 1.2938725189786928 0.6326015611345674 -0.6041883035905945 0.2917290384055637 -0.3868668075777409
10.20958375 1.4434617574621664 0.07452546306075353 1.2935280044886315 0.6328160042587802 -0.604225073467558 0.2916441144647315 -0.3865225424799415
10.21458275 1.443569638748662 0.07449944023987931 1.2933211801388438 0.633584855236608 -0.603606918403904 0.29179365647902383 -0.3861157615383636
10.219581 1.4434985601093886 0.0744817262628244 1.2930344633921953 0.6340476599060201 -0.6036558057886525 0.2912052790702482 -0.38572362974929525
10.22458 1.443499135541508 0.07447606449106982 1.2927458041213573 0.634441590161014 -0.6038261666921249 0.29068147139571876 -0.38520398658253574
10.2295785 1.4434807156495024 0.07444699197182782 1.2923294722206493 0.6348598864163681 -0.6036700561969265 0.2905904808151146 -0.3848279619911163
10.23457575 1.4436192582370828 0.0744828167968391 1.2921667496998637 0.6347000527723927 -0.6036527013774677 0.2907679916648151 -0.38498471937677997
10.2395735 1.443671500834036 0.07456559568089693 1.2918385062721638 0.6351078820944107 -0.6036618189458429 0.29041676334681243 -0.38456272572326905
10.2445725 1.4436286324122338 0.07460188054752666 1.2913721922587609 0.6362253349205915 -0.6036506185291091 0.28966255966286464 -0.38329995497542485
10.249572 1.443655559500165 0.07480595598007808 1.2911846587939488 0.6367343828389989 -0.6039019793422304 0.28865162479528234 -0.3828210607584422
10.25457125 1.4441435327163314 0.07490718599347751 1.290728061922167 0.636249458081266 -0.6036501423782054 0.29014243606549284 -0.3828975052047861
10.25957175 1.4440102732553641 0.07487487821418123 1.290201906909692 0.6363870499455053 -0.603897436757006 0.28978458885561886 -0.3825497361151285
10.26457075 1.4444573527706714 0.0750805498042789 1.2900768911855613 0.6370198458780921 -0.6034550982543323 0.2895117140830024 -0.38240113461786135
10.26957275 1.443915487565542 0.07532152744253233 1.2898431573268696 0.6373862388642659 -0.6042991343031102 0.2877460347629559 -0.38178993997376676
10.27457575 1.4440631430016286 0.07560604933720795 1.2895472949321871 0.6377229266812634 -0.6043358380832949 0.2872601609039393 -0.3815354027487993
10.27957675 1.444389043752456 0.07593179703725854 1.2892799979968252 0.6378652933510741 -0.6042679261210608 0.28704567013709004 -0.3815664087089551
10.28457775 1.4445752295109773 0.07617443688940535 1.2889960228196393 0.6381557194162449 -0.6043655900981866 0.2866470356094043 -0.38122563956002026
10.289581 1.4450160767625788 0.07667590830995673 1.2889483176880088 0.6386024406853572 -0.6043725751171505 0.28598885723586465 -0.38096074172267846
10.29458175 1.4451035206471639 0.07699293564300075 1.2887833212222852 0.6386762231076141 -0.604632758070205 0.28536005455520014 -0.38089571954757284
10.299583 1.445486019787108 0.0775927535283548 1.2885463740216705 0.6396387576277636 -0.6044588152467664 0.28443639889690386 -0.3802469400185199
10.3045855 1.4458405243976105 0.07783349150594744 1.2883580917907846 0.6390295530136574 -0.604723897953734 0.28458360209145095 -0.38073929537081147
10.3095825 1.4461351844747334 0.07832754428100167 1.2881906271488779 0.6395587037185921 -0.6045085841364519 0.28400497041644657 -0.3806247666428047
10.31458575 1.4463021244784486 0.07865327874289954 1.2877866830531377 0.6396290037124753 -0.6042856133913891 0.28416866983950906 -0.3807384957416616
10.31958775 1.4464280038024528 0.07915399774263414 1.2874092553620873 0.6406177984951833 -0.6046908957903462 0.282616950261849 -0.37958584829277386
10.3245865 1.4468409164007783 0.07961047060282302 1.287319743750023 0.6408391952163085 -0.6044640373540574 0.282355877877481 -0.37976770748469885
10.32958975 1.4471017917328348 0.08003850062404219 1.287096192477867 0.6410421550629728 -0.604743863936284 0.28163443896107376 -0.37951529251759264
10.3345885 1.447662631436964 0.08049815265237222 1.2868249765945972 0.6406070317558075 -0.6049710696749067 0.28213497959194983 -0.37951612483801433
10.33959025 1.4480451614432819 0.08108528364167675 1.2868561316229232 0.6407820316346653 -0.6052587298982116 0.28122209547686317 -0.37943957467791445
10.34458725 1.4478885667667984 0.08158097054314091 1.286580445528969 0.6415685490001687 -0.6057337213592893 0.27904170670860745 -0.378961979173627
10.34958525 1.4482523041069277 0.0820610647420878 1.2863856539518101 0.641704751664201 -0.6060108450478751 0.27847837476938836 -0.37870260384864873
10.35458875 1.4488792874142435 0.08283649798642026 1.286388518237935 0.6421022458936504 -0.6059140938375828 0.27787170294241414 -0.3786292822949564
10.35958775 1.4492891518867248 0.08325100312406522 1.286032360818683 0.642693101942833 -0.6057743429241993 0.2771664475395718 -0.37836725879513894
10.36458775 1.4493793532237518 0.08400082437040773 1.285950859771412 0.6429874008915312 -0.6060884259567899 0.2763621921579188 -0.37795232630801945
10.36958875 1.4497359116533466 0.08470232696729764 1.2859163780050902 0.642749102820152 -0.6066206947337338 0.27547107557347733 -0.3781542146625414
10.37459 1.4500315307209535 0.08522777249608544 1.2854892349243532 0.6440328045774064 -0.6057275096979362 0.27548423412268447 -0.3773915306059937
10.3795895 1.4506163492830357 0.08596634425537698 1.2856995935265951 0.6433667331231611 -0.6066912183044191 0.2744596259300569 -0.37772599338285434
10.384589 1.4518344481404246 0.08675467233421584 1.285761308955926 0.6429829082002805 -0.6059616897677661 0.27627109043741443 -0.37822968535616724
10.38959075 1.4522533270231845 0.08746415477098307 1.2856900737345158 0.6430811900733475 -0.6064603311677681 0.2755721677465892 -0.3777729874636006
10.39459075 1.452430075588414 0.08794517703679225 1.285134892498934 0.6429464061547133 -0.6063927605248806 0.275500973503699 -0.37816260047004535
10.39959125 1.452766992559363 0.08851467827510658 1.2847771223479663 0.6442571544572745 -0.606346254636964 0.2747639516555133 -0.3765391205293128
10.4045925 1.4535302571686952 0.08941870360925083 1.28505973609629 0.6435942449365445 -0.6071825667106359 0.2737555767383779 -0.37705922979272305
10.4095905 1.4543221068303822 0.0904289248421247 1.2853723925576792 0.644110462219055 -0.6067627323437341 0.27342716377812754 -0.3770918789989652
10.4145915 1.4548529250869284 0.09118026087997205 1.285338009145417 0.6442847966414684 -0.6068641267444559 0.2730245560672681 -0.37692257065824786
10.41959325 1.455334793895802 0.09192359831841168 1.2852263691215202 0.6441404609583019 -0.6074088358079902 0.2725491299082859 -0.3766358248030114
10.424591 1.4558790157989359 0.09275438920364651 1.2851547380246766 0.6446894426513443 -0.6073980431534244 0.27173397900565793 -0.376302782823942
10.42959125 1.4562134179889679 0.09349465783881539 1.2852249261984732 0.6452283685393219 -0.6075844563681773 0.2703011146656753 -0.37611007460897006
10.43459325 1.4564226655306447 0.09407418368215861 1.2846301752746943 0.6464211864783104 -0.6069446403404558 0.27015524529516804 -0.37519860963691726
10.439594 1.4573264816654343 0.09503264836078379 1.2851329099711415 0.6452272501832983 -0.6075424630953594 0.27004736975815585 -0.37636201886431775
10.4445935 1.4576980182023744 0.0957611305080454 1.2848958934910255 0.6454862262057792 -0.6078708423803764 0.26910971258469735 -0.37605921522411195
10.44959425 1.4580933153694282 0.09654489888058637 1.2847444025893762 0.6465899425171557 -0.6077725363282408 0.2684081273535631 -0.3748213807820359
10.45459475 1.458770867392386 0.09767796034139761 1.2850553864542011 0.6457878711739649 -0.6091451194282488 0.2664198668145697 -0.3753940642682703
10.4595935 1.459459981242472 0.09867080590066554 1.2853544631658858 0.647430239821695 -0.6082631551317866 0.26598406878907976 -0.37430267675232093
10.46459475 1.4598254171905973 0.09940673502667613 1.2851045929692804 0.6478386752984935 -0.6081328309586446 0.2659272133847359 -0.3738478672924948
10.4695965 1.4607211734424894 0.10034256242382572 1.2856705841436618 0.6472785209461 -0.6083007480513649 0.26552989108044855 -0.3748260839173072
10.474598 1.461341901236991 0.1009740227628152 1.2853916172928672 0.6468587347669132 -0.608790682167937 0.2653819828247898 -0.374860088237237
10.47959825 1.4616630348237412 0.10186447010135817 1.2855377450140306 0.647517408998428 -0.6089415923418525 0.26356324501824935 -0.3747609345110317
10.484598 1.4621312658124577 0.10261928623951871 1.2853032945039793 0.6487793969605332 -0.6077488130382804 0.2641136966509124 -0.3741264887327249
10.48959525 1.4631080368587204 0.10364947731807357 1.285604906304 0.6477812986509301 -0.6084304224786041 0.2644348029927428 -0.3745210876396828
10.4945935 1.463905816727758 0.10461661418860221 1.2860940450676814 0.6469783946993672 -0.6093411939541709 0.26363611512862606 -0.37499101981597005
10.499592 1.464548109573572 0.10542148341086935 1.2862766837024147 0.6471965605490688 -0.6089168594277047 0.26345155791039276 -0.3754332789627785
10.50459075 1.4653241934888184 0.1061803716511234 1.2862771720746506 0.6473395260098147 -0.6087874967177506 0.2636195991121093 -0.37527860166747323
10.50959075 1.4656292545060725 0.10693024082198285 1.286415132196866 0.6485224404544593 -0.6084330831534619 0.26197917990374914 -0.37495964695994144
10.514589 1.466536338164405 0.10811944389692152 1.2864847672783095 0.6471314844326322 -0.6097181998892869 0.2614508373471623 -0.37564347223165356
10.5195885 1.4672700842313917 0.10897210550132438 1.2867029852639187 0.647112384159585 -0.6097944347326452 0.26113515137096893 -0.3757721947601402
10.524588 1.4678497388513796 0.1097882454388349 1.2871113729131678 0.647062037515374 -0.6099952148622415 0.2603845648813252 -0.37605376719717015
10.5295895 1.468532011994461 0.1106854063033377 1.2873623169850779 0.6470100073798516 -0.6103000231892746 0.25975120660396667 -0.37608674892008465
10.5345875 1.4691382025858817 0.11149531919992668 1.2875041638542741 0.6473611330127775 -0.6101509474623383 0.2592131827010896 -0.3760956137595801
10.5395865 1.4698717247776096 0.112349112400736 1.2878421384155518 0.6471683139152764 -0.610079314312125 0.25912945497412354 -0.37660102134396745
10.54458625 1.4707212214109138 0.1131213353395315 1.288039126462682 0.6470243035845593 -0.6097921748991242 0.25968686392929274 -0.37692941873151903
10.549587 1.4716442003834183 0.11387262437728524 1.288248335729552 0.6466323905368326 -0.6096518028361914 0.2604469808769225 -0.3773043876756519
10.554586 1.4723854563916754 0.11432019483717949 1.2886714055254522 0.648300898240322 -0.6084488321814127 0.2606783476309747 -0.37622169399737104
10.55958475 1.4731699177049848 0.11527493284108334 1.2891082462485284 0.6487044849288481 -0.6082097740381969 0.26000224011317613 -0.37638038888036346
10.56458325 1.473189016965295 0.11591905907820937 1.2892067313384379 0.6504208973800727 -0.6076071189298232 0.25813766878829836 -0.3756743127093512
10.56958225 1.4739297540141545 0.1166445094639122 1.2896580867022938 0.6501365362212637 -0.6075625496825174 0.2579290551467714 -0.376381236254665
10.5745845 1.475061941035765 0.117478250585002 1.290359241816234 0.6491095902904099 -0.60782509921493 0.2579759928978653 -0.3776953476622885
10.57958375 1.475769932588165 0.11820311443086817 1.290763823208773 0.6492035624703072 -0.6077479113563429 0.2575227707706791 -0.3779672383321827
10.5845815 1.476507961009355 0.11892850155408004 1.2911756381718678 0.6492876972273753 -0.6076623160176896 0.25703412201518605 -0.37829281785552343
10.589581 1.477012640482842 0.11962910802486376 1.2916137925854068 0.6499840226607191 -0.607725085618396 0.2554544363396584 -0.37806616028188805
10.59457925 1.477506079305187 0.12024815962072485 1.2917192994628715 0.650733009027838 -0.6070796615064161 0.2553566997206645 -0.3778806576878491
10.59958075 1.4782882286528518 0.1209055943228256 1.2922626580696577 0.6504560006060639 -0.6070421503796726 0.2551769892268502 -0.378538667915323
10.6045805 1.4794076161701293 0.12165343748043342 1.293037937562885 0.649654639917018 -0.6074686519404767 0.2549992754334188 -0.3793495159774704
10.60957875 1.480192436500534 0.12230588157317326 1.2934379340113906 0.6496456479872982 -0.6072889054612779 0.2547142613053124 -0.3798438658745139
10.6145775 1.4807525769007184 0.12291737656935209 1.2939851142131134 0.6500295399459661 -0.6073814364286675 0.25358402811847025 -0.37979537722659923
10.61957625 1.4814854493644405 0.12351085788572581 1.2944760710986065 0.6500062876611574 -0.6073721888267015 0.253224455103272 -0.38008975989688704
10.62457375 1.4822857008262882 0.1240143674763266 1.294819347347169 0.6497246899667647 -0.606637580297809 0.2539053225163045 -0.3812882906881649
10.629572 1.482847693719504 0.12452049571267604 1.2952978308094183 0.6481461926606096 -0.6083041778724863 0.25330529023651194 -0.38171844343787065
10.63457 1.4839378409939232 0.12504097397796723 1.2959496746798629 0.6494202733804434 -0.6075286640842986 0.2530276863440945 -0.38097141727664047
10.63956725 1.4844363292373322 0.12573667701926391 1.2964964997215294 0.6484387091324672 -0.6089648334499239 0.25147064561515814 -0.38138115647449305
10.6445635 1.4852383678738115 0.12617252942202348 1.2970096966143487 0.6482434521116459 -0.6087585053918114 0.25149291210686486 -0.3820272556605263
10.649563 1.4861548925079986 0.1266395415082209 1.2977230945859977 0.649684230182352 -0.6071296199654059 0.2514169362697429 -0.38222185935626757
10.6545605 1.486736301178834 0.12696604799643282 1.2980872583873666 0.6478543572227518 -0.608136831420969 0.25180904592747927 -0.3834664659208829
10.6595595 1.4878252756574544 0.1274103872706847 1.2986857152635745 0.6490002463131124 -0.6064871031876117 0.25232875150636536 -0.3837997851951686
10.664556 1.4882986831839868 0.12782031557330076 1.299156628327215 0.6502058232367095 -0.6065547679459649 0.25091971463715207 -0.38257417283122996
10.6695555 1.489084433345183 0.12830046736095374 1.2999789605740475 0.648019319671256 -0.6086132619997392 0.2498756614663163 -0.38369651087494916
10.6745565 1.4900948683218247 0.12867346933097323 1.3007299360420048 0.6492433415824268 -0.6067395170106719 0.2503025509130556 -0.3843161132647942
10.679557 1.4910596319003409 0.12895048519931135 1.3013876579501171 0.6484650017319629 -0.6067433118381684 0.25098162619672304 -0.38518037122894117
10.684557 1.4918086357377682 0.12925043998894853 1.3020451578094707 0.6484270646050575 -0.6066426086369574 0.25077364812973635 -0.3855381494450571
10.6895565 1.49201185903839 0.12950397670922945 1.3022247813104038 0.6482139398136312 -0.607728160059252 0.24954396203437706 -0.3849843928193348
10.694554 1.4929499241648216 0.12988488686350205 1.303039678313848 0.6480247641199904 -0.6076510167453144 0.24971716208924796 -0.38531219276543616
10.69955175 1.4939368035953857 0.13009212893229039 1.3039085505839398 0.6493745902041523 -0.6059062723289456 0.24999388897556993 -0.38560768434316917
10.70455075 1.4948586756035953 0.130478880642938 1.3048746857970757 0.6487212209731797 -0.606271278928824 0.2492883694420325 -0.3865892169551652
10.709549 1.4956875991908116 0.13060606922545254 1.3056919071611404 0.6481163267666411 -0.6062612307253747 0.24948724872665234 -0.38749020609645846
10.71455 1.4964306979360542 0.13073634739449105 1.3061291354737756 0.6461773101034971 -0.6078567909172276 0.24984316872958148 -0.3879992225280623
10.71954925 1.496555640818684 0.13061264407230205 1.30629149608524 0.6476345222919874 -0.6072216435253133 0.2482591354859207 -0.3875807049090935
10.724548 1.4976974561466572 0.13077617104160685 1.307367880838552 0.6479574969260847 -0.6060966325488695 0.2484206769891574 -0.3886966959397163
10.72954975 1.4985023457656341 0.1312070113955303 1.3084103748231943 0.6469854270332152 -0.6077513271948407 0.24719363343073053 -0.38851446445514964
10.734548 1.4994047911206403 0.1312278193584311 1.309243534722475 0.6479272108112132 -0.606243171292884 0.2474361738869444 -0.38914635627657973
10.7395495 1.5001864442209214 0.1310891943895689 1.3096925535593886 0.647923117959062 -0.6057370593459276 0.24833868659356848 -0.3893663376437889
10.744549 1.5007604143154252 0.13088393671541246 1.3099990792526504 0.6455607699064803 -0.6071563033476399 0.24850230311865582 -0.3909720207479111
10.74954875 1.5018193828402548 0.13098508683465607 1.3108870833749886 0.6464972060791259 -0.6055725568386104 0.24841472381572718 -0.3919354104025154
10.7545475 1.502668241275007 0.13095803366325115 1.3116654293250545 0.6470772806614382 -0.6055056083587401 0.24819328903996593 -0.39122121922696684
10.75954675 1.5032596874173814 0.13102358365779082 1.3124005506748766 0.6474610849174454 -0.6055916927668846 0.2468537576976067 -0.3913004823404066
10.76454575 1.503828949991878 0.13075774191378198 1.312911551054085 0.6451687124376453 -0.6077640506221427 0.24654352073377425 -0.3919138727413355
10.769546 1.5045333579588853 0.13053703606673275 1.3134070775782127 0.6451693274386325 -0.6072331715831903 0.24698497210426837 -0.39245743440028774
10.77454725 1.5055503263917895 0.1303482844793224 1.314129855999589 0.6443090564849634 -0.6073569283699183 0.24771949000178767 -0.3932155332203554
10.7795465 1.5067586740545265 0.13017642335054372 1.3149181468019842 0.6451828410776769 -0.6060392953987422 0.24868376699256767 -0.39320714394059486
10.78454625 1.5074566465956387 0.13015646043081455 1.3156175586760097 0.6438524192768412 -0.6075474714117011 0.24819910066718825 -0.3933666719494751
10.78954775 1.5080390463865265 0.12979695438803518 1.3161350660954216 0.6435581953916744 -0.6078234667597536 0.2476760439720669 -0.39375126621093287
10.794544 1.5087981270529516 0.12950459167194522 1.3167592929873617 0.6433298284858251 -0.6076711697138321 0.24768964075286534 -0.39435050797829413
10.79954425 1.5100098044062078 0.12941982227561302 1.3175256982146766 0.6426339413002606 -0.6077767940429906 0.24855056900210662 -0.394780446274187
10.804546 1.5104403482301543 0.12901966676097174 1.3180774557087978 0.6428912406998615 -0.6081508770811036 0.24744052699362928 -0.39448263452019316
10.809543 1.5114848005599937 0.12887539976416446 1.3188753256642678 0.6442159808414419 -0.6063473023742507 0.24730908951556252 -0.3951796214064578
10.81454025 1.5120136753234947 0.12835316400673444 1.3193372892646653 0.6426329131676846 -0.6081875029541051 0.24744398313686172 -0.39484474844352435
10.8195415 1.5129545350036497 0.1281426830865645 1.3201019058923038 0.6423894529408546 -0.6081445169033097 0.24751805715262526 -0.3952604820800827
10.82454375 1.513699460794804 0.12762737765845036 1.3204487264166966 0.6421742067617046 -0.6085938490960503 0.24748731162222176 -0.3949377743372173
10.82954575 1.5147358619371254 0.12718667860773814 1.321159031039713 0.6431568355370194 -0.6069714544813885 0.24816211232641347 -0.3954118161517783
10.83454525 1.5155609986814544 0.1269562096464388 1.3217935874145381 0.6432399280984591 -0.6071848058562453 0.24711572971127976 -0.3956043763237011
10.83954425 1.5160784817024533 0.12630367236399448 1.3221703868236692 0.6415660481748722 -0.6089653027718307 0.24727973311193982 -0.39548324799083195
10.8445425 1.5170754852528099 0.12583920156852266 1.3227797889285065 0.6412211163162905 -0.6092803555545717 0.24736814805138316 -0.3955021209235344
10.84954075 1.5181606770716045 0.12555700458752633 1.3235673454516286 0.6422153924595094 -0.6078501591111696 0.24712216308705542 -0.3962426154110367
10.85454125 1.5190091245924622 0.12505920190410608 1.3240596605841402 0.6418266271220263 -0.6078123302158916 0.2473689749175205 -0.39677618653712876
10.85953925 1.5196832351639846 0.1245473914094237 1.3246491319287992 0.6421546227407845 -0.6080293111784248 0.24651452905775573 -0.3964446798784969
10.86453875 1.5206099814744356 0.12398984733899976 1.3252279024099862 0.6415715956267858 -0.6081542802688779 0.24695387729201393 -0.3969232187287414
10.86954075 1.5211149001099507 0.12324863456368879 1.325602334985052 0.6403426922873129 -0.6101711905119609 0.24656165496682647 -0.3960551792408122
10.8745395 1.5219731450674883 0.1226931788120913 1.3262050329642985 0.6400976160919675 -0.6104234190114631 0.24636135200121492 -0.3961872986806486
10.87953975 1.5230591002054634 0.12207227626412619 1.326731923534762 0.6391288835743386 -0.6103405578051856 0.2474595092646667 -0.3971932337711263
10.88453925 1.5239917329435744 0.12145463391781688 1.3271520592300177 0.6388540549259175 -0.6105515751633502 0.24774737327138505 -0.39713160237809547
10.88953875 1.5246627538682958 0.12086250224444026 1.3276990568092326 0.6390132632355353 -0.6107452466153822 0.2471770350596726 -0.39693299999483267
10.89453725 1.5259048334412078 0.12042550025457385 1.3283796906427168 0.6398517233695733 -0.6095886148215421 0.24738453285786893 -0.39723089719158855
10.89954075 1.5265335402363185 0.11973086422228972 1.3288990235302838 0.6399043323266055 -0.6096704534381108 0.2468741418674528 -0.39733806984911285
10.90454 1.5271684493367936 0.1188779338859074 1.329241463671222 0.63824110045928 -0.6114366369837577 0.24733201911916786 -0.3970143687033951
10.90953975 1.5280035563331176 0.11824588968230636 1.3298344374898805 0.6377859572675674 -0.6120369414991235 0.24717581045749445 -0.396918094419204
10.9145375 1.5290291658625168 0.11764585176815973 1.3303991594149285 0.639065421677439 -0.6103089538986922 0.24740023544896764 -0.3973807885481082
10.9195375 1.5296104822309073 0.11676259688437379 1.3307396835518621 0.6373895311710571 -0.6122478515803169 0.24766060418628905 -0.3969274227398612
10.92453775 1.5306546598747246 0.11612625405074867 1.331242384380736 0.6366847900428707 -0.6126735299513283 0.24823186459984006 -0.397044789944826
10.92953725 1.5312893140873327 0.1153995158197485 1.3317831341631252 0.6368075136537639 -0.6129959979599615 0.24746415215735537 -0.3968294223419219
10.934536 1.5320001775574212 0.11461577908950224 1.3321031272051178 0.63674414345951 -0.6130950429158372 0.24772045552969815 -0.39661812872611035
10.93953525 1.5329733472231424 0.11405245516690618 1.3327569594191926 0.6378739453609424 -0.6118129017201778 0.24751014592290946 -0.39691375736250534
10.944534 1.533635259245 0.11313388560244898 1.3331009226548804 0.6360443905042886 -0.6139856793509498 0.24777134548337576 -0.3963312745889964
10.94953275 1.5343662926089552 0.11235077019598061 1.3334400821691257 0.635971104951302 -0.6143716862354069 0.24776273017870748 -0.3958557999495216
10.9545305 1.5351788224458527 0.11157793329628435 1.3338650006664092 0.635762692001157 -0.6146308165493914 0.24778887063941063 -0.39577194745776983
10.9595315 1.5359146805483013 0.11075665476384114 1.3342362413304398 0.6355761920213269 -0.6145508425896596 0.2482567420992282 -0.39590245769669824
10.96453225 1.536665422038813 0.11000785709303486 1.334674979013209 0.6355265332424695 -0.6151403008685649 0.24787358743161914 -0.3953063627693326
10.969531 1.5373545404512317 0.10921830152329902 1.335100877063154 0.6353472725741426 -0.6155809138554651 0.24780614163434364 -0.39495075376275496
10.97453025 1.5383543492005711 0.10835999437604629 1.3354872863258773 0.6344979156604506 -0.6158540886619807 0.24887107796386485 -0.39522060049290025
10.97953025 1.5390214239604472 0.10751748962270266 1.3358700006550963 0.6345491147490059 -0.6160015597221715 0.24877353095762833 -0.39496990984881225
10.984527 1.539735282861995 0.10674878669137769 1.3360641699450622 0.6342852172070162 -0.6161512059569985 0.24874717010809008 -0.39517692239502245
10.98952725 1.5404202968163623 0.10583053186156884 1.3364636272491832 0.6343208606086621 -0.6168153595282662 0.24869665469764543 -0.39411398349830484
10.994527 1.5411070664133177 0.10491891716446916 1.3367707365218324 0.6343279607194825 -0.6171581666025935 0.2488349417553641 -0.39347809012293494
10.9995285 1.5418517168223247 0.10403857922098636 1.3371087132422979 0.6341315498998011 -0.6175760416640685 0.24886933579228623 -0.39311711217717676
11.0045295 1.5425256673218721 0.1031148683067705 1.337425508837568 0.6340378025528737 -0.617741697351824 0.24911075788295456 -0.3928550503605505
11.00952725 1.543210189799442 0.10231849330683782 1.3377395415783395 0.6338373425652415 -0.6179797417788456 0.24880314857412703 -0.39299905239120453
11.01452725 1.5439576509936805 0.10126243401921067 1.3380310436780953 0.6335075065571342 -0.6181432475397055 0.2495398879836926 -0.3928065795807334
11.01952675 1.5446785993231664 0.10033921944251777 1.338393571704213 0.6334805394795923 -0.6186405205132974 0.24951219217651757 -0.39208414713547096
11.02452525 1.5454371961952464 0.09942397335442008 1.3387650994849674 0.6330799168176673 -0.6188207698014697 0.2499672216597583 -0.39215693526973755
11.029526 1.5461535375034068 0.09848368185630019 1.3389562517663696 0.632973199571704 -0.6190797156893199 0.25017050356156717 -0.39179070100468555
11.034528 1.5467232401284827 0.09745321041878635 1.3392740903023246 0.6330695620402114 -0.6193549020993514 0.24987763520354558 -0.3913867681575373
11.0395285 1.54748836959998 0.0965400753223645 1.3397646312088758 0.6323994875080452 -0.6198772992854652 0.24994431590188465 -0.39160038429304217
11.044527 1.5480475339769995 0.09546642831611682 1.339857294315717 0.6323814591554979 -0.6196888084113438 0.2506806509442635 -0.391457126756242
11.04952625 1.5486885237559476 0.09448002664522137 1.3401732007668714 0.6324222686611911 -0.6200937194998972 0.2505742465076977 -0.3908176046768037
11.054527 1.5492960910397038 0.09349925923261523 1.3404142517619826 0.6324078854052769 -0.6203808470220471 0.25036192373473226 -0.3905211623833947
11.0595255 1.5501884326768118 0.09248129513321363 1.340797355146429 0.6338076495071867 -0.6189879004168443 0.2505940399629681 -0.39031329685108146
11.064526 1.5506588143188196 0.0913987315572087 1.3410127640446632 0.6318788079810386 -0.6213120241793822 0.25041343684685924 -0.3898636316471754
11.06952825 1.5512580247778631 0.09037191934678188 1.3412428969648336 0.6316919418336588 -0.6216416452905978 0.2505037381921124 -0.3895828956905033
11.074527 1.5517607319263256 0.08951795933929704 1.3413033219439072 0.6319789532721142 -0.6215780293691698 0.24992882185328505 -0.3895881672146258
11.07952575 1.5521696166637278 0.08822564802348011 1.3416465846057273 0.6322282401472168 -0.6222560199645011 0.24969598566120985 -0.38824839049630105
11.0845235 1.5529226274099588 0.08715348154584893 1.3417416107460396 0.6317408526042484 -0.6223120983649462 0.2507369608217295 -0.38828098570153685
11.08952475 1.553514425105008 0.08603714757838443 1.3421208217727025 0.6314296245144168 -0.6228660298793044 0.2507429940035238 -0.3878949459146447
11.0945235 1.5540614115941573 0.08495763937345704 1.342311101733169 0.6311741931116569 -0.6232805111244744 0.2509027903786893 -0.3875413941535151
11.09952625 1.554707707075763 0.08389825267901552 1.3426592184396045 0.6321458344294544 -0.6225456835831245 0.25101309824332363 -0.38706710061150473
11.10452875 1.5554956254985626 0.08307871003608519 1.3432114726117073 0.6326351015467924 -0.6223391430754593 0.25084768028867444 -0.3867069440555385
11.10952825 1.5559766766294714 0.0817394459733142 1.342938000244634 0.633354914675341 -0.6216626897247852 0.2518622421853042 -0.38595655613310687
11.11453025 1.5565222281980946 0.08056091187215494 1.3432859719790098 0.6306698091814619 -0.6243945409563278 0.25204409998172655 -0.38582485751355694
11.11953 1.5569589661875987 0.07927252546761787 1.343159770210655 0.6322173217243611 -0.622834822555692 0.2522553697054431 -0.385675083948219
11.1245305 1.55768167511024 0.07830780110080196 1.3435565179001479 0.6324027499163815 -0.6228452732264634 0.25234617457110814 -0.3852946089643331
11.1295305 1.557750568689497 0.07686818344694017 1.3432599038237305 0.6323308126915951 -0.6233762199358239 0.2526891453109442 -0.3843280208120853
11.13453325 1.5582787518464574 0.07583425580098521 1.3437162125499753 0.6315561993140374 -0.6245053892983514 0.25221404240050743 -0.3840805418936466
11.139536 1.558824480020483 0.0744779459481773 1.3437509058975632 0.6313498519687973 -0.6245049927003786 0.25296086895850883 -0.3839292607851529
11.14453575 1.5595216254072313 0.07332294328152357 1.343911761274738 0.6315271875629767 -0.6241090508735692 0.2539446126928404 -0.38363190387502055
11.1495355 1.5600317109665358 0.07214092881218323 1.3440767893644188 0.6309558971838399 -0.6245531611803269 0.25436266422026244 -0.38357220926360963
11.1545385 1.5604861964842967 0.07100647110306016 1.3443931685540924 0.6306684349543493 -0.6253526528140239 0.2540271570630868 -0.3829642127472754
11.1595385 1.560682231708297 0.0695083200035419 1.3439689467009748 0.6299492859683432 -0.6260029825607382 0.25513788725711467 -0.38234646777368125
11.16453825 1.560975625324013 0.06842932186094106 1.3444441886720095 0.62949582212535 -0.6276046046609797 0.25414737319683317 -0.38112541614567563
11.16953925 1.5616302626715806 0.06734730783459308 1.3447676859624238 0.6293118182889085 -0.6276603765911595 0.25461162744921634 -0.38102756617732175
11.17454125 1.561773373180953 0.06573162775724758 1.3443900979307504 0.6290975383451406 -0.627539722068173 0.2558852098003449 -0.38072686256700866
11.17954325 1.5620203999720639 0.06451824736670586 1.3446364574855842 -0.6287585661144995 0.6290336983281201 -0.2550354752922204 0.37938921735831843
11.18454175 1.5626842731440818 0.06345058229716541 1.3449598337841726 -0.6287279142170605 0.6290507479347642 -0.2554543860381526 0.379129823491701
11.18954425 1.5627759976933038 0.06182116136552992 1.3446039072851712 -0.6282759704093517 0.6290702156603928 -0.256652224432439 0.37903773488803894
11.19454425 1.5627546886608255 0.06038371233087955 1.3443711221383605 -0.628742482667943 0.6291278764544621 -0.2568843052737342 0.3780098666178984
11.199545 1.563185801994798 0.05918391199599211 1.3447393703070478 -0.6280957640411101 0.6301256938404609 -0.2567265915854618 0.377529837666645
11.204546 1.5632307243227583 0.05784741060809626 1.3446688495796797 -0.6277979244099934 0.6304596612535254 -0.2570567733413696 0.37724288849217313
11.209545 1.5635798105162488 0.05652633105296835 1.3448088049928837 -0.6275682668743113 0.6306555061161615 -0.2574900101435745 0.3770021189516092
11.2145455 1.5638259859885724 0.05537826843324823 1.3449388971865328 -0.6276762835879066 0.6310518516727376 -0.2573007492835972 0.3762876133222862
11.219547 1.5638206536828525 0.05386548811336924 1.3447847479652528 -0.6267980609420596 0.6319965569790832 -0.2578162300184338 0.37581289800237133
11.224546 1.5640267952067741 0.052683792192024355 1.3448239573758078 -0.6278420584458547 0.6312581928360239 -0.25808644821901344 0.3751250842979761
11.22954425 1.5642703480940732 0.051256750693707595 1.344959472637081 -0.6268684330770482 0.6319209752257468 -0.25867642028962545 0.3752310731634739
11.23454675 1.5644193314418606 0.04983642128205763 1.3448920811481138 -0.6265027001342833 0.632119191052313 -0.2593513806113627 0.3750420728435701
11.23954925 1.564299281969274 0.04851758917234337 1.3447693219098424 -0.6271484594245499 0.6322192106777332 -0.259306136800048 0.37382349699995115
11.2445495 1.5642744659840984 0.0471638369462647 1.3448087368377872 -0.6270320303465488 0.6327993854760104 -0.25908299750880387 0.37319133304850644
11.24954975 1.5644456592991924 0.04581458121575884 1.344921266199713 -0.6259568896855928 0.6334478027971384 -0.2593946397703714 0.3736793735878604
11.25455225 1.5646402236819947 0.04449006444152804 1.345171785103477 -0.6251178545010657 0.6343500465226198 -0.2595343481249574 0.3734563007958066
11.259553 1.5642695926943813 0.04300735266820598 1.344933855044369 -0.6247055350725631 0.6352375866536178 -0.25932968776548554 0.3727791785972571
11.26455425 1.564079724237477 0.04142480248630673 1.3446987645078843 -0.6247680194518523 0.6350899593477346 -0.26027971573250813 0.3722635289470451
11.26955775 1.5641001196198665 0.04007965838115789 1.3446279471544405 -0.6245036861504161 0.6355535590074378 -0.26048215667538704 0.3717739443146345
11.27455675 1.5640963657270044 0.03874666091555544 1.3446226989633967 -0.6237767568403182 0.6359003069644338 -0.2609034478621854 0.372105829196396
11.2795565 1.5638225443407214 0.03726194992851718 1.344470607949495 -0.6243208384926414 0.6361711486050895 -0.26113928678917425 0.3705617805461967
11.28455825 1.5640166332284673 0.03611515039971881 1.3448008296278104 -0.6239918139946635 0.6364970568770237 -0.2610100923547987 0.3706473314938008
11.28955975 1.5638067832015834 0.0346379047165536 1.344624624380335 -0.6241189914240118 0.6367058676074353 -0.26129292190900605 0.3698744809504859
11.2945585 1.5638254656506558 0.03342183173142892 1.3450520830402337 -0.6227854635376653 0.6381141778478773 -0.2609273100881361 0.36995337717862886
11.29956175 1.5638844814249742 0.032041172040427786 1.3449265985382284 -0.6219665651929627 0.6384701261801738 -0.26184636691539787 0.370067520718514
11.30456175 1.5633840660761846 0.030400424308422234 1.3446198651099683 -0.6216196203394524 0.6390977835566946 -0.26204915788484323 0.3694229412391711
11.30956525 1.5636295341228663 0.02901532125682356 1.3445532641510072 -0.6209743414548238 0.6392245510230669 -0.26277283547595537 0.36977463076857103
11.314564 1.5628398405758472 0.027757492472096246 1.344562798133095 -0.6208167426214537 0.6402026599911028 -0.2618260336494237 0.3690179593524071
11.31956475 1.5624283989386623 0.02599594048612179 1.34398900185718 -0.6210666240927482 0.6399855327017635 -0.2636285278127188 0.36768840842998524
11.3245675 1.5623577125917523 0.024683959246595298 1.3440802853680003 -0.6196013738872267 0.6407935430509439 -0.2640580752731133 0.3684441688293329
11.329567 1.5622255712207895 0.023612009315830414 1.3444259975031712 -0.6194013133134891 0.6412269535072751 -0.2633235108904613 0.3685522158034394
11.334566 1.5617790636443045 0.022183525303256284 1.3442384378007572 -0.6198668034052427 0.641601392285882 -0.26323051299197103 0.3671818302734598
11.339567 1.5614262081739694 0.0207328263774254 1.344004416647871 -0.619135762516481 0.6420206618435638 -0.2637786569090289 0.3672889836332646
11.3445645 1.5606735600038653 0.019285251873262542 1.3437032259216022 -0.6193266809020228 0.6426388743784549 -0.2639124839169859 0.36578674154928476
11.3495665 1.5607258907718364 0.017865649492750678 1.3435596531358103 -0.6185047632968167 0.6428281400868391 -0.2653219847989063 0.36582521027672865
11.35456575 1.5600592851142923 0.01645498008056915 1.3433587867365853 -0.6178505156346964 0.643652523180535 -0.26552651314823894 0.3653325068326237
11.359567 1.5598951560552077 0.015173209674680561 1.343386781657483 -0.6174633010468612 0.6439344409861186 -0.26580570385991736 0.36528733261330354
11.364566 1.5594834256434296 0.014025909067944285 1.343454090400289 -0.6170993077976665 0.6444319912530723 -0.2658351291141939 0.3650034754547975
11.36956725 1.5587156164536176 0.012548900670452688 1.3432435380481136 -0.6155181265474251 0.6463627316921815 -0.26581626089063626 0.3642723849224508
11.37456575 1.5586763883444332 0.011461150006691866 1.343458066743745 -0.6154794715893673 0.6456371877633396 -0.26634706088268606 0.365235382990578
11.37956475 1.5581093323701958 0.010139005554384253 1.343061082865787 -0.6142804984723099 0.6463955056347653 -0.26685353546249785 0.3655427609773607
11.38456375 1.5576935590221022 0.008873553721073402 1.3429942280406226 -0.6150300419834501 0.6464080994903723 -0.2670636011554551 0.364103899057619
11.38956525 1.5570952354076626 0.00768299343217857 1.3428980594108448 -0.6148009108704036 0.6468590048887093 -0.2668491388353013 0.363847227404812
11.39456475 1.556617577195495 0.006361831094841626 1.3429153575178931 -0.6134122465503462 0.6479151606893089 -0.26751457417093283 0.3638231891140926
11.3995655 1.5561758270187862 0.005104070163951924 1.342690616841213 -0.6128117576107772 0.6483941292764056 -0.26830240590927124 0.3634014609728176
11.40456975 1.555399524324672 0.0035702091234911665 1.3420928454594296 -0.6105794479691212 0.650212081814568 -0.26902033479478077 0.3633800295104185
11.409569 1.5551508142970745 0.002530519569222761 1.342422718407933 -0.610554468465027 0.6510420873981987 -0.2685290897294276 0.3622976254996288
11.4145715 1.554557007893402 0.0013306159975327234 1.3422501731976786 -0.6100445121261588 0.6513979145805858 -0.26889584743698175 0.36224504597850354
11.419572 1.5534187134130828 5.620706148651983e-05 1.3415426357430553 -0.6096594154227853 0.6521053115804664 -0.269186434899108 0.3614038226986523
11.42457025 1.552938174116471 -0.0010510085798405497 1.3415917249777576 -0.6089073704851772 0.6522469065811513 -0.26942372202646026 0.3622383815025054
11.4295705 1.5525488238602432 -0.0021683288417302035 1.3414755616942482 -0.6086517700891451 0.6526276116319749 -0.26950296101472393 0.3619231649220465
11.4345715 1.5517310667160087 -0.0032703192337723494 1.3411984954690774 -0.607980501343028 0.6537033134620635 -0.2693565009539186 0.36121844270366565
11.43956975 1.551122392644748 -0.004338512371209947 1.3413013661789928 -0.6080720632002713 0.6543192252399366 -0.2689472970065096 0.3602527846799616
11.4445685 1.5506246771558123 -0.005611937186778056 1.3409191273565864 -0.6070515033166933 0.6547133731677902 -0.27039907124043727 0.36017108932909286
11.44956875 1.5501894494527166 -0.00659023757466598 1.3408366294786944 -0.6065377707602106 0.654905970596862 -0.2707184689069137 0.36044640782023707
11.4545695 1.5495344610792643 -0.00766997488400091 1.3403963656462285 -0.6054310088901185 0.6554854707852246 -0.27134062774649736 0.3607857463896021
11.45957075 1.548880133636604 -0.00864084730167599 1.340223940041339 -0.6050426165625007 0.6559439488764791 -0.2714999475583989 0.36048404479438517
11.46457075 1.5483713721935812 -0.009534858937162084 1.3401598885551855 -0.6047214474354489 0.6565654420530268 -0.27135373771163407 0.36000130602987385
11.4695755 1.5477879298852912 -0.01064423508271796 1.339892193876131 -0.6043002235100978 0.6568653882428548 -0.2717046905271461 0.3598967389957257
11.47457575 1.5469162678224235 -0.011535747452374984 1.3397395028861596 -0.6043307942042335 0.6576189241324946 -0.27139093701394024 0.35870405783318965
11.479576 1.5461845024025962 -0.01249310660683415 1.3392672355307838 -0.6035125264577256 0.658142986571309 -0.27187182961403233 0.35875639074158555
11.48457475 1.545580285608555 -0.013430241019883056 1.3392899592515561 -0.6036727441043848 0.658552679107192 -0.2717697816951139 0.3578110851044332
11.489575 1.5449420174417872 -0.014247453272229586 1.338935735817104 -0.6031119389647933 0.6590623662874218 -0.27217779144764437 0.3575080925859363
11.49457675 1.5445207978682827 -0.01522170154929986 1.3387086801006682 -0.6018858207155011 0.6594587930433813 -0.272900423491955 0.3582916660450057
11.4995795 1.5437541867949411 -0.015933868671446826 1.3386501550887522 -0.6011894916234202 0.6606323141156452 -0.2724438116366521 0.3576457887472933
11.50458425 1.543029532859091 -0.01686099476369475 1.338382167889319 -0.6013681829020464 0.6606895326229386 -0.2728724664467907 0.35691212802427835
11.50958325 1.5425334029055366 -0.017573838518360314 1.3383379908339603 -0.6008821370524201 0.6614278105192479 -0.2726508746096929 0.3565324801720033
11.5145845 1.5415285235049592 -0.018184897299624664 1.3381176603389975 -0.6001140762227024 0.6628879468296233 -0.2714837255699678 0.35600456769264877
11.51958925 1.5412020259572714 -0.019175814983198904 1.3380577133748246 -0.5995489980860587 0.6629532022887545 -0.2732762545972499 0.3554632739712896
11.5245905 1.5402624660894735 -0.019909479891900783 1.3376290482242683 -0.5995962000611889 0.6632075610700878 -0.27301452718831615 0.35511011778853696
11.529591 1.539918362849241 -0.020592557690473606 1.3376036841275278 -0.5989351895853936 0.6637479067130331 -0.27342304664171285 0.35490166606475554
11.53459 1.5392411981607979 -0.021319785412234754 1.3373413094568214 -0.5983593934316823 0.6641706089954221 -0.273659855921226 0.35489959382322905
11.5395915 1.5385392078204414 -0.021988826302633685 1.337074994147406 -0.5980227784716198 0.6646693281718243 -0.27375244343072946 0.3544616203940914
11.54459075 1.5378259951157176 -0.022687237413378428 1.336692182938777 -0.5971588198423176 0.6650322056036103 -0.27444037625368034 0.3547054965408153
11.54959225 1.5371799198184597 -0.023289280051325773 1.3362147018082082 -0.5961816406935219 0.665456726939816 -0.2750143018412177 0.3551083350941164
11.55459425 1.5362931119132142 -0.023597946711257194 1.3363151291381525 -0.5969914239305202 0.6666046014253317 -0.2732239069313718 0.3529705962160896
11.5595935 1.5358344798693357 -0.02434457001122447 1.3358498717766032 -0.5964052101137938 0.6663750940641879 -0.27479384374162374 0.3531761639773704
11.56459375 1.5352673512267982 -0.024876354247778176 1.3354363370145594 -0.5959774938552018 0.6666606613331033 -0.27495831929207165 0.3532312445142152
11.56959675 1.5346676622128241 -0.025197675125833707 1.3356566288195983 -0.5958080007511126 0.6675647103247541 -0.27436302662471385 0.352271363285913
11.57459575 1.5340239486070313 -0.025593613930009487 1.3353328790689067 -0.5948168983722022 0.6683073135469332 -0.27467784821782815 0.35229287782891394
11.57959675 1.5330417488870907 -0.025912202812389915 1.3352241027315728 -0.5955295282931563 0.6687717527625259 -0.2733319727098083 0.3512528381841695
11.58459575 1.5324896058491546 -0.026364741938795358 1.3346512324559494 -0.5946448124874159 0.6689644606765036 -0.27416316057758405 0.3517366326041555
11.5895965 1.532247666597338 -0.026758832863810166 1.3345939442603005 -0.5936579587306028 0.6693434554016978 -0.275121477904254 0.3519342824200395
11.59459475 1.5312932918118523 -0.027005758707637773 1.334263801931649 -0.5938207433887042 0.6696648323039561 -0.27496796157300013 0.3511674204777404
11.599597 1.5307874031008424 -0.027362335456993667 1.3342159822898207 -0.5930460564478146 0.6699219469612314 -0.2755761385042183 0.35150924852480425
11.604599 1.5299742265561838 -0.02755216649706614 1.3340740978899115 -0.5931766313117521 0.6700980474399348 -0.27520153742462 0.351246643659344
11.60959825 1.5296867180265263 -0.02777616629964111 1.3338178130524612 -0.5925782496381239 0.6706629894768861 -0.27542349353646217 0.35100437577032245
11.61459775 1.5286646467053957 -0.028025995567215092 1.33334180262267 -0.5921830444381653 0.671008510441921 -0.2758542631667892 0.35067256278067754
11.61960025 1.5282686063670652 -0.028138397297050532 1.3332410207998937 -0.5919972347186075 0.6711928842368997 -0.27598922683317734 0.350527221349924
11.624601 1.5276943731262722 -0.028150230643530845 1.333112071946926 -0.5918533410985936 0.6715691373841174 -0.2758371167160051 0.35016910398461065
11.62959975 1.5271231290347904 -0.028114873258493177 1.3330595084113446 -0.5917224569063354 0.672027140797008 -0.27541633519393627 0.34984267654657225
11.63460075 1.5264917102245366 -0.028119202483452448 1.3328901241860547 -0.5916098923359988 0.6722350115379712 -0.27541601125779874 0.34963387320964134
11.63960125 1.5254668895322039 -0.028153688744158537 1.3325849674859946 -0.5921327768274054 0.6722252477453943 -0.2755729864581982 0.34864239563601435
11.64460225 1.5248686229954909 -0.028157088220101857 1.3322259462123565 -0.591093599027421 0.6725456350353202 -0.2761117594387396 0.34936087686429934
11.649603 1.5245398453336547 -0.027889592958496127 1.3326108095770228 -0.5908730054661686 0.6730288350508599 -0.27569588734199224 0.3491318609124223
11.6546015 1.523817554906163 -0.027757665273747463 1.3323476158629461 -0.5909329466539479 0.6730629538772136 -0.2757743593851046 0.3489025872399017
11.659598 1.5233512344260196 -0.027476444499428328 1.3323754350055552 -0.5919251601797456 0.6721976310724362 -0.2758463836306471 0.34883193971407067
11.66459775 1.5227361199239753 -0.027295781071723993 1.332272121213066 -0.5908118821875157 0.6733579883461954 -0.2755137810585395 0.34874416961898763
11.669597 1.521989317721517 -0.027194462034883564 1.3316488257850077 -0.5907427209425575 0.6730660588663303 -0.2759730769896158 0.3490615688276393
11.6746 1.521248718651857 -0.026883221826392655 1.3314941107239602 -0.5901181252691053 0.673354542325188 -0.27631175457755935 0.3492936770701465
11.67960275 1.5210419912122277 -0.026405158901837575 1.3317863551606983 -0.5898131023831144 0.673446855981542 -0.2760237705491075 0.3498581348455912
11.68459975 1.5205386460082073 -0.026007055837698682 1.3316832484432757 -0.5894678781083997 0.6736498870552882 -0.2761675470095125 0.3499356174034404
11.689601 1.519930192210069 -0.02555489950214105 1.3316093341619322 -0.5894483656692903 0.6736591138874357 -0.2760399356078738 0.35005139113535627
11.6946015 1.5190595892145238 -0.025181654409112866 1.331401850743847 -0.5898452411028932 0.6736680420133636 -0.2760090479416832 0.3493894190906137
11.69960225 1.518336512658799 -0.024434794589247445 1.331415231968528 -0.5891339280947936 0.6742613739833818 -0.2752484532426092 0.3500444304787494
11.70460525 1.5180064386871717 -0.023724440024164052 1.3315912040189435 -0.5900555927297932 0.6735118710325824 -0.27528051245870405 0.3499096976749229
11.70960275 1.517038658127947 -0.023086070313441717 1.3315887271049243 -0.5897551399658354 0.673756020222973 -0.274633874525051 0.35045389862368087
11.714603 1.5165599500537228 -0.02221871701995789 1.3317594180717842 -0.5899170803355959 0.6741096510744176 -0.27392364476892855 0.350056928931794
11.7196045 1.5161865912699573 -0.0219954347031891 1.3312091241199113 -0.5901791242709653 0.6727647618150485 -0.2758639531818224 0.3506782797231598
11.72460425 1.5155240971103954 -0.021220287794260488 1.3311045743748353 -0.5900230630153296 0.6726538134643609 -0.27585731517160433 0.351158616593948
11.7296035 1.515117643689942 -0.020370028346003773 1.3313056675874635 -0.5900486908118755 0.672497514393776 -0.2756105560802213 0.35160838582510484
11.7346025 1.5144308942775153 -0.019594451244739942 1.3312209831759612 -0.5905250216831875 0.6720965888747292 -0.27562076780230343 0.3515672998802547
11.7396035 1.5138140017588941 -0.01839980322355042 1.331699885201189 -0.5912197326896106 0.6720596838138627 -0.2739942100735387 0.35174164086245757
11.74460425 1.5135183160406784 -0.017920327729552453 1.3313184736119485 -0.5901917726314101 0.6718168460250312 -0.2757642881358012 0.35254766245733127
11.749605 1.512738022489401 -0.017073824354451067 1.3310205234784718 -0.5910081210987849 0.6711948771672108 -0.27582516351733455 0.35231706860498924
11.754604 1.5124185992622412 -0.015993419888347044 1.3313215919759924 -0.5907066367909812 0.6713008529910233 -0.275325965944716 0.35301054729458353
11.75960325 1.5120144489547391 -0.014915612930475712 1.3314680139516917 -0.5917113699906588 0.6703282622290482 -0.2750630355463198 0.35338081718849157
11.76460275 1.5116713673964888 -0.013862197472163384 1.3315558062051536 -0.5924853675324194 0.6694048979041735 -0.27479930563732563 0.3540388588038333
11.76960175 1.511194216935236 -0.012829386531251957 1.331595969439583 -0.592737155646872 0.6691207924318552 -0.2746174479649922 0.3542954794013277
11.77460275 1.5103079073635204 -0.011803460540487247 1.331391697832074 -0.5932040889192448 0.6692630192799891 -0.274329781129874 0.35346724190362694
11.77960275 1.509697198815945 -0.010794478079226719 1.3313961215105523 -0.5930137404114444 0.6696061659283736 -0.2735321049758159 0.35375482156633686
11.78460175 1.5096955677974042 -0.009661452003353263 1.3317621007670566 -0.593031202221221 0.6686400166558788 -0.2743540996032766 0.3549145662682145
11.78960175 1.5091252272427933 -0.008644406648373536 1.331584201396563 -0.5928445621704417 0.668757939161172 -0.2746385424269115 0.3547841807739756
11.79460025 1.5086589436630766 -0.0072380663907897075 1.3318766492648693 -0.5941698310428871 0.6678653626038368 -0.2737646401059299 0.35492392303165926
11.79959975 1.5079393559703491 -0.006009997557271364 1.3319583808483813 -0.5955727438058656 0.6672121059481441 -0.27277053993178346 0.3545664184001624
11.804601 1.5075270757205814 -0.005063730887397963 1.3318643891739548 -0.5946397325436668 0.6677464138950517 -0.27308089352346865 0.35488750443361444
11.8096005 1.507404180618825 -0.0036741101157421463 1.3322615555521091 -0.5938581269390311 0.6681504191269954 -0.27272958397206293 0.3557050976796816
11.81459825 1.5072122435241568 -0.0021273358575231716 1.3325932349378151 -0.595477664151311 0.6666556528667287 -0.2721762807031044 0.35622558052498027
11.81959825 1.506809569512965 -0.0010567389627102255 1.3324262925240542 -0.5944903626655821 0.6672859709235041 -0.2722254285457523 0.35665663846268525
11.8245975 1.5066248359948557 0.00028102446621456473 1.332617064468506 -0.5946784244261238 0.6672101348904758 -0.27208027731033113 0.35659575168561564
11.8295965 1.5061397734406252 0.0014910436898682572 1.332629988111822 -0.5968279978916777 0.6651622670856435 -0.2722454110971193 0.35670426898855445
11.83459325 1.5060157412169388 0.0030063703900026703 1.3329819242599277 -0.5969246731946929 0.6651765202717075 -0.2714774152966784 0.35710102827416595
11.83959275 1.5057961779536013 0.004288878952325527 1.3329082232707228 -0.5977462996500671 0.6640929063492333 -0.27203768561805836 0.3573170449262824
11.84459075 1.5057290429786887 0.005590738837177367 1.3331130299535283 -0.5972874839728997 0.6640930487968186 -0.2720357582881891 0.3580846690960667
11.8495915 1.5055222496953835 0.006829194144957806 1.3330723326201435 -0.5972066175388612 0.6640713529757946 -0.2724121585521435 0.35797361634295344
11.85459225 1.5050775041453308 0.008341452040979747 1.333084903073551 -0.5979090294970103 0.6635786711734699 -0.2718124657818507 0.35817052231470037
11.859594 1.505118709911813 0.009978738508031985 1.3334086029424332 -0.5993796237920413 0.6621279168627114 -0.2714422203131843 0.3586778628873074
11.8645935 1.504726030650885 0.01135412396432841 1.3334119596676084 -0.6000461213054568 0.6615845927115799 -0.27104833298596853 0.3588638741618578
11.86959225 1.5046195248907095 0.012980224175957372 1.3339848504355158 -0.6001193745482958 0.6620244797621536 -0.26971974418523803 0.3589311690060671
11.87459025 1.5050606208369264 0.014577108011436087 1.334344806280591 -0.6007524466406824 0.660710681494901 -0.2696990234248202 0.3603058839062664
11.87959125 1.5047641938720675 0.01601479630115863 1.3345158523819534 -0.601112507383921 0.6604723948062065 -0.26979843979523954 0.3600677311973745
11.8845925 1.5046568000758116 0.017337642986471148 1.3343506982808564 -0.6025426480813816 0.6594871537113348 -0.268790750074059 0.36023684432248637
11.889591 1.5048374709747894 0.018796101023719543 1.334778892443015 -0.6026633713090312 0.6590114287413184 -0.2686161369746168 0.36103485791207574
11.89459075 1.5048625719411097 0.020446365700801925 1.33519052713681 -0.6032684995506308 0.6586901915931793 -0.26793613669944677 0.36111573712515904
11.89959025 1.505038086008823 0.021751557612019516 1.3352900478966476 -0.6037567396477238 0.6578061785897679 -0.26822582176680637 0.3616956445363953
11.9045925 1.5049585881950318 0.02304479591181678 1.3353053209128347 -0.6040983165539673 0.657698602883125 -0.26763991617562427 0.36175495431542215
11.90959325 1.505286614280888 0.024442974954954524 1.3354912606728602 -0.6045593989985737 0.6568211240829507 -0.26773569313206175 0.3625073001526826
11.914592 1.5053615096707558 0.02595365618083751 1.335727880406901 -0.6054065529285583 0.6561685817887656 -0.26680715564516444 0.362959556481184
11.91959175 1.5055095937901863 0.027558503203053447 1.3363090384339784 -0.6060984363097169 0.6557899745440984 -0.26607572032448834 0.36302604017366547
11.92459275 1.5056639725675491 0.02916061425580268 1.3367396565025138 -0.606671830094246 0.6558197736143112 -0.2642184595741306 0.3633707758293798
11.929595 1.5055407884042729 0.030553461390610243 1.3369433086280038 -0.6071273830771563 0.6557452874371532 -0.26337320356961197 0.36335797000111203
11.934594 1.505977863633018 0.03185611110535246 1.3371683126747738 -0.6072913306044156 0.6548558895996088 -0.2639016858625081 0.36430331295275004
11.9395935 1.5063313552921525 0.033432914606154225 1.3374902589438389 -0.608564900637663 0.6537191508392325 -0.26339823554218195 0.3645838765650084
11.94459225 1.5068648883461266 0.034884846883549266 1.3378746071703056 -0.6083562841346029 0.6534844273607197 -0.26280784032922494 0.365776945435957
11.94959425 1.5068743031103 0.036244944357896484 1.3381684944682997 -0.6088432144408072 0.653412262984284 -0.2619289653070536 0.3657260886843027
11.9545935 1.5070861269860383 0.037840532803952505 1.338642438522879 -0.609637699276589 0.6531584292733 -0.2604539364584463 0.365909399815422
11.959595 1.5072729430671388 0.03925428308564022 1.338794387777866 -0.6100735982741051 0.6529234687914783 -0.26003793580375323 0.3658981012974957
11.96459575 1.5080606334015207 0.040819421555993524 1.3394551663896868 -0.6109692117737568 0.6519787039645166 -0.2592069706887572 0.36667715798459727
11.96959675 1.5087834469014922 0.04198688731315137 1.3395657565943857 -0.610630831362957 0.651249458274443 -0.2605617694379729 0.36757542789688863
11.9745965 1.50866350290863 0.04356317442066973 1.339898220102072 -0.6128222863089776 0.6507365475717235 -0.257814254157454 0.3667732288631592
11.9795975 1.50908690715034 0.04478225857876369 1.3401127422403318 -0.6129487336182206 0.650332046091542 -0.2579831946991215 0.36716038870641193
11.98459575 1.5095456947469346 0.04645662471164316 1.3406358799462519 -0.6130211598061428 0.65074347669588 -0.2564868993246451 0.36735875604444185
11.98959425 1.5100413548390919 0.04775766932180102 1.341011445480619 -0.6137017543066657 0.6501825466925489 -0.2560840459218943 0.36749663149692324
11.99459325 1.5108786092296462 0.04907206816693705 1.3415107891280076 -0.614760282992182 0.6487083777916582 -0.2562694002250083 0.36820270171007996
11.99959325 1.511330086013241 0.050546709888820526 1.342041303287485 -0.6153470978809522 0.6487154512197622 -0.2548495313869617 0.36819550354407693
12.00459225 1.5117201037560009 0.051725997700179584 1.3421767040797348 -0.6152885147149251 0.6487538811315936 -0.25430031971272843 0.36860519905530303
12.009592 1.5123790395158154 0.053073791986417526 1.3427043719564031 -0.6154472242631018 0.6487574799514397 -0.2533224840468848 0.3690069991615554
12.014592 1.5133891165567004 0.054123819436094754 1.3428711232509234 -0.6148669682482721 0.6477523733511484 -0.25505324654176764 0.370544620260013
12.0195915 1.513895455136531 0.05579038353858944 1.3435294274501823 -0.6167360161122114 0.647506678731796 -0.25239035717393443 0.36969026905420505
12.02459125 1.5143558125325605 0.05681885347750804 1.3437225178336771 -0.6170741996210591 0.6473686645111293 -0.252045624073989 0.3696028243347981
12.02959225 1.5151920972052497 0.05812874195872108 1.3442328595049373 -0.6181958891002914 0.646652040262257 -0.2508966706382101 0.36976457670634444
12.03458875 1.5159048422606796 0.05933332521981956 1.3445832332960004 -0.6185959894253862 0.6461494639736454 -0.250349621761835 0.37034435186337655
12.03958875 1.5166959429905942 0.060678231911467484 1.345285868905649 -0.6193785303719646 0.6459131503031068 -0.24933214854275357 0.3701349998079561
12.04459 1.5174597757036528 0.06180175602027023 1.3457366313374866 -0.6197665121590563 0.6455907501809975 -0.24879106004337956 0.3704120167184463
12.04959075 1.5184435932204072 0.06294554728931812 1.3461506617223673 -0.6201302156013602 0.6452318206046114 -0.24834467133329585 0.3707281181645473
12.05459275 1.5192991415801553 0.06405576163607676 1.3466772852988695 -0.6204961951507821 0.6448237835985783 -0.2477974690111382 0.3711915600612312
12.059591 1.5200124963347492 0.06484099287872208 1.3467771628837355 -0.6202200439890441 0.6447437227085827 -0.24813293793509433 0.3715678594467031
12.064591 1.5208847855783507 0.0662196426009882 1.3476568305021888 -0.6216613957158816 0.6442244531630777 -0.24571001876142134 0.37166994726985597
12.06959175 1.5218046783262862 0.06713316693174382 1.3479156274707822 -0.6219711500447225 0.6439514665504097 -0.24547656775175325 0.3717790364241113
12.0745935 1.52291227744557 0.06791128313550318 1.3480728538708049 -0.6216455190463624 0.6436230957766025 -0.24608499175660908 0.3724893771165436
12.0795925 1.5238596746753115 0.06899999813477425 1.3487868513519836 -0.6221321899605825 0.6433703130009988 -0.24526190010782276 0.3726563818309663
12.08459025 1.5247948546845662 0.06992824700930958 1.3492439667807665 -0.6227064624135299 0.6430913698596964 -0.24443472524964396 0.3727221710235889
12.08959175 1.52563236329485 0.07089032997775384 1.349719358279217 -0.6237193984565494 0.6429760942410508 -0.24290041578658897 0.3722300931335692
12.0945915 1.5265866043900067 0.07172458268512258 1.3502550017575325 -0.6239428613211425 0.6431249551938197 -0.24204968002213775 0.3721525899607761
12.099592 1.527280242729926 0.07214485523204267 1.3503674387491904 -0.6222827247073041 0.6447644509000254 -0.24197531372968972 0.37214373692413627
12.104595 1.5286793304884625 0.07317240265276587 1.350963216582631 -0.6241277909171631 0.6425827626922853 -0.24193243400358638 0.37285465140281165
12.10959175 1.5297765537157768 0.07390746200571902 1.3514016139390024 -0.624214117110326 0.642402500458579 -0.2417349202053612 0.373148752856082
12.11459225 1.5303755564530328 0.07441373229279752 1.351535378947651 -0.6237574911979094 0.6438289280324988 -0.24092734525210996 0.37197435114908683
12.119592 1.531699293765946 0.07548528518086033 1.3523641832533304 -0.6232308766712593 0.6441135439654871 -0.23923015345394397 0.37345675857078336
12.12459175 1.5325205774909327 0.07574922748365792 1.3527358622121768 -0.6235856977970733 0.6443852138077543 -0.2389429437825637 0.37257864048465633
12.129593 1.5334566970598018 0.07628204903098493 1.353219453901312 -0.6238298877602059 0.644873764585825 -0.23893694389931786 0.371326319732455
12.134591 1.5346079826385874 0.07695479160151358 1.3535483583674872 -0.6237515548728598 0.6444604085656023 -0.238342565787541 0.37255550045457453
12.13959175 1.5357018051388538 0.07739544794899172 1.3538628244874653 -0.6239292413471363 0.6442644123317598 -0.23846318218537613 0.37251977066569664
12.14458825 1.5368961218755834 0.07835803459563556 1.3542682468779605 -0.6245431746227927 0.6441832836512463 -0.23704473652530164 0.3725365928093935
12.14959 1.5381190437909986 0.07895427922689344 1.3549997527301878 -0.6242865171114985 0.6445346690188594 -0.23630335774972666 0.372829891641951
12.15458975 1.5391493447773792 0.07915675450137635 1.355490135575154 -0.6245727071346688 0.6443606952707471 -0.23613374432887033 0.3727587459495729
12.1595895 1.5404484083995567 0.07971818932629832 1.3559351664683117 -0.625107289351144 0.6438133926862712 -0.23625364195784657 0.37273235553076406
12.1645875 1.5413185278923789 0.07993982781770187 1.35615739167901 -0.6249480756477648 0.6437572872458073 -0.2363399545395694 0.37304139683191906
12.169588 1.5427685854966202 0.08064995876285722 1.3569963506352276 -0.6251154421186098 0.6438565702558213 -0.23548984470665574 0.37312723567611733
12.17458625 1.5441719864128758 0.08123808500617016 1.3577062810291884 -0.6265377738592627 0.6424363928303606 -0.23490786537240377 0.3735561455534825
12.17958625 1.545076751639878 0.08156685641962656 1.358064210198836 -0.6253690289390097 0.6438710109577759 -0.23445822606764768 0.3733269868644693
12.18458375 1.546167490129656 0.08185250292175875 1.3584383201755474 -0.6266292860356085 0.642403139343549 -0.23422692661315858 0.37388727083629136
12.18958575 1.5475774793102697 0.08240006911868172 1.3592359774553213 -0.6272127561991818 0.6422212250649735 -0.23357898235983443 0.3736267061343643
12.19458575 1.5486782669941768 0.08271421640388513 1.3596290280008374 -0.6274418357130571 0.6418882545150341 -0.23331067338973863 0.37398173911983834
12.199584 1.5491779803136374 0.08259977297003351 1.3595700174309078 -0.6262014132775934 0.6432901056957424 -0.23319292352307205 0.3737254210538375
12.20458525 1.5504058735639081 0.08300638281574078 1.360311945141478 -0.626079365857066 0.6436377961177876 -0.23239953293371365 0.3738254567961406
12.20958175 1.5518086815255923 0.08396830216529086 1.3607116598672253 -0.6263205355985972 0.6428815183005134 -0.2311068376902361 0.3755203984977802
12.21457975 1.5528718515130706 0.08351233099493888 1.361118167255714 -0.6278570814472636 0.641418888571014 -0.23275685668923746 0.3744349614085135
12.2195785 1.553750688098663 0.08363065982286497 1.3614553851794857 -0.6267939789574738 0.6426478401078203 -0.23241244701709968 0.3743227431227431
12.224577 1.5553981270857549 0.08401152682238369 1.3622817612172184 -0.6279205716312728 0.640781887118261 -0.23227986787282848 0.3757131776294217
12.229577 1.5565152605374866 0.08440188374574875 1.3630972559926458 -0.6279062911788466 0.6410767458414753 -0.23127359856512236 0.3758547831890246
12.2345765 1.5573749772016454 0.08434853072988499 1.363303944879421 -0.6279598578557668 0.6410651884726272 -0.23124248090621194 0.37580414589871214
12.23957875 1.5581642244240517 0.08441257272516445 1.3633899090540815 -0.6289513594874953 0.6406610852263742 -0.23087615085580004 0.37505968090612707
12.2445775 1.5592963699167917 0.08460004112623563 1.364020226156369 -0.6267000740586233 0.6426120228112489 -0.22993525379817498 0.37606726043903355
12.249577 1.5609052007907824 0.08459327275338299 1.3643097615951514 -0.6268192958624194 0.6418926314306485 -0.23191761197810712 0.37587982295402694
12.254578 1.5616511305383356 0.08464844181074818 1.3649155092128586 -0.6287756219971955 0.640642115786498 -0.23011684605325525 0.3758525426615358
12.25958 1.5623675507193882 0.08432123351309456 1.3651288182369978 -0.6268206379020836 0.6426802174058196 -0.2308435458357269 0.37519232854793527
12.26457975 1.5638143954000951 0.08468610121892384 1.3657524900604112 -0.6287754775616967 0.6404838772092332 -0.22986859514360689 0.3762741431706311
12.26958175 1.5652820306276602 0.08487855095613092 1.3663706795104364 -0.629336823932057 0.6397778716326117 -0.2300049621030665 0.37645338943928164
12.274581 1.5659538150153696 0.08466918734268253 1.3664944604795668 -0.6273550117913808 0.642115429724878 -0.22956227986171152 0.37605135786773164
12.2795795 1.567228731145536 0.08473328881181473 1.3671008415810688 -0.6280320838805655 0.6413990810738475 -0.22936618259068883 0.3762633050113087
12.28458275 1.5683976698945783 0.0847390686804898 1.367684195349405 -0.6279163950836861 0.6413008953890426 -0.22942047877371036 0.3765905021074778
12.289582 1.569568413102144 0.0845659565772981 1.3679015440531943 -0.6288840443306852 0.6396584980800926 -0.2302212754184833 0.3772797754517034
12.294582 1.570708363879879 0.0845460992076861 1.3681690763228063 -0.6301367462037359 0.6387531280525258 -0.23027683783737346 0.3766891297110946
12.2995815 1.5716767188188812 0.08427605891523433 1.3684634621702918 -0.6290708791121632 0.6390939575687355 -0.23064706406034913 0.3776647644307349
12.30458475 1.5727091844352723 0.0841672355242766 1.3689180808866277 -0.6282395244719294 0.6402961592901929 -0.23041401413043308 0.37715422625474104
12.30958175 1.5734948987959398 0.08394285857030268 1.3691565995818074 -0.6280818534310305 0.6404552290574305 -0.23040910224606126 0.37714974554651365
12.31458175 1.5746736336548404 0.08377725901557406 1.369699483551202 -0.6278079189731547 0.6406866923588508 -0.2300184747692158 0.3774510304313868
12.31958275 1.5757235528176023 0.08357192255369467 1.3701053876394784 -0.6278636291496659 0.6404917810601537 -0.23000465695355451 0.3776974971654972
12.32458275 1.57684657057587 0.08337580528311649 1.3704397474072523 -0.6277246868338153 0.6403420665305317 -0.2304756988883151 0.37789510130820597
12.3295815 1.5779493628689407 0.08328930554493691 1.3710566827133077 -0.6292177707155452 0.63861711283874 -0.23047845852319823 0.37832903716479643
12.3345795 1.5786210078793483 0.08301098101167961 1.3714491310435384 -0.6281924292001025 0.6404549865335933 -0.22917031738544788 0.3777203300715787
12.33958025 1.579623044828775 0.0827988255396222 1.3717868671450064 -0.6285854136890219 0.6402032144304555 -0.22897751574285516 0.37761027424388766
12.34457725 1.580595924227658 0.08251178455603311 1.3720395223471995 -0.6286599283984032 0.6400709293990711 -0.2294031169010904 0.37745212904471537
12.349577 1.5820149797117418 0.08235450379606546 1.3726293525703595 -0.6288517514895343 0.6390091058163712 -0.23005672544825928 0.3785323505439545
12.3545765 1.582613816834863 0.0820551966428199 1.3726138831789858 -0.6289054400619848 0.6392047132971559 -0.22944202695049268 0.37848598154752233
12.35957675 1.5837281130624594 0.08181648073724433 1.373243583380765 -0.6286713459255547 0.6393633936640774 -0.22876205464809474 0.3790180892882126
12.3645765 1.5846472686858175 0.0812507259123452 1.373620377608119 -0.6288350384088386 0.6393107177584507 -0.22945227421512873 0.3784176984312896
12.36957675 1.5858761247135174 0.08104181062112094 1.3741762391132675 -0.6293914895414168 0.6387055662785681 -0.22938560195334257 0.3785548812445999
12.37457425 1.586617033205594 0.08052393960968306 1.3741788030069428 -0.6298662501965782 0.6382926054970879 -0.22960452987044627 0.37832897918876385
12.3795755 1.5873605399819835 0.07999083813182262 1.3743064512151097 -0.6299268003088019 0.6379761054042222 -0.23002868621622757 0.37850431794579564
12.38457325 1.5882828085273366 0.07968710267183005 1.3745848059615584 -0.630250837264419 0.6379277265445737 -0.22957613735107832 0.37832115324434246
12.38957775 1.5898315021674698 0.07935401483593331 1.3754550036751698 -0.6297708765248344 0.6377777798293721 -0.230042431836738 0.37908920611341385
12.39457425 1.5904496531642556 0.07882487368674268 1.3754663283721 -0.6306686972542744 0.6375223834930392 -0.2297974517698545 0.3781736849769322
12.3995755 1.591372417611459 0.07840040096847647 1.3758127846402126 -0.6309043364026493 0.6373726502758134 -0.22982115493213942 0.37801859707476815
12.404579 1.5923436147466299 0.07787201804775068 1.3762672659410269 -0.6297178891056067 0.6382485061493439 -0.22974540541829455 0.37856475433892867
12.409578 1.5935202033318636 0.07744097832144173 1.376719201222771 -0.6312167231640416 0.6366091168393502 -0.23007852254605377 0.3786266686567353
12.4145805 1.5944283193845403 0.07665170754125905 1.376608925097542 -0.6297801899941491 0.6373752178526043 -0.2314041565868084 0.37892197121917687
12.41958025 1.5949062342758518 0.0760740068730217 1.3766525117556978 -0.6310913418987915 0.636969401692089 -0.23092271401260223 0.37771470667880913
12.42458075 1.5961390294999638 0.0757186838624789 1.3772207191735393 -0.6308232878794306 0.6370074263796314 -0.23073914059256487 0.3782102156272196
12.429581 1.5968682017192324 0.07504198019985285 1.3772483994780491 -0.6306437191395137 0.6368963420873544 -0.23092141222471815 0.37858532766309316
12.43457975 1.59793662375769 0.0743923049746427 1.3776280781494747 -0.6323618468431357 0.6350076497775325 -0.2315229699482866 0.3785246276895044
12.43958075 1.5988684391316592 0.07377035850308802 1.3778637819884034 -0.6325544016079043 0.6347891189055707 -0.23176985637994726 0.3784183362354076
12.44458075 1.600204923984175 0.073190987880955 1.3780290071035661 -0.6305345472777573 0.6360793581092398 -0.23339848839089133 0.37862168518643796
12.44958 1.6008441096691666 0.07273001904937396 1.3785593628866333 -0.6308269254549091 0.6363670247611098 -0.2320277661791921 0.37849374583960277
12.45457925 1.6013021076504976 0.07188950573228553 1.3784094783428962 -0.631636045957204 0.6360612704558752 -0.23207710013742067 0.3776270451985828
12.459578 1.602539164102077 0.07148082554716699 1.379066667173622 -0.6305070985015014 0.6369230374406986 -0.23147181614459306 0.37843181875637283
12.464577 1.6031626831744061 0.0705929677128852 1.3789083092960288 -0.6315777990137159 0.6361105918524855 -0.23255904129924376 0.37734479065709586
12.46957725 1.6040571528187126 0.06994957773826616 1.37934100867323 -0.631427374305912 0.6360978396024051 -0.23212462067822123 0.37788512792287343
12.47457725 1.6051888850873666 0.0693650728225984 1.3797122348631023 -0.6315641387981954 0.6356899317640595 -0.2324349456067359 0.3781521457015589
12.47957925 1.6058158520316417 0.06852841864887518 1.3797081177283523 -0.6316802093607685 0.6358338780939359 -0.2326716250078484 0.37757026827620954
12.48457925 1.6064278219716315 0.06772935778016784 1.3797024606069037 -0.6328285456189453 0.6353036153052839 -0.23254117731395627 0.37661910344973953
12.48957875 1.6075617174297772 0.06700197485797992 1.3801841497380019 -0.6320005670403657 0.6355891478653691 -0.23244693559001076 0.3775846137109453
12.4945795 1.6085241303014735 0.06626712395118495 1.3803060879011724 0.6337354591166083 -0.6335241207775683 0.23318084604255115 -0.3776946508625066
12.4995805 1.6098326665592049 0.06575553245550823 1.3809381091808772 -0.6334226941688352 0.6338418437772189 -0.23317034125197814 0.3776927316608385
12.50458325 1.6107483998233265 0.06498389062276831 1.3811767434153588 -0.6332508435908413 0.6337003006231477 -0.23353276326482514 0.377994373719392
12.5095795 1.6109675857703574 0.06380952632411882 1.3808182885458493 -0.6323638046108855 0.6351088915025931 -0.2335047140241389 0.377131625670532
12.51458 1.6117176915623077 0.0629419691734773 1.3808273041789534 -0.6327495787460533 0.6351406528738875 -0.23382684574497048 0.376230418590233
12.5195795 1.6130558839085243 0.062182324129600466 1.3812167942471367 -0.6315685272893116 0.6354484952343166 -0.23491160185208976 0.37701849365427464
12.52457975 1.6136248170126255 0.061365005518588506 1.381218020742537 0.6343306052641214 -0.6334924947988989 0.23450832919900436 -0.37592257952271513
12.5295805 1.615330668084375 0.06072797916149196 1.3817952774237652 -0.6330245331018541 0.6336918037375462 -0.23558673033967925 0.37711209322281647
12.53458175 1.61594774229845 0.059765079633544604 1.381683172393722 0.6334909021513905 -0.6334121314031921 0.23587641834747336 -0.3766173973016258
12.539581 1.616113503053428 0.05885487453898528 1.381527779718049 0.6343269285398755 -0.6337467272144566 0.23480596944543888 -0.3753139887972742
12.544581 1.617275977199376 0.05783430366797727 1.3817717725691792 -0.631631864925919 0.635770004688855 -0.23585657576980948 0.3757783442593239
12.5495785 1.6181941593385376 0.05693419267747237 1.381810850650557 -0.6332046908251175 0.6340358455223605 -0.23650826157409993 0.3756517114522574
12.5545785 1.618902862674064 0.056015766006007925 1.381862177253396 -0.6328810529868791 0.6345323649091016 -0.23661321763812945 0.3752924671399803
12.559579 1.620021503782919 0.05527672481100928 1.3821917902315117 0.6339124511321389 -0.6337258572679334 0.23665892969397817 -0.3748854400023654
12.5645795 1.6208591529608867 0.05446083165198235 1.3823846347522377 0.6337969385608986 -0.6337518551887814 0.2367163930941299 -0.375000501274486
12.56957925 1.6209509474038264 0.05296432645272651 1.3820754826565 -0.6317543057325249 0.6362944666620189 -0.23768471533831387 0.37352620387096924
12.574579 1.622179583335102 0.05233602597053087 1.3824299955216055 -0.631765829839347 0.6359199831185011 -0.23723706525756005 0.37442794525241674
12.57957775 1.623095323883726 0.051504776255157085 1.382698821740772 -0.6330720622435331 0.6346370688048514 -0.23729217870723499 0.3743634288093328
12.584575 1.6240096223511 0.05120704768531078 1.3827538182899008 -0.6317165232531374 0.6357026437237491 -0.2360604844298317 0.3756219252151792
12.58957425 1.6248168456058254 0.04988264723390053 1.382815839903628 -0.6317819115157824 0.6356896565535423 -0.23731714998033196 0.3747410401297359
12.594573 1.6253902033825651 0.04878129079333412 1.3827924317947742 0.6345111820552672 -0.6336897733100934 0.23783987558502684 -0.3731822941013267
12.5995745 1.6264655461713193 0.04785287598365947 1.3832233591124556 -0.633530792453846 0.6342790294597535 -0.23794948195960175 0.37377652659784866
12.60457475 1.6266113571790555 0.046939461072671315 1.3831086589198684 0.634786634824126 -0.6344905486889217 0.23660889407813196 -0.37213425415596446
12.609573 1.6273345027070387 0.04553709569841385 1.3827606438040267 0.6345878597260548 -0.6341723210637171 0.23824233555543764 -0.37197352732963807
12.6145735 1.6278543445554214 0.04505483992224296 1.3826698232544286 -0.6329803267692489 0.6358383439402451 -0.2365524307489257 0.3729456445719619
12.6195735 1.6288663328265154 0.04354874691080783 1.382888847244184 0.6344412702156482 -0.6344165701743258 0.2385146755056587 -0.3716323986196975
12.62457375 1.6298099719239396 0.042661284633040114 1.3831289895878394 0.63484725675133 -0.6341531711286729 0.2384007988053864 -0.37146167402803854
12.62957175 1.6298552104404025 0.04132310135312054 1.3828734038847448 -0.6333341077887025 0.6362695277775146 -0.23818251408142124 0.3705645502731205
12.634571 1.6311583429939345 0.040792059279978775 1.3837870001877597 -0.6340807382501419 0.6353635646171008 -0.23723596232929106 0.37144832253612564
12.63956925 1.632010529956577 0.03961733096110154 1.383523534809894 -0.6343766876345025 0.6346455757803732 -0.23869052556597992 0.37123852754436987
12.64456825 1.6325033463051246 0.038501382861139695 1.3834122261390267 0.635075817843019 -0.634572114691302 0.23832642779358415 -0.37040174225073375
12.649568 1.6331818623308176 0.03743349042526487 1.3834163048695174 0.6352185966056726 -0.6346462935957888 0.23832826553627462 -0.37002845079523067
12.654568 1.6337559755442024 0.03629043750365055 1.3834221548594865 -0.6342234845543082 0.6351890029789724 -0.2386556412369652 0.3705927509276768
12.65956525 1.6346225480500647 0.035409163260560185 1.383566818407306 -0.6347183137801087 0.6350593387658422 -0.23851747113147542 0.370056366467965
12.66456375 1.6348654062746484 0.03406044141486917 1.3834053212517756 -0.6342875084277174 0.6356507603581909 -0.23879909853894407 0.3695976975653389
12.669563 1.635594559606561 0.033144350380717696 1.3835646619355229 -0.6341427267859354 0.6363433404906687 -0.2381811559868195 0.36905269543854796
12.67456325 1.6361482905605358 0.03200635944364416 1.3833007605518313 -0.6336086819440471 0.6372169986371502 -0.2384701497670044 0.3682750636183398
12.679562 1.6373426280307994 0.031029544930015786 1.3836596327319963 -0.6343441171084806 0.6359485017502178 -0.23920023620503122 0.3687279365751567
12.6845645 1.6377112288150835 0.029871325136180592 1.3834095099542771 -0.6327759983465212 0.6377620242966028 -0.23930771821168695 0.36821997811902935
12.6895645 1.6381860133452435 0.028761626591735333 1.3834186717039743 -0.6340740277927603 0.6365006260263544 -0.23919722409607466 0.36824145384714213
12.6945645 1.6388999348468687 0.027697572550714325 1.3833530199338109 -0.6336848736071469 0.6367421953073352 -0.23959718315205553 0.3682336859961211
12.6995635 1.6399395723124597 0.026874120540232554 1.3837070883314384 -0.6338434309611707 0.6369275847931517 -0.2396094282687867 0.3676317160442488
12.7045665 1.640202957312912 0.02559275613491805 1.3833285525011092 -0.633513284999415 0.6371157792353134 -0.24011477480351648 0.36754495847404306
12.7095645 1.6408708092279787 0.024705274788820612 1.3832922224818687 -0.6344828565218886 0.6365428553985294 -0.24010767215817638 0.36686919166331355
12.71456725 1.641175617938224 0.023776453803934 1.3835839478465748 -0.6343287196404052 0.6375512524634709 -0.23865310741137488 0.36633341404316183
12.71956675 1.6416648784851273 0.02271496444671197 1.3835289090365643 -0.6343040866971407 0.6377798801570724 -0.2386742357760495 0.3659641502153667
12.72456625 1.6423411754434711 0.02150033391401647 1.3832033660610372 -0.6332179126548871 0.6383051765723615 -0.24020009888484256 0.365930989599987
12.729566 1.6425742575086364 0.020626401906161357 1.3832769438821526 -0.633497258373719 0.6388666846790512 -0.2389184502886743 0.3653061140356641
12.73456625 1.6433702765445857 0.019393784773890102 1.3829879969921337 -0.6334525552065647 0.6382299377733438 -0.24039834140573474 0.3655257094671723
12.73956325 1.6437808683836796 0.018387041266623154 1.3829621250185231 -0.6323766301175561 0.639768881953684 -0.2402870661482346 0.36477075157798855
12.744563 1.6442123292098365 0.01733808055849448 1.382823068252163 -0.632351488901589 0.6397850945181002 -0.24054814009228603 0.3646137951511862
12.7495635 1.6446540505881762 0.01635265132261394 1.3825636483277666 -0.6337042947902434 0.638426229099421 -0.24076801445660118 0.3645018243807838
12.754563 1.6449309144316462 0.01529483606645838 1.3824530044711727 -0.6343127298253907 0.6385074792383783 -0.2407481365064608 0.3633123924486742
12.75956475 1.6453416295735304 0.01437991125637142 1.3823541603824885 -0.6343174780987663 0.6387712672395987 -0.24047020653211132 0.3630243585462858
12.76456425 1.646052002140673 0.013461469667130174 1.3825991774264235 -0.6329253614244567 0.6398140743381789 -0.24053124913404672 0.3635768905396976
12.7695615 1.6462783100476261 0.01230244863707116 1.3823727442459384 -0.6316883346017192 0.641388101637907 -0.24087415898749337 0.36272688146523674
12.77456175 1.6464145511096153 0.011522667388242633 1.3825192019188042 -0.6318102388817215 0.642412204535527 -0.23968514758155973 0.36148777508628427
12.77956125 1.6473002821887632 0.010279325476744178 1.3818781583835382 -0.6329612240431849 0.639710757484972 -0.24301356667779714 0.362042320766913
12.78455925 1.647359047195786 0.009615959066459068 1.382178039335005 -0.631185602605826 0.6432282766923589 -0.239958812745754 0.36094582323687646
12.78956025 1.6478572885566376 0.008822626986353166 1.3821257200477381 -0.6320235123639902 0.6428463391408724 -0.23962032617394577 0.36038446603114743
12.7945595 1.648214249226966 0.00784640858173851 1.382008996287874 -0.6321777279691861 0.6428798826406192 -0.2397135031585624 0.35999196263132216
12.79956075 1.648564090234865 0.0068007403134470595 1.3819797511719079 -0.6323670810407144 0.6425337877317068 -0.24064773064385345 0.3596538282503826
12.80456425 1.648971044972565 0.0055678106109239844 1.3814564384165848 -0.6324203602638759 0.6419126704586839 -0.24232864662322964 0.3595405936108803
12.809563 1.6493507062938144 0.0046897419840182045 1.381394350026286 -0.6334618907137279 0.6415005783522567 -0.24224664346810365 0.3584963106024194
12.81456325 1.6496360818999631 0.003750640135068796 1.3813464807004234 -0.6330346601037659 0.6419171642757038 -0.24233865307437058 0.35844309247305706
12.81956325 1.649888947665736 0.002827384562407484 1.3813072777914195 -0.6328280401752462 0.6423483722906895 -0.24238393653897378 0.35800456350629073
12.8245615 1.6501951564669453 0.0019391093217002858 1.3811464111121952 -0.6324672929441126 0.6426815724578789 -0.24265626071998156 0.35785955193680397
12.8295615 1.6504185194012602 0.000987453257097981 1.3809933528051297 -0.6322747456603847 0.6429227542526194 -0.24293295003356688 0.35757874636548254
12.83456025 1.6505502991176946 2.771771704841025e-05 1.3809246134416822 -0.632472040356863 0.6430858622491453 -0.24279332010293228 0.35703094495504906
12.83955875 1.650698431118159 -0.0008033986781019326 1.3808015064392312 -0.6322653534929398 0.6433790018592497 -0.24271950558175143 0.3569190725489372
12.84455625 1.6503945436978167 -0.0016229615848737458 1.380659497103658 -0.6311687764002659 0.6454275295166 -0.24103792044971778 0.35630043607153356
12.84955825 1.650577113571937 -0.002325067261373215 1.3804134999418094 -0.6318683982864683 0.6450403914385235 -0.24065933211816637 0.3560172840244805
12.85455875 1.650833955629819 -0.0032045055339176773 1.3804334667871874 -0.631131679120113 0.6455449611991271 -0.24069571743987667 0.35638473352200034
12.85955725 1.6508913317228795 -0.004697724357679144 1.380004016420015 -0.6326357450558656 0.6431215739908042 -0.24365197582246897 0.3560903955781556
12.8645575 1.651074867838424 -0.005301338301852164 1.3798540696504358 -0.6308671033494103 0.6442324853793745 -0.24381669316668023 0.3571058986165074
12.869557 1.6508850245110789 -0.005863396204966377 1.380117380513275 -0.6301451218936368 0.6466980135475474 -0.24073409655461098 0.35601390335680017
12.87455625 1.6506248895974112 -0.006716500993713417 1.3797638881133383 -0.6293795470871488 0.6473282235134378 -0.24060422586365224 0.35631048714269486
12.87955525 1.6508941223050395 -0.007777189724665914 1.380053202713913 -0.6308374839567279 0.6462624807348883 -0.24183212315996278 0.35483249433708525
12.884555 1.6508061645962004 -0.008629270518861268 1.3798636709661778 -0.6305273239661227 0.6465841458544563 -0.24200658852314116 0.3546787943663597
12.889555 1.6505546209572417 -0.009984937752360167 1.3790048968661668 -0.6287547708025994 0.6469060150593283 -0.24464676830007775 0.35542651087581933
12.894553 1.65005332126635 -0.010559649452692943 1.3792241572260182 -0.6289099917351004 0.6485237058971934 -0.24202955241340993 0.35399282611896393
12.899552 1.6499333286571538 -0.011402400961117658 1.3791008532030524 -0.6292197941816381 0.6483735354314897 -0.2420655489128985 0.3536926337819104
12.90455425 1.649772136645122 -0.012180835297906804 1.3790184175911762 -0.6299028002223505 0.6476610980660438 -0.24213825949120762 0.3537324237534591
12.90955325 1.649864438635365 -0.012801225206648142 1.379135177345705 -0.6298281786879416 0.6479367793060852 -0.24220894087931716 0.353311794752464
12.914555 1.6498696630530265 -0.013906155533264575 1.3785746183661811 -0.6290350733435112 0.647089112783444 -0.2451158053390227 0.3542722097397155
12.91955575 1.6490544092503585 -0.014927807707839982 1.3779259440861227 -0.6293051218458225 0.6475195621738489 -0.2450722767861535 0.3530340767853045
12.9245555 1.6486381800736396 -0.015734139447808347 1.3778762171512586 -0.6282827395483579 0.648792880356885 -0.24433021329649127 0.3530316479500357
12.9295575 1.6482701842989205 -0.01655102347741195 1.3776131290448117 -0.6281725291090253 0.6490360702283962 -0.24449192635186753 0.35266861380622466
12.9345575 1.648068849974295 -0.017134406407598946 1.3775780343389954 -0.6289844650795025 0.6482224787961095 -0.24460051664660654 0.3526425214410373
12.939558 1.6475127186484984 -0.017663714378141987 1.3776920660558492 -0.6284161700569977 0.6496835944011634 -0.24338854762248532 0.35180443326242533
12.94455675 1.6470361608740771 -0.01854859300145769 1.3774656177499116 -0.6284027190759776 0.6496517233108402 -0.24371715976233554 0.3516597888507492
12.94955775 1.6468747378245252 -0.01902210147447054 1.377600709034672 -0.6289816888987269 0.649281325078758 -0.2435382366337925 0.35143267240167136
12.954559 1.646522592286405 -0.019744351924033517 1.3775328368213877 -0.6276681728290456 0.6505729573652332 -0.24371879866106003 0.35126719052839456
12.959562 1.645861074251743 -0.020480765197309514 1.3772798228028515 -0.6272800854721912 0.650914075911062 -0.24383716678782394 0.35124634694717566
12.96456275 1.6454369280251488 -0.02111186810235837 1.377144592915273 -0.6268245025398365 0.6513901142100489 -0.24408607691344256 0.351004201088977
12.969561 1.6447640605200253 -0.02197927872953987 1.3767270133120506 -0.6270830788025632 0.6511856708611262 -0.2445340215745429 0.35060967847055274
12.9745615 1.6439433667034713 -0.022800539837222217 1.3763864777048518 -0.626809603985287 0.6510145560628069 -0.2449916893777677 0.35109662527854313
12.97956275 1.643351669700356 -0.02354962476119301 1.3759766298491392 -0.6262496666183051 0.6514426917778333 -0.2458078588521006 0.3507310521129522
12.984566 1.643333912986223 -0.02411319398200667 1.3761789295096856 -0.62614108115005 0.6511744497128779 -0.24649565336496293 0.3509402732795957
12.98956425 1.6421991875552062 -0.024763757498077896 1.3756506047976045 -0.6272397027373808 0.6506064804517787 -0.24667474840883727 0.34990446039098766
12.99456375 1.641422441588839 -0.025193848176350377 1.3758287610719118 -0.6274313705254474 0.6513112081001274 -0.2453526262468313 0.34917857075928077
12.999566 1.6410139644767068 -0.025775853115604486 1.3759161193220073 -0.6258934534751377 0.6517266823407301 -0.24613232515261776 0.35061174386645494
13.00456525 1.6403398061533456 -0.02628682239917394 1.3757486438512978 -0.6253405514120768 0.6525828562655269 -0.24610721032455918 0.35002292995492407
13.00956525 1.639283302794899 -0.026950893254913483 1.3752732843679554 -0.625423163512925 0.6533123014651631 -0.24581556406313507 0.34871709416101115
13.0145655 1.639141137933683 -0.02741656610911533 1.375470784349437 -0.6254412370907193 0.6520370800111887 -0.24683473178271245 0.35034771359703454
13.019567 1.6378243369061938 -0.028220263137793328 1.3750242649906588 -0.624442895525211 0.6530506192049808 -0.2465290508375691 0.3504559688137852
13.024566 1.6368639022672877 -0.02883611316344696 1.374695638168206 -0.6240661697629402 0.6539187725833264 -0.24668585846948615 0.3493962533452547
13.02956675 1.6362808271497244 -0.029272659701269924 1.3746989456341032 -0.6240164304606834 0.6540767554747732 -0.24652405050310164 0.3493035713906247
13.03456575 1.635606439148013 -0.02990653188796527 1.3743870986535205 -0.6239073810023207 0.6535206759461684 -0.2476660506355782 0.34973108727172575
13.0395655 1.6344957656951895 -0.03064922298695171 1.3740382339877302 -0.6237035321696306 0.6537358843283899 -0.2477281101481781 0.34964851056870866
13.0445675 1.633596626197368 -0.03115893160763797 1.3740263036987064 -0.6233418982401261 0.6538276074650157 -0.24774074752409186 0.35011263849106306
13.049568 1.6326792334184432 -0.03149299206816878 1.374107216916806 -0.6231365173789337 0.6544552809844805 -0.24673383682791306 0.3500165419870258
13.0545675 1.63185746083753 -0.03191427704801295 1.3739601123154503 -0.6236863771750276 0.654162153569042 -0.24674595318777082 0.3495763355115172
13.05956725 1.6312548395089934 -0.03232976871760683 1.3739183808808044 -0.6242500204858858 0.6532255475835819 -0.2475419099201831 0.34975891516953284
13.06457025 1.6302944791263903 -0.032817784332426866 1.3738085461816112 -0.6242816695577718 0.6532228680864112 -0.2475159519608017 0.34972580000346326
13.069572 1.629263641493349 -0.03311437809974902 1.3738101038460342 -0.6238279600439905 0.6539494324614665 -0.24681759968564265 0.3496711148151889
13.0745705 1.6281189115266075 -0.033678649147164647 1.3735677101581012 -0.6227452610634738 0.6549488118200999 -0.24678502939584698 0.34975354606424786
13.07957075 1.6272379140393152 -0.0339873543137416 1.373175711870386 -0.6225626102570262 0.6545973931862885 -0.24708450466545925 0.3505243168424955
13.0845705 1.6261301299273712 -0.034576675822657346 1.3729385327972738 -0.6220753261018548 0.6546858915063217 -0.24775191863610654 0.35075298848330816
13.089571 1.6249961752592323 -0.03478002129437177 1.3728676961446775 -0.622207167422911 0.6552231968643323 -0.24683374812454056 0.3501626820282725
13.09457075 1.6240632689636443 -0.03507549565341474 1.3726891533590342 -0.6214498979375992 0.6550913945903375 -0.2473282705669122 0.3514029249528446
13.09957125 1.622851944511746 -0.03556326742916622 1.3725755732720877 -0.6219830735210778 0.6554664321383747 -0.24725806850053964 0.3498060321870472
13.1045725 1.6220300781693888 -0.03591283614185679 1.372524098716889 -0.6216389039641241 0.6550213647607336 -0.24785250175045134 0.35082933480726913
13.1095735 1.6208784719687763 -0.036251481314908664 1.3722658982768587 -0.6222606066156571 0.6544784465598031 -0.24804038094941694 0.35060757245309093
13.11457725 1.6199490488512855 -0.036462775202316736 1.372244490776295 -0.6217424405672012 0.6547301245237743 -0.2482667438077397 0.3508966023741547
13.11957675 1.61860617724653 -0.036739101671910614 1.3719144822375073 -0.621532731860563 0.6551125576828459 -0.24822503161334236 0.3505837042315866
13.12457625 1.6174567253416223 -0.03717190029160225 1.3715732168796153 -0.6219173655408943 0.6544709266484909 -0.24884598786895987 0.3506597652027685
13.129577 1.6164058794984772 -0.037274035028790224 1.3716512006088561 -0.6217710769261957 0.6546891938606312 -0.2486849419266051 0.3506259930454625
13.13457475 1.615090909033766 -0.03763804735003228 1.3713486574907017 -0.6206503839251258 0.6555748646637025 -0.24872715087281175 0.3509266336051679
13.13957675 1.6140819214415494 -0.037673533776029874 1.3713573700346253 -0.620701351788831 0.6555564458661972 -0.24860780409438818 0.350955464288795
13.14457625 1.6128493889589037 -0.03780510086891855 1.3710482796812915 -0.6210521871904449 0.6552328531809407 -0.24850448370468517 0.35101226542244385
13.14957725 1.6118571549008696 -0.03811243661555389 1.3710208553321572 -0.6209274794233143 0.6551400062346204 -0.24927585846836514 0.3508592081060021
13.15457825 1.6105848785610206 -0.03827137451031778 1.3708054850474929 -0.6220787295855363 0.6541793246576666 -0.24951543565721054 0.35044188213807576
13.15957675 1.6089793269431907 -0.03856190307447599 1.3705353308971842 -0.6209482495920092 0.6555830051712096 -0.24904050062189886 0.35016142521599924
13.1645765 1.6078374196036205 -0.038641988250866864 1.3703774929064465 -0.62018543219845 0.6563705806748795 -0.24914242066521552 0.3499653479109322
13.169577 1.6067563200793018 -0.0387538588813272 1.3703729095536719 -0.620621205727146 0.6558084079179607 -0.24910507303888063 0.3502731986495503
13.174581 1.605448857596534 -0.038857915782123935 1.37001411708219 -0.6204072034411077 0.6563314804213412 -0.2492583142678035 0.3495628448429375
13.1795795 1.6048109057563213 -0.03906324754411614 1.369760004956059 -0.6195359861250558 0.6553236209010412 -0.25209733041241084 0.35096018261925227
13.184584 1.6030586067212866 -0.03889730002159457 1.3697570591429162 -0.6193615922913713 0.6569139859899862 -0.2494614847867035 0.35017738449685565
13.1895835 1.6021123706749973 -0.0391568456453345 1.3692166588185954 -0.6205437919754652 0.6551359399005693 -0.25164839339541584 0.34985052321357824
13.194583 1.601073587501476 -0.03912006020281021 1.369441818277338 -0.6196274457586753 0.6557368633699229 -0.2513855192817689 0.35053718087499697
13.199584 1.5995635886332698 -0.039185473790552094 1.3692553834146457 -0.6195331583529071 0.6560866592320928 -0.2509901714158988 0.35033254934641883
13.20458425 1.5981862470869272 -0.038978085858814016 1.3689054548074413 -0.6200766324662321 0.6553099828794547 -0.25111366682058195 0.3507359726971094
13.209582 1.5972618944202739 -0.039127673698651874 1.369005891974684 -0.6194591356407184 0.6556810461815057 -0.252110749664087 0.3504181999459961
13.2145825 1.5959484967765372 -0.03919184570356161 1.3687547815196262 -0.6189570661736615 0.6561780486241032 -0.2523149634913813 0.35022803705000655
13.2195815 1.5947284352079434 -0.039169800605374124 1.3686422006788828 -0.6190351379991519 0.6559950474106921 -0.25266187384109623 0.350182771138331
13.224582 1.5934415584531036 -0.03918524397030398 1.3684485645833222 -0.6190335966879986 0.6559978923060351 -0.2530284071928869 0.3499154135144527
13.22958225 1.5920439558251105 -0.039186683591149594 1.368345456043081 -0.6189163504599625 0.6562104493692192 -0.2529936407073951 0.34974936030475556
13.23458325 1.5907427448104694 -0.039131262748309144 1.3681218990122408 -0.618902908339497 0.6563530916585099 -0.25306238598349207 0.34945563083111136
13.23958325 1.5894870465859539 -0.03903963686415918 1.3679107653963518 -0.6187153621960672 0.656403074772937 -0.2535013586101541 0.3493756791678976
13.24458225 1.5882031496275597 -0.03907291844936798 1.3673562388752145 -0.6174394903591136 0.6570529165292713 -0.25453714908115804 0.34965809065870734
13.249582 1.586821103894898 -0.03890641799246639 1.3671554744178087 -0.6170813414454925 0.6575311272146206 -0.2542315428972109 0.34961372596024515
13.25458575 1.5857653733939154 -0.038846575156635435 1.3672672564909163 -0.6178783313903825 0.6569449002486442 -0.25472866169832886 0.34894566130690574
13.259584 1.5845560772632867 -0.03844912767866307 1.3672324021082067 -0.6174413928264032 0.6576383419861376 -0.2539014312729884 0.34901576006226853
13.26458725 1.583151143089855 -0.03869755871141232 1.3667475294667448 -0.619539290642923 0.6556392964650122 -0.2554809294906944 0.3479046923326823
13.2695895 1.5819237003164637 -0.038603885193808155 1.3666381367444222 -0.6188076540984747 0.6560758132210843 -0.25593693186219313 0.3480487055634634
13.2745905 1.5811109511783494 -0.03843132259189708 1.3666634316328679 -0.6176393343151146 0.6566201880108521 -0.2562706501062985 0.3488508783097303
13.27959025 1.5799574389745272 -0.03819991356858827 1.3667438383512138 -0.6172334971612732 0.6573144456668379 -0.2560882586967162 0.34839536916762504
13.284591 1.5781868354075874 -0.03845282197360185 1.3656252421226747 -0.6175330744436708 0.6570061037888341 -0.2569145999552476 0.347837275003986
13.28959125 1.5770885604714608 -0.0381126483490655 1.3659296796524714 -0.6163409090701357 0.658018599190093 -0.2565495851670672 0.3483069297001025
13.2945895 1.5760963246539434 -0.037681430563406705 1.3660702957918305 -0.617889048485132 0.6572035293099806 -0.2559067933070154 0.3475749674012271
13.29958975 1.5746845251606083 -0.03799729980592976 1.3654561972030634 -0.6168221355647283 0.6576944558736925 -0.25719092226366613 0.3475935633689732
13.30458875 1.5736751460188183 -0.03789141157575074 1.365205166788426 -0.6153539432979922 0.658016824641478 -0.25832713106791466 0.34874127417123746
13.3095885 1.5726244353220826 -0.03732895661760241 1.365673177074213 -0.6168300576781087 0.6574217363840595 -0.25720212267985587 0.3480867830923281
13.314587 1.5714134818461332 -0.037093434871211375 1.3654213829787891 -0.6153675834482819 0.6588838648555437 -0.2569556041041855 0.34809281433763695
13.3195865 1.5702354400139147 -0.03694962011741012 1.3654095387777652 -0.6149820944964018 0.6589136494586878 -0.25767155025345606 0.3481884521287759
13.3245845 1.5692797180281677 -0.03686474484289233 1.3650320180474886 -0.6162106041389388 0.6569020641592146 -0.25944884280050495 0.34849744248640646
13.3295835 1.5681795143291988 -0.03659566459864851 1.3649068446314438 -0.6149595076196468 0.6578424082907695 -0.2595537320083569 0.34885531390955815
13.33458275 1.5668526847459705 -0.03643040890680602 1.3647310014939147 -0.6145339243335606 0.6584039293125922 -0.259405081816237 0.3486564573284774
13.339583 1.5656507684875047 -0.03604859557776112 1.3645438482698837 -0.6162701543648107 0.6570688327981299 -0.2596897636214784 0.3478977902699243
13.3445835 1.5641719319481917 -0.03562607185651186 1.3645261280276593 -0.61660831723095 0.6575299868625214 -0.25854094431613617 0.34728242053163155
13.34958375 1.5630182836488866 -0.035433544718588984 1.364241528471029 -0.6138280617679628 0.6594986853205147 -0.2591214917905355 0.3480411572486021
13.35458325 1.5619493205884665 -0.03506225258904849 1.3643380160377816 -0.6141351156154112 0.6593573469548112 -0.259335421913554 0.3476076635025143
13.35958575 1.5609173235884368 -0.03459460578177922 1.3643181906951887 -0.6145484788105008 0.6585798255936306 -0.2600686614557812 0.3478032084977952
13.364586 1.5598000967496033 -0.03438464397090753 1.3641571897747886 -0.6141975814219357 0.6587806281063567 -0.26062435030007847 0.34762675823057815
13.36958725 1.558554361788194 -0.03414497481203193 1.3636619731518411 -0.6138043618668104 0.6586498589643023 -0.26195166044198 0.3475714260857356
13.37458825 1.55764126121224 -0.033728837876659264 1.3637020663571988 -0.6138929665743168 0.6584950087211233 -0.2626745278473588 0.3471625577450994
13.37958725 1.5565118940058191 -0.0333563464073294 1.3635818214178184 -0.6136207020589028 0.6585741525850095 -0.2631540840335552 0.3471305915763352
13.38458675 1.5551135223140398 -0.03284455086732456 1.3636310149903421 -0.6134990035034205 0.6590117358927612 -0.26263375561011093 0.3469092317452051
13.38958675 1.5542706866144198 -0.03248667476946275 1.3634756656759943 -0.6117804697882527 0.6601496598718469 -0.2637886602523688 0.3469043471607268
13.39458675 1.5528567809038638 -0.03182032804469841 1.363647597372021 -0.6121304923085333 0.6606645451011208 -0.26254920489700645 0.3462463490643496
13.39958525 1.551774353977524 -0.03162927814383001 1.3631030449167723 -0.6117510455551289 0.6603740970532453 -0.26452615755715075 0.3459662153612213
13.4045835 1.550604093604032 -0.031154179773849086 1.3627729714466486 -0.6111838526276067 0.66046609903646 -0.26521404298618567 0.34626628729022774
13.4095845 1.5497394916172798 -0.030593183606687703 1.3630179778434544 -0.610518875668542 0.6610318944283019 -0.2654567831697694 0.34617370389749097
13.41458375 1.54853565320606 -0.029664193697108328 1.3633423594920995 -0.6109212798180378 0.6614803630608391 -0.2641432612414431 0.3456114244221768
13.41958475 1.547689254838187 -0.028955673218159998 1.3635114813558207 -0.6113374892141689 0.6607890930942247 -0.264749636842618 0.3457338261158861
13.424586 1.546390388604297 -0.02875920486824412 1.3629666470558124 -0.6100996163064375 0.6614318186219589 -0.2660593661940578 0.3456860152762936
13.429584 1.5455133545691209 -0.02815734734656917 1.362955905812504 -0.6100177197470028 0.661085038157361 -0.2670310201745781 0.3457446864142263
13.43458375 1.5446995312976843 -0.027300645254494084 1.363227914977367 -0.6101433446906995 0.6606443866463528 -0.2673827285328231 0.346093296387915
13.43958425 1.5435715125106508 -0.026521702425397725 1.3632297661990405 -0.6104536146905106 0.6601659439821579 -0.2677134881207901 0.34620340696711155
13.44458425 1.5426365745273307 -0.02594213165654871 1.363207088069223 -0.609899225632832 0.6600704103903263 -0.26855646211948764 0.3467094093812311
13.44958675 1.5416383342062527 -0.025118721358329606 1.3633475818397194 -0.609747431523329 0.6606035101953507 -0.26830394760498505 0.3461561262896641
13.454589 1.540161809349514 -0.02458592106448053 1.3628326234343215 -0.6097419342226269 0.661174677759131 -0.26846099927282213 0.34495146181745195
13.45958825 1.5395602015736163 -0.023744139952877878 1.3632626972390214 -0.6095729010665648 0.6603903670186635 -0.2693011154919847 0.3460958691302452
13.4645875 1.5387707324089996 -0.022733594008991304 1.363640607655093 -0.609210672395357 0.6608831478850349 -0.26895746664256637 0.3460602586521268
13.46958475 1.5372631074995176 -0.021820266160219183 1.3636442354555396 -0.6101388091696524 0.6613508828210596 -0.2673021022533727 0.34481187547381714
13.47458575 1.536653706612553 -0.021479075259455978 1.3634942843166533 -0.6078960494215954 0.6621802641876731 -0.2691870106898329 0.3457138181991465
13.47958375 1.5357502828798084 -0.020662320029955335 1.3635316883276987 -0.6076058219232046 0.6624122926346045 -0.26942021530296223 0.3455978404413132
13.48458375 1.5345500927778737 -0.01961389516688647 1.3637336124840385 -0.6081191216199233 0.6628312963672401 -0.2677619794489339 0.34518013969219813
13.4895845 1.533637444234404 -0.018875944726322355 1.3637031686502419 -0.6071570009880517 0.662679991063443 -0.26881808815266983 0.3463415093189
13.494584 1.5329844181069894 -0.01811242419403348 1.3638533330543294 -0.6072647175161339 0.6626643897040838 -0.2695802497163494 0.3455892915601339
13.499587 1.532101187861028 -0.01721529973301556 1.3639760223523933 -0.6072326242210229 0.6626844816416405 -0.2696600162102563 0.34554492259398717
13.504589 1.5313118708479438 -0.01624491377889154 1.3641210975930622 -0.6068882747428487 0.6626576120771805 -0.2700203118440228 0.345919849571363
13.5095885 1.5304318521180644 -0.01536251282865686 1.3642272460905465 -0.6066877841312 0.6626851532309703 -0.270153187116792 0.3461149747755208
13.514591 1.5295128885805942 -0.014451387322054234 1.364258724279869 -0.6088477326816535 0.6609602237573745 -0.2702784464768935 0.3455221879837072
13.51959175 1.5288854429816348 -0.013516376122335368 1.3645658627602775 -0.606758953703003 0.6624744281689021 -0.27036614707316964 0.3462273106505789
13.52459575 1.5282726585298025 -0.012385907957148307 1.3649095948894214 -0.6076857962849008 0.6615010582368525 -0.27044368387025636 0.34640227597375167
13.5295935 1.5273651666836812 -0.011518757783190788 1.3649312353181193 -0.6067826362925356 0.6625238321833252 -0.27016687975861775 0.3462468211615727
13.5345945 1.5264961329989257 -0.01034697858925189 1.3654315917814106 -0.6081251088541471 0.6620201555961954 -0.2687810268239546 0.34593341148981493
13.53959575 1.5255259247338877 -0.009577163067245813 1.3652213094773853 -0.6071413145351766 0.6628437485144612 -0.26913840767765157 0.3458064585176708
13.54459375 1.525010728768326 -0.008713663705357297 1.365389397577225 -0.606827471933392 0.6625421632017972 -0.26989029066522 0.34634885923221226
13.5495925 1.52462780604119 -0.007659154860962497 1.365733446702809 -0.6062776996065574 0.6628181835980614 -0.27017501960709567 0.3465614883853263
13.55459275 1.5239677241842284 -0.0065651981735267845 1.3660669094763525 -0.6075081595904004 0.6615325508248293 -0.27014070289972486 0.34688978201601983
13.55959075 1.5232181395914772 -0.0056310837545453865 1.3661380362460454 -0.6081869592673381 0.6614965944009756 -0.2699073792052723 0.34594925180378955
13.56459325 1.522595853306377 -0.004732435354216684 1.3661209378106258 -0.6069107939761055 0.6626393571022814 -0.27024676891319205 0.3457384191355485
13.5695955 1.5219929195279012 -0.0034606206461776506 1.3667254461216725 -0.6067700991842853 0.6633970589259339 -0.26887398761623954 0.3456026153368286
13.5745965 1.5214609580804686 -0.0023441530351926976 1.3669731242901224 -0.6066295500210934 0.6634780497219028 -0.26895694990359026 0.34562931831223975
13.57959775 1.520890189355029 -0.0013070265337363912 1.3671165943931347 -0.6068684399203833 0.6634486544325757 -0.2690299098004443 0.3452093382180874
13.5845965 1.5205851123327128 -0.0002231374901808872 1.3676294955134582 -0.607537604743385 0.662533413209194 -0.26915395423872673 0.3456930489924596
13.58959825 1.5199644857430485 0.0008089936285345448 1.367777629094283 -0.6064831265141492 0.6635641832861802 -0.26908381790633606 0.34562217934374106
13.594597 1.519903756262193 0.0017979550749132739 1.367975557853806 -0.6066971169652062 0.6625453701696831 -0.2707283592909385 0.3459167475108153
13.59960025 1.51941285610766 0.002936825125687298 1.368356973254049 -0.6073026077609125 0.6622788140418769 -0.27026830476550157 0.34572439676317673
13.60459725 1.5182048582962526 0.003872076021970379 1.3682396834127901 -0.6073346196935963 0.6635135014137954 -0.2693511612410629 0.34401227463759354
13.6095965 1.518002309030981 0.005119247338623123 1.368621655311935 -0.6069046142872978 0.6633319268900514 -0.26935892701199016 0.34511347751727584
13.6145945 1.5180051134316088 0.006386812616764964 1.3694905289089143 -0.6073462910151872 0.6627553832361028 -0.26933507015501 0.34546259532148765
13.61959375 1.5176226053719983 0.007657733495099163 1.3698951072795782 -0.6076097763228689 0.6626429313004776 -0.26919075899403716 0.3453274396664678
13.6245935 1.517523124579537 0.008349343835594186 1.3699597564018138 -0.6072105249423249 0.66209209286904 -0.27084632880765735 0.34579141853287104
13.62959225 1.5167953206493783 0.009542319744625126 1.3703810549760915 -0.6064566056616946 0.6635696739069 -0.269354091100602 0.345447603737173
13.634592 1.5162088198856813 0.010623587627031458 1.3702819553950973 -0.6075288651896861 0.6631579716715674 -0.2693271889690411 0.34437341339281596
13.63959075 1.5160895600119104 0.011500024613324243 1.3706438652037536 -0.606200867857018 0.6632690723792865 -0.27072483024641497 0.3454022462616144
13.64458975 1.516206359270614 0.013047311875933075 1.3715351836683958 -0.6081454862056245 0.6619650344900124 -0.26961157041417444 0.34535628243766486
13.64958975 1.515804971344374 0.013975639405279003 1.371817679044449 -0.6062425374454672 0.663832861327192 -0.2691922748794994 0.34544382634378396
13.65458925 1.5152638353090402 0.015009348815705911 1.3718249435836476 -0.6074346793469281 0.6633181259703189 -0.26918530136831653 0.34434205031213844
13.659591 1.5153400850366006 0.0161329432380847 1.3724387406895737 -0.6065638236064625 0.6633817774035593 -0.26949583041531344 0.3455096853773614
13.66459025 1.515055892531622 0.017127987017503073 1.3725584474980461 -0.6075572208432043 0.6630960343455645 -0.269381341806401 0.34440029808792333
13.6695925 1.5150180877627442 0.018186894144180968 1.3730269106673167 -0.6079882876756996 0.6623361690053161 -0.26981465049404457 0.3447623756376389
13.674591 1.5151754833972133 0.019392770881963645 1.373481744621937 -0.6080293156208401 0.6621920845306946 -0.26956135879679355 0.34516469746220085
13.67958975 1.5151282317140375 0.02074830061709746 1.374311410460578 -0.6076783588261654 0.6628035591406428 -0.26889584087048085 0.34512820946337003
13.68458975 1.5150437579100242 0.021861222221798433 1.3745438976347641 -0.6083645359414144 0.6627188960311384 -0.268420305563983 0.3444514418796856
13.68959025 1.5150261848393958 0.0228058259631767 1.3748268339769187 -0.6085072639350687 0.662568814439181 -0.26854721381806734 0.3443891255853876
13.6945905 1.514976370549109 0.023867722419874865 1.375101381232377 -0.6083637940395556 0.6625749723646086 -0.2686095373265846 0.3445820897188846
13.6995895 1.515038465879297 0.025173905782959506 1.3757243351334443 -0.6085990934829942 0.6627700241786914 -0.268020576741982 0.3442499221564905
13.70459275 1.5151227195635666 0.026122587331748312 1.376021308303081 -0.6090528013386712 0.6625849021399537 -0.2678577439266087 0.3439304604949267
13.70958975 1.5153562711192305 0.02722006704904128 1.3765569489371692 -0.6086910804309666 0.6629436101257398 -0.2676351414380785 0.34405285853289086
13.71459225 1.5157384146810615 0.027977590647830543 1.3766957032873943 -0.6086259158435827 0.6624124793708313 -0.2688472045610899 0.3442461072213243
13.71959175 1.5157445573784778 0.028912322380664227 1.3768748762273442 -0.6091338216589064 0.6622044853911452 -0.26870399630208375 0.3438595195866388
13.724591 1.5159037191335238 0.029900717608869823 1.377263305640194 -0.6093768523668889 0.6621122174083484 -0.268454774013155 0.3438012473327704
13.7295905 1.515842723193627 0.031110109653333058 1.3779248988495838 -0.6095736658178387 0.6627183807757958 -0.266885649115526 0.34350595921976895
13.734591 1.5161539533387216 0.03215388195955995 1.3784052079756381 -0.6099481719160688 0.6627938125181445 -0.26644909803322153 0.34303420794607564
13.73959075 1.5164862255164895 0.03309393570749618 1.378735779316232 -0.609746828005017 0.6629411205171161 -0.266382351740905 0.3431593203547232
13.74459125 1.5167989193149405 0.03386877516204234 1.3789552814269785 -0.6101631345525304 0.6625025491781376 -0.2663114808797795 0.3433213024516815
13.7495905 1.5171127989095108 0.03476584390662205 1.3792732765737852 -0.6102291313743555 0.6623263367466524 -0.26611153773960583 0.34369882216225583
13.75459 1.5174608816154234 0.035614061989100845 1.379604819927212 -0.6104743472176937 0.6625399906891886 -0.26550115133358565 0.34332342006807726
13.75958925 1.5180184974689244 0.0363033093580871 1.3797306534636429 -0.6103545028528217 0.6620654924397715 -0.2662637067178382 0.3438608774673921
13.76458875 1.5180907724695056 0.037200241228577985 1.3800413996574323 -0.6116102474427235 0.6622136571578899 -0.264666914746281 0.34257466592745595
13.769591 1.5185740112833432 0.03811045797001539 1.3805490200580501 -0.6107931473558574 0.6631677226077014 -0.26401313081240746 0.342691362005335
13.7745915 1.5195949331121015 0.03895102262890172 1.381183904856325 -0.6114351295854213 0.6619576417766706 -0.26433382975312586 0.34363758416444157
13.77959125 1.5198043768800753 0.03978218560487858 1.3814503343218538 -0.6107770720743939 0.6632681944889535 -0.2627769204904624 0.34347483236060183
13.7845915 1.5203623805337598 0.04055984392609152 1.3818022467195064 -0.61113322049344 0.6630814529645778 -0.2622698321484005 0.34358944787136714
13.78959075 1.520608098717167 0.04107742156733196 1.3815527978069106 -0.6119869791466711 0.6623233854564987 -0.2623748849234649 0.34345172905922694
13.7945915 1.5213753950054525 0.041882713189885304 1.3820802899034625 -0.6116829207908633 0.662530867356568 -0.2616102489677756 0.34417572814992425
13.79959275 1.5222638885150461 0.04292796052696688 1.3827925032509556 -0.6134602784337602 0.6612277946305972 -0.2608371953050885 0.3441049955134408
13.804594 1.5227247958493955 0.04339338233066112 1.3827032951773237 -0.6137086155596223 0.6606247348090626 -0.26079165037981633 0.34485418663330586
13.80959325 1.5234858537521465 0.04422329458180239 1.3831084760508572 -0.6140009469433538 0.660780728899932 -0.2598564693924904 0.3447408893386583
13.81459375 1.524135708545122 0.04489595246566581 1.3835547932931778 -0.6138612896246386 0.6609059218552019 -0.25923292821308763 0.3452187255743371
13.8195965 1.5250896117180677 0.04547146403419764 1.3836653098724174 -0.6138299790522637 0.6603485727322479 -0.25994825280466316 0.34580258120925517
13.8245965 1.526015686349473 0.046280209613558256 1.384021488482576 -0.6146763784139827 0.6596027204921111 -0.2591732868089586 0.34630392481737443
13.829596 1.5263944437571881 0.047047129438743715 1.384426039329804 -0.6145279567445461 0.6606432215355074 -0.25713058478971323 0.34610661158703665
13.834598 1.5270925197302194 0.047714517532418926 1.3846471638743096 -0.6147218889147193 0.6604755268612287 -0.2564261569668011 0.34660453506805006
13.83959825 1.52784965581528 0.04853285553768553 1.3851561691919576 -0.615553352120437 0.6601038035655153 -0.2556039162041307 0.3464443349699119
13.84459825 1.528755965946265 0.049118999217619794 1.3853850759415476 -0.6166859056912096 0.658882933464311 -0.2553600923746005 0.3469337068284261
13.84959775 1.5297761533232983 0.04959441238277639 1.3853138827649019 -0.6158001788049339 0.6587993937744617 -0.2561562719180212 0.3480768060403824
13.85459775 1.5303801096006133 0.050616506146516214 1.3860006701160064 -0.6183773153242277 0.6574363494098809 -0.25408583801506096 0.3476022573102682
13.859597 1.531319787263915 0.05128244302892469 1.3864459669433793 -0.6185025630834838 0.6571133643620259 -0.25370387654063553 0.3482685011083178
13.86459625 1.5321268978931561 0.05183699274316065 1.386710944532655 -0.6185596253141603 0.6570730242438283 -0.25319043047455175 0.34861674752998684
13.869599 1.5331073037297573 0.05254784013782747 1.3870323812104361 -0.6193318372744592 0.65618584750911 -0.2525298284930798 0.34939504087529566
13.87459975 1.5338241894203877 0.053012357529288595 1.387130978902733 -0.6186447432908283 0.6568987487288291 -0.25203350386212753 0.349630988969946
13.879599 1.53500451988088 0.05375186600840267 1.3875705247237116 -0.6203511039890355 0.6550647923248356 -0.2517746732580736 0.35023440656479654
13.884599 1.5358537572484952 0.05420888950572813 1.3876575760574645 -0.6204942180461468 0.6547848755464979 -0.2514755820053429 0.35071886715991213
13.88959725 1.5365102274126212 0.054848473650548416 1.3877005801930964 -0.6223796642941101 0.6538178178548197 -0.25063384406632844 0.34978349123028657
13.89459625 1.5377556588492225 0.05523899037353309 1.3877603489410748 -0.6224297496712006 0.6530859192147942 -0.2517120224771188 0.35028709166638217
13.89959625 1.5387791200976038 0.05596858638515826 1.388576457411551 -0.6221086222372137 0.6535755322313702 -0.2500279292789056 0.35114942743381994
13.904597 1.54000140001483 0.05645645904493702 1.388557504934187 -0.6225366983270104 0.6526785017767357 -0.2505833537778959 0.3516629286177354
13.9095995 1.5410392352256763 0.05713986699702935 1.388872890922865 -0.6233921191915464 0.6518864595438677 -0.249584848142555 0.35232614602225015
13.91460075 1.5419397118808962 0.05755988647487371 1.3889956267480377 -0.6241609311322529 0.6512651432492375 -0.24943409094477145 0.3522207823386132
13.91960325 1.5427340641711913 0.05785359561081329 1.3890782208787835 -0.6232850478884807 0.652198988781239 -0.24914079208480777 0.3522514639156779
13.92460425 1.5441006657001082 0.058487071679260004 1.3894793498955627 -0.6250408944503006 0.6502761645243685 -0.24895505233703502 0.35282597981456615
13.92960475 1.545213449541286 0.05911372342879275 1.389686119900446 -0.6256120933341318 0.649567183037409 -0.2483786657221855 0.35352513603561153
13.934606 1.545861374868237 0.059452548712887736 1.3898995629262736 -0.6256511008857171 0.6499644146460435 -0.24744511381859657 0.3533806379834898
13.9396065 1.547016960895383 0.060035036672655154 1.3902056973686485 -0.6269760093709396 0.6489498145300767 -0.24695119537904742 0.3532425922726901
13.9446075 1.5480006690394676 0.060225140606332724 1.3901934933968987 -0.6275440285091974 0.6484518538637837 -0.24702669391651863 0.35309559328281664
13.9496075 1.549584456834804 0.060885617162349054 1.3909302504709933 -0.6274692098229712 0.6483701760122771 -0.24651973955312048 0.3537322767187164
13.95460825 1.5507106010665148 0.061191780247692 1.3910343102100917 -0.6280287464691208 0.6473128104434178 -0.24661238687918058 0.3546101375905967
13.95960575 1.551827620113174 0.061522000359481806 1.3913711756734406 -0.6287586188276664 0.646869257480388 -0.24612515263140144 0.3544646275989553
13.964608 1.5530855241923736 0.061925442101655875 1.391688434119731 -0.6292528225278408 0.6466175285368013 -0.24566331453467388 0.35436731370365215
13.96960725 1.5543409623010842 0.06218339529229195 1.3918078021171234 -0.6296700699224697 0.6458257548934181 -0.24596394203885472 0.3548611511237679
13.9746085 1.555512148623421 0.06259602290010652 1.3921646545854016 -0.6300642743318489 0.6457147478238054 -0.2452735293890378 0.35484133135045715
13.979608 1.5564455727878328 0.0626615697092405 1.3919783080044865 -0.6307340986279641 0.6453333943562454 -0.24506665329625044 0.35448785931085386
13.9846095 1.5579172878729906 0.06299330990672677 1.3926339866459228 -0.6301006273789892 0.6455549002359603 -0.24497407918502076 0.35527421899906425
13.9896105 1.558938445469024 0.06318417057177164 1.3925822171329034 -0.6301209506681759 0.6459768380026396 -0.24480957677962534 0.3545839581962594
13.994608 1.5607538132238865 0.06344171982088959 1.3930255502590276 -0.6315273302382366 0.6436806516875201 -0.24543131758160905 0.355825685069881
13.99960875 1.5616381815172544 0.06364623197736312 1.3926587992302377 -0.6309114949917585 0.644484361694558 -0.2444042974547074 0.35617008914856024
14.00460925 1.5633522759411222 0.06395747235296244 1.3935341878839669 -0.6304890791871136 0.6445097909877539 -0.2442662970308543 0.35696586178728873
14.009608 1.564433602762892 0.06403645814553222 1.3939667943369851 -0.6306917670370459 0.6453069504724016 -0.24400631068527948 0.3553417439725553
14.014607 1.5657991307653227 0.06408313756902148 1.3942194489688484 -0.6320857731872993 0.643647930364149 -0.2442964259058303 0.3556742517554495
14.01960975 1.5672564590824491 0.06426621437632021 1.3946811626610491 -0.6327645721020033 0.642677154465711 -0.2443439558854392 0.35618970036018704
14.0246125 1.5682441180103157 0.06413796364697621 1.3947895597451114 -0.6328290789010497 0.6425840479862724 -0.2443909723625621 0.3562108235280145
14.02961175 1.5692609385774536 0.06411070868417865 1.394485695797133 -0.6333062698510374 0.64272997799511 -0.24440415210107072 0.35508865708373055
14.0346105 1.571092923835897 0.06490209736093769 1.3951797835381303 -0.6325726559626719 0.6427215488624813 -0.2425728108619082 0.357658044767201
14.039614 1.572406048598196 0.06442029905287472 1.395762035938516 -0.6338553522721648 0.6412737967297678 -0.2443611305826377 0.35676735820993116
14.04461275 1.5734698189902723 0.0640113366978744 1.3955834282434831 -0.6343350080327234 0.6405912946209197 -0.24519007632783327 0.3565721768595668
14.04961125 1.57476563783581 0.06400164086563709 1.3957654320920774 -0.6351535108494684 0.6401024235545087 -0.24500642326049765 0.3561190216435178
14.05461225 1.576352463918389 0.06406644718225102 1.396395232066374 -0.6339950748633894 0.6405442337190491 -0.24546079592689085 0.35707468036977763
14.05961125 1.5773073235282709 0.06385176698964828 1.3962737080819578 -0.6330852648067009 0.6412160569180829 -0.24535528137853665 0.3575553128324545
14.064611 1.5789447505992704 0.06424669543572462 1.396948866824841 -0.6340395963863622 0.640429664691437 -0.2444247504875674 0.35791084943952584
14.0696115 1.5797802947139357 0.06373634506849377 1.3970593005325573 -0.6333962918544785 0.6409641509199108 -0.24461165484152603 0.3579654075692293
14.0746115 1.5808464417590575 0.06323873601913182 1.3974936526071744 -0.6334046832322077 0.6412241600625962 -0.2455799869031266 0.35682005807435335
14.079611 1.5823954666029048 0.06321739722920125 1.3979150644361331 -0.6338677856052539 0.6407016587120605 -0.24578688899112627 0.35679380613397677
14.084608 1.583851215485304 0.0630395290655126 1.398118435818656 -0.6339138371978555 0.6398869977495567 -0.24627937198900166 0.3578328493205349
14.089605 1.584555936399948 0.06217976345234579 1.3985385870769738 -0.6338018930210768 0.6404963935174708 -0.2476425247374836 0.35599537951447846
14.0946055 1.5856012050475174 0.062161256068701216 1.3983898580808525 -0.6341551524990069 0.6393401889103623 -0.24716533298395765 0.35777180377155654
14.09960625 1.5868132142913314 0.06220984386151607 1.3988442154084606 -0.6343744474972187 0.6390992276309617 -0.24615562407359806 0.35850892086675384
14.1046055 1.5884920531823699 0.062145014435577406 1.3995797738505311 -0.6340208391993711 0.639129495855669 -0.24627642897620242 0.3589971915195619
14.10960425 1.5895052289146578 0.06118858829091326 1.400262728243658 -0.6357161698933941 0.6378892650303278 -0.2477206346444529 0.35720683653380864
14.11460375 1.5902089032563804 0.06050655237652909 1.4002349229360227 -0.6349430398370784 0.6384919217530508 -0.24820434487765922 0.3571694348658606
14.1196015 1.5915959476050592 0.0602895530693614 1.4006486366467328 -0.6363139105519089 0.6369879594024304 -0.24854671725121666 0.3571770935517962
14.12460125 1.5927215966331671 0.05970884920936536 1.4012031809655097 -0.6349629527414619 0.6377382217287186 -0.24890958899258883 0.35798886253580026
14.129601 1.5941259904313383 0.05912371798894064 1.4014688329550358 -0.6357593197504348 0.6363105618212357 -0.25024619604225606 0.3581840276053477
14.13460125 1.5946360886724678 0.058348450532429166 1.4015748699170079 -0.6340324864074747 0.6380786386518661 -0.25020258812860435 0.3581300350010936
14.1396015 1.5962374719073835 0.05830864063002357 1.4019696905788541 -0.6331912922220398 0.6378173959115401 -0.24953415129060746 0.3605419036207597
14.1445995 1.597297197340845 0.05753599221863634 1.4024424803630633 -0.6336123332492681 0.6373470577392104 -0.25032765264607854 0.3600836089942091
14.14960025 1.598514047596678 0.056835548650557295 1.4032293925047223 -0.6349828081996598 0.6360933559030425 -0.25098667282271664 0.3594269966658901
14.15460075 1.5994979123809354 0.056321782750860805 1.4036889514776196 -0.6351701181460955 0.6361369164292221 -0.2504613862926722 0.3593853621762427
14.15960275 1.6003776780920071 0.05546424545222473 1.4039356731736787 -0.6336440355079473 0.6374622159685973 -0.2506926164458696 0.35956970330818006
14.1646025 1.6013247262640087 0.054558926116780815 1.4041434966410726 -0.6338182113631164 0.6369944994892601 -0.2515128245082122 0.3595188196364526
14.169603 1.6021922915176177 0.05379302472905895 1.4045055129869266 -0.6338486411795047 0.6368455368896958 -0.2515984432979698 0.3596691334387884
14.17460275 1.603512285356602 0.05305330607426517 1.4051074119004043 -0.6329178106781314 0.6370190106039109 -0.25248428481226737 0.36037967614510874
14.179603 1.6042778430155893 0.05217282809107258 1.4054512215647514 -0.633386059896492 0.6366913617222666 -0.2523201659509029 0.3602509443312426
14.18460275 1.6054944913840292 0.05135289236143389 1.4059534639513958 -0.6327386470622208 0.6366501219891307 -0.25303691177792315 0.36095809723981365
14.18960425 1.6062003055761416 0.05041289457149776 1.4060655998873228 -0.6323150311857935 0.6366460389039899 -0.2538514380971451 0.36113566683502735
14.19460325 1.6072971197276942 0.04959144728814233 1.406532431455445 -0.6338896037575499 0.6349656992148983 -0.2541374440113664 0.3611325111645325
14.19960475 1.6086228068415862 0.04892345712546346 1.4071450931948553 -0.6341736387188173 0.6345604106460253 -0.25437365489719344 0.36117990654122273
14.204607 1.609557469734771 0.04821750259187568 1.4075393166005645 -0.6320065095096803 0.6361695285916705 -0.2539927547660736 0.3624138288685783
14.2096085 1.610200127117172 0.04693987012419772 1.4077610721393847 -0.6322185328674643 0.6359618733451424 -0.25507793304328696 0.3616455038080971
14.214607 1.6108420242236061 0.04646082923267274 1.4079278690177874 -0.6319724345437309 0.6357612232731967 -0.25388458413387127 0.3632645412068309
14.21960675 1.6118465162669107 0.04504624136440662 1.4086438108917638 -0.6332978290664918 0.6345434962836587 -0.2554470464367321 0.3619878692588037
14.22460725 1.6129459423629622 0.04414842272325085 1.4092130424601201 -0.6327138095213115 0.6347792609419981 -0.25569657642584154 0.3624193509224691
14.229608 1.6142010854644482 0.043358967764238 1.4099065783618658 -0.632764208951127 0.6342488909336204 -0.25613319736870016 0.36295121631648164
14.23460975 1.6148955399977198 0.04267001280202798 1.4101104280989942 -0.6316960040608093 0.6349051762149867 -0.2553574670501622 0.3642089231344397
14.239609 1.615428430063392 0.04109052221993253 1.4104212164267935 -0.6313804414813182 0.6353856797962668 -0.25683324637467175 0.3628780230068207
14.24461 1.616189857009252 0.040081949922478606 1.4108461283781724 -0.6309804347851018 0.6353338847118375 -0.2572470114375317 0.3633710513536098
14.24961 1.616645923419246 0.03926587852590605 1.4109677350595105 -0.6315440144270077 0.6348745947405507 -0.25650715251522105 0.36371759306221896
14.2546105 1.6180020898482093 0.038090630413630276 1.411850952213604 -0.6330157546794214 0.63322507074029 -0.2577540528270702 0.36315273971817585
14.2596115 1.6189203838477855 0.037607706151615364 1.412317138907307 -0.6307394829355424 0.6348081787451736 -0.25611137965245595 0.36550409310561216
14.26461175 1.6197290944539608 0.036089650451105175 1.4129881916268061 -0.6323085315044766 0.6334629048622871 -0.257534655189219 0.36412438881054854
14.2696125 1.620432961051335 0.03474007904110137 1.413359699323853 -0.6314106606335551 0.6340079360571005 -0.25844049141069436 0.36409205848838794
14.2746095 1.6211272614342283 0.03357523204824497 1.4136658339614545 -0.6313210342375858 0.6338571346508973 -0.2587115740604291 0.36431745227001466
14.2796095 1.6217765604179946 0.032457470897969964 1.4141218027193527 -0.6311916130971995 0.633821663414587 -0.2589365304678934 0.3644435755111767
14.2846115 1.6222681774819274 0.03122023049085059 1.414189975487523 -0.6320960472713819 0.6329776552276517 -0.25957616518973375 0.36388746814336864
14.2896125 1.6228541844907833 0.030051194402727938 1.4145483437708222 -0.6322107219249335 0.63277676321109 -0.2597004721242436 0.3639489466967799
14.2946125 1.6235414780077428 0.02880496086857652 1.4149850415281569 -0.631842318198734 0.6328656785629202 -0.26020487507663825 0.36407381231928143
14.2996125 1.624362272651867 0.027841832562126904 1.4156405566344767 -0.6322317759499505 0.6327133336846245 -0.25972252726492556 0.36400690609929454
14.30461225 1.6255078672735235 0.026741326097183514 1.4163410281343467 -0.6308817504206973 0.6330680620786343 -0.2604459413415042 0.36521357778819974
14.3096115 1.6258804890033507 0.025376093739439186 1.416271310691924 -0.6319065098362572 0.6325235862316826 -0.2610470878512514 0.3639539718309892
14.31461 1.6267703618677494 0.02427668512010798 1.4169834992787556 -0.6307585270785249 0.6331457245519759 -0.26105449836187705 0.36485712393252245
14.31961025 1.6273942916856483 0.022978207047583438 1.4174124906515906 -0.6308380934512525 0.6330633231123469 -0.2615089087684899 0.3645369932057024
14.324611 1.6279565170276737 0.02213830958286133 1.4175713490136077 -0.6289188823472711 0.6344897480064303 -0.2607874846487947 0.36588753320159817
14.32961225 1.6282972146785595 0.020300046177045755 1.417769881549312 -0.6313296022755722 0.6325672473160239 -0.262568756682306 0.3637846326164755
14.33461325 1.628984882588239 0.019264132456066063 1.4185623547391186 -0.6302982711801073 0.6333645251209916 -0.2619597161630064 0.36462388124398254
14.33961275 1.6299897576324538 0.017831971308498437 1.418862958514896 -0.6294643582427765 0.6332573270409771 -0.2638694865502709 0.36487350344828107
14.34461175 1.630268876775745 0.016423337813985493 1.4191092915827206 -0.630092758391271 0.6331660471053165 -0.26383802607070894 0.36396891160512523
14.3496135 1.6306195147902691 0.015158684083903973 1.4193599544784492 -0.6299875234406088 0.6329614193875756 -0.26396122034836217 0.3644173925984288
14.354614 1.630878433598619 0.013820302677416026 1.4196345577882306 -0.6305809996613403 0.6329720403138238 -0.26378305457466966 0.363500342732048
14.35961275 1.6316495392344703 0.012441800993455689 1.4202000947137403 -0.6292155210838943 0.633625742228131 -0.2645082673716099 0.3641999770799588
14.36461175 1.6319993417379213 0.01090886810825395 1.4203154922787067 -0.6276316008557262 0.6350776226792855 -0.2650033648462572 0.3640442327512783
14.3696095 1.6323870150828887 0.009280068765889937 1.420640672736837 -0.6274333193507918 0.6354535237026653 -0.26590192515880506 0.36307356717221173
14.37461025 1.6325103137958812 0.007807935313824947 1.4205517044152673 -0.6272815439907216 0.6357007263067902 -0.2662874437151864 0.36262025379350665
14.37961325 1.6333713380445825 0.006628995894583524 1.4212067432138709 -0.627118700963661 0.6357784539323871 -0.2663296735392605 0.3627346101621194
14.384612 1.6338579292597568 0.005184175422969596 1.4214086714565684 -0.6266993594832154 0.6359920982949196 -0.2669065227779367 0.3626608220201678
14.38961025 1.6341383429910517 0.003990596049310485 1.4215749924776369 -0.6266621070708962 0.6363026503290483 -0.26625293964099855 0.36266087861557417
14.3946085 1.6346772635247566 0.0026278647756021595 1.4218180408246417 -0.6267483396222195 0.63631426611779 -0.2667550202081007 0.3621221240266121
14.3996095 1.6350650167346634 0.001002589082577325 1.4221101132471463 -0.6264382506357739 0.6366380647855033 -0.26764139579107044 0.3614348846826606
14.40460825 1.6355500335650874 -0.000586509886501406 1.42254260985188 -0.627657550553841 0.6353747845076393 -0.26876876367769725 0.3607051900316731
14.40960975 1.635947659624916 -0.0020524189161058026 1.4227292390920296 -0.6270219380618947 0.6357580915754365 -0.26960854067503537 0.3605084922446935
14.41460975 1.6362332053772084 -0.0036007740442512218 1.4229005423691332 -0.625086690168993 0.6373679491329689 -0.26995510332118533 0.3607671955464559
14.41960875 1.6365511800611507 -0.00506477108777012 1.4230460375501264 -0.6252232822512799 0.6374100190586802 -0.2702864496423474 0.3602076485505048
14.42460875 1.6370901810523406 -0.006541385484698917 1.4235130693873825 -0.625686135515709 0.636653617770113 -0.2712990677357628 0.35998034203182644
14.42960775 1.637247934491595 -0.008046412460162869 1.4235561239265253 -0.6256110617712592 0.6367784523079496 -0.27196374929843053 0.3593879813422682
14.434606 1.637309846720841 -0.00967991685571868 1.423604530272897 -0.6242638274604841 0.638327161918086 -0.2723325815264427 0.3587033218707793
14.4396045 1.6378278559989308 -0.011157141947557906 1.423883731361316 -0.6243020087229909 0.6377310966447199 -0.27373924693574714 0.35862637237633743
14.444605 1.637698776395222 -0.01254797947407469 1.4239620475738004 -0.6228247104004279 0.639285812625024 -0.2725532322926298 0.3593296055960677
14.44960475 1.6377292517004494 -0.014269007885906543 1.42382832142218 -0.6230331024720285 0.6390815740054113 -0.2738257950076194 0.3583628454224709
14.4546035 1.637857709812462 -0.016071839574154707 1.4240025989004848 -0.6241569721399398 0.638212952007356 -0.2749696142717481 0.35707704105193405
14.4596025 1.638101890587181 -0.017503435995638153 1.4243573533027012 -0.6239895988354454 0.6379843195666606 -0.2749259301587342 0.3578110136071831
14.464602 1.6381839326332321 -0.019033127287990465 1.4244941506242812 -0.6237186285943085 0.6381984263166919 -0.2755445924133095 0.35742554271220794
14.46960025 1.638650840652329 -0.02027647522040428 1.4247365615786463 -0.6222473213830783 0.6393552494392637 -0.275856951803775 0.35768153179549356
14.47460075 1.639413171897866 -0.021962739114936493 1.4249685971904777 -0.6212324353994315 0.63898530729949 -0.27886770417867845 0.35777205289007763
14.4796005 1.639093116563674 -0.023473850720283233 1.4249833628754065 -0.6202867106790229 0.6404953711528988 -0.27785040221093255 0.35750416791686707
14.4846005 1.6392670306801163 -0.024851037087083867 1.4254950252525977 -0.6209497059841188 0.6403765634883328 -0.27809628450569873 0.3563730855679694
14.489599 1.6392257291063579 -0.02669834274347485 1.4253366617295649 -0.6200859162505283 0.640734152433793 -0.2791217648980028 0.3564326622700505
14.494597 1.6390529268918397 -0.028442903913076172 1.4251400711592142 -0.6202977944250196 0.6403938920195029 -0.2800585703598729 0.35594031306323437
14.4995975 1.639136886786141 -0.029921015191122148 1.425378484967203 -0.6201724331204219 0.6407206759919992 -0.2800744085015926 0.3555580040673171
14.50459825 1.6390509165898586 -0.03135735264640437 1.425118801769036 -0.6195387705011612 0.6411826044800959 -0.28018900029693866 0.355739657152014
14.509598 1.6392825034636183 -0.03295321274249684 1.4254661590354873 -0.6184658940648918 0.6417779946459948 -0.28051300670103735 0.3562771344588692
14.51459725 1.6387712931163825 -0.03498253625932997 1.4253864904158344 -0.6181927215306805 0.6423136942611267 -0.28173251265864413 0.3548206145676451
14.51959975 1.6391629201509736 -0.03622426135555332 1.4258428577525346 -0.6183954923543027 0.6418289665579738 -0.2817926733268524 0.35529632981823583
14.5246005 1.6385106320497407 -0.03804697274154144 1.4255219204543557 -0.6176992348254221 0.6430526786831781 -0.2816675342739704 0.35439287220611393
14.5295995 1.6383876251825173 -0.039756803280116576 1.4255949167728508 -0.6171454011521689 0.6434247551696737 -0.28231908988819554 0.35416390239022816
14.53459725 1.638530367259728 -0.041042614856211 1.425896714556155 -0.6179290577618946 0.6425308941879279 -0.2824369454821055 0.35432626407634144
14.53959725 1.6381566309144004 -0.042762452509875676 1.4257949576085907 -0.6164169733544729 0.6438645618223744 -0.2827957506773622 0.3542528819764491
14.54459625 1.6379541200866528 -0.04428015002391909 1.4259843961881573 -0.6164566153617658 0.644067032356516 -0.2825325401273305 0.354025794226049
14.549597 1.6379653757480077 -0.04564280904593815 1.4262468649957265 -0.6161003840533305 0.6446280965400778 -0.28247405352607263 0.3536712357614119
14.5545945 1.6374971268842788 -0.04725892424618332 1.4259728668086424 -0.6153330324959551 0.6456440024484925 -0.28224765043588146 0.35333460776585046
14.55959275 1.6377021673226233 -0.048904863679960386 1.4260782416983162 -0.6158442924316155 0.6441055853064085 -0.28402831970686715 0.3538244141675153
14.56459275 1.6373970337244423 -0.05055938065719018 1.4260945221365628 -0.6153297063051759 0.644715548367591 -0.2842346237613678 0.3534429131934829
14.56959225 1.6369591055594386 -0.05219491712349092 1.4258695356132574 -0.6153609956465075 0.6447281116124293 -0.2844654376599825 0.3531797303222886
14.57459225 1.6366423319368433 -0.05369543039989687 1.4258327953167886 -0.6150940769837447 0.6450495427355784 -0.2845277879813529 0.35300750947051357
14.57959075 1.636264869611208 -0.05531443605850935 1.4259215356883284 -0.6147158311348718 0.6455919020485735 -0.2839209668650406 0.3531634572487497
14.58458725 1.6360133773322156 -0.05686775335655486 1.4258844518991942 -0.6142486166166624 0.6460075177165772 -0.2843874680498586 0.352840887730395
14.58958975 1.6357724207075985 -0.058344950915564846 1.425863099116855 -0.6135302246487615 0.6463315346461205 -0.28480824555847534 0.35315785992433185
14.59459075 1.6352272257480636 -0.059788078804826894 1.4258351585437479 -0.6137715090131413 0.6469057175686079 -0.28387674472110347 0.35243654905149285
14.59959075 1.6348532919951917 -0.06161364896364033 1.4253958017943296 -0.6132663187344659 0.6465409267192621 -0.28557141942552366 0.3526162457830972
14.6045895 1.6343650584064757 -0.06330301455177084 1.4252572397341488 -0.6130338605764071 0.6468504309108546 -0.28599331666791894 0.35211053468834413
14.60958725 1.6337666182117696 -0.06490744272225879 1.425070519696845 -0.6117217526250288 0.6480024039658799 -0.2859560513425556 0.35230458203148224
14.61458675 1.6334803576165986 -0.06611650059744462 1.4252114879757007 -0.6127303340743666 0.6474117671531002 -0.2856409339007085 0.35189316324297387
14.61958625 1.6328178441862948 -0.06780725482198013 1.4248960334436198 -0.611516649326831 0.6487677077990843 -0.285560644311844 0.3515721367421084
14.624585 1.632126914216645 -0.0693322957938372 1.424676976254817 -0.6113081682928029 0.6493482873795018 -0.28530215864074104 0.3510723619579583
14.62958375 1.6318604622282313 -0.07052560898800148 1.424938065426307 -0.6103214747688543 0.6503883674484159 -0.2851103557527811 0.35101959199776556
14.6345845 1.6311299864544395 -0.07243383115364856 1.4242000894816536 -0.610775249765763 0.6496469661494843 -0.2864158685878858 0.35054010308007216
14.6395825 1.6307985806868617 -0.07392961247253224 1.4240554647224126 -0.6100763538281557 0.649756069053276 -0.287226180800338 0.3508917415543278
14.64458275 1.6302292517980048 -0.07525512808439588 1.4240389265875828 -0.6097973353213115 0.6502296099751014 -0.2870322866294368 0.3506581391882017
14.64958525 1.6298565267908696 -0.07679168005093681 1.4239550741674794 -0.6087405341283765 0.650955851133743 -0.2875152635142487 0.3507512155790415
14.6545855 1.628990879177847 -0.07796515164162694 1.423737982020619 -0.6085713522875629 0.651838829982479 -0.28643086813003604 0.3502918878367492
14.659586 1.6284727806456283 -0.07935351730051388 1.4237245377437964 -0.6077150978774234 0.6527309978679754 -0.28651502662499256 0.3500482020410772
14.664584 1.6275432400901728 -0.08081162794784283 1.4233674136875045 -0.6079526777252482 0.6528461561090623 -0.2866523725009137 0.3493076801902869
14.66958225 1.6269153168327788 -0.08215762602428436 1.4231381851962754 -0.6075128181917985 0.6535086311499799 -0.28692993616425155 0.3486055887072335
14.67458375 1.626159771064124 -0.0839520430264925 1.422779618254918 -0.6079737431633855 0.6529176183053536 -0.2880006382024041 0.34802606759461896
14.6795825 1.6257618283800355 -0.08520479182499036 1.422484388407079 -0.6066010003485299 0.6536538818381349 -0.28838961122366846 0.34871659162185215
14.68458275 1.6248776474162125 -0.08649925830217678 1.4224791390185694 -0.6061101759361376 0.6545688599545458 -0.2878068148351466 0.3483350392063914
14.6895825 1.6241096283093306 -0.0877936409618425 1.422310536909963 -0.6056277706664962 0.6550680349972632 -0.2878811779625307 0.348174238417003
14.6945825 1.6233289754462987 -0.08913941055569836 1.4221138335195849 -0.6052027734850884 0.655527346661736 -0.2881542079797868 0.3478227323912606
14.6995815 1.622548945631435 -0.09069014748441984 1.4219698340718163 -0.6057131375527092 0.6553838513231927 -0.28909102242000484 0.3464245706888999
14.704583 1.6220891050148776 -0.09206469344642793 1.4217759998864823 -0.6048794853227734 0.6551883968077662 -0.29014287928882504 0.34737023839430453
14.70958175 1.6210537394246998 -0.09318805257508217 1.4214170929076415 -0.6034330527957433 0.6567425309081838 -0.2892536269250915 0.3476925915238959
14.71457975 1.620155188515947 -0.0945724111603089 1.4212583527765443 -0.6033582358927445 0.6569882250539754 -0.2894056639198933 0.34723144012590224
14.7195835 1.6194092662999315 -0.09593914699413614 1.4211427906196026 -0.6034493774759639 0.6568458292406888 -0.2902377798254663 0.3466474240420195
14.72458575 1.618483806320287 -0.09698938474740249 1.4207930682239407 -0.6021697351893122 0.6580476082658442 -0.2898888929191191 0.34688526206768044
14.72958525 1.617565191173986 -0.09834824385483097 1.4203829821866067 -0.6014520809001594 0.6584868259020045 -0.2906696488855068 0.3466434042516132
14.7345865 1.6167652703931594 -0.09946091888121955 1.4202870135479582 -0.600997804039975 0.6591777365307738 -0.29039146793271386 0.34635118962286954
14.739587 1.6158654288420742 -0.10082531793577501 1.419985926013668 -0.6002085898175522 0.6595719135990925 -0.2908041755891459 0.3466229521546051
14.7445875 1.6147431111504866 -0.1020841850740353 1.4195862524448664 -0.6005140454516673 0.6597540329746883 -0.29052380406023515 0.3459818152205066
14.74958825 1.6139130678427094 -0.10330091990296719 1.4194872301896455 -0.5999522738526262 0.6599326136523069 -0.2912911530569851 0.34597063269565315
14.75458975 1.612709487312796 -0.1045605671529165 1.4189307374422602 -0.5993927683919303 0.6604760645552167 -0.29150399514710384 0.34572402022767823
14.75959225 1.6116753673961837 -0.1057494970508768 1.4185408722090247 -0.599318716305599 0.6608723408365846 -0.2914615125329056 0.34513042768642266
14.7645905 1.6106919868369642 -0.10693956228992738 1.4182544930072134 -0.5985088888069462 0.6615405365936753 -0.2918829668832359 0.3448993506892506
14.7695915 1.6100499681185685 -0.1084389028454252 1.417915682125086 -0.598446933659393 0.6607110191804969 -0.29445728791878445 0.34440836563395694
14.77458975 1.6089267969060739 -0.10903998981813376 1.417992010500665 -0.5971841385301113 0.6624037715693268 -0.292361069435698 0.3451338192313158
14.77958925 1.6077102903194935 -0.1102744977456116 1.4175576181917477 -0.5971098200876404 0.6624952142915811 -0.2924648352780066 0.344998947710665
14.78459 1.606483756101905 -0.11130138911892525 1.4170544365953206 -0.596993420108109 0.6627950402712687 -0.29254927429182254 0.3445526274036496
14.78958875 1.6053998532164113 -0.11224400399306217 1.4167284923136758 -0.5958466147911802 0.6638576343150671 -0.2927447336681041 0.34432597043075963
14.7945905 1.6040785067179912 -0.11346803410720455 1.416410635262608 -0.5972602360451127 0.663145313286786 -0.29318022551651557 0.3428758656878486
14.79959325 1.6033596988810037 -0.11404571621179364 1.41629338087042 -0.5950643654732332 0.664500112143403 -0.2928407499179758 0.3443578038796575
14.8045965 1.6021277848782383 -0.11505678501080377 1.4159415801130482 -0.5949056373281476 0.664472642436648 -0.29316168207593674 0.34441198917990123
14.80959675 1.600571677025822 -0.11605822773381383 1.4154489226689453 -0.5940849290474933 0.6652797407803386 -0.2933441419223282 0.34411506503745704
14.8145965 1.5997428410619066 -0.11671198559660986 1.4151901677283463 -0.5939138803500765 0.6651911134186618 -0.293574950997704 0.34438471729020115
14.81959825 1.5983904097453747 -0.1174752962393139 1.4146743552803012 -0.5938746563735228 0.6655618825546818 -0.2934825339393668 0.34381430348376535
14.82459975 1.5972071140713928 -0.11823303432348087 1.4143123952396022 -0.5935525351320369 0.6658066272985753 -0.29354873278803745 0.34384017299054137
14.82960125 1.5960490898558362 -0.11901579341910794 1.4140091293162182 -0.5933303844589679 0.6657758386317533 -0.2939578816120727 0.3439336439054801
14.83460025 1.5948569575985048 -0.11978299127597573 1.4136098779198734 -0.5928851496188894 0.6660976379729919 -0.2942558841198887 0.34382351680624
14.83959925 1.5936230233130948 -0.12056747583422268 1.4131984707537835 -0.5917865139326622 0.6666884038775692 -0.2947901791184313 0.34411341786964533
14.84459775 1.592320544778234 -0.12128851561497567 1.4127685089610156 -0.5919549609843601 0.6667721473677398 -0.29477537912056895 0.3436738330524197
14.8496 1.5910730875307684 -0.12176626633343525 1.4123577269654555 -0.5915098518903885 0.6674368912186647 -0.29457058422270826 0.3433253009430959
14.85460125 1.5897691705767523 -0.12249924044488081 1.4117677478461637 -0.5909819044022032 0.6675487864395032 -0.2952525495888454 0.34343112606981047
14.8596 1.5886424595562174 -0.12312004777905661 1.4115499564022622 -0.5904237967733986 0.6679996798048237 -0.2954508534045277 0.3433437944784698
14.864599 1.5873814773106465 -0.12359748340285172 1.4111413827560146 -0.5896062598282547 0.6685789267037094 -0.2957018281098511 0.3434051630240066
14.869599 1.586039143441276 -0.1241179453660274 1.4105758302682205 -0.5894448629443134 0.6686553082052364 -0.2961782710432153 0.3431228120066801
14.87459575 1.5848168576064765 -0.12441599726459074 1.4101901610726228 -0.589493299219979 0.6690752530221938 -0.2956967345732014 0.3426359542295254
14.8795965 1.5834611322837313 -0.12484341544073153 1.4096197390542222 -0.5890202714381501 0.6691701923227535 -0.2963571067148079 0.34269350568880796
14.8845945 1.5823608993048521 -0.1252032003950148 1.409353689078764 -0.5880398554679077 0.6696472640055983 -0.296849456835614 0.34301905219316886
14.88959475 1.5809675659096771 -0.12573043758600086 1.4085493320009501 -0.5885670877287589 0.6690748656446783 -0.29779836322512115 0.34240873567343744
14.89459425 1.57977542836924 -0.12583884174810409 1.4082128219345962 -0.5880215568350022 0.6696994259938291 -0.29765675697931704 0.34224813008317767
14.8995945 1.5785000108821545 -0.12615083632706392 1.4079028963511961 -0.5883385935748991 0.669631417573313 -0.2983063772089746 0.34126934996498276
14.9045925 1.5774234909930556 -0.12626815763696203 1.4073704633454631 -0.586707540890623 0.6705411074031206 -0.2984692177537141 0.3421476447356617
14.90959125 1.5763525797684002 -0.1265129044168353 1.4067940238912635 -0.5854865998852017 0.6708208385318811 -0.2999137981341652 0.34242744871722636
14.914592 1.5750871940884223 -0.12665522827221276 1.4063489805678413 -0.5856875738907993 0.6706045128515881 -0.3001704787908403 0.34228253942535763
14.91959325 1.5735632847771899 -0.12686264684245585 1.4057586923253411 -0.5856203667936196 0.6706593154603925 -0.2999760402999997 0.34246057266295193
14.92459425 1.5721916008944479 -0.1267706648482647 1.405198302591396 -0.586327646772468 0.671086655666294 -0.2993396191603636 0.3409668365366599
14.92959225 1.5711064009300133 -0.12685839743062197 1.4047478683297303 -0.5855220770095502 0.6712988719758801 -0.299766871230061 0.3415575277040064
14.9345915 1.5698514628302906 -0.12701527809448518 1.404279061097584 -0.5852685256364822 0.6713510963932637 -0.3001148973723958 0.3415838208200402
14.939592 1.5687134139388486 -0.12686362627640252 1.403935403904147 -0.5848676898223683 0.671668819266624 -0.3005271840628452 0.34128315848585605
14.94459325 1.5675871111410489 -0.12698167306825392 1.4036192754937715 -0.5851058133685578 0.6712095760248165 -0.3016959956729846 0.3407468538516401
14.9495915 1.5662252276383593 -0.126842706159213 1.4026443091917187 -0.5836292797629318 0.6719127245655672 -0.30172144794058453 0.34186886699861263
14.95458975 1.5650714451800758 -0.1266406853754235 1.4024316173175297 -0.5836956025355333 0.6724196866194742 -0.3011479081574103 0.34126404152747297
14.95959075 1.5638349530315059 -0.12650403728690243 1.4017279979512811 -0.5843496178286537 0.6721836204235289 -0.30108570458556616 0.3406642086748137
14.9645895 1.562650971625624 -0.12649108541662032 1.401224489054934 -0.5839195204647382 0.6721011561669934 -0.30174264208520374 0.3409830016975353
14.9695875 1.561505296011883 -0.12623770983180896 1.400868749070819 -0.5840140050509602 0.6725461211281747 -0.30122327233384166 0.34040255149495535
14.97458675 1.5604185068172234 -0.12589466196787125 1.4003639156226093 -0.5836957106315911 0.6726826703505976 -0.3010007342092522 0.34087519769816355
14.9795885 1.5593928692136416 -0.12567906769653853 1.399861129659671 -0.5828896288287799 0.6726842413101242 -0.3017497587357229 0.3415884588211417
14.98458775 1.5582314602910532 -0.12521476264807013 1.3995469251676644 -0.5828746377569995 0.6729823662246108 -0.3014999643626407 0.34124721669150143
14.9895865 1.5570649262687541 -0.12488837843396446 1.3989984471024948 -0.5824819838136558 0.673048691150066 -0.30181205085054325 0.3415108839189174
14.9945865 1.5561587857837202 -0.12483315757791327 1.3982173160271971 -0.5822786398605176 0.6725039824743608 -0.30318652350944886 0.3417132000385187
14.9995865 1.5547679200297362 -0.12423646826125326 1.3978474628129554 -0.5827409741365102 0.6726531373276564 -0.30216866039684787 0.34153303585402456
15.00458675 1.55369499122865 -0.1236644786194235 1.3974096350574454 -0.5824528704259953 0.672888811051612 -0.30195506857951976 0.3417490866896415
15.00958625 1.5526102104133954 -0.12307851590415335 1.3969897005417913 -0.5823254962552976 0.6729185504871827 -0.3018850211463004 0.3419694062759825
15.01458625 1.5514404473425039 -0.12249413592661851 1.3965091019943179 -0.5829773573773933 0.6725767417042058 -0.3015537388531315 0.34182344841675555
15.01958575 1.5508623042390188 -0.1218270181396317 1.396211173299517 -0.5820368867329788 0.6722682527805587 -0.30294691851572453 0.34279968399545424
15.02458575 1.5494672359296928 -0.12117741949671787 1.3957131137122265 -0.582483594629513 0.6726147912393786 -0.30188703437562553 0.342295812228806
15.02958325 1.5483792328113344 -0.120613029807411 1.3952853150219438 -0.5830801870150785 0.672174592987681 -0.3016700155030812 0.3423361123204465
15.0345825 1.5470589638476566 -0.11991421632173455 1.394640193478605 -0.5827003682646874 0.6722468557083776 -0.30198227688191653 0.34256554155900004
15.03958075 1.5462579122782447 -0.11905680605217936 1.3941873800092337 -0.5821348547745219 0.6722750825962183 -0.3022113994924453 0.34326883661892743
15.0445785 1.545314129697659 -0.11826331174710956 1.394011920596002 -0.5829477047085206 0.6718744257955404 -0.3017903715548999 0.34304416796345016
15.04958025 1.5443038239869706 -0.1175147118973643 1.3937038332575573 -0.5824759964038337 0.6725987282087982 -0.3016599364457683 0.3425404314366454
15.0545805 1.5433124461343493 -0.11692304318495834 1.3934307554700185 -0.5836333290118664 0.6713701512046949 -0.3022446111548803 0.34246525716595927
15.0595795 1.54223118506842 -0.11598088306812546 1.3930082306456995 -0.5842691107374672 0.6709559231855929 -0.3021579041034921 0.3422694207316842
15.064579 1.5414314483050071 -0.11492281458179276 1.3924185146742891 -0.5833245225222723 0.6710773151495819 -0.30182131263985146 0.34393550812928425
15.06958325 1.540588106648065 -0.1138431108174904 1.3922136604758155 -0.5828481739398976 0.6715341817118063 -0.3015029988183624 0.3441304848907113
15.07458425 1.539570840860424 -0.11279607718301884 1.3917535664625134 -0.5832260525360824 0.6714208775824345 -0.3011372522849802 0.34403158586947324
15.07958325 1.5385940614352618 -0.1117464858222783 1.3913569566974195 -0.5834120426564355 0.6711564550273591 -0.30134713709587163 0.3440484040402976
15.0845835 1.5377422644639072 -0.11071886279883744 1.3911091049177553 -0.5836207739641623 0.671131881439244 -0.30095625698300965 0.3440844682575334
15.0895845 1.536876727435338 -0.10957397316766702 1.3908420224755869 -0.5835656305444347 0.670938311114245 -0.3009961343780361 0.3445203399161219
15.09458225 1.535839572490581 -0.10855104881932576 1.390578917972526 -0.5847384217244147 0.6702799012749823 -0.3011543398363343 0.3436741126471153
15.09958425 1.5350733863981263 -0.1073364095473752 1.3903104091112406 -0.5849248625536839 0.670017285719183 -0.3009345700891647 0.3440612249721008
15.1045835 1.5344811859948626 -0.10609526237823663 1.3897972305148605 -0.5839645645048287 0.6699148310032076 -0.30175942100333714 0.34516772508500904
15.10958375 1.5333793506689704 -0.10474608067800298 1.3896753155385584 -0.5849064840265097 0.6696867962528634 -0.30071583144085084 0.34492606249623975
15.1145835 1.5326386264009666 -0.10323776553065962 1.3895555814762883 -0.5847951845802838 0.6697079452949819 -0.3004757302609461 0.3452827763220121
15.11958375 1.531880703627597 -0.10207697819871638 1.389240813661934 -0.5847322512049181 0.6694241032468914 -0.3007362560248674 0.3457126967657813
15.12458375 1.5309160205414938 -0.1005728322580654 1.389006037633642 -0.585820553221328 0.6689496651917634 -0.2998112011664024 0.3455920550568892
15.1295845 1.5300531263487767 -0.09927406788002248 1.3887142707293032 -0.5862141883262274 0.6688274887126964 -0.29984663730040184 0.34512998978201165
15.13458375 1.5293993842134792 -0.09818751719477374 1.3887176795594858 -0.5860333127776879 0.668488119707516 -0.3008963200036637 0.3451811042524945
15.13958725 1.5287451281009758 -0.0966319728904459 1.388662529120751 -0.5868331336888567 0.6678063128342024 -0.30049157203450555 0.3454944527484272
15.1445865 1.5278308638744236 -0.09516798579423902 1.3882765006279054 -0.5872620443694971 0.6678060888818698 -0.29967896214914796 0.3454719070206266
15.14958475 1.526933642576483 -0.09378531948696289 1.3879707323569097 -0.588099026954776 0.6669344795365216 -0.30001898499097035 0.3454367426102538
15.15458675 1.5264838836708625 -0.09234189617102682 1.388123259172394 -0.5874624439441527 0.6671267602847959 -0.3002292346681565 0.34596556088380903
15.15958825 1.5257814067261286 -0.09061718215372006 1.3879317429341407 -0.5884581260571482 0.6666523383948062 -0.2994360053618303 0.34587537102690097
15.16458925 1.52529211942561 -0.0891966328046963 1.388071282863815 -0.5877618077599278 0.6666028555566181 -0.3001719179867697 0.34651624774992623
15.16958975 1.5248534828760067 -0.0875509726335064 1.3880478420360072 -0.5886685995559248 0.6655118579143035 -0.30020995832663394 0.34704067167097113
15.17458925 1.5241382492351039 -0.08576230422897421 1.3878965648943191 -0.5898005422582859 0.6648441042229646 -0.299718596714706 0.34682329825887276
15.1795885 1.5235289579450981 -0.084407467241226 1.3878236558995503 -0.5896079735198614 0.6645982059392996 -0.3004122392758372 0.3470218274364652
15.18458725 1.5228586105227295 -0.0826926929181184 1.3877018460043729 -0.5902765684855152 0.6641534895135498 -0.3000551919237057 0.3470455256354245
15.18959025 1.5224539172197895 -0.08100236061400322 1.3878424691649625 -0.5890166967351337 0.6650513159566096 -0.2995401335769402 0.3479106012876327
15.1945895 1.5219756384422882 -0.07935071949938026 1.3880125382916995 -0.5904172698268887 0.6638597014957089 -0.2996035426829037 0.3477577625762574
15.199592 1.5215661530296418 -0.077674756931514 1.387878323152402 -0.5907272811797232 0.6632230959447442 -0.2999689215488629 0.34813079493244076
15.20459525 1.5213660099785942 -0.07605984526862393 1.3878856085986568 -0.5912888744439327 0.6621736210818978 -0.3003644686705934 0.3488334107598442
15.20959375 1.52062829933926 -0.07419675645289958 1.3880885591338825 -0.5913973745264609 0.6627598055421995 -0.29926094468127623 0.3484845370304756
15.21459575 1.520309080989874 -0.07248451566193292 1.388132945684235 -0.5919649193319204 0.6618376868391179 -0.2995153660844525 0.34905437404377987
15.21959825 1.5201927006780944 -0.07089795256427406 1.3879613178585086 -0.5907606314008028 0.6616895745841532 -0.30161813448612346 0.34956442070479327
15.22459675 1.5199513504199078 -0.0690889360923243 1.3881856257635317 -0.5913642503499978 0.6609891373297501 -0.30166878598959374 0.3498251381756645
15.2296005 1.519287502591244 -0.0672457615435525 1.3883591912325095 -0.5928235421291052 0.660723831460023 -0.29926382505956844 0.3499220333860161
15.23459975 1.519168914010222 -0.06575896833246822 1.3881157525838834 -0.5923109202673428 0.6599381021166938 -0.30146483840988214 0.35038325631966694
15.23960025 1.5188096699428488 -0.06400751751346641 1.3881126903160002 -0.5936707211647498 0.6590959625943021 -0.3012302514920864 0.3498684360007778
15.24460025 1.5186164983178916 -0.06217575995302865 1.3881559401144383 -0.5919240346027573 0.6600054086258512 -0.30187906690949123 0.3505536004751225
15.24960175 1.5184409203680589 -0.06023172629474126 1.3886548626394735 -0.5926376583198627 0.660238443326662 -0.30051837189853026 0.3500778656901811
15.254604 1.5182058444681998 -0.05838069396770075 1.3888433278842718 -0.5932851024530649 0.6597865378427129 -0.30022230313601117 0.3500872468235477
15.2596025 1.5182595833259547 -0.056452355662562806 1.3890691938835427 -0.5942185786844781 0.6587944750862673 -0.3003162612793458 0.3502916835341708
15.26460225 1.5180431496408668 -0.054803920556039755 1.3889686747817758 -0.5933450287096131 0.6592778446295174 -0.3004417733021891 0.3507551016610909
15.269603 1.5180543846583072 -0.052898094383145335 1.3891238707706262 -0.5957838585702169 0.6574774281088042 -0.30030848695776385 0.3501140357879907
15.27460325 1.5180910549579718 -0.05097131878897804 1.3895276123696978 -0.5960123796632529 0.6573760012380565 -0.2996120419551548 0.35051199779732445
15.27960425 1.5181066569405564 -0.0491980515126957 1.3897831482530272 -0.5960608565325451 0.6573416356894083 -0.3000566446241443 0.35011346634450097
15.28460575 1.5179117182628787 -0.04746289972064109 1.3897802367004983 -0.5969368930840505 0.6564821047052282 -0.2998017816340197 0.35045182779666384
15.289605 1.5182206461136771 -0.04540785634941842 1.3903952139404194 -0.5970990202616293 0.6563591555478426 -0.2992232119908996 0.3509001116229156
15.294604 1.5184176691416007 -0.0436512362594251 1.3905268775965702 -0.5970889451135214 0.6560453548753875 -0.29939401733122106 0.3513580885022027
15.29960475 1.5183380921190275 -0.04180070432675344 1.3909597937323828 -0.5978950862149163 0.6558422829283982 -0.2984214758661095 0.35119366245024675
15.304603 1.5184023919335345 -0.03992666684937517 1.3911847607845507 -0.5986928495735139 0.6550439672428747 -0.2983191365492111 0.3514113908466753
15.30960175 1.5185749261826333 -0.038162496010950855 1.391452666618395 -0.5990964618335052 0.6549966621726249 -0.2979559034566235 0.35111975386845284
15.3145995 1.5187823013045298 -0.03642618050302034 1.3917323295456507 -0.5996988403026347 0.6545981521539478 -0.29752337422503566 0.35120136948204184
15.31959925 1.5188482120506612 -0.03428999520130432 1.3923516011239059 -0.6009949535720761 0.6543328586083679 -0.2958396113730271 0.3509024084684458
15.3245995 1.5194076672332297 -0.032609594945695916 1.3925296575575858 -0.6008834462737991 0.6537567472781731 -0.29680070247092105 0.3513552936774298
15.32959675 1.5198396302283224 -0.03082364047434412 1.3929883519229467 -0.6010575452920814 0.6534603197461037 -0.29644387854888277 0.3519097393305174
15.33459475 1.5201720447409914 -0.02886319862485879 1.39342852764195 -0.6017103018798308 0.653036424156434 -0.2959926369935142 0.3519609355912763
15.33959725 1.5202985618350362 -0.02721424673849222 1.3934772451203437 -0.6024723535973832 0.6524025883259557 -0.2959782044001899 0.3518448925541807
15.34459625 1.52078099802164 -0.025342397690257198 1.3940231174147586 -0.6016640457384693 0.6531275853620065 -0.2952218702568201 0.35251777349075214
15.34959675 1.5213478723411502 -0.023345248971727448 1.3946160326099466 -0.6033802415472729 0.6516652351990231 -0.2947163451028581 0.3527137384233419
15.35459875 1.521612387295598 -0.021713234868343666 1.3948277648408436 -0.6038806226879396 0.6511238068224476 -0.2947904309377034 0.3527953848318216
15.359598 1.5215442784583344 -0.01985247011042278 1.3951754772342733 -0.6047794019038356 0.6516853558767793 -0.2927963677946359 0.35187832978866823
15.3645975 1.522634281695675 -0.01783134813409398 1.396122713093446 -0.6052414681666093 0.6506559261282542 -0.29277309371940935 0.35300643988414304
15.36959725 1.5231236848222935 -0.016271464772394127 1.3962885284137485 -0.6062866777595355 0.6495392206904997 -0.29287138207340574 0.3531877952569947
15.374596 1.5238359025090993 -0.014505126657559566 1.3968897553941166 -0.6059026266473034 0.649693705746027 -0.2926572726346587 0.3537397581696695
15.37959575 1.5241680936081519 -0.012820260257632388 1.3971063603931353 -0.6077161569973565 0.6484822082547681 -0.2922079211491321 0.3532229167524193
15.3845975 1.524779892137557 -0.010925666281193465 1.397998373745443 -0.6076796849496997 0.6492463917495828 -0.2905282969335308 0.35326736614140186
15.38959825 1.5253674917640596 -0.009272250760378468 1.3986152181862952 -0.6078626299979701 0.6490481799121497 -0.28985526247212623 0.3538691990296574
15.39459975 1.5262446447929257 -0.007825270952231008 1.3988115109809065 -0.608185227790001 0.6479487190694132 -0.2909582599944783 0.35442414857810817
15.39959975 1.5266496040524757 -0.006017782409835769 1.3992823104578285 -0.6081969123243532 0.6486161146151539 -0.28904193859971766 0.35475119369944574
15.404598 1.5275393802049297 -0.00425545777210861 1.4001892829888911 -0.6099931689647085 0.647290897072567 -0.2885386766879805 0.35449719383731826
15.4096005 1.5283484146711168 -0.0029649831188059 1.4003380668868344 -0.609597864813101 0.6469686805091972 -0.2894049661164957 0.35505877716598777
15.414601 1.529157542572041 -0.001130257459609759 1.4014382446686244 -0.6100697988488333 0.6467352300694089 -0.2880997143552017 0.3557343634062696
15.41960175 1.5297929950584994 0.00043716404091578495 1.4018897607966894 -0.6112539583172933 0.6467685239999372 -0.28695629396415095 0.3545633373020157
15.4245995 1.530832392468562 0.0018015939800600199 1.402392792405075 -0.6118175271218588 0.6459947651758248 -0.2869721644606664 0.35498880784707126
15.4295995 1.531684703314526 0.00347545316002772 1.4030230803096422 -0.6122526791232721 0.6459918912428414 -0.28629578042649 0.354789880725
15.43460225 1.5325022541815312 0.004966186087147929 1.4035947988595046 -0.6128394572520317 0.6451966107594139 -0.2857555830072588 0.3556583752420043
15.43960225 1.5336096426278885 0.006466652546846176 1.4043284220642684 -0.6132279075765731 0.6448477613997072 -0.28542990005191493 0.35588294444016016
15.44460275 1.534606094137626 0.007683352152187392 1.4047396727945352 -0.6132407920477452 0.644395981969246 -0.28610924810228383 0.3561334687176862
15.44960375 1.5356293837144845 0.009118414102024384 1.4053894047846316 -0.6137395283009831 0.6435400853604716 -0.28589032690400584 0.3569967379652708
15.4546055 1.5365389001505885 0.010478009842972508 1.4060208657352822 -0.6142093603501001 0.6436274066345845 -0.2851053645630072 0.3566588764976345
15.459605 1.5373704074308787 0.011795834633613767 1.4065984157406772 -0.6159495250697807 0.6427034686539548 -0.2840340311889117 0.35617847081633547
15.46460475 1.538687791898504 0.01330079288524413 1.4075534506132186 -0.6151423676297779 0.6429959398162407 -0.2831712078273666 0.3577291656885844
15.4696075 1.5398946471633608 0.014561173382988585 1.408189010180723 -0.6154379623362178 0.6423795884541514 -0.2833591007942887 0.35817900392118335
15.47460575 1.5408707380668658 0.015745784056619073 1.408688283874318 -0.6157655824200622 0.6424491555630508 -0.28255555701038193 0.35812593766126066
15.4796065 1.5420716860812325 0.016833729288544676 1.409446202866738 -0.6167515740580592 0.641506433128019 -0.28230578000606926 0.35831611564013927
15.4846055 1.5430272252801351 0.01806906219631871 1.410229703265131 -0.6175039010608889 0.6413913141821767 -0.2810424125714101 0.35821959271135023
15.48960575 1.5441106783826204 0.01939365407002224 1.4106011949574722 -0.6163449207839075 0.6423490758698603 -0.2798005157254981 0.3594694350744728
15.4946055 1.5453767769361701 0.020174620933061972 1.4111773943510877 -0.6172852022947829 0.6412591531456895 -0.2803218506022117 0.3593957952031624
15.499605 1.5464604977807146 0.021520291699578822 1.4116335576226346 -0.6170523168885663 0.641321668670611 -0.278853386533319 0.3608237025680197
15.50460875 1.5477748813384578 0.02257571969252562 1.4121324411129206 -0.6179833014904665 0.640457892881394 -0.27850748298496 0.3610317277556782
15.5096075 1.5491457019025259 0.023643166730218816 1.4129716466938462 -0.6182224807269947 0.6403637789964111 -0.27769126486609574 0.3614177033437408
15.51460825 1.550120561056876 0.024478759335406674 1.413790255397071 -0.62048662539636 0.6387835400504307 -0.2779011484958374 0.3601706377948813
15.5196105 1.551458088759348 0.025351378271228672 1.4143918044095527 -0.620755687680725 0.6384370151664621 -0.2773596048419699 0.36073841419964586
15.52461025 1.5529617987706 0.02675432040420412 1.4150059027067516 -0.6194725655316439 0.6393988591359063 -0.27581958137103124 0.3624174361446392
15.52961075 1.55393989604574 0.027474688614313895 1.4154171694166475 -0.6196798234983139 0.6392677599075396 -0.27571509273823636 0.36237388858503683
15.53460725 1.55490980154593 0.028007112416604696 1.4160749340163115 -0.6203854706600039 0.6397101115728827 -0.27575072795171723 0.3603531281666266
15.53960775 1.5568478965243806 0.02901930817743048 1.417051589921256 -0.6219666195716582 0.6372384123725972 -0.27533702808166144 0.36231788653420666
15.544609 1.557872048324534 0.03011319364525602 1.4172354551857818 -0.6216708537812894 0.6376455567742314 -0.2739651234797423 0.3631481854582957
15.54961025 1.559186468369516 0.0305865700711438 1.4182356478601679 -0.6235258305873884 0.6360587506651052 -0.27480584064807395 0.3621140072385466
15.55461375 1.5609123271259544 0.03149065549995405 1.41915506473815 -0.6226841249936877 0.6364043835622132 -0.2742633475839073 0.36336422118270495
15.5596165 1.5620942135241995 0.03278939781354109 1.419521604787296 -0.6218032630491426 0.6369490698255128 -0.27190416252569505 0.36568389479310304
15.56461525 1.5630436000556136 0.03274496440356498 1.4200620409852462 -0.6222132922351264 0.6367689392218753 -0.27353719402197085 0.3640787558959729
15.569616 1.564602976424753 0.03344435609185017 1.420943589192522 -0.6234320279148906 0.6355306632909803 -0.27285763056020607 0.36466696591811515
15.57461675 1.5661950273448149 0.034281369442214396 1.421822710773452 -0.62413495813079 0.6347107796920242 -0.27231118716833286 0.3653004209206348
15.5796165 1.5674053710254048 0.03490906006521558 1.42246408575768 -0.6241688898300525 0.6344616768022769 -0.2719190940948208 0.3659666431578363
15.584615 1.568419118559881 0.03543142082956189 1.4229661120923258 -0.6243132245117008 0.6345948079511474 -0.27086892607175805 0.366268279147924
15.58961475 1.5700285637338591 0.0359702781418087 1.4235944238588294 -0.6250409477099521 0.6336961916723186 -0.2704764394471189 0.3668725201617774
15.5946155 1.5711451429709102 0.03631070509972145 1.4240748850318063 -0.6239260685408643 0.6345509995725361 -0.2703835248260057 0.3673609116921681
15.59961725 1.5726374739626305 0.03687572835186079 1.4247245904272012 -0.6255786043553216 0.6322955169718548 -0.2703791400322064 0.36844118882881105
15.604618 1.5741133337116349 0.03744213801526723 1.4254023480337945 -0.625521545268291 0.6326437092323139 -0.2694738840600122 0.36860352600532703
15.60961675 1.5751975040701747 0.03788192685999794 1.4259839077033707 -0.6256842182898015 0.6325552901171877 -0.26886785205007785 0.3689215933797017
15.61461675 1.5768773314419957 0.03850466453222658 1.42680352243906 -0.6261746062415918 0.6317428915632538 -0.2684286567377201 0.3698004025139363
15.619618 1.5779237682691567 0.03875371042443943 1.4270626557139943 -0.6273671956632131 0.630778341425456 -0.26818460833251295 0.3696026266786575
15.62461775 1.5795671349515126 0.03923804743417293 1.4279498894334335 -0.626404704302765 0.6310135253612247 -0.26777427385929464 0.37112803113978343
15.629618 1.5809414049461716 0.03953164323039555 1.4285587629341248 -0.626606122998108 0.6306262378821712 -0.26758414942089237 0.37158315044489953
15.63461775 1.5819167167576857 0.03959043451465808 1.4289204323194533 -0.6265016150964339 0.6307888024691674 -0.2671101604100069 0.37182438753639296
15.63961825 1.5831335212758193 0.03974655578964719 1.4293142272341828 -0.6269956003017981 0.6300929236972442 -0.26700824562817194 0.3722445721235062
15.6446185 1.584850608174539 0.04021569309326684 1.430265768474937 -0.6271463453457645 0.6297405986823935 -0.2664362318799343 0.37299594398895786
15.649619 1.5858455942575536 0.040105314402936985 1.4302756085809003 -0.6278320904727925 0.629017923315742 -0.26661947648657447 0.3729307885897053
15.654616 1.587182441973509 0.040322911905300185 1.431144045181548 -0.6269354954188469 0.6297626663842887 -0.2658444414817256 0.37373466730522303
15.65961575 1.58840214848686 0.04028608736746675 1.431587912651148 -0.6265941892046861 0.630086389902648 -0.2656163313981973 0.3739235587776375
15.66461775 1.5896406931282745 0.04040342919584708 1.4320413452125362 -0.6258056659389055 0.6306190957622677 -0.2653050459785639 0.37456649225078187
15.66961725 1.591139060058328 0.0405226605796796 1.4327003490934433 -0.6269502660593704 0.6291024417992421 -0.26530815228439997 0.3752000345705653
15.674616 1.5924252597021717 0.04055987872388809 1.4332173707966884 -0.6268472623393249 0.6290048218906726 -0.26518576805494404 0.37562208688665555
15.67961525 1.5940513344782925 0.040814954947166394 1.433944599384885 -0.6269778144737558 0.6283927936578974 -0.26506113401986914 0.3765154874220141
15.684613 1.5945054400495045 0.04033833227854466 1.4337295934757208 -0.6265191548152689 0.6293461247935159 -0.26519923553652275 0.3755882976448936
15.68961075 1.5958961334691955 0.040386478653136076 1.4346398669048137 -0.6259543772899326 0.6296985209562845 -0.2641606492229644 0.3766696718069326
15.69460975 1.5974002485864804 0.040600575953879524 1.4355093247498898 -0.6258842060016535 0.6300068156027447 -0.26345629711528934 0.37676405412680924
15.69960925 1.598615130147959 0.04021275484223955 1.4356496102638 -0.625903133058266 0.628893239916282 -0.2646471284256981 0.37775714186694126
15.70460625 1.5995533461622868 0.03987741109965313 1.4359309518100254 -0.6257781643600067 0.628702315874321 -0.26466028650487955 0.378272414764335
15.70960475 1.6008049222237264 0.03973806481158261 1.4366635863372583 -0.625271196883754 0.6290881209238751 -0.26417321006406236 0.37880942641976906
15.71460325 1.6022307981146484 0.03972968047353091 1.4372720798047134 -0.6255232922176105 0.6287283315767817 -0.26394483386275136 0.3791496019292159
15.71960175 1.60313754562487 0.03929564869245561 1.4376038424882975 -0.6253386096875817 0.6287124697545904 -0.26399317519057663 0.3794467776406635
15.724601 1.6043627206425786 0.038995120528729145 1.4381331571203593 -0.6250798739195438 0.6284506956715149 -0.2642155010729954 0.3801513426563979
15.7296 1.6056232520676978 0.03890310957233318 1.4389473463420357 -0.6253201670907247 0.62821591311918 -0.26361934806073567 0.38055787268363744
15.7345975 1.606630576775468 0.03844445657670461 1.4392403993494702 -0.6251338699435893 0.6279153820446638 -0.26395277525807437 0.381128390538695
15.7395975 1.6076190607722225 0.03795407590347023 1.4397953539984365 -0.6248492323709579 0.6284340912040285 -0.26383988324907204 0.3808182582612176
15.7445965 1.60892503044592 0.037691236639529044 1.4404137841719105 -0.6258930440528737 0.6266057353840975 -0.2635224243033654 0.38233373076313687
15.74959525 1.6102670904240461 0.03736279861269388 1.4411577501134458 -0.6258993108509479 0.626208140146423 -0.26367599178412304 0.3828686318403813
15.75459375 1.611063508518529 0.03678600494399391 1.4414100442361613 0.6263915106594704 -0.6257004484224832 0.2636218158855803 -0.38293101520618456
15.75959475 1.6123068327761008 0.03625304098438147 1.4419612317701287 0.6259465611507479 -0.6257215941691593 0.2638590411750812 -0.38346029203051246
15.7645935 1.6132606908499258 0.03599528494441308 1.4427406551055328 -0.6251016496080589 0.6267850589505592 -0.26271970545056156 0.3838838026038577
15.769593 1.6141063442457355 0.03495149460482908 1.442946833290955 -0.624558996210633 0.6262125149310546 -0.26425161476818687 0.38464923045353416
15.7745925 1.6147256485233847 0.03451977853712328 1.4435650909848265 -0.6247375509202273 0.6264952350996937 -0.2630264459191243 0.38473861466550185
15.779592 1.615911072726387 0.0340580183579219 1.4443035949476062 -0.6248446994406796 0.6259248341044505 -0.26303052293538587 0.3854894909547347
15.784589 1.6168185656285363 0.03327164654739003 1.4444749556829461 -0.6246776773153297 0.6252751632485197 -0.26377053125230693 0.38630800733525783
15.789588 1.6177101082339107 0.03262327039043951 1.4449346145074178 -0.6238912303233035 0.6250949810112139 -0.2642880743278069 0.3875149174010781
15.7945895 1.6183422012758542 0.03171791228666872 1.4452611084529445 -0.6244447328935921 0.6247914830400483 -0.2648074005698193 0.38675757120646326
15.79959025 1.6191898905412956 0.03126289458254095 1.4461522022003657 -0.6227736435282937 0.6261608583797594 -0.263907010734232 0.38785133497893093
15.8045895 1.6200265531912994 0.030618173288589776 1.4467257797351978 -0.622898263595714 0.6255109419960299 -0.2639461865237372 0.3886723881011619
15.8095875 1.6204237395231105 0.029379378153432827 1.446869080546836 -0.6207259498218434 0.6270190769067898 -0.26491163398762335 0.38906066183917265
15.81458675 1.621399589502852 0.028739754093039964 1.4476137077302136 -0.6219101968721835 0.6254952010786017 -0.2651968864039406 0.3894278776560521
15.819586 1.6221485274840777 0.028023239233047427 1.4480761739822334 -0.6217572436700056 0.6249415590771313 -0.26565413357608547 0.3902484580316249
15.82458625 1.6227590686976345 0.027237514522871792 1.448540825017174 -0.6212943640530878 0.6249135422479155 -0.265827202064126 0.39091210847681623
15.82958825 1.6233727946048961 0.026549242152713204 1.4490041778291567 -0.6213363639175344 0.6245098106447472 -0.26575085887738253 0.3915419521432316
15.83458725 1.6239541597240494 0.025757621015511142 1.449513288862877 -0.6210044097100955 0.6242938504095565 -0.2659398848133733 0.3922839394200024
15.8395885 1.6247279304369968 0.02480535658284911 1.4499701562631175 -0.6199221457321988 0.6241732641581441 -0.26760495653234384 0.393054521383836
15.844589 1.6250418999736527 0.02392413880549707 1.450435577406508 -0.6202430081303227 0.6239807272789654 -0.26700191620886976 0.39326408377914907
15.849589 1.6254355000841931 0.02320618335354075 1.4510164827806906 -0.619662991910137 0.6245579468527184 -0.26662652362742634 0.3935167650538513
15.85458725 1.6253683424635945 0.022084940078167865 1.4509567554189367 -0.6182551064782639 0.6254623691010213 -0.2670677524281404 0.39399525855658474
15.8595885 1.625802112232576 0.02093212286653632 1.451353102611688 -0.6175716279161795 0.6251270007913357 -0.26832759591308325 0.3947427245005212
15.864586 1.6262560030500568 0.01995837261702381 1.4519975665180365 -0.6173728444767584 0.6251301635792239 -0.2684760690746238 0.3949476545319984
15.869586 1.6266180469132763 0.018979724555823287 1.4524039468569854 -0.6167669492229126 0.6249960355982219 -0.26910265789748483 0.39567947298953554
15.874586 1.6269375824425052 0.01802626941384764 1.4528072865790618 -0.6163821428443418 0.6249446982918324 -0.2697702354138144 0.3959055419469691
15.8795855 1.6270870122418315 0.017318292981846894 1.4533150440019615 -0.6158758809786504 0.62488073553965 -0.2688137290633753 0.39744200161437343
15.884584 1.6274932475289483 0.01618697913584547 1.4539318497543734 -0.6169126195454343 0.6232060564574573 -0.26999694046603495 0.397661518353631
15.88958375 1.6276104222011936 0.014885483978745916 1.4540823723797551 -0.6158343201761197 0.6230934565522177 -0.2714923018196662 0.39849035690677054
15.89458125 1.6278540348378214 0.013744246421115137 1.4542152107591668 -0.616368795697366 0.6220310231734509 -0.2730407578319932 0.39826581382651866
15.89958 1.6280233618965887 0.01271463835056065 1.4545658863136046 -0.6159250980847091 0.6218182117855304 -0.2734821525877913 0.39898107380818815
15.90458 1.6280529540444182 0.011698732007415412 1.454911210746777 -0.615761564475442 0.6216864636295923 -0.27356197776570956 0.39938387670936504
15.909577 1.6277842954032522 0.010541228055820591 1.4551506672270635 -0.615043814008451 0.6222548491037507 -0.27358887194581577 0.3995862094269801
15.91457675 1.627914760464118 0.009295528214929412 1.4553503916327621 -0.6144964761828915 0.6218687337360258 -0.27492970786404836 0.4001087533335777
15.91958 1.628039055389379 0.008173551797582196 1.4556930204930167 -0.6136625645147119 0.6219016645014958 -0.2755057456616965 0.40094034557635716
15.9245775 1.6284558397515885 0.007608322331682002 1.456532851629439 -0.6130271994499903 0.6225345297719237 -0.2746679515560568 0.40150458075114326
15.92957575 1.6282334090266632 0.005951889693023106 1.4564055758848302 -0.6113286261081989 0.6233193333216269 -0.2761153356255185 0.4018838651159706
15.9345745 1.6279138817908025 0.004721398744692067 1.456504627008516 -0.6110643974683198 0.6234287525488112 -0.27647908961770035 0.4018659050557541
15.939573 1.6278324106207842 0.0035879717317853707 1.4567509609473397 -0.6106517307688066 0.6232380085294961 -0.2771080406244602 0.4023555420949499
15.94457275 1.6276650616524841 0.0023573997161633886 1.4568096756597915 -0.6100591961938487 0.6226155625691591 -0.2784919788231082 0.4032615232292738
15.94957425 1.6274816325338946 0.0012253165280864328 1.4568445596831405 -0.6103706458910942 0.622083886406036 -0.27924411867021603 0.40309060407871716
15.954575 1.627652451877794 0.00010363162640252 1.4574967979791427 -0.6093848029494285 0.6221866013355711 -0.27941365424036174 0.4043043468438411
15.959574 1.6277487101329702 -0.0008103017296840001 1.4580353363163727 -0.6098862133395372 0.6204909401368832 -0.28019688714328794 0.4056100398432205
15.96457425 1.6269882476988426 -0.0022237063346583277 1.4579603781567139 -0.6081481769873721 0.622458464122856 -0.2804805968623003 0.40500850614835127
15.96957475 1.6268217076839373 -0.003400755211320078 1.4581478058757888 -0.6079970542813687 0.6217998867466386 -0.2809271000192515 0.4059365064906324
15.974574 1.6263789680650556 -0.0045766415483380965 1.4581747765894075 -0.6085099279449151 0.6204914540354681 -0.28133547088037775 0.4068861952511305
15.9795755 1.6260075655663744 -0.005543855037362745 1.458312649048453 -0.6076719054747227 0.6213972447957526 -0.28048470960893745 0.40734340197498864
15.9845745 1.6255362276909444 -0.007055294310322868 1.4582314592411938 -0.6082534055580238 0.6201690286869348 -0.28233581005099 0.4070683736762432
15.989573 1.625401692649556 -0.008263566207369434 1.4585888328097272 -0.6073154406007677 0.6202370155131124 -0.28345150367599553 0.40758955489450366
15.99457375 1.6252293831007323 -0.009369350861623174 1.4589399585718303 -0.6066011226952075 0.6203182667186625 -0.2837097461770403 0.40834924494141955
15.9995735 1.6249959534078704 -0.010912595464614892 1.4587778003866034 -0.6058997561420627 0.6196557163950295 -0.28539277022008863 0.40922273318091124
16.00457325 1.6242730350689507 -0.012065166386974406 1.4588074518563159 -0.6056602384321467 0.6196377568690523 -0.28553690150230093 0.4095038506840564
16.00957275 1.6239984163216659 -0.013120266108429077 1.4590859450892093 -0.6055154748504151 0.6193694325891903 -0.2860177079418069 0.4097882214443649
16.0145735 1.623461723095908 -0.014307466031728014 1.4592078141499605 -0.6050445946424109 0.6193480050434274 -0.2864671944569704 0.41020194251451314
16.01957425 1.623065771997281 -0.015626005149687844 1.4591239721327978 -0.6044373965261903 0.618706081884121 -0.2878458459994364 0.41109972860743776
16.0245765 1.6225528947986267 -0.017066015101748225 1.459021031560295 -0.6038042439532293 0.6184045524955556 -0.2886904747125292 0.4118908280686706
16.02957775 1.6219622176325494 -0.018294972993288243 1.4588697838258873 -0.6036513950701978 0.6181315244830841 -0.28926989849474266 0.41211811109785446
16.03457675 1.6213020163525487 -0.019458883158230654 1.4587618600225976 -0.6034224799890447 0.617641054455849 -0.2900533054614356 0.412637756979936
16.03957575 1.6207954044293658 -0.0204440512370637 1.4588644885832385 -0.6028295557577112 0.6175992745946578 -0.28984578463695226 0.4137113533048163
16.0445765 1.619949173129279 -0.02170480903068458 1.4590234595278557 -0.6020265689587186 0.6184176026761183 -0.2899663464656879 0.41357368978871994
16.0495775 1.6194176871059134 -0.022966219394057408 1.4588559822827794 -0.601855112279961 0.6175109598313936 -0.29107173877345277 0.41440062885809603
16.05457975 1.6183393974835492 -0.02436248212454019 1.4586161272822376 -0.6015989527037893 0.6177243751726791 -0.2907910465466796 0.4146514966468998
16.059581 1.6178195197734666 -0.025366727402841675 1.4585375829292282 -0.599363562497584 0.6191749276513846 -0.2914319299613073 0.4152747995209138
16.064581 1.6165067191987734 -0.02692815548219181 1.4577890493849066 -0.6000532270055504 0.6179373341357464 -0.2927475699072988 0.4151968643364296
16.06958 1.6160244623724596 -0.02810648808419563 1.4577442120724855 -0.600221679466251 0.6165877414803844 -0.2939141418211153 0.41613455731576615
16.07457975 1.615707107534657 -0.029191605977813104 1.458060799795492 -0.5994728236085336 0.6163066085390472 -0.29379323458548817 0.4177128599142071
16.07958025 1.6148802245527418 -0.030265362180984606 1.4578995671374335 -0.5991702965096015 0.6160665915081531 -0.29400805345142644 0.41834934577912963
16.084578 1.6139767028674763 -0.031490386188683266 1.457409187189732 -0.5989440636348028 0.6152786048669454 -0.2951677823149537 0.41901578408561957
16.08957775 1.6127848827906208 -0.03243808735596814 1.456672729569668 -0.5971942660031628 0.6165384643527485 -0.29456975814269387 0.4200809305529746
16.09457825 1.6124339848246518 -0.033978991489339236 1.4568996658190556 -0.5975101342093818 0.6154956549054286 -0.29579146479895296 0.4203024478416868
16.09958 1.611557108899543 -0.035043923515848986 1.4566762430682652 -0.5976518827686759 0.6148819319675886 -0.29589515158195456 0.4209257607145885
16.10458125 1.6107853947413113 -0.03577544383112554 1.456484860786352 -0.5973791031240424 0.6145317482317676 -0.2955411088796033 0.42207154669337354
16.10958175 1.6095757484571833 -0.03720564269716058 1.4557668014743694 -0.5957689591666134 0.6159626569735781 -0.2960582849026582 0.4218990927319906
16.11458025 1.6085519073930243 -0.03832492063330376 1.4553940583586882 -0.5962039085382298 0.6146782441052514 -0.29649286713394285 0.42285167069093726
16.11958 1.6079735425910566 -0.03933895638272725 1.4552187337330356 -0.5954386679611071 0.6142992638570103 -0.29722455272771997 0.42396553206274273
16.12457975 1.6071618109778987 -0.04036116813632523 1.4548340636114405 -0.5957940400459685 0.613346932146866 -0.29778495367382557 0.42445155676143786
16.129579 1.606278379179214 -0.041172145416923024 1.4544771730313137 -0.5952891934770892 0.6130819303408239 -0.2980924994000991 0.4253259745423122
16.13457925 1.6054488701252514 -0.042397256366672534 1.4536844663107502 -0.5949450037837984 0.6123749858771055 -0.2993260002191162 0.4259592289615716
16.13958125 1.60447673616686 -0.042804501159749236 1.4531104097729044 -0.5929747924150156 0.6135681473612862 -0.2979856544321476 0.42792472919504493
16.14458275 1.6033856978284078 -0.04431071912460995 1.4528761572699924 -0.59461302146623 0.6124286049388197 -0.2986491476136662 0.4268199212608549
16.149583 1.6025711204491166 -0.04489367577117619 1.452273655084928 -0.5947628801823757 0.6113216799804386 -0.298914764381931 0.42801037788534263
16.1545845 1.6015164144359224 -0.04586499028357379 1.4518345861284987 -0.5945129250145346 0.6115722231307976 -0.29864748945730435 0.4281862619542639
16.15958375 1.6005765035174497 -0.047143675713771996 1.451213321875194 -0.5938691871220111 0.611586599605332 -0.2996273346271352 0.42837446249101724
16.164583 1.5992476379910991 -0.04808486709925143 1.4504831143832149 -0.5935772463485854 0.611349917118369 -0.2998444932695347 0.42896458048716546
16.1695845 1.5983556404748513 -0.048830451094409706 1.4498482580923624 -0.5941182563954216 0.6107462614341479 -0.29964930278992974 0.42921183219872316
16.1745845 1.5976336544425183 -0.0497129876521816 1.4494562143849483 -0.5938712058683244 0.6102139389928548 -0.3001252979376587 0.42997760992539874
16.179584 1.5964030924756805 -0.050744799635738524 1.4484753193419106 -0.5927278072280501 0.6098351253150153 -0.30162612975705877 0.43104123273583106
16.18458225 1.5954365648979805 -0.05138683760455778 1.4478502427288467 -0.5919291073425108 0.610958956341158 -0.3008803189342104 0.43106857833211315
16.189584 1.5946391727547164 -0.052146097527915096 1.447256278845492 -0.5934712379895469 0.6092335038023154 -0.3009625547288458 0.431332781243201
16.19458375 1.5937968152465238 -0.05288862227893639 1.4464100107035953 -0.5928511720552326 0.608948719115627 -0.3019350213244204 0.4319076153276253
16.19958425 1.5924749039033677 -0.053736071989542944 1.4454174834851417 -0.5925865336485507 0.6089103440818201 -0.30240734785795786 0.4319944316424353
16.2045845 1.591222211132834 -0.054312507425656534 1.4448464428169299 -0.5927202950079493 0.6096807930732071 -0.3002694092754363 0.432215529911519
16.20958225 1.5905289264840134 -0.05521842233434373 1.444066020331043 -0.5932817050013259 0.6088467251511204 -0.3011821191519463 0.4319858966292979
16.214581 1.5895664000005345 -0.05587675033332934 1.4432478629082928 -0.5933808146577483 0.60855880316931 -0.3011593017186995 0.4322712885093682
16.21957925 1.5883073317223113 -0.05663035531665702 1.442380540730782 -0.5936871732401188 0.608740462849524 -0.3005249714332572 0.4320362609376026
16.224579 1.5874785526916868 -0.05736493255687381 1.4415504784089197 -0.5935337767504031 0.6084440331006661 -0.3011431686590506 0.4322340875157637
16.229579 1.5866124800441817 -0.05767309541718682 1.4408887245237878 -0.5926046367583179 0.6088727771645767 -0.3015743690213822 0.4326044216946857
16.23458 1.5851724650795664 -0.0586075167704965 1.4397483845244838 -0.5926959565048808 0.6088116701261416 -0.3018906283633775 0.4323446564574933
16.2395815 1.5845342551402455 -0.05925028754330841 1.4387145502717928 -0.5926353296192318 0.6078057321888173 -0.3030219154318242 0.4330511248958355
16.244581 1.5835959387193501 -0.05982949234223681 1.4377230986104617 -0.5923824755100999 0.6073189591274434 -0.3037393189509673 0.4335771104614348
16.24958125 1.582637884487057 -0.06042696825878629 1.4369225972367201 -0.5919788952541866 0.6079861914742987 -0.30293915532819404 0.4337529789168605
16.2545805 1.5816443909332472 -0.060900747098297674 1.4359650177280299 -0.5924645902762683 0.6073673296934816 -0.30320795933143724 0.43376902781071014
16.25958075 1.5805521832765685 -0.061552570520264235 1.4348172801826942 -0.5926780198412126 0.6069406227945315 -0.3035640910827971 0.43382564216970926
16.26457925 1.5795689700307898 -0.06197609272628928 1.4338115723627254 -0.5925870511101512 0.6072654222002712 -0.3036200382280227 0.43345607187224344
16.2695785 1.578629574845069 -0.06242296561087873 1.4328366980104557 -0.5923221558383797 0.6078923936849152 -0.30314586641285457 0.43327114498867547
16.274579 1.577654962524706 -0.06261130430915632 1.4317853499855553 -0.5904928495459614 0.6095160958884386 -0.3028005738219335 0.4337281821384379
16.27957775 1.5765699078662445 -0.06355276554134531 1.4306719010810725 -0.5908336938860008 0.6093249002093789 -0.3039870640881389 0.43270148719518814
16.28457875 1.5757662096075769 -0.0641678696031733 1.4293488632120823 -0.591334593165804 0.6078141077034132 -0.3052760318394356 0.4332342943333373
16.28957925 1.574585361274022 -0.06473670625331002 1.4282681393442873 -0.5907354949783408 0.609249647409179 -0.3041229433602803 0.43284602045804416
16.29457925 1.573893420798622 -0.06472365866006424 1.4272277762823604 -0.5895331631692459 0.6091527926221771 -0.3045743551888466 0.434301723373929
16.2995805 1.5728035894965569 -0.06532539472320145 1.4262066103538678 -0.5919335553888763 0.6075625213152374 -0.30475557543963067 0.43313564611587363
16.30458025 1.571707588024362 -0.06591384798283585 1.4248755001795883 -0.5916617758114062 0.6077300307863092 -0.30468842380971145 0.43331918619017873
16.30957975 1.5708721728886532 -0.06639462110768986 1.4238268047215086 -0.5910781666146205 0.608266623849855 -0.304914512313335 0.4332037112520148
16.31457975 1.5698637082462563 -0.0663375592602542 1.4227735299935262 -0.5898263018143222 0.6100046119885656 -0.30337548980900164 0.43354655946491827
16.3195795 1.5689242192137376 -0.06720071887568038 1.4215078394318044 -0.5916279623580736 0.6081373644026026 -0.30430425072799894 0.4330637633909829
16.32458075 1.567838455316307 -0.06775130929757127 1.420260717372467 -0.5913988260048992 0.6081184219483096 -0.3046633662071464 0.4331508360588197
16.329581 1.5667300679748282 -0.06807662481305499 1.4188963013956386 -0.5904079837196141 0.6095070825568272 -0.30395241081793833 0.4330501830402202
16.33457775 1.5658994976399951 -0.06852970698391721 1.417879187034377 -0.5914727158358988 0.6082217599583967 -0.3045136847956543 0.43301008407078617
16.33957725 1.564425871798091 -0.06875915623044625 1.4163746650814786 -0.5913886850267639 0.6095799388865005 -0.30301179549890883 0.43226794134885016
16.3445785 1.5639648204319658 -0.06913769443859298 1.415468586870995 -0.5924627436386666 0.6068956127341258 -0.30395452326133 0.43390927673096735
16.3495775 1.5622662547415114 -0.06950110610066373 1.4140017045671118 -0.5928072240328718 0.6079970052992304 -0.30270345401882764 0.4327699800201944
16.35457725 1.5618891184978856 -0.06967729611336015 1.4128297838781088 -0.5923932592989117 0.6069441975934277 -0.3036275008164331 0.4341650700975946
16.3595765 1.5608077464906622 -0.07013839175144515 1.4116769190281604 -0.5925903611229769 0.6070017082833746 -0.3032939273136555 0.4340488264007447
16.364575 1.5593320543098903 -0.07080749404447746 1.409905495845903 -0.5924091082002114 0.6071246733804025 -0.304125180721057 0.43354233235700773
16.369576 1.5583712127983604 -0.07093321519817077 1.408750292081449 -0.5927428764382389 0.6070465691737066 -0.30343541996242346 0.4336787880429275
16.3745745 1.5574869308063874 -0.07100511575512475 1.4075091729517402 -0.5933728420323169 0.6068366840287811 -0.3021375332956088 0.4340170736612664
16.3795725 1.5563110402696845 -0.07142911515739014 1.4059403728253297 -0.5942671310062978 0.6058952915663758 -0.30257318367712693 0.43380518805418605
16.384571 1.5553008590440964 -0.071780313838297 1.404906176514741 -0.59383107267606 0.6064343811413303 -0.30187043424674354 0.43413850257931996
16.389571 1.5542008385444062 -0.0720634460199801 1.4035475063521528 -0.5935464332610009 0.6063790825766471 -0.3015566482235626 0.43482252435771823
16.394571 1.5532073698034559 -0.07228574074766794 1.4022022411175212 -0.5940390596059081 0.606357396953393 -0.3013488020756484 0.4343238449705535
16.3995705 1.5521184279626086 -0.07259537350527505 1.4010055613483354 -0.5945576107730908 0.6062235930314183 -0.3004773585361773 0.4344048339176176
16.40457075 1.5507285294733055 -0.07302696753729232 1.39968471840283 -0.5945908685157804 0.6062394597161443 -0.300095861973352 0.4346008400672945
16.40957125 1.5500477615302932 -0.07340686275990871 1.3984297920736166 -0.5947530006199797 0.6056572625959266 -0.3002606402369711 0.4350766558238028
16.41457 1.5488556147506785 -0.0735738677059381 1.3971560617610834 -0.5953368327892178 0.6056763484649027 -0.2993121271310645 0.43490512412134474
16.41957125 1.547740544932819 -0.0737323729811225 1.3959489814784005 -0.5955414841244437 0.6052449214544953 -0.29903029717921303 0.4354191166098571
16.42457225 1.5462755346256247 -0.07420300318617953 1.3943506770569067 -0.5957246751697515 0.6057867489481412 -0.29834321141653036 0.4348860246023173
16.42957175 1.5453589367244083 -0.07459209167410821 1.3931228307790229 -0.5960308890128546 0.6050802755804154 -0.29821039977141994 0.4355405801004591
16.434572 1.5442595312214025 -0.07461104635755203 1.3919383923567217 -0.5963049275492529 0.6055929683249338 -0.2968891303292492 0.4353555264243444
16.439572 1.5431863861838115 -0.0750906913472188 1.3905639179390392 -0.5973443973720595 0.6043814093931862 -0.2970198824341651 0.43552493883463433
16.444573 1.5416058888064932 -0.07529220063792555 1.3890815661150913 -0.5976608930979288 0.6045615271432149 -0.2958121677484741 0.4356626885235856
16.4495725 1.5404525747190856 -0.07547733928161353 1.3878437281313851 -0.5975684762632544 0.6049417111987778 -0.2952429519524496 0.435647841209744
16.4545725 1.5395385124435088 -0.0757689882351993 1.3866328028391979 -0.5989012513129132 0.6036001892615105 -0.29470928414024494 0.43603960891281407
16.45957125 1.5381069114878638 -0.07594959692749695 1.385170041192543 -0.5986710560263965 0.6039712356169848 -0.29447166509771067 0.43600246751378996
16.46457225 1.5370560280445766 -0.07629313505256827 1.3838228375024397 -0.5982132101927172 0.6035522224873399 -0.29499859072542794 0.43685409618261345
16.4695715 1.5359406117015753 -0.07648393353188668 1.382632983601315 -0.5995776896349075 0.6026830606219536 -0.29394213108821987 0.4368955780306511
16.47457125 1.5346279443403672 -0.0765884322172725 1.38133102251729 -0.6000996368737471 0.6021777535581286 -0.2933708839769364 0.4372595377785072
16.4795705 1.5328649166844197 -0.0770197400529191 1.3798207395687199 -0.6005417744422588 0.6023963161872246 -0.29271857364570253 0.4367883835870985
16.484572 1.5323019135321638 -0.07701938961064739 1.3785782257792092 -0.6000961081157012 0.6014301980615234 -0.2939073462810657 0.43793247160502635
16.4895715 1.530843180875367 -0.07714788348513349 1.377306933773452 -0.6008625787214155 0.601369320677914 -0.29290300633953975 0.43763789885805665
16.49457175 1.529199295043791 -0.07771628671250813 1.3755422494151477 0.6013108904551643 -0.6004282213827953 0.2936235353920761 -0.43783145552937214
16.4995735 1.5283947768899324 -0.0774465198825056 1.374591130411904 0.6018931369516649 -0.5995113199177036 0.29265199294493255 -0.4389369430867904
16.504575 1.5269772338720535 -0.07758348671526663 1.3733968675538575 0.6019594191417188 -0.6002179658693299 0.2919317295731317 -0.43835957434814654
16.50957425 1.525046981212965 -0.07801820816947776 1.3720078510355602 0.6024736566067591 -0.5995669377498699 0.29158078738283905 -0.43877742043241935
16.51457625 1.5239898865055286 -0.0779801642004553 1.3708814731311947 0.6026507383548486 -0.5988136450610189 0.2916074664727381 -0.4395445273762863
16.51957475 1.5227897354411155 -0.07793746263594531 1.369443416835022 0.603241852807892 -0.598281380412908 0.2914877985956062 -0.43953784836122367
16.524576 1.5211169715861024 -0.07811379427303566 1.3678681487673305 0.6032794239422503 -0.5979534354028768 0.2911579817808782 -0.4401507189396487
16.529577 1.5198636001441643 -0.07820769438412939 1.3668536258459776 0.6043808491811175 -0.5966393405466621 0.2910653643780752 -0.4404840974593904
16.53457575 1.5183657656902634 -0.07829259274667866 1.3655393395587825 0.6048117260423115 -0.5961052134605719 0.290963977331325 -0.4406827820806962
16.53958 1.5167609356399854 -0.07827463733864658 1.3640859357834054 0.6042980888677864 -0.5955482634355125 0.2904249372776598 -0.44249230673194084
16.54458125 1.515557939013986 -0.078446255847783 1.3632431204524047 0.6051162516963775 -0.5941592877275624 0.29096602441363795 -0.4428858039911918
16.5495825 1.5134096597353515 -0.07871887913194422 1.3613337822822102 0.604616406187093 -0.5952752546337687 0.28998331303722025 -0.44271441217794505
16.554583 1.5123629072316187 -0.07880226430850737 1.3601972801034907 0.605020355624375 -0.593541208632627 0.29091864251028 -0.44387559785941294
16.55958325 1.5110001806890716 -0.07873674188249088 1.3592429144961822 0.6069097605128149 -0.5917068235856894 0.2904618973909535 -0.44404443885771044
16.564586 1.5093969365797073 -0.078914427763045 1.357886979355551 0.6077757206332417 -0.5907859110318203 0.2900442388085464 -0.4443591118330047
16.56958675 1.5078111327071269 -0.07911868006698342 1.3563353414649286 0.6074271697705637 -0.590606288939864 0.2900919695493054 -0.44504280029252197
16.574587 1.5059470584479968 -0.07914591980007472 1.3550906074487594 0.6077668634786101 -0.5903592832902015 0.289407449513979 -0.4453523149780024
16.57958575 1.5045371635389382 -0.07886777655796345 1.3540112371903186 0.6086584271088668 -0.5889350403409334 0.2886105225629395 -0.4465360048573134
16.58458425 1.5028652016941455 -0.07912996451474977 1.3528175602899224 0.6085562341836244 -0.5883701788793861 0.28929056636586176 -0.4469796535116602
16.589587 1.501530359803497 -0.07885793858838483 1.351262405561047 0.6081684960873626 -0.5873659685996385 0.2891855797576598 -0.44889196891687677
16.5945855 1.4996250829124225 -0.07868737657676708 1.3501982117896165 0.6085935974690556 -0.5875064934758756 0.28801834938752907 -0.44888237174056766
16.599586 1.4982770650358137 -0.0790118310589934 1.3490617760467558 0.6100652850956565 -0.5854473177670128 0.28946328836163454 -0.4486455067549827
16.6045845 1.4965540861660576 -0.07905146523242781 1.3477649342560891 0.6093124675300876 -0.585830867971977 0.28947303822874443 -0.4491612975115021
16.6095835 1.4943608185553674 -0.07902207127268901 1.3462071803510784 0.6118557953402284 -0.5847220174400796 0.2878625297203474 -0.4481827886168565
16.61458275 1.4928120270629859 -0.07899607956842174 1.3450296958538301 0.6121481913635772 -0.5837129296553482 0.2883862029363074 -0.4487618583608131
16.61958275 1.4910228576025557 -0.07891292946125154 1.3437416720288704 0.6131148279096831 -0.5826746002012292 0.2882314567142046 -0.4488910173282876
16.62458175 1.4893989671818741 -0.07885970618573826 1.342608570457104 0.6135469454851463 -0.5814749827867368 0.2885996796228047 -0.4496189664600744
16.6295825 1.4880317900388327 -0.07847965481828599 1.3417759307962396 0.6150992282803084 -0.5786784672887664 0.2885393856555208 -0.45114209933326754
16.6345815 1.486680293189249 -0.07845179479644256 1.3406017419972416 0.6147925042925112 -0.5777303656920618 0.28977479452940014 -0.45198270949064306
16.639577 1.485166970150752 -0.07846736615481084 1.3392797189872723 0.6149909212357576 -0.5761910429911832 0.29113780234292 -0.452801091894953
16.64457775 1.4829841161057815 -0.0784220117428783 1.337910351329728 0.6165804270295535 -0.5750250272795232 0.2907313060424812 -0.4523826949531447
16.6495795 1.4810102046725406 -0.07828127536890128 1.3364251393351017 0.6162797535591886 -0.5752203997164512 0.2900565666531165 -0.45297676015936816
16.6545785 1.4794107757446329 -0.07837011510159103 1.3355187662339967 0.6180462494999432 -0.5731421160555759 0.2904148555599101 -0.4529747895330458
16.65958 1.4774004132911331 -0.07844866935213635 1.3345147681387213 0.6190580384437859 -0.5722530561462887 0.28957116335065847 -0.45325724056556543
16.66457925 1.4761515843786894 -0.07833986755847103 1.333192679266794 0.6184306962087842 -0.5707282932241332 0.2923886932706608 -0.4542263107170935
16.6695765 1.4743841244473124 -0.07833900749443448 1.3319976102262843 0.6188548380779931 -0.569973813090682 0.2927153067034291 -0.4543856192705119
16.6745775 1.4725706881805112 -0.07831944497486386 1.3304242833097901 0.6197175569726975 -0.5684215389581939 0.2933759712105582 -0.4547280980371147
16.6795805 1.4708472073555137 -0.07826628731626584 1.3296080157432897 0.6200168294739654 -0.5677545501795894 0.2930574760604609 -0.4553583398209548
16.68457825 1.4692427627608795 -0.0781915201020896 1.3284468742584523 0.6201644698826116 -0.5669620431169707 0.29351011492990114 -0.455852919694155
16.689579 1.4669098396133962 -0.0781141402922865 1.3272440766700266 0.6221558431258792 -0.5652217306553885 0.2918047418418541 -0.45639510810027634
16.6945795 1.4649972161016112 -0.07801625490926531 1.3259771686893216 0.6229956160074017 -0.5634291990168857 0.2924224520434833 -0.45707013649069783
16.69958275 1.4632836005981609 -0.07792963182280804 1.324928445352407 0.6234470181633672 -0.5626377455064224 0.29241575307987194 -0.45743372222146855
16.70458175 1.461663568045044 -0.07770210418006321 1.323711260751671 0.6234086357907582 -0.5615566029299113 0.2932116076639276 -0.4583042741001426
16.70957975 1.459497514317457 -0.0778256970359576 1.3222451716730128 0.6229081120413055 -0.5612660653767864 0.2941074753554084 -0.45876647736039444
16.71457875 1.4580685402374631 -0.07698575115223179 1.3214465724237892 0.6258897922695984 -0.5573090428523003 0.29272209366753993 -0.4604154369334979
16.71958125 1.4562085709101864 -0.07711588398535277 1.3204869061519433 0.6258337271297456 -0.5574130500152519 0.2930301075845021 -0.46016974445154546
16.72458425 1.4545083854601455 -0.07684905694277573 1.319276352482803 0.6270718365401361 -0.5558833748731289 0.29272741415330045 -0.4605271396573319
16.7295825 1.4531908190035667 -0.07636565078393123 1.318304870065845 0.6264378618415594 -0.5542258137765526 0.2940140420432435 -0.46256361257289497
16.73458225 1.4505080339797716 -0.07679492919422656 1.3164447070388339 0.6266839765452223 -0.5551532647894988 0.2934989913507769 -0.46144380829208737
16.73958275 1.4489908190190017 -0.07642674734551698 1.3154735822401553 0.6274797531445859 -0.5534947504357876 0.29400040439828085 -0.4620351532592321
16.74458175 1.4472852533856702 -0.07626108142114027 1.314590735855948 0.6288966436218111 -0.550669801516164 0.29448249177082564 -0.46317582339735197
16.74958325 1.4451890090331307 -0.07622708171373145 1.3132678250644378 0.6285138024037795 -0.5508647583043798 0.2946919344397886 -0.4633304242355938
16.754583 1.4438527811237574 -0.075430793343298 1.3122209438334342 0.6307343085476239 -0.5471810476675717 0.2941020387482556 -0.46504959294519205
16.7595835 1.4411952246356847 -0.07547567903374042 1.3105538828899888 0.630930841632734 -0.5478104580299263 0.29249704516671354 -0.4650542481457337
16.76458325 1.4394414870548922 -0.07538275591100554 1.3092697036182233 0.6316181378362653 -0.5461921648870126 0.2934889795501198 -0.4653996839866957
16.769582 1.4379207577263893 -0.07507059400858522 1.3081017889603934 0.6317478155363485 -0.5447361321957286 0.2944119570304499 -0.46634626984997996
16.77458175 1.4362007102727128 -0.07459576603956733 1.3070416758380454 0.6323449479678434 -0.5429906757656836 0.29448244063972145 -0.4675265607063889
16.77958175 1.4340410082458446 -0.0743069099566355 1.3055052122903281 0.6339272347684618 -0.5415572665440185 0.2934979576867409 -0.4676654112780786
16.78458 1.4322609697020372 -0.07413116839878575 1.304351800341302 0.6350161918912486 -0.5399347396701406 0.2938762271287044 -0.4678265448452799
16.7895825 1.430508135956761 -0.07369000405789894 1.3032148228792342 0.6358126743571981 -0.5384043330221774 0.29360672102183805 -0.46867697903833133
16.79458175 1.428654845557447 -0.07315902477139336 1.3019801357037868 0.6367185757475422 -0.536892613914132 0.2929775064375755 -0.4695742296422286
16.799583 1.4269284324377929 -0.0728202931645961 1.3008314175387272 0.636952912930447 -0.5346005061388575 0.2939631179796188 -0.4712525552325384
16.8045815 1.425253047283265 -0.0724967405373562 1.2998106767826325 0.6378748126270113 -0.5336947738820607 0.29446321341293447 -0.47071969121076707
16.80958225 1.4232125285499007 -0.07252373010172133 1.298168766932042 0.6396915967426939 -0.5312819527288697 0.29498035055008054 -0.4706598990255418
16.81457925 1.4216909713760724 -0.07195533100828852 1.2970030634536103 0.6402193648942606 -0.5287712788983433 0.2954552642112029 -0.4724682912921121
16.81957825 1.4199108795951072 -0.07143070986062805 1.2956460389969 0.6410419926795498 -0.5271118895562856 0.29471468192839534 -0.4736681071865396
16.82457925 1.4179043929562214 -0.07109739402965197 1.294354247303415 0.6423166210689244 -0.5253919539571108 0.293770627691344 -0.47443805846660575
16.82958175 1.4162996550727387 -0.07068197883742514 1.2934232394174034 0.6429014996019393 -0.5241525897100568 0.2933719327166029 -0.4752626995714511
16.8345825 1.4143504012694337 -0.07025519569081273 1.2920261699444917 0.6446767277904365 -0.5221360836733756 0.29260136896551275 -0.475552589784929
16.839582 1.412957410836929 -0.06991141309107046 1.290851097517739 0.6451907701401743 -0.5203724765951349 0.29276470419271206 -0.47668667246644153
16.8445805 1.4112980150128653 -0.06947532338318602 1.2897399306888035 0.6458174114022246 -0.5185352199922718 0.2925776187057247 -0.47795338035187446
16.8495825 1.4096399199464966 -0.06911917723483404 1.2884801745735976 0.6467353675989276 -0.5172137571312924 0.292051558239564 -0.47846544395667173
16.85458275 1.4079492476308904 -0.06872875666165959 1.2871414233482157 0.6476775810244266 -0.5145416888431033 0.29261439359549724 -0.47972639925438093
16.85958725 1.4061259039619556 -0.0685395366636784 1.285912566461728 0.6483742784284128 -0.5127463666884983 0.2923488986577928 -0.48086804840179886
16.86458725 1.404443057355328 -0.06817498851274092 1.2846665228475327 0.6496831215639298 -0.5114647308014542 0.29112018772334886 -0.4812117070490557
16.8695885 1.4029670708423019 -0.06776391616678629 1.2836317898027234 0.6500409574720324 -0.5098389980918228 0.29114309113549375 -0.48243823451053225
16.87459275 1.4014468627732826 -0.06750969520579109 1.282114564357507 0.6515209230933234 -0.5081397839838517 0.2908432659397569 -0.4824154240506456
16.87959225 1.4000441446880911 -0.06689982033713071 1.2810471932609178 0.6513169107698306 -0.5061844476285879 0.29170398297083877 -0.4842234742793191
16.88459425 1.3980839067942965 -0.06675481885599939 1.2798704466354869 0.6529137094807076 -0.5048796687168994 0.29007221827071294 -0.4844154376936843
16.8895965 1.3966773481704604 -0.06634467528012433 1.2786142859425076 0.6540027611963418 -0.5031100942930115 0.28979996579024797 -0.4849501017589428
16.89459575 1.3950897490844685 -0.06602479166460257 1.277388282820186 0.6547761567080965 -0.5014896894950226 0.28952617411378595 -0.4857477436281035
16.899597 1.393510527176165 -0.06593394514211307 1.2757991076858142 0.6561995322354747 -0.500159817820874 0.289153783904713 -0.4854198386808279
16.9045995 1.3919010303231627 -0.06539167615036015 1.2749032957431004 0.6568997026262484 -0.4981305284918544 0.2886182681297161 -0.48687601355558224
16.909599 1.3903306909265367 -0.0651726423171152 1.2735781234883021 0.6579120678147524 -0.49646744333477894 0.28831983141515344 -0.48738430785683085
16.9146005 1.388764130706123 -0.06493903095572989 1.2723447060811408 0.6588769563707166 -0.49502010833180365 0.28781130557182333 -0.487853360238374
16.9196035 1.387362590772717 -0.06459174423259707 1.2712226470095895 0.6594461992523963 -0.49325883737217036 0.2879996703114518 -0.4887561964275426
16.92460225 1.3857568424331077 -0.0642409257905951 1.2701980298237616 0.6604038100183127 -0.4914993392461056 0.2872688246654506 -0.48966501775118526
16.92960075 1.3837741692722225 -0.06427023632203978 1.268525240480583 0.6626714121168047 -0.4901101403275826 0.28589307358398003 -0.4887983228161715
16.93460325 1.382591450498374 -0.06409779633018618 1.2677036182147885 0.6622399160503153 -0.4892383832656703 0.2866442152988088 -0.4898154670536595
16.939604 1.3812434488627756 -0.0637000346529309 1.2666991802045133 0.6628570422550931 -0.48711972337868703 0.28618031940328575 -0.4913611110115803
16.94460475 1.3795562332082576 -0.06360186771932388 1.2654277951019692 0.6646168881046974 -0.48485534372793976 0.2863335819418798 -0.491134164518029
16.94960375 1.3781344237986086 -0.06313650644705168 1.2644923503858758 0.6653776657045923 -0.4839324321257291 0.28447206758780563 -0.49209511873285555
16.954606 1.376625431454515 -0.06296800979164038 1.2633540928745812 0.6664810501046808 -0.4824347111019377 0.2840121462351153 -0.49233815631766276
16.959605 1.3748286227296584 -0.06305560184871413 1.2623030926272794 0.6683672538977048 -0.4811199103017293 0.28322702968640884 -0.49151937447420224
16.96460625 1.373551724130796 -0.06274886993296704 1.2613705864901659 0.6686705576381677 -0.47951277082429533 0.28331148712386034 -0.49262743450597163
16.96960675 1.3723713827454829 -0.06229989040846434 1.2603378485076084 0.6685782149905706 -0.4779733300535713 0.2832010943575019 -0.4943094236935358
16.97460775 1.3708050278039368 -0.06215433184011276 1.2593157087035196 0.6695595591627934 -0.4758800382993567 0.28287825146690615 -0.49518489549758526
16.9796065 1.3691384455592315 -0.062185985026167984 1.2585026433851398 0.6713044361873368 -0.475167544809373 0.2813029730504015 -0.494403474571164
16.98460425 1.3677180092948678 -0.0619373725891507 1.2576541268611423 0.6718189489527109 -0.47338954861125854 0.28115167723209183 -0.49549507513524865
16.989607 1.3669955556018685 -0.061434330242698905 1.2571044276071532 0.6719843641765015 -0.47171282145842436 0.2807817255964307 -0.49707710764540963
16.99460775 1.3649454341041771 -0.06184383661903009 1.2557844382212524 0.6730698772578977 -0.4711582545048785 0.2806923442512929 -0.49618408622069726
16.999608 1.3636165970023764 -0.06171979024146573 1.254720303931382 0.6744345044145699 -0.468663997862158 0.2799452600319974 -0.49711448153171933
17.00461 1.3626401999371784 -0.06123076998279388 1.254146930324298 0.6745915921511528 -0.4674979552676451 0.2792188590981237 -0.4984061339344508
17.00960825 1.361093765712681 -0.06112491945250925 1.2534654537717704 0.6754718570793748 -0.46638647041089715 0.27799931038344555 -0.4989366832953202
17.01460725 1.3597487894529259 -0.06114213156428116 1.2527709118980226 0.6761698721906837 -0.4652189242661322 0.277042056222245 -0.4996132059207877
17.019607 1.35839972600748 -0.06112950442878583 1.2520178850223005 0.6771413885824281 -0.4638594732147433 0.27623329751417874 -0.5000090942393398
17.02460675 1.3573899595656744 -0.060748713088345604 1.2512162727778964 0.6772733132309352 -0.4625033991239077 0.27605286801202916 -0.5011848751173126
17.029608 1.3561737407498717 -0.06104983099549202 1.2503578436163791 0.6780622961559134 -0.4619103718298939 0.27625168924497306 -0.5005550270619987
17.03460575 1.3551591086973744 -0.06088251393840936 1.2498481885123778 0.6790759011764952 -0.46071143657606645 0.27442726520110544 -0.5012889074810951
17.03960525 1.353982115523885 -0.06073166681160748 1.2493028950218805 0.6795413852168053 -0.45929660429632885 0.2737009941554021 -0.5023523672262643
17.044607 1.352591229959999 -0.060816978271000494 1.2485320620889218 0.6806564299322744 -0.4581031333345967 0.27277191975133874 -0.5024378801563881
17.049608 1.3520765317258594 -0.06093400709550748 1.2479878868490661 0.6814307921164242 -0.4549736931818651 0.27361177041546597 -0.503773374800764
17.054607 1.350791594039137 -0.06065480200408502 1.2475604113713947 0.6809527333155702 -0.4558110445353704 0.2717537134928495 -0.5046677975386132
17.05960775 1.3497913205618048 -0.060363020323079136 1.2468832052505385 0.6811699474214836 -0.45368917343989423 0.27133616169042346 -0.5065079703147298
17.0646075 1.3490548259181 -0.060605803320055045 1.2465767740852112 0.6821157019432655 -0.4517963474869356 0.27128240039567186 -0.5069557069364865
17.0696075 1.348086112055258 -0.0607319923104578 1.2461982211022669 0.6832573295038493 -0.45072167402317054 0.27039165159954753 -0.5068508153197427
17.07460625 1.3471412981910111 -0.060748825542562127 1.2455723304872457 0.6840036404051882 -0.4497813064899955 0.2692730813046313 -0.5072748800495765
17.0796065 1.3462997185751906 -0.0608560931248612 1.2452858105923572 0.6845986707680658 -0.44948798619770447 0.2684436318109627 -0.5071717921835459
17.084608 1.3452861515454781 -0.061154826774106615 1.2444475309209542 0.6855303429339991 -0.44913858516674016 0.26714712759747955 -0.5069073805416809
17.0896075 1.3447286849838656 -0.06115945133770088 1.2442304082535194 0.6854528222991574 -0.44818367677690724 0.26713258796577005 -0.5078641557735323
17.09460625 1.3438304670776826 -0.061163502348430814 1.2438473798320113 0.6848795420274194 -0.4489267322623261 0.2662865997327386 -0.5084252637068287
17.099606 1.3430949202596518 -0.061175838639910766 1.243527272948006 0.6852385620555148 -0.4483446860776999 0.26513872345362155 -0.509054626600489
17.10460775 1.3424838497961733 -0.06111175024899758 1.2434707010664001 0.6852991994929832 -0.4479447477747593 0.2636084545280553 -0.5101187046331606
17.10960775 1.3419177472462838 -0.061293520312472004 1.2433833375796102 0.6858410408758182 -0.4472660777083003 0.26302165696837676 -0.5102888695115899
17.11460625 1.341399603531569 -0.061643113304375975 1.2431353789150947 0.6867949798101418 -0.4463807079049041 0.2626193980800873 -0.5099882067949771
17.11960425 1.3408838008803536 -0.06180923230277602 1.242982279131518 0.6871788500060152 -0.4458538632601487 0.2621113600853955 -0.5101932924241509
17.124604 1.3403587921663866 -0.06195598384840422 1.2430140738688484 0.6875916542750146 -0.4454214996349517 0.26161726395202733 -0.5102683723655179
17.12960675 1.3399537990548898 -0.06227728801313089 1.2428242905132778 0.6877680875132619 -0.4453796992356932 0.26082176071769714 -0.510474279903693
17.134607 1.3394595064823673 -0.06253129180455658 1.2427266078261616 0.6878983632662777 -0.44484745705212936 0.26046027378391723 -0.5109471866545866
17.13960725 1.3392239162927375 -0.06288396162612805 1.2428784182259032 0.6883398450183309 -0.44458158792544206 0.2604638680135432 -0.5105820628432379
17.144607 1.339058276586661 -0.06328680419780822 1.2429714259891251 0.6886447654132538 -0.444046173676206 0.26035870161960334 -0.5106904436186364
17.14960675 1.338698839570562 -0.06347274831433958 1.2430882102663923 0.6883035763592288 -0.4446239816935572 0.2593750263213307 -0.5111480190657806
17.154607 1.338560841888896 -0.06387190419819314 1.2432844481896634 0.6886714812581852 -0.4441883356706509 0.2591599233168396 -0.5111403403197639
17.1596045 1.3382926406473958 -0.06436975998673332 1.2431424113470848 0.688866811707342 -0.4440697410434989 0.25889495535685664 -0.5111144518681627
17.1646035 1.3381942855260252 -0.06464099556318459 1.2435344764899692 0.6887305226940864 -0.444056795594529 0.258687780246395 -0.5114141782812067
17.1696045 1.3380368907602265 -0.0650678347274497 1.2435835757951093 0.6886372479296929 -0.4443898686469888 0.25809891356443815 -0.511547980373872
17.174605 1.3379228234203837 -0.06549646524385871 1.2437811551717557 0.688647227142371 -0.4446001178335427 0.2578332082919697 -0.5114858438641224
17.17960375 1.3378694188321816 -0.06587755652975835 1.2440994281215618 0.6883819134089706 -0.44489729174746495 0.2575334488416822 -0.5117355408947909
17.184602 1.3378389191976703 -0.06628354796779673 1.2443092018417832 0.6882047824868865 -0.44511669028292705 0.2575474937882464 -0.5117759254176999
17.189602 1.3378697059857463 -0.06671489657104472 1.244658047234167 0.6881328071918025 -0.4453450042805159 0.25751035612223727 -0.5116927626208089
17.19460275 1.3379170198416848 -0.067164900258346 1.2450028079260798 0.687815722393007 -0.44595474784729977 0.2572636017425213 -0.5117121594411282
17.19960475 1.3376624510751904 -0.06774563133916647 1.2452148446772369 0.6880493648951692 -0.446029803016865 0.25705892023303595 -0.5114354287852146
17.204608 1.337848397909984 -0.06812075034450343 1.2456317139253614 0.6875971125906125 -0.4466217924431896 0.2570008794603543 -0.5115561877531043
17.20960725 1.3379570769917593 -0.06860518180479408 1.2458843012050413 0.6874647962819349 -0.446845363304514 0.2572924171765103 -0.5113922048973402
17.2146075 1.3378775293825511 -0.06912457022854049 1.2461340587689347 0.6863400530423323 -0.44872974931618137 0.2572699729825378 -0.5112642219733843
17.2196075 1.3380317636677295 -0.06947058385581825 1.2464835577091304 0.6859011693096841 -0.4490208992082046 0.2568583821875984 -0.5118042492143194
17.224607 1.3383812847436831 -0.0703384148533114 1.247094563102196 0.6866322542020526 -0.44835184526456967 0.25790842993990215 -0.510881602823196
17.2296075 1.3385533708670074 -0.07093952507824933 1.2473258330692318 0.6862762332512023 -0.44891017543992284 0.2580501548385092 -0.5107981045862058
17.2346065 1.3387401914314772 -0.07152969161669304 1.2477011905327284 0.6858001421728419 -0.44886993733202357 0.2589163871052613 -0.5110344888983651
17.239606 1.3389183214462517 -0.07207850376926135 1.2481403984867407 0.685410179574157 -0.44947885439349994 0.2591023578441949 -0.5109281880546498
17.2446045 1.33894771887371 -0.07252462034914181 1.248612373264593 0.6845544462840185 -0.45159849264455176 0.2584646002323171 -0.5105291979316148
17.24960575 1.3391509068228102 -0.0732118660512302 1.2491447083799987 0.6844874654410775 -0.45222121306323626 0.2587025210744292 -0.5099469479263498
17.254605 1.339354147921778 -0.07390391390019288 1.2495388300118375 0.6841530374853219 -0.4525740721525141 0.25972901710531165 -0.5095607600555675
17.25960425 1.339381968691465 -0.07471298684255459 1.2499442280996327 0.6839457292329028 -0.4530562101817601 0.26017083993369966 -0.5091850782652679
17.264605 1.3398235066807316 -0.07541117222875557 1.2501862810623772 0.6840753840603663 -0.4537055653774947 0.259769364231436 -0.5086374015690802
17.269606 1.3401181568025065 -0.07605204051880178 1.2508893257017364 0.6831690628454876 -0.45397972781625656 0.26127442822634817 -0.5088399664508387
17.27460725 1.3402436383316092 -0.07665519242863522 1.2514017823010972 0.682361239135277 -0.45506190872981933 0.26178071867444364 -0.508697015795488
17.2796065 1.3404442235756306 -0.07733688057402913 1.2519392179711908 0.6817733146577931 -0.45562946404070037 0.2622999449989074 -0.508709816862305
17.28460775 1.3406183499110456 -0.07819750356422286 1.2525763656924735 0.6818025221945778 -0.4561568532639125 0.2627722096887937 -0.507953749631545
17.2896085 1.3409321689416993 -0.0789145776930131 1.2529349098878217 0.6810356587053175 -0.4567180419335442 0.2634561476725898 -0.5081239218908337
17.2946085 1.341261016470354 -0.07986272115261123 1.2532797625513896 0.6812917851259788 -0.4571146582884293 0.2636033164460172 -0.5073470057626936
17.29960975 1.341379835853382 -0.08061521052111459 1.2537235469590244 0.6801821013541104 -0.4585829460645496 0.2643320483417419 -0.5071316976838701
17.304611 1.3416023791060636 -0.08138741845655428 1.2542125764687793 0.6801014780432426 -0.45847721796503577 0.2653894644374599 -0.5067830426681974
17.309611 1.341900077610796 -0.08221885886996406 1.2547864601891079 0.6803377927610434 -0.4582471598186174 0.2659209347151432 -0.5063951863312155
17.314612 1.3420474567978553 -0.08303589547714403 1.2552151889564531 0.679161684766477 -0.45952436957368553 0.2667613401706143 -0.5063745126913924
17.319611 1.3422304292785656 -0.08386373974118931 1.2557721784545317 0.6790830965843798 -0.45994571959701164 0.26726993965300133 -0.5058288863989856
17.32461125 1.3425313273674466 -0.08468837537293429 1.2563677456642974 0.6785329458281341 -0.46014529147602556 0.2684827318730034 -0.5057433883346839
17.32961025 1.3428756381679732 -0.08536906912828765 1.2568681160429545 0.6780355093687495 -0.4603563727367174 0.26929412525909957 -0.5057870423574424
17.33461075 1.3430223541656057 -0.08621163158866071 1.2572029861410126 0.6778311780318651 -0.46086228421273034 0.2698804232206212 -0.5052874491221971
17.3396135 1.3432471703025441 -0.0871291803638507 1.257594598225044 0.677550503797291 -0.46115807863266595 0.2708206474780019 -0.5048907983073773
17.34461425 1.3435401846506094 -0.08779118038154932 1.2579388862261174 0.6772084649890775 -0.46137473719986877 0.27107069397822825 -0.5050175498802504
17.3496155 1.3439612997953656 -0.08834521081432026 1.2585895485506882 0.6762640206155562 -0.4617006172361677 0.2719845260604629 -0.5054937507509757
17.35461625 1.3442113118326713 -0.08934070360660193 1.2589124789442794 0.6761893258521988 -0.4617805738225453 0.27364530093159556 -0.5046235691302243
17.35961675 1.3446708631789646 -0.0899900177831176 1.2594783076719773 0.6759784321516776 -0.4616688571774219 0.27423496592132734 -0.5046882295480859
17.3646185 1.3448529015290442 -0.09086266983798447 1.2597332851722933 0.6758866928684439 -0.4616924415020151 0.2750477910086788 -0.504347083390508
17.369619 1.3451111868552883 -0.09155665710085423 1.2600701519092095 0.6754052209603855 -0.46186114371574494 0.2758167876624249 -0.5044176553894775
17.3746205 1.3455343655802465 -0.0921704932057506 1.2603286390201045 0.674327583209647 -0.4622475155081241 0.27650807807231487 -0.5051265462138746
17.37962125 1.34585915432765 -0.09297424181561967 1.2608546405645191 0.6737132237859671 -0.4625873503634312 0.2772887020861838 -0.5052072951522167
17.3846225 1.3464140825076802 -0.09397716625248936 1.2614100559461419 0.674712359913678 -0.4613956352114144 0.2789301333572774 -0.5040588059868236
17.389623 1.3467383416834575 -0.09469515872903281 1.2619258554649202 0.6741241341272207 -0.46137462343204283 0.2798542121260514 -0.5043527818853313
17.39462475 1.3465196174322185 -0.09596979210347716 1.261891474003311 0.6747919174243057 -0.46182523075082577 0.2802614968383156 -0.5028188717726516
17.39962675 1.346616866846361 -0.09670836487152493 1.2622980631666028 0.6737896169048482 -0.46243971054697236 0.2805322876662108 -0.5034468212604113
17.404626 1.3472440069450375 -0.09786368715420704 1.2628126377349507 0.6746483531206275 -0.46112867422211834 0.2823167856430935 -0.5025009233682345
17.40962575 1.3473564834767695 -0.09822790173131003 1.263073632055149 0.6731361764372046 -0.46260599650394185 0.2820936154045885 -0.5032957104109507
17.414626 1.3480112168975695 -0.0989560819234393 1.2636459800216464 0.6722610129083915 -0.4617437426371957 0.28435148013358275 -0.5039861926725963
17.41962925 1.3483588018352404 -0.09969215054391925 1.2640150605942426 0.6716780103625447 -0.46173183041963717 0.284900444697914 -0.5044641749259063
17.42462925 1.348448093563395 -0.10069409019789369 1.264161983290382 0.6721811987378357 -0.46292594758359285 0.28434846596733965 -0.5030088995427611
17.429631 1.3491216044185013 -0.10137397814586643 1.264660249458261 0.6719199373596686 -0.46193526893045483 0.28605570844048944 -0.5033006425242641
17.43463225 1.349631329078748 -0.1023302803721394 1.2649953142286765 0.6722024929418748 -0.46127791742900504 0.2871515979495173 -0.502902029395515
17.43963275 1.3496487023663821 -0.10302669922784805 1.2649158570185084 0.6721176475443059 -0.4616988197463104 0.28665436230236857 -0.5029128595267718
17.44463225 1.3503471296246983 -0.10367845974606735 1.26565390691813 0.6715484543731111 -0.4616009367431503 0.2881647195999744 -0.5028999333911269
17.4496325 1.3508396109169496 -0.10431057573235322 1.2659708021968483 0.6710080843516824 -0.46194829298223017 0.2888854172196841 -0.5028887959214228
17.454635 1.3510535500438487 -0.10526727222789223 1.2660477225384197 0.670556596128734 -0.4628187645683171 0.28938873781502283 -0.5024010360036398
17.459635 1.3513328365317896 -0.10633266140738923 1.2663769234350715 0.672131280372102 -0.46214263605524103 0.28949998778342534 -0.5008527557662713
17.46463325 1.3518945804252143 -0.10681045087973634 1.2668725483447933 0.6713773507273225 -0.46188532540090077 0.29042736476229863 -0.5015638991264146
17.46963375 1.3522355504355752 -0.10777083227351061 1.2670672527792382 0.6716642518444084 -0.46168469154511904 0.2910214151137091 -0.501019874189032
17.474635 1.3525485735604188 -0.10864045886533513 1.2671281117560194 0.6727599130140769 -0.4610844770846031 0.2912804257509733 -0.4999509155979632
17.47963525 1.3534668523481372 -0.10907552700895726 1.2677946725346796 0.6706905760501508 -0.4616938089792856 0.29246761660814147 -0.5014734999810747
17.484636 1.3539223805004024 -0.10986054748020682 1.2681219776169819 0.6706030773902835 -0.4617275512579679 0.292964769807316 -0.5012692137521996
17.48963725 1.354376708824409 -0.11062418497736665 1.268360241547813 0.6701252687116185 -0.4624171380603144 0.29328691456084754 -0.5010841250824728
17.4946375 1.354959598932416 -0.11155441354108757 1.2687041849640819 0.6706276479881847 -0.46149755614543636 0.29415182755291047 -0.500752699216797
17.499638 1.3553206518627707 -0.11232057728864919 1.2689980410673882 0.6699633175212562 -0.46288661374588846 0.29424139233144686 -0.5003070447531482
17.50463925 1.3558261964594682 -0.1131984007572804 1.2694654183395482 0.6697924508670086 -0.4630804895333507 0.29525963225088164 -0.499756223111021
17.50963975 1.3563133367073605 -0.11405103952876142 1.2698076989422402 0.6696812265596046 -0.4632542111920775 0.29580944035799417 -0.49941902807314015
17.51464175 1.3563434225105224 -0.11508914863242517 1.2695112229202679 0.6705744281265807 -0.4635382517426556 0.2954922244601666 -0.4981431228047357
17.51964 1.3571807320003286 -0.11582773252986997 1.2701317216780699 0.6694937035890013 -0.46335862197367955 0.2966148963288246 -0.4990957539121886
17.52464025 1.3574881840050972 -0.11676956322302526 1.27034724824235 0.6685103982790863 -0.46529704200747096 0.29706732095756705 -0.49834076384631515
17.529641 1.3578950695803276 -0.11767175311011188 1.2705913212627042 0.6684243061221659 -0.4654641907933906 0.2976981858586294 -0.4979235124099242
17.5346385 1.3581927087881083 -0.1185767928731675 1.2709073931791202 0.6690429186331259 -0.46441233876351146 0.29814236405592587 -0.4978090832701005
17.539643 1.3586520894275844 -0.11949429503800607 1.271229231581349 0.6692553206296133 -0.46357997517866445 0.2990821346476436 -0.4977356719755085
17.54464275 1.3593062898528416 -0.12026064696725014 1.2715153691929164 0.668752274268595 -0.4639360650718458 0.3002392163623288 -0.4973832889677421
17.54964325 1.359565071386995 -0.12134627718310331 1.2714910976434948 0.6685077295644656 -0.4643207357782156 0.3007004405438723 -0.49707435549992024
17.5546425 1.359926216283135 -0.12235673607794084 1.2715945831786113 0.6683499988552056 -0.46437402925958 0.3013581789160458 -0.4968382915797392
17.559644 1.3602658548014388 -0.12338426089111457 1.2715968814121732 0.6681358515440692 -0.4644855438322083 0.3020811856210864 -0.4965829444776954
17.564643 1.3607309397693461 -0.12433305906878564 1.2717736931731476 0.667490768895523 -0.46534199919100705 0.30277129766902433 -0.49622821215242824
17.56964325 1.3613670340035215 -0.12518311547109212 1.272194964445799 0.6668602246987068 -0.46574215187498585 0.30356101548446546 -0.49621809576000764
17.57464675 1.3614071229856617 -0.12660587940603055 1.2718514060787267 0.667044536290427 -0.4660609711704835 0.3040504102062502 -0.4953706751616672
17.57964625 1.3617746513989406 -0.12758708444116096 1.2718671256321594 0.6667581981509879 -0.4662272353484012 0.3050968617485138 -0.4949561345907763
17.584646 1.3620616896650453 -0.12871312020256315 1.271670627205218 0.6663472507690197 -0.46640927299671175 0.30613274691181813 -0.49469836539397694
17.589646 1.3623489595403686 -0.12993936732453712 1.2715048832712819 0.6662481302710117 -0.46617599354156897 0.307165208590288 -0.4944116772362856
17.5946455 1.3626860917404153 -0.13107031639860095 1.2714717132139968 0.6655237545372614 -0.46664406549743487 0.30809898158774107 -0.4943647093262721
17.59964625 1.3629978716494604 -0.13230114347635868 1.2711653821307425 0.6651821813832076 -0.4666521691983331 0.3093138012169324 -0.494058084570529
17.60465 1.3632679429380334 -0.1335102826661491 1.2709404924991823 0.6646482754090784 -0.4670012348873729 0.3103919609534113 -0.4937705410257911
17.609648 1.3635142707308647 -0.1347570985574391 1.2706854583659324 0.6642101598316841 -0.46738696348069697 0.31125800316193275 -0.4934498408271186
17.614648 1.363693403747132 -0.13612530163014924 1.2703407832849067 0.6644123917197783 -0.4677145745499677 0.3122003144361315 -0.4922704684913845
17.6196485 1.3641487895610995 -0.13717888165876754 1.2702101024455388 0.6631922340975321 -0.4679877059024549 0.31331231610412985 -0.49294924721957656
17.6246475 1.364309775773981 -0.13837452413908066 1.269902813482894 0.6624366571225465 -0.46912625362476285 0.31384873912544137 -0.4925415742956844
17.629647 1.36436079577477 -0.13971475583424736 1.2694355012087923 0.662184986472423 -0.4694825936834659 0.31445557273487396 -0.49215325935601106
17.634646 1.3645776341609035 -0.1410349859620075 1.2690496662192228 0.6618443817077481 -0.4696758339350213 0.31521059643128035 -0.49194400628198276
17.6396445 1.3647136679332745 -0.14243613513750467 1.2684646235915906 0.6613423075470698 -0.46996845644141316 0.316147033602289 -0.49173880805043807
17.64464325 1.364938407567575 -0.14385368715591315 1.2679447467303508 0.6609185947110849 -0.4694805546756933 0.31734016841730767 -0.49200593233761186
17.649645 1.3651299907811132 -0.1451856173455142 1.2675856617801384 0.660132215101273 -0.46989819328620913 0.31796105378291506 -0.4922620387650273
17.6546455 1.365097726615801 -0.14679311684000618 1.2667860532161523 0.659866902705452 -0.4699492520258503 0.3185650209739845 -0.4921785231459232
17.6596485 1.3651974111995202 -0.1481180004748887 1.2662993587941962 0.6593751622126205 -0.47022578254752057 0.3191234920838151 -0.49221164724626704
17.66464875 1.365323296790028 -0.1495170110077855 1.26570354035769 0.6587395678637838 -0.47050319999124224 0.3197598742114575 -0.4923845482678243
17.66964675 1.3653152753419255 -0.15112207843991324 1.264908723586081 0.6578102139500299 -0.4705882047809351 0.32095294209553726 -0.49276939120068264
17.6746465 1.365413949254845 -0.152412416953172 1.2643224468961975 0.6576751705149723 -0.4711694308301578 0.3207905296110757 -0.4924999224884538
17.6796485 1.3655986424103126 -0.15386196803560437 1.2635281027218996 0.6571088568189496 -0.4709359601436175 0.32169358574282914 -0.4928899558984981
17.6846475 1.3656267347779647 -0.15532696604139354 1.262793228013947 0.6565535227346365 -0.4712676804635058 0.3221410938919516 -0.4930206494269614
17.6896455 1.3656071849528584 -0.15695713441229162 1.2618568040004212 0.6562692736479715 -0.4713437657679752 0.32267785616865835 -0.4929753503732479
17.69464375 1.3653748412242845 -0.15846576490289238 1.2609358208921466 0.6561979446241426 -0.47174030722730903 0.32224179588754776 -0.4929762316697457
17.69964025 1.3654737369615908 -0.15994077343295265 1.260139619302353 0.6558839501069764 -0.47173508064080305 0.3226699449321344 -0.49311901638689376
17.704642 1.365433199588121 -0.16145142075866692 1.2592106841464297 0.6549786710448032 -0.472471887285323 0.32296753257581795 -0.49342195847298514
17.70964175 1.3655352416455597 -0.1629494292360476 1.2582806225910947 0.6542858589270785 -0.4723251913523466 0.3236628728570779 -0.4940255794550797
17.714639 1.365504363954747 -0.16444778755584782 1.2575243477943243 0.6541093975379237 -0.47250765495571734 0.3236181843554129 -0.4941140382698402
17.7196385 1.3654249597333172 -0.16592803249287066 1.2565859435352589 0.6539893277535025 -0.4728370114444925 0.32332067220231087 -0.49415267146845254
17.72463925 1.3651844200545322 -0.16756701648945815 1.2552357027794232 0.653320041328 -0.47336772540803446 0.32350576794326436 -0.4944086753371573
17.7296375 1.3651126854840085 -0.1691539125883937 1.2541661965039483 0.6531880862837732 -0.47368898235346163 0.3229975871603591 -0.49460755212842245
17.73463775 1.3650941384038886 -0.1706861939661402 1.2530975225184868 0.6529874714641007 -0.47335974811314613 0.3235561131909329 -0.4948225465699347
17.73963825 1.3651071290200927 -0.1720863747399298 1.2520785330495359 0.6519243960251055 -0.4739933270999936 0.3237535484330811 -0.4954881911902327
17.744638 1.3651594960556686 -0.17358031219813597 1.2510137164886408 0.6523148126916692 -0.47327995407610485 0.3240150541136614 -0.49548533269964046
17.74963725 1.3647269522875363 -0.17522269911330965 1.249467039173788 0.6519841849850715 -0.47428070935839894 0.3232064593740463 -0.4954916910289607
17.75464025 1.364309534122169 -0.17683133977718998 1.247874154084463 0.6528538602766476 -0.4743595710137412 0.3224650623912185 -0.49475359326291546
17.759639 1.3645072789697652 -0.17822215594072544 1.2468428235426117 0.6516126509726292 -0.4747413796938382 0.32308039135353855 -0.49562146464984524
17.76463875 1.3640568705111484 -0.17981149285196266 1.2450791148744265 0.6523899626624302 -0.47461004724710226 0.3226668880210448 -0.49499365555957436
17.76963975 1.364629977163691 -0.18109523729242266 1.2444061771003436 0.6502263719243379 -0.474780513454432 0.32409072838196556 -0.4967437257529334
17.77464075 1.364361066911837 -0.1824372305192397 1.2430297603306246 0.6498931325383663 -0.47530692184888407 0.3235637238956388 -0.49701988179628676
17.77963925 1.3643110072990454 -0.18395487176658842 1.2412452349453018 0.64986818853576 -0.47554578371094164 0.3238337417794233 -0.4966480170192307
17.784642 1.364306130885252 -0.18536345118866257 1.2398409001314386 0.6489452709579763 -0.47576767216668164 0.32426840985080874 -0.49735817656413717
17.789642 1.3643132765442834 -0.1866948418337415 1.2385880252498496 0.649088842830647 -0.4758637639384269 0.32399890275173854 -0.4972545256694946
17.79464275 1.3641478379553629 -0.18806437517331842 1.2368033565452197 0.6481819978778403 -0.476614218609585 0.32447747320601233 -0.49740662805003677
17.79964325 1.3639655177666383 -0.18945628889542576 1.2350164201143916 0.648155077371262 -0.47692093044364336 0.32447560213991844 -0.49714887649330963
17.80464425 1.364021877443453 -0.19067279689926964 1.2334157897616214 0.6476125313235845 -0.47711273490362194 0.3249336374155394 -0.4973726759094754
17.809642 1.364030039053032 -0.1920160308472333 1.2318904671817543 0.6473168240683153 -0.47739616209754887 0.32538080568869104 -0.49719328734609713
17.81463975 1.363834213549747 -0.19327710729201564 1.2299035507439344 0.646857564933277 -0.4780131115288665 0.32510087814628397 -0.4973813174251701
17.8196445 1.3637918558848205 -0.19465999345340684 1.228192038567141 0.6473338276337539 -0.47787286206540514 0.32561032496038755 -0.4965625434742764
17.82464625 1.363777356021776 -0.19578939715528187 1.226277107202844 0.6463523622376187 -0.4787839186971957 0.3262641489202489 -0.4965342769196834
17.829647 1.3637532614847676 -0.19705185084127597 1.2244721644904661 0.6465184380407529 -0.4787111049068837 0.3263633863932335 -0.4963230070570137
17.83464775 1.3636749593715314 -0.19820068386111503 1.222567930624434 0.6463183854212176 -0.4790812468835634 0.32657778177424646 -0.49608533137194566
17.8396495 1.3636035994681255 -0.1992034505449921 1.220673497222341 0.6455770677258269 -0.48019273719481176 0.3265986215895238 -0.49596222149242425
17.84465 1.3636604376070303 -0.20046804991497724 1.21855858403368 0.6457475540483898 -0.47994914019328605 0.3273205931573386 -0.49549989764214436
17.8496485 1.3637192709315713 -0.20163732787375954 1.2164880551286075 0.6453065398201401 -0.48049118462073265 0.3280283082627119 -0.49508092282517413
17.85464825 1.3636288303162531 -0.20271635750011008 1.214560122406114 0.6455742500298662 -0.4806651871561582 0.3278208376836582 -0.4947002768696376
17.85965 1.3636316399725552 -0.20384087892011427 1.2124179242568265 0.6453020744599435 -0.48136282830939536 0.3277873884576409 -0.494399118312111
17.86464775 1.363578506854183 -0.20484212233415297 1.2103160636848673 0.6452071776914121 -0.481450156189933 0.3282769693164872 -0.49411301984116324
17.86964675 1.3636325600708636 -0.20587922021541383 1.208164329368769 0.6448967236271083 -0.48168961577561203 0.3287059624100762 -0.4939997167863866
17.87464775 1.3636982203143893 -0.20684654769021976 1.2060530706252106 0.644609619205539 -0.48202988306717204 0.3292388408817588 -0.4936875695343911
17.87964775 1.3636053401540196 -0.20782850564992458 1.204070094392581 0.6453297398278524 -0.4820283495895052 0.3288137443265521 -0.49303115381047363
17.884649 1.3636691025153516 -0.20867967981363322 1.2016912218658407 0.6437322254412312 -0.48331486530674517 0.3291060224984792 -0.49366465222581335
17.889648 1.363530344382319 -0.20968396146742757 1.1994929637807648 0.6450263617691632 -0.48324976096803507 0.32848313622019304 -0.49245252600237494
17.89464925 1.3636620617470108 -0.2106496041625787 1.197243915787556 0.6454986822507701 -0.48268329946729477 0.32905706697960846 -0.4920058234397869
17.8996515 1.363505224386521 -0.21128209797605566 1.1949339280318352 0.6444566262843201 -0.48382228672961625 0.3280890060788716 -0.4928988291649061
17.9046525 1.363669203709976 -0.21221626905672072 1.1930114456028296 0.6448593362460444 -0.4829589670476292 0.32924908920207524 -0.4924450323276723
17.90965075 1.3636302527060802 -0.21312502712404172 1.1906567548775242 0.6451699623848695 -0.4833329828406992 0.32877180741129985 -0.4919898840282447
17.91465275 1.3634481790625628 -0.214096560492852 1.1880892448978813 0.6460319879057542 -0.4838916812735894 0.3280069556994598 -0.49081865124456187
17.91965175 1.3636326840314388 -0.21484295930379102 1.1860206632072714 0.6455907071113371 -0.483396105472849 0.32837831020545694 -0.4916386167621242
17.92465225 1.3633403703235798 -0.21549108313386633 1.1836284842183 0.6456604358541959 -0.4840997278487414 0.32736660739542073 -0.4915294085115933
17.9296535 1.3631588637362044 -0.21652624533302745 1.1813298219717032 0.6457952947316079 -0.48266432536246406 0.32818650511675984 -0.49221662323021964
17.93465475 1.3634336983581066 -0.21669460917543285 1.1789284332339731 0.6452835056194741 -0.4843933881735459 0.32657359324694685 -0.49226205527439587
17.93965525 1.3633389788822412 -0.2179847566695778 1.1764232256577296 0.6467551263899046 -0.48309981952001735 0.3275158343867307 -0.49097428557315365
17.94465675 1.3633302425392002 -0.21856426474448132 1.174380916316823 0.6471952718952027 -0.4831755315487207 0.3265184686546198 -0.49098408872034516
17.949657 1.3632281082418196 -0.219316737952244 1.1717967626392674 0.6472326619512965 -0.4830714004692293 0.32641978995714827 -0.4911028650664414
17.9546595 1.362645340765153 -0.22028040199404883 1.1693999804146666 0.6493794660785515 -0.4826028055800219 0.32514480525612816 -0.48957297382186193
17.95966175 1.3628847530112187 -0.22048107121435823 1.1669230495004645 0.6467744288470066 -0.4843760083066938 0.32492262013920187 -0.4914142973992289
17.96466175 1.3627938720208703 -0.22126036550544642 1.1647241639928552 0.6488673778634969 -0.48260667880569613 0.32451400300239086 -0.4906654475017064
17.969662 1.3629198705744885 -0.22170193063474591 1.1625354181356415 0.6495195137720172 -0.48180868500232077 0.32429997784601045 -0.490728353220775
17.9746605 1.3626766124394343 -0.2224144180876362 1.159924425667774 0.6496596447490811 -0.4819363721075419 0.3238818688802054 -0.49069360525177436
17.979662 1.3624370690802452 -0.22299335756738878 1.1575810788160266 0.6503034005843626 -0.4820504098211163 0.32310702723330664 -0.49023947059795486
17.98466575 1.3622571833652335 -0.2234074383727654 1.1552960732087352 0.6511227770627058 -0.4817657799055942 0.3218152392720561 -0.49028136235673253
17.98966575 1.3622699418325817 -0.2239049354301686 1.1530092016627498 0.651100804317133 -0.4815178216118469 0.32233379901307646 -0.4902134760505484
17.994665 1.3619134881318131 -0.22434555305227014 1.1505684234811713 0.6522000856323393 -0.4814297676774605 0.3209038496918129 -0.48977662903426716
17.999669 1.361976696445624 -0.2247801626579274 1.1483302594160962 0.6520590529595316 -0.48114385902805235 0.3215076957809271 -0.4898493441117906
18.00466675 1.3616454059103227 -0.2252356280147457 1.1459575090753433 0.6532274441841347 -0.48095803904393064 0.32035297140712615 -0.48923127920678294
18.00966725 1.361713595636445 -0.2255026024236148 1.1438155514151052 0.6528023699948214 -0.4809851608714518 0.3205779575558157 -0.48962446209309163
18.0146655 1.3613456741837038 -0.22593726786141075 1.1415400501132804 0.6540446651949727 -0.4808034507468587 0.31929911844140596 -0.48898025588202426
18.019664 1.3612584522310138 -0.22628486437411516 1.1394282498814574 0.6541995337499522 -0.4809961437828216 0.31885044474638774 -0.48887633773013717
18.024664 1.3611698891948374 -0.2266283360575008 1.1371228503994737 0.6547433092454473 -0.48034463658551674 0.3185671915186946 -0.48897359191447104
18.0296635 1.3609456057216718 -0.22691695856398814 1.1350335365705262 0.6550620316433425 -0.4805583867353742 0.31787597716916477 -0.48878649201501007
18.03466475 1.360904805300114 -0.22719406464392172 1.1328268728375717 0.6552334269489165 -0.48028521031883314 0.3173947394254873 -0.48913786639637724
18.03966425 1.3608464870098143 -0.22740663289230806 1.1308513189165377 0.6552418994913134 -0.48027168274815807 0.3173034300704875 -0.4891990363510249
18.044662 1.3605232867570394 -0.22763731260109296 1.1286895192176205 0.6561716607333318 -0.48025344948061444 0.31591011916426154 -0.4888723478803585
18.04966425 1.3604799736261892 -0.22788234894385395 1.126617458191423 0.6558974734565123 -0.480331815972695 0.3160317361485799 -0.48908464770901494
18.054665 1.3603147541745195 -0.22808425668241067 1.124565399963897 0.6563078233429808 -0.4802388937844437 0.3152963738470208 -0.4891000332799133
18.05966425 1.360439469606386 -0.2281362609023604 1.1228934579619732 0.6566155844144359 -0.47969079284910754 0.31508750087014065 -0.4893593611603773
18.06466425 1.3599882075011223 -0.22838014486342384 1.1206118789819755 0.6568325407698753 -0.479936322288509 0.3142575595603663 -0.48936114086953547
18.0696655 1.3601448930158613 -0.22851461298931944 1.1189721143731255 0.6575599285160647 -0.4790890938638401 0.31413440867502146 -0.48929352523517744
18.07466425 1.3598811066056786 -0.22859816732056146 1.116893636931509 0.657856833996065 -0.4794396702347102 0.3132574317693362 -0.4891132486563676
18.07966425 1.3596739480984787 -0.22882251277116417 1.1149910629978834 0.6586678915794064 -0.47895336892481843 0.3127266360925834 -0.4888377338914449
18.08466325 1.359461782235272 -0.22894306869548597 1.1131288130793768 0.6587320009407712 -0.47869549162701713 0.3124124607747886 -0.48920469293045143
18.08966325 1.3593028216996588 -0.22901936481371105 1.1112293383343346 0.6590795807800769 -0.47853771942817686 0.31177281345103336 -0.4892989577712839
18.094665 1.3590712293262708 -0.22911801797749112 1.109397356878692 0.6595706133776554 -0.47816959767566236 0.3112679347834889 -0.4893186227837037
18.09966775 1.3587291999262445 -0.22912549297036 1.1074287753313392 0.6586351075898569 -0.4795911452309126 0.3104713026992546 -0.48969347419220044
18.10466975 1.357811228595197 -0.22944539299386457 1.105120970751085 0.661848108499545 -0.47844853521738784 0.3084298050138549 -0.4877654516291881
18.10966825 1.3575937092262007 -0.2297102517187866 1.1036731148875574 0.6602458516973899 -0.479976869898686 0.3086179835702001 -0.48831604509345355
18.11466625 1.3579850241200435 -0.22934147598521762 1.1022580567702676 0.660415032754296 -0.4787740225144467 0.30825488287747976 -0.48949601332357084
18.11966525 1.357718344231993 -0.22935915417015434 1.1005154495924656 0.660118470235888 -0.4787367388657868 0.30758987137127136 -0.4903500903878649
18.124663 1.3568292696036026 -0.22991510121852182 1.0985237501367475 0.6617149603755434 -0.47851824570820417 0.306945403894178 -0.48881296910758787
18.129663 1.357175432993213 -0.22940713116055236 1.0972492133264684 0.6611426349801327 -0.47858490700566114 0.3062642724777581 -0.48994805684029324
18.134666 1.3562978494899254 -0.2300285959378125 1.0953107806687452 0.662027831437419 -0.47860372432689713 0.30611612344080685 -0.4888256789820522
18.13966725 1.3563308050545566 -0.2297729274558257 1.0938087001230095 0.6610944068431154 -0.47891674654900074 0.30546975397068993 -0.4901848269018083
18.144666 1.3555198015244982 -0.22988726603185125 1.092332502661316 0.6630543280698038 -0.4786062411902569 0.30367257627499794 -0.4889560208650059
18.1496655 1.3555628432373923 -0.22996045527372608 1.0909366978544168 0.6625671642603413 -0.4783085691092954 0.30460235834038346 -0.4893292029443011
18.154668 1.3550500103681036 -0.22985674690564603 1.089607115939246 0.6635246926575875 -0.47865117084507497 0.3028048512766767 -0.4888120916319508
18.15966975 1.3549392113935566 -0.22979741688599453 1.0880962267536995 0.6627278452760413 -0.47835126287241947 0.30325322793779474 -0.48990749346120915
18.16467075 1.3554969623603468 -0.22942461455972896 1.0870136693144232 0.662358243972851 -0.4771522741828124 0.30406100483565784 -0.4910745047563571
18.16967275 1.3552384806032733 -0.2293027230326476 1.085805095109314 0.6627465431271878 -0.4772143145365697 0.303089788905066 -0.49109072220500855
18.1746715 1.3546432104710986 -0.22968963060902536 1.0844450356407815 0.664365616148515 -0.47657386185084877 0.3025923791795395 -0.4898301076318583
18.179671 1.3545984626629697 -0.22913089751696095 1.083181978095116 0.6629617011383692 -0.4772575480115364 0.3015207484689408 -0.491723757746629
18.18467 1.354469777174932 -0.22916968202354523 1.0820348213307567 0.662888391221357 -0.4771434606590711 0.30220142651929793 -0.4915154082467282
18.18966825 1.3543258804335105 -0.22913346448236827 1.080930175627974 0.6632196742837794 -0.4768638079881678 0.30148289299696396 -0.4917810869727733
18.1946685 1.3532295614179095 -0.22947835845630016 1.0793415351580173 0.6640024045094576 -0.47767692126354505 0.30031641399721803 -0.49064816027545766
18.19966825 1.3529576642659709 -0.22945383881573225 1.0784275433850332 0.6641983324856388 -0.4775042201943191 0.30027940802420483 -0.49057371712775755
18.20466925 1.3534386152508784 -0.2289051682676913 1.0778309813314415 0.6633943223271145 -0.47700129723545875 0.30037495066298947 -0.4920900573615002
18.20966825 1.3525561686150973 -0.22925883270423686 1.0765306480465637 0.6637678718816847 -0.4773315040516335 0.30015411235150424 -0.49140040327206236
18.214668 1.3521892624143672 -0.229125