1643042032.497798 -0.000000 -0.000000 -0.000000 -0.000000 -0.000000 -0.000000 1.000000
1643042032.597797 0.008200 -0.001109 0.082895 -0.000727 0.005790 0.000028 0.999983
1643042032.697796 0.021591 0.004735 0.159867 -0.001217 0.011821 -0.000971 0.999929
1643042033.797795 0.163383 0.055852 0.955634 0.000341 0.036321 -0.001161 0.999339
1643042033.897799 0.177972 0.060902 1.027784 -0.000557 0.046125 -0.000433 0.998935
1643042033.997794 0.197093 0.070122 1.088483 -0.002081 0.053460 -0.001327 0.998567
1643042034.197794 0.218879 0.076480 1.252502 -0.002452 0.055622 0.002582 0.998446
1643042034.297794 0.233958 0.082781 1.354951 -0.004330 0.051603 0.001781 0.998657
1643042034.397794 0.255739 0.087161 1.371661 -0.001394 0.044534 0.003928 0.998999
1643042034.497794 0.230028 0.106020 1.459749 -0.000412 0.044465 0.006000 0.998993
1643042035.197804 0.291480 0.153218 2.013485 0.003646 -0.013683 0.013443 0.999809
1643042035.297797 0.304314 0.154512 2.097140 0.003775 -0.028940 0.012723 0.999493
1643042035.397796 0.305274 0.164243 2.172877 0.006827 -0.043770 0.013119 0.998932
1643042035.597793 0.305082 0.169339 2.334639 0.009196 -0.080440 0.013266 0.996629
1643042035.697793 0.297603 0.175798 2.415945 0.012215 -0.103244 0.016066 0.994451
1643042035.797794 0.286698 0.171384 2.502090 0.011604 -0.128245 0.016782 0.991533
1643042035.997792 0.252545 0.174666 2.664467 0.014087 -0.179646 0.018085 0.983464
1643042036.097792 0.231387 0.176283 2.737493 0.012605 -0.206066 0.019691 0.978259
1643042036.197792 0.200398 0.181278 2.819495 0.015853 -0.233369 0.019398 0.972065
1643042036.397792 0.138301 0.186281 2.950000 0.017083 -0.294001 0.021158 0.955418
1643042036.497792 0.092630 0.182126 3.022488 0.016548 -0.322764 0.021513 0.946090
1643042036.597792 0.047844 0.182953 3.085728 0.017541 -0.352094 0.022693 0.935525
1643042036.797792 -0.047429 0.182013 3.195998 0.016872 -0.410408 0.025446 0.911391
1643042036.897792 -0.097608 0.184722 3.247343 0.017855 -0.437861 0.026953 0.898461
1643042036.997791 -0.158125 0.181195 3.299115 0.017331 -0.465249 0.027425 0.884585
1643042037.197791 -0.280147 0.178579 3.389263 0.017096 -0.515322 0.028736 0.856344
1643042037.597791 -0.548026 0.171580 3.538454 0.020299 -0.571619 0.032698 0.819616
1643042037.697791 -0.617989 0.170703 3.572413 0.019565 -0.574539 0.033595 0.817553
1643042037.797791 -0.684385 0.171997 3.599865 0.022480 -0.576227 0.034171 0.816265
1643042037.997792 -0.824447 0.172511 3.665180 0.023572 -0.580800 0.032658 0.813049
1643042038.097790 -0.906850 0.169344 3.704776 0.019320 -0.582409 0.032612 0.812011
1643042038.197790 -0.976776 0.173486 3.724303 0.024522 -0.583333 0.035978 0.811066
1643042038.397790 -1.111065 0.177844 3.783541 0.023275 -0.583127 0.033861 0.811341
1643042038.497790 -1.190113 0.166567 3.826455 0.026001 -0.584581 0.032754 0.810257
1643042038.597790 -1.286904 0.162414 3.849809 0.017173 -0.602472 0.031024 0.797352
1643042038.797790 -1.416495 0.153346 3.916411 0.023751 -0.631131 0.035851 0.774483
1643042038.897790 -1.503565 0.152166 3.937625 0.025512 -0.607947 0.036515 0.792727
1643042038.997790 -1.588337 0.140466 3.993588 0.024647 -0.597523 0.034836 0.800716
1643042039.097790 -1.662316 0.145828 4.032566 0.027992 -0.591903 0.035379 0.804745
1643042039.197789 -1.746397 0.140017 4.082024 0.025713 -0.594128 0.035497 0.803175
1643042039.397790 -1.908056 0.130511 4.162515 0.025864 -0.605251 0.037633 0.794724
1643042039.497789 -1.997848 0.130149 4.205649 0.024584 -0.608052 0.036604 0.792672
1643042039.597795 -2.081082 0.130103 4.237745 0.024344 -0.608741 0.037090 0.792128
1643042039.697795 -2.159929 0.136659 4.278064 0.025168 -0.610035 0.037160 0.791103
1643042039.797789 -2.245022 0.131228 4.316240 0.022107 -0.612308 0.036178 0.789482
1643042039.897796 -2.332476 0.128313 4.360281 0.022727 -0.616565 0.036621 0.786124
1643042039.997789 -2.419866 0.123025 4.402856 0.023999 -0.621229 0.037422 0.782367
1643042040.197788 -2.591621 0.118638 4.480263 0.025556 -0.629635 0.037905 0.775545
1643042040.297788 -2.678898 0.120266 4.520975 0.025021 -0.635126 0.038226 0.771056
1643042040.397788 -2.758135 0.117577 4.550586 0.026121 -0.639269 0.039539 0.767522
1643042040.497789 -2.852565 0.120578 4.592952 0.025089 -0.642475 0.039619 0.764870
1643042040.597790 -2.938496 0.120902 4.630676 0.024976 -0.642807 0.038404 0.764657
1643042040.697791 -3.022726 0.121279 4.671115 0.024845 -0.641662 0.038598 0.765613
1643042040.797789 -3.111832 0.112533 4.713991 0.024402 -0.640741 0.038123 0.766421
1643042040.897789 -3.201857 0.114069 4.757205 0.024290 -0.638061 0.037908 0.768669
1643042040.997788 -3.291396 0.112372 4.795580 0.023420 -0.633705 0.035744 0.772394
1643042041.197787 -3.459477 0.106641 4.875854 0.023442 -0.633848 0.034705 0.772323
1643042041.297788 -3.543271 0.098249 4.907860 0.021517 -0.633661 0.033757 0.772574
1643042041.397787 -3.622210 0.101344 4.939925 0.023357 -0.633213 0.034152 0.772871
1643042041.497787 -3.717328 0.092005 4.984602 0.022830 -0.633783 0.033517 0.772447
1643042041.597788 -3.794071 0.095687 5.011446 0.025368 -0.634124 0.035800 0.771985
1643042041.797789 -3.954407 0.088573 5.089266 0.024118 -0.631302 0.037987 0.774231
1643042041.897790 -4.046310 0.088763 5.135211 0.022432 -0.627724 0.037241 0.777221
1643042041.997787 -4.130669 0.084863 5.170610 0.021095 -0.621563 0.036074 0.782249
1643042042.097787 -4.213645 0.085902 5.210149 0.021538 -0.614142 0.035227 0.788115
1643042042.197787 -4.294446 0.082088 5.247836 0.020851 -0.605341 0.035340 0.794908
1643042042.297786 -4.376687 0.074849 5.294843 0.020306 -0.594912 0.034115 0.802810
1643042042.397786 -4.455574 0.078912 5.336062 0.019493 -0.584546 0.033545 0.810433
1643042042.597786 -4.598081 0.078700 5.425466 0.021634 -0.561392 0.035301 0.826513
1643042042.697786 -4.675239 0.080886 5.482550 0.022060 -0.545208 0.034131 0.837315
1643042042.797786 -4.736781 0.081321 5.540856 0.021154 -0.528766 0.035420 0.847765
1643042042.897786 -4.803727 0.076108 5.601560 0.021217 -0.508395 0.034269 0.860180
1643042042.997786 -4.870233 0.080265 5.669630 0.019867 -0.489756 0.033971 0.870971
1643042043.097786 -4.925118 0.081427 5.738065 0.019725 -0.470603 0.033465 0.881490
1643042043.197786 -4.981329 0.085559 5.807961 0.019360 -0.447262 0.032888 0.893588
1643042043.397785 -5.079904 0.085688 5.967752 0.017774 -0.397467 0.028453 0.917003
1643042043.497785 -5.121434 0.087849 6.044055 0.015717 -0.370547 0.027001 0.928288
1643042043.597785 -5.154811 0.090396 6.122290 0.015545 -0.344532 0.025538 0.938298
1643042043.697785 -5.192181 0.084331 6.229166 0.013925 -0.320151 0.024083 0.946958
1643042043.797785 -5.218183 0.085671 6.315591 0.012874 -0.298056 0.023632 0.954169
1643042043.897785 -5.241106 0.086226 6.402491 0.012810 -0.277128 0.024063 0.960446
1643042043.997785 -5.261533 0.093512 6.491866 0.012684 -0.256123 0.022371 0.966302
1643042044.197785 -5.285477 0.099958 6.660477 0.012926 -0.210873 0.021641 0.977188
1643042044.297785 -5.291255 0.108857 6.763509 0.013019 -0.185676 0.019119 0.982339
1643042044.397784 -5.287111 0.111240 6.849052 0.012519 -0.161314 0.018340 0.986653
1643042044.497784 -5.284409 0.117080 6.939803 0.013061 -0.131631 0.015726 0.991088
1643042044.597784 -5.270825 0.123993 7.022834 0.013501 -0.100505 0.013154 0.994758
1643042044.697784 -5.256219 0.127405 7.111973 0.012365 -0.068101 0.012223 0.997527
1643042044.797784 -5.240890 0.131445 7.201560 0.012053 -0.037576 0.010274 0.999168
1643042045.197784 -5.117656 0.142905 7.537913 0.008817 0.054059 0.008077 0.998466
1643042045.397783 -5.029964 0.148360 7.697592 0.005562 0.101149 0.005777 0.994839
1643042045.497783 -4.975694 0.151767 7.770722 0.005100 0.124864 0.005583 0.992145
1643042045.597783 -4.917660 0.158004 7.844763 0.002801 0.152740 0.003699 0.988256
1643042045.697783 -4.864508 0.161190 7.911520 0.002559 0.179368 0.002467 0.983776
1643042045.797783 -4.805890 0.168435 7.979962 -0.000460 0.207201 0.002194 0.978296
1643042045.897783 -4.750524 0.174578 8.041800 -0.001264 0.232923 -0.000413 0.972494
1643042045.997783 -4.692388 0.180709 8.104748 -0.002597 0.255956 -0.001044 0.966685
1643042046.097783 -4.632343 0.186096 8.165574 -0.002187 0.276401 -0.002894 0.961035
1643042046.197784 -4.566066 0.191498 8.221142 -0.002035 0.294929 -0.004964 0.955504
1643042046.297783 -4.500663 0.199109 8.271916 -0.002456 0.313070 -0.005647 0.949710
1643042046.397783 -4.428988 0.198296 8.322943 -0.001587 0.332662 -0.006659 0.943021
1643042046.497782 -4.360772 0.204775 8.370028 -0.001262 0.352988 -0.008670 0.935587
1643042046.597782 -4.281992 0.205879 8.419096 -0.003467 0.374013 -0.009105 0.927372
1643042046.697782 -4.208343 0.210211 8.463696 -0.002628 0.393985 -0.008193 0.919077
1643042046.797783 -4.134280 0.217509 8.502963 -0.003399 0.415583 -0.011042 0.909482
1643042046.897782 -4.053818 0.220575 8.542866 -0.003967 0.434305 -0.013077 0.900662
1643042046.997782 -3.975996 0.223894 8.574411 -0.003470 0.452144 -0.016377 0.891788
1643042047.097782 -3.901937 0.237156 8.616844 -0.003618 0.470025 -0.016448 0.882493
1643042047.197782 -3.817929 0.238443 8.649263 -0.004669 0.482970 -0.017878 0.875442
1643042047.297783 -3.738198 0.240516 8.673621 -0.003133 0.492043 -0.017858 0.870382
1643042047.397782 -3.650700 0.245213 8.696000 -0.004962 0.504761 -0.017922 0.863059
1643042047.497781 -3.555383 0.246954 8.717736 -0.006256 0.517902 -0.016828 0.855251
1643042047.597781 -3.468870 0.247331 8.731103 -0.006931 0.529352 -0.017363 0.848196
1643042047.697781 -3.376359 0.252432 8.753194 -0.007423 0.541853 -0.016126 0.840286
1643042047.797781 -3.291360 0.253253 8.765714 -0.009715 0.553917 -0.017218 0.832337
1643042047.897781 -3.203970 0.254431 8.780945 -0.009288 0.564464 -0.016475 0.825241
1643042047.997781 -3.122719 0.263628 8.790313 -0.009220 0.573441 -0.019037 0.818974
1643042048.097782 -3.046587 0.268683 8.799049 -0.009657 0.581049 -0.018796 0.813594
1643042048.197783 -2.959476 0.263037 8.809463 -0.009777 0.586973 -0.018210 0.809343
1643042048.297785 -2.883848 0.274387 8.811031 -0.008777 0.593449 -0.021924 0.804525
1643042048.397782 -2.791086 0.267954 8.812596 -0.010270 0.600926 -0.020931 0.798964
1643042048.497783 -2.703656 0.273180 8.815590 -0.009065 0.608524 -0.020889 0.793209
1643042048.597781 -2.620039 0.267029 8.819788 -0.010112 0.615782 -0.020858 0.787575
1643042048.697780 -2.535291 0.270741 8.821918 -0.012411 0.621704 -0.021057 0.782871
1643042048.797780 -2.454207 0.276537 8.821823 -0.011434 0.624574 -0.022549 0.780556
1643042048.897781 -2.365812 0.272698 8.827630 -0.011726 0.626117 -0.022173 0.779326
1643042048.997780 -2.282858 0.276866 8.830510 -0.012445 0.627187 -0.024037 0.778399
1643042049.097783 -2.196169 0.275925 8.837588 -0.013623 0.626556 -0.022071 0.778945
1643042049.197780 -2.105052 0.280438 8.841782 -0.012402 0.622863 -0.021450 0.781938
1643042049.297780 -2.023388 0.286393 8.843239 -0.012305 0.617450 -0.022213 0.786201
1643042049.397781 -1.941923 0.284047 8.848502 -0.012093 0.613773 -0.020936 0.789112
1643042049.497781 -1.851878 0.283499 8.851089 -0.013304 0.610690 -0.019135 0.791527
1643042049.597779 -1.769800 0.284963 8.854154 -0.014028 0.609459 -0.017732 0.792495
1643042049.697780 -1.681874 0.291248 8.859506 -0.013395 0.608149 -0.016759 0.793533
1643042049.797780 -1.605234 0.297425 8.870635 -0.013259 0.606314 -0.019522 0.794875
1643042049.897780 -1.520144 0.304569 8.881397 -0.012418 0.602529 -0.019087 0.797772
1643042049.997779 -1.436738 0.299495 8.884350 -0.013714 0.599159 -0.018901 0.800289
1643042050.097782 -1.356612 0.309018 8.891199 -0.012998 0.595114 -0.018355 0.803327
1643042050.197784 -1.278708 0.315477 8.904222 -0.010836 0.593126 -0.019084 0.804811
1643042050.297780 -1.200793 0.328649 8.908195 -0.007983 0.590301 -0.019445 0.806909
1643042050.397781 -1.104130 0.333684 8.915594 -0.009446 0.594205 -0.019138 0.804030
1643042050.497779 -1.019038 0.335862 8.932957 -0.009761 0.599542 -0.018448 0.800071
1643042050.597779 -0.934720 0.342169 8.934058 -0.009758 0.601726 -0.019052 0.798416
1643042050.697783 -0.859195 0.335390 8.947151 -0.011236 0.602841 -0.017677 0.797586
1643042050.797783 -0.774370 0.345198 8.959530 -0.010645 0.599937 -0.018175 0.799770
1643042050.897778 -0.695218 0.357152 8.977118 -0.008320 0.596794 -0.019259 0.802120
1643042050.997778 -0.613628 0.365321 8.988521 -0.008271 0.593768 -0.019477 0.804358
1643042051.097778 -0.536610 0.374697 9.000587 -0.008025 0.591923 -0.019679 0.805714
1643042051.197778 -0.451799 0.367750 9.004076 -0.008778 0.590252 -0.020551 0.806909
1643042051.297778 -0.374521 0.379928 9.015028 -0.006335 0.593576 -0.021077 0.804477
1643042051.397778 -0.295549 0.385609 9.022787 -0.004960 0.598519 -0.021771 0.800798
1643042051.497781 -0.202518 0.393498 9.020715 -0.007987 0.602657 -0.022496 0.797643
1643042051.597781 -0.115194 0.394445 9.024853 -0.007421 0.603534 -0.021365 0.797016
1643042051.697777 -0.027840 0.397732 9.026299 -0.008349 0.601570 -0.021226 0.798494
1643042051.797779 0.052777 0.394465 9.039887 -0.008069 0.599020 -0.021808 0.800396
1643042051.897777 0.134584 0.403135 9.054889 -0.009061 0.596801 -0.020820 0.802068
1643042051.997778 0.218650 0.407077 9.062509 -0.008502 0.592862 -0.020543 0.804997
1643042052.097777 0.302081 0.428566 9.100386 -0.006027 0.591806 -0.020670 0.805793
1643042052.197780 0.377401 0.433466 9.112129 -0.004182 0.588485 -0.022415 0.808187
1643042052.297779 0.459383 0.438246 9.122308 -0.004339 0.586335 -0.021686 0.809766
1643042052.397777 0.538340 0.441180 9.136311 -0.003202 0.587722 -0.022440 0.808745
1643042052.497778 0.621169 0.450337 9.138364 -0.002575 0.589220 -0.023670 0.807622
1643042052.597781 0.705987 0.458154 9.146849 -0.001243 0.590875 -0.023256 0.806427
1643042052.697784 0.802050 0.469814 9.137653 -0.000830 0.588089 -0.024972 0.808411
1643042052.797780 0.883976 0.475346 9.143887 0.000356 0.586629 -0.025713 0.809448
1643042052.897781 0.960910 0.477982 9.151549 0.000928 0.585990 -0.025607 0.809913
1643042052.997776 1.050704 0.475671 9.165306 -0.001739 0.587517 -0.024740 0.808831
1643042053.097783 1.129045 0.491820 9.169183 -0.000083 0.588293 -0.026192 0.808224
1643042053.197776 1.217041 0.503210 9.184240 0.001554 0.590178 -0.027143 0.806815
1643042053.297782 1.299261 0.519674 9.182584 0.003903 0.591641 -0.029935 0.805636
1643042053.397778 1.395879 0.487667 9.211866 -0.001912 0.597938 -0.026574 0.801099
1643042053.497784 1.476614 0.514542 9.201881 0.001632 0.597364 -0.028657 0.801457
1643042053.597777 1.561989 0.514545 9.215654 0.001736 0.598933 -0.029564 0.800251
1643042053.697776 1.644368 0.504925 9.253407 0.000489 0.602485 -0.026480 0.797690
1643042053.797775 1.729306 0.513385 9.268477 0.001042 0.602089 -0.028000 0.797938
1643042053.897775 1.813879 0.524986 9.274952 0.002722 0.598973 -0.028124 0.800271
1643042053.997775 1.902111 0.527446 9.281208 0.003172 0.594823 -0.029054 0.803325
1643042054.097775 1.980498 0.521286 9.302494 0.002249 0.592539 -0.027291 0.805076
1643042054.197775 2.075025 0.525732 9.312635 0.000936 0.588310 -0.028326 0.808139
1643042054.297775 2.156288 0.518205 9.339057 0.002248 0.589172 -0.025866 0.807591
1643042054.397778 2.242419 0.518430 9.353758 0.002930 0.589352 -0.024831 0.807489
1643042054.497776 2.329347 0.513927 9.363270 0.001411 0.589667 -0.023040 0.807317
1643042054.597776 2.412592 0.518384 9.380746 0.001834 0.591534 -0.022720 0.805957
1643042054.697778 2.528893 0.520652 9.462283 0.003645 0.603324 -0.020939 0.797213
1643042054.797775 2.613424 0.526680 9.475472 0.006308 0.606029 -0.021248 0.795134
1643042054.897775 2.700140 0.519867 9.485071 0.002666 0.608923 -0.018772 0.793003
1643042054.997774 2.788043 0.526901 9.482353 0.002279 0.609460 -0.020334 0.792553
1643042055.097778 2.865962 0.549836 9.522399 0.011195 0.620651 -0.022181 0.783693
1643042055.197775 2.948812 0.551597 9.531383 0.011932 0.628555 -0.021731 0.777370
1643042055.297774 3.033704 0.551571 9.533312 0.010326 0.637631 -0.023352 0.769918
1643042055.397774 3.102643 0.587268 9.544056 0.022229 0.647225 -0.024016 0.761596
1643042055.497774 3.183631 0.579337 9.544205 0.020827 0.654973 -0.023393 0.755003
1643042055.597774 3.266366 0.580884 9.545631 0.020435 0.661376 -0.024764 0.749367
1643042055.697774 3.319257 0.592621 9.543591 0.026411 0.663583 -0.026706 0.747159
1643042055.797774 3.397742 0.589312 9.541896 0.026643 0.664961 -0.027301 0.745903
1643042055.897773 3.478693 0.589067 9.542957 0.026793 0.667140 -0.027235 0.743952
1643042055.997774 3.533733 0.598850 9.546241 0.035417 0.666337 -0.028799 0.744253
1643042056.097773 3.608256 0.597009 9.542209 0.037008 0.667228 -0.030045 0.743327
1643042056.197773 3.657022 0.595906 9.529694 0.036153 0.665994 -0.029628 0.744491
1643042056.297773 3.729612 0.591837 9.529297 0.037992 0.668848 -0.032636 0.741710
1643042056.397774 3.787309 0.585896 9.525614 0.038210 0.664586 -0.031687 0.745561
1643042056.497774 3.861479 0.584673 9.526274 0.037277 0.661148 -0.031551 0.748664
1643042056.597776 3.915982 0.587850 9.524281 0.037444 0.657139 -0.033375 0.752099
1643042056.697774 3.976447 0.579006 9.521307 0.035597 0.652655 -0.032307 0.756128
1643042056.797774 4.059756 0.575529 9.536243 0.038777 0.655385 -0.028352 0.753766
1643042056.897773 4.109394 0.559319 9.514973 0.037848 0.657782 -0.027023 0.751771
1643042056.997773 4.193278 0.558295 9.521720 0.037469 0.623026 -0.024922 0.780906
1643042057.097773 4.256550 0.551167 9.527096 0.034980 0.608356 -0.027195 0.792427
1643042057.197779 4.308946 0.559036 9.509882 0.035623 0.599243 -0.034850 0.799015
1643042057.297772 4.370825 0.564317 9.518358 0.036892 0.594459 -0.035655 0.802487
1643042057.397775 4.456393 0.520520 9.527466 0.032170 0.588144 -0.026104 0.807695
1643042057.497773 4.531387 0.505568 9.531594 0.032569 0.580217 -0.024050 0.813455
1643042057.597807 4.585139 0.509795 9.539655 0.033567 0.571536 -0.023701 0.819547
1643042057.697777 4.642093 0.519006 9.534355 0.033693 0.555652 -0.024618 0.830367
1643042057.797772 4.742970 0.496135 9.578216 0.033240 0.540083 -0.021696 0.840675
1643042057.897772 4.798609 0.489315 9.588051 0.033776 0.522530 -0.019803 0.851721
1643042057.997771 4.852306 0.505387 9.607844 0.034701 0.506243 -0.021366 0.861427
1643042058.097771 4.905549 0.499923 9.621437 0.033002 0.489205 -0.020076 0.871313
1643042058.197772 4.975229 0.488986 9.654465 0.032559 0.473410 -0.019498 0.880024
1643042058.297771 5.028566 0.487071 9.676128 0.033136 0.455570 -0.020755 0.889341
1643042058.397772 5.083179 0.488467 9.705248 0.032519 0.436844 -0.020343 0.898719
1643042058.497774 5.143787 0.484682 9.739397 0.032315 0.416268 -0.017938 0.908490
1643042058.597771 5.196980 0.477357 9.774490 0.031611 0.392072 -0.017341 0.919228
1643042058.697773 5.244366 0.473207 9.809080 0.032785 0.366653 -0.016213 0.929638
1643042058.797772 5.293022 0.471097 9.852072 0.033382 0.340088 -0.015704 0.939670
1643042058.897771 5.338080 0.473338 9.894873 0.034309 0.313398 -0.014724 0.948888
1643042058.997771 5.380189 0.473328 9.936995 0.035945 0.286739 -0.014714 0.957221
1643042059.097773 5.422704 0.469170 9.988466 0.037275 0.260387 -0.015015 0.964668
1643042059.197770 5.457527 0.468786 10.036674 0.037877 0.233506 -0.014420 0.971510
1643042059.297770 5.486415 0.469309 10.090205 0.038141 0.204308 -0.014377 0.978058
1643042059.397771 5.517636 0.466328 10.150114 0.038172 0.172172 -0.013506 0.984234
1643042059.497770 5.540800 0.464962 10.209161 0.037406 0.136658 -0.012788 0.989829
1643042059.597770 5.555562 0.468037 10.273700 0.037672 0.098266 -0.010719 0.994389
1643042059.697770 5.564784 0.464926 10.333327 0.037648 0.059959 -0.011457 0.997425
1643042059.797770 5.572555 0.458734 10.393064 0.033292 0.019578 -0.011357 0.999189
1643042059.897770 5.577001 0.459365 10.452444 0.033389 -0.021604 -0.010219 0.999157
1643042059.997770 5.570782 0.455725 10.516266 0.030999 -0.061337 -0.009612 0.997589
1643042060.097769 5.559916 0.452674 10.570569 0.032248 -0.100183 -0.010449 0.994391
1643042060.197769 5.547906 0.452489 10.624897 0.030652 -0.138790 -0.011150 0.989784
1643042060.297769 5.531392 0.450648 10.678930 0.029558 -0.179041 -0.010873 0.983338
1643042060.397769 5.510420 0.454602 10.735071 0.030932 -0.221538 -0.010043 0.974609
1643042060.497769 5.481902 0.455028 10.785365 0.031127 -0.265778 -0.007683 0.963501
1643042060.597769 5.454724 0.453110 10.826915 0.029998 -0.312180 -0.006930 0.949524
1643042060.697769 5.421549 0.453830 10.870629 0.030251 -0.356945 -0.006633 0.933612
1643042060.797769 5.380659 0.443528 10.910740 0.025560 -0.396986 -0.004944 0.917455
1643042060.897769 5.342158 0.445815 10.949317 0.025314 -0.435148 -0.003057 0.899998
1643042060.997769 5.290070 0.447596 10.987608 0.024011 -0.465798 -0.000691 0.884565
1643042061.097770 5.243304 0.450532 11.021873 0.024172 -0.490990 -0.000802 0.870829
1643042061.197768 5.190187 0.449580 11.056785 0.023651 -0.509912 -0.000459 0.859901
1643042061.297768 5.124186 0.449944 11.097002 0.023741 -0.528441 0.002195 0.848635
1643042061.397768 5.067741 0.449394 11.129917 0.023698 -0.546233 0.001953 0.837296
1643042061.497768 5.010596 0.451124 11.162818 0.024050 -0.565175 0.002333 0.824617
1643042061.597769 4.938870 0.450423 11.186520 0.024385 -0.581522 0.002127 0.813162
1643042061.697768 4.872183 0.451504 11.210549 0.024573 -0.597590 0.003578 0.801418
1643042061.797773 4.801876 0.452136 11.233002 0.025177 -0.611461 0.004323 0.790862
1643042061.897768 4.726381 0.452443 11.258495 0.024879 -0.622875 0.002934 0.781920
1643042061.997774 4.648073 0.452003 11.279197 0.024704 -0.631654 0.003217 0.774850
1643042062.097771 4.572202 0.453510 11.297808 0.027007 -0.638857 0.003719 0.768843
1643042062.197767 4.491583 0.452829 11.320701 0.026741 -0.643652 0.005043 0.764834
1643042062.297775 4.414996 0.454420 11.347647 0.027074 -0.645135 0.007044 0.763557
1643042062.397767 4.319647 0.452058 11.365664 0.026531 -0.644943 0.004972 0.763754
1643042062.497769 4.239992 0.451244 11.382901 0.025722 -0.645341 0.003436 0.763454
1643042062.597771 4.159117 0.452567 11.401371 0.025587 -0.646387 0.002513 0.762576
1643042062.697767 4.069764 0.454620 11.424398 0.026119 -0.646824 0.002504 0.762188
1643042062.797773 3.984481 0.454692 11.443651 0.025868 -0.646021 0.000645 0.762881
1643042062.897771 3.902881 0.457687 11.465352 0.024220 -0.645318 0.000279 0.763530
1643042062.997767 3.824657 0.458724 11.490201 0.024244 -0.645941 0.000262 0.763002
1643042063.097767 3.739085 0.463438 11.511064 0.024849 -0.644849 0.000935 0.763905
1643042063.197767 3.657431 0.462661 11.530156 0.025070 -0.643748 0.000678 0.764827
1643042063.297766 3.572001 0.458905 11.552883 0.022257 -0.644074 -0.000986 0.764638
1643042063.397766 3.482121 0.465369 11.571754 0.022790 -0.646105 0.000940 0.762908
1643042063.497770 3.395171 0.466543 11.592604 0.022517 -0.651332 0.001902 0.758457
1643042063.597767 3.315466 0.467874 11.612341 0.023467 -0.657990 0.000188 0.752661
1643042063.697767 3.229030 0.470037 11.632663 0.021879 -0.661079 0.001887 0.749995
1643042063.797770 3.132106 0.470900 11.646778 0.021186 -0.659442 0.001364 0.751456
1643042063.897766 3.051072 0.470123 11.671282 0.020445 -0.659395 0.001266 0.751518
1643042063.997766 2.969010 0.474596 11.690850 0.023254 -0.658887 0.002120 0.751879
1643042064.097766 2.878153 0.473986 11.711075 0.022515 -0.657318 0.000948 0.753277
1643042064.197766 2.790694 0.476861 11.734192 0.021321 -0.657022 0.001095 0.753569
1643042064.297765 2.703618 0.479023 11.761458 0.020214 -0.657124 0.001268 0.753510
1643042064.397765 2.615395 0.477752 11.784210 0.018269 -0.656406 0.002567 0.754182
1643042064.497765 2.529755 0.476871 11.808818 0.020119 -0.655720 0.001334 0.754735
1643042064.597768 2.441222 0.477508 11.833153 0.020779 -0.654613 0.000250 0.755678
1643042064.697765 2.354752 0.483438 11.853992 0.020937 -0.653062 0.003591 0.757006
1643042064.797765 2.275088 0.483503 11.877751 0.021571 -0.653554 0.004862 0.756557
1643042064.897767 2.186124 0.483710 11.905199 0.022534 -0.655747 0.005614 0.754624
1643042064.997766 2.100079 0.485728 11.934321 0.024479 -0.659025 0.005879 0.751700
1643042065.097765 2.013005 0.485342 11.963171 0.024803 -0.660034 0.005899 0.750803
1643042065.197765 1.918531 0.484321 11.993151 0.023514 -0.659329 0.005057 0.751470
1643042065.297764 1.834825 0.485042 12.030637 0.023384 -0.658626 0.006195 0.752081
1643042065.397766 1.753532 0.486902 12.058512 0.018410 -0.656770 0.003678 0.753857
1643042065.497764 1.653242 0.482598 12.089734 0.020607 -0.654374 0.002915 0.755885
1643042065.597764 1.576599 0.491781 12.120372 0.018976 -0.656673 0.005417 0.753917
1643042065.697765 1.483828 0.491058 12.146424 0.014071 -0.660625 0.003795 0.750575
1643042065.797764 1.401242 0.493776 12.170875 0.015055 -0.665176 0.003662 0.746526
1643042065.897764 1.318761 0.497162 12.209241 0.016176 -0.667983 0.005422 0.743981
1643042065.997773 1.214499 0.497702 12.244228 0.002456 -0.680840 0.004920 0.732412
1643042066.097764 1.139611 0.500543 12.259281 0.018678 -0.672773 0.004265 0.739601
1643042066.197764 1.048238 0.505277 12.286689 0.020229 -0.671878 0.007213 0.740351
1643042066.297764 0.961860 0.506867 12.317370 0.022321 -0.673131 0.005746 0.739164
1643042066.397767 0.867118 0.507587 12.346650 0.023201 -0.677113 0.006837 0.735481
1643042066.497763 0.772618 0.509179 12.377620 0.022367 -0.678822 0.007237 0.733926
1643042066.597764 0.677893 0.512009 12.413720 0.022982 -0.679169 0.007994 0.733579
1643042066.697764 0.582409 0.514215 12.439731 0.020196 -0.678363 0.008320 0.734402
1643042066.797769 0.486345 0.511432 12.477121 0.020616 -0.679224 0.009433 0.733581
1643042066.897763 0.392089 0.514526 12.511298 0.020774 -0.681118 0.010524 0.731803
1643042066.997763 0.296844 0.517452 12.538213 0.019966 -0.683811 0.011274 0.729299
1643042067.097763 0.205614 0.519773 12.571528 0.020466 -0.685908 0.011643 0.727308
1643042067.197763 0.119551 0.523289 12.601660 0.020302 -0.686812 0.012407 0.726445
1643042067.297763 0.022210 0.536870 12.631639 0.020704 -0.684975 0.011626 0.728180
1643042067.397762 -0.073045 0.542662 12.664583 0.021022 -0.683346 0.010187 0.729721
1643042067.497762 -0.166370 0.542300 12.690096 0.019595 -0.682291 0.010994 0.730735
1643042067.597763 -0.255007 0.546457 12.718248 0.021738 -0.681962 0.010529 0.730989
1643042067.697762 -0.358372 0.544032 12.744996 0.023194 -0.678481 0.010105 0.734183
1643042067.797762 -0.451644 0.544050 12.778509 0.021831 -0.675549 0.009594 0.736929
1643042067.897762 -0.545465 0.547035 12.811129 0.020667 -0.672039 0.010109 0.740158
1643042067.997763 -0.634191 0.545994 12.847952 0.022198 -0.668243 0.010026 0.743544
1643042068.097762 -0.724428 0.548711 12.881072 0.021253 -0.662344 0.010395 0.748826
1643042068.197764 -0.813415 0.549221 12.916153 0.023435 -0.655097 0.007838 0.755141
1643042068.297762 -0.908986 0.551000 12.950722 0.022774 -0.645446 0.008042 0.763424
1643042068.397762 -1.000475 0.547986 12.991821 0.022788 -0.634506 0.006859 0.772552
1643042068.497761 -1.084926 0.549796 13.031288 0.023696 -0.624209 0.007285 0.780864
1643042068.597761 -1.170467 0.551842 13.072542 0.024534 -0.614742 0.006247 0.788322
1643042068.697761 -1.248719 0.551177 13.118759 0.024714 -0.606650 0.007650 0.794548
1643042068.797761 -1.334515 0.553028 13.167408 0.023680 -0.595677 0.006944 0.802845
1643042068.897761 -1.416400 0.555994 13.215221 0.023204 -0.583643 0.007316 0.811646
1643042068.997761 -1.493453 0.555726 13.268344 0.022378 -0.570743 0.006378 0.820799
1643042069.097761 -1.571604 0.557714 13.319462 0.024282 -0.555055 0.005242 0.831443
1643042069.197761 -1.647702 0.558674 13.375849 0.023832 -0.540260 0.005572 0.841142
1643042069.297761 -1.714794 0.562245 13.432871 0.022292 -0.523140 0.004372 0.851944
1643042069.397761 -1.792164 0.561329 13.496605 0.021614 -0.506774 0.005118 0.861793
1643042069.497760 -1.852964 0.560251 13.558411 0.025332 -0.488398 0.004713 0.872240
1643042069.597760 -1.919339 0.561779 13.622511 0.024300 -0.469327 0.002593 0.882686
1643042069.697760 -1.983974 0.562484 13.691548 0.024325 -0.449443 0.001493 0.892977
1643042069.797760 -2.040656 0.564876 13.760773 0.027393 -0.431524 0.002141 0.901683
1643042069.897760 -2.097185 0.570330 13.831824 0.029234 -0.417513 0.002721 0.908196
1643042069.997760 -2.153353 0.569611 13.904842 0.030859 -0.405771 0.001553 0.913452
1643042070.097760 -2.204235 0.571933 13.978298 0.031990 -0.396432 0.003053 0.917501
1643042070.197760 -2.254058 0.575998 14.053061 0.032026 -0.387148 0.002413 0.921458
1643042070.297760 -2.310321 0.572187 14.134201 0.030655 -0.377375 0.001522 0.925552
1643042070.397760 -2.357115 0.573150 14.210845 0.031549 -0.368932 0.001973 0.928919
1643042070.497760 -2.400842 0.576947 14.292764 0.030854 -0.361457 0.000966 0.931878
1643042070.597760 -2.449040 0.574218 14.384474 0.029951 -0.354702 -0.000720 0.934499
1643042070.697759 -2.496798 0.575374 14.467257 0.029163 -0.348669 -0.000620 0.936792
1643042070.797759 -2.543352 0.578761 14.552246 0.028215 -0.343520 -0.001380 0.938720
1643042070.897759 -2.586185 0.579531 14.635349 0.028306 -0.344478 -0.000704 0.938367
1643042070.997759 -2.625141 0.580916 14.714410 0.028556 -0.346187 0.000091 0.937731
1643042071.097759 -2.670752 0.579509 14.804428 0.027079 -0.346624 0.001047 0.937613
1643042071.197766 -2.711219 0.577022 14.893777 0.027928 -0.339719 -0.000560 0.940112
1643042071.297759 -2.740095 0.576118 14.978392 0.027655 -0.331665 0.000239 0.942992
1643042071.397759 -2.777249 0.579328 15.065939 0.027091 -0.327105 0.000651 0.944599
1643042071.497759 -2.813298 0.581529 15.149801 0.026309 -0.323306 0.001815 0.945927
1643042071.597758 -2.848760 0.574105 15.242132 0.026062 -0.320318 0.002724 0.946948
1643042071.697758 -2.874125 0.580302 15.332972 0.027509 -0.318807 0.004900 0.947408
1643042071.797758 -2.921262 0.584177 15.422242 0.027775 -0.313053 0.004971 0.949316
1643042071.897758 -2.955409 0.578329 15.513983 0.027060 -0.306697 0.002528 0.951419
1643042071.997758 -2.991907 0.577810 15.607629 0.026898 -0.296936 0.001508 0.954517
1643042072.097758 -3.023360 0.582466 15.702485 0.026330 -0.288014 0.001506 0.957263
1643042072.197758 -3.050148 0.585599 15.797832 0.025262 -0.278927 0.001611 0.959979
1643042072.297758 -3.073400 0.589854 15.893353 0.024946 -0.269856 0.001194 0.962577
1643042072.397758 -3.098688 0.589172 15.992661 0.023033 -0.261464 0.000980 0.964938
1643042072.497758 -3.124259 0.590757 16.093355 0.021552 -0.253150 0.000840 0.967187
1643042072.597758 -3.141704 0.588165 16.190191 0.022322 -0.245746 0.001084 0.969077
1643042072.697757 -3.165517 0.591112 16.284916 0.022171 -0.241678 0.002448 0.970100
1643042072.797758 -3.186242 0.592036 16.382347 0.024326 -0.237139 0.001120 0.971171
1643042072.897757 -3.206539 0.591416 16.487442 0.024862 -0.229680 0.000704 0.972948
1643042072.997757 -3.231611 0.593949 16.586220 0.025396 -0.219519 0.000751 0.975277
1643042073.097757 -3.248363 0.596066 16.689157 0.025789 -0.202512 -0.000516 0.978940
1643042073.197757 -3.259973 0.598908 16.791924 0.027178 -0.181476 -0.002691 0.983016
1643042073.297757 -3.270172 0.596326 16.893755 0.028349 -0.161140 -0.005003 0.986512
1643042073.397757 -3.278609 0.601376 16.999926 0.025606 -0.145048 -0.004656 0.989082
1643042073.497757 -3.284592 0.594872 17.104130 0.028525 -0.131137 -0.007144 0.990928
1643042073.597758 -3.289955 0.597383 17.211042 0.028369 -0.119949 -0.006141 0.992356
1643042073.697756 -3.279841 0.597692 17.316046 0.028305 -0.110995 -0.006729 0.993395
1643042073.797756 -3.281663 0.598531 17.417946 0.028590 -0.101717 -0.006383 0.994382
1643042073.897756 -3.276394 0.603257 17.524361 0.027393 -0.087234 -0.006611 0.995789
1643042073.997756 -3.265306 0.602264 17.623787 0.026186 -0.071852 -0.006838 0.997048
1643042074.097756 -3.254154 0.601931 17.725204 0.024674 -0.056361 -0.005849 0.998088
1643042074.197756 -3.241865 0.604396 17.827616 0.025327 -0.043056 -0.006009 0.998733
1643042074.297756 -3.225737 0.604570 17.933332 0.023822 -0.033781 -0.005402 0.999131
1643042074.397756 -3.208398 0.604891 18.042574 0.023230 -0.025833 -0.006243 0.999377
1643042074.497756 -3.194142 0.601224 18.140646 0.021935 -0.019325 -0.005049 0.999560
1643042074.597757 -3.178455 0.602677 18.243595 0.022795 -0.010906 -0.007159 0.999655
1643042074.697756 -3.162216 0.602158 18.348099 0.023057 -0.000763 -0.008273 0.999700
1643042074.797755 -3.140335 0.602897 18.449192 0.024052 0.010691 -0.009515 0.999608
1643042074.897755 -3.121143 0.600512 18.548594 0.026429 0.021885 -0.011926 0.999340
1643042074.997755 -3.098758 0.604123 18.645624 0.026106 0.032272 -0.011087 0.999077
1643042075.097755 -3.072758 0.602637 18.748426 0.027389 0.039709 -0.012518 0.998757
1643042075.197755 -3.046221 0.604737 18.848492 0.026520 0.045044 -0.012510 0.998555
1643042075.297755 -3.017923 0.603014 18.949316 0.025874 0.046716 -0.012441 0.998496
1643042075.397755 -2.989920 0.598067 19.051085 0.027333 0.046301 -0.012539 0.998475
1643042075.497755 -2.961039 0.604363 19.151794 0.026567 0.048120 -0.013323 0.998399
1643042075.597755 -2.936530 0.600394 19.254681 0.025017 0.050888 -0.014220 0.998290
1643042075.697755 -2.909730 0.608017 19.352716 0.026428 0.052232 -0.013774 0.998190
1643042075.797754 -2.876518 0.604741 19.454718 0.026572 0.051649 -0.013093 0.998226
1643042075.897757 -2.843199 0.603033 19.546925 0.025778 0.050742 -0.011553 0.998312
1643042075.997755 -2.806186 0.599581 19.650455 0.025364 0.048033 -0.010623 0.998467
1643042076.097755 -2.780448 0.610873 19.741611 0.027022 0.044658 -0.008373 0.998602
1643042076.197754 -2.744739 0.606143 19.837822 0.027132 0.041552 -0.008445 0.998732
1643042076.297754 -2.711551 0.602134 19.935408 0.026163 0.038430 -0.007998 0.998887
1643042076.397754 -2.686536 0.609280 20.029726 0.027651 0.037393 -0.009055 0.998877
1643042076.497755 -2.656068 0.606300 20.130081 0.027785 0.040210 -0.010248 0.998752
1643042076.597754 -2.626423 0.608474 20.228672 0.028107 0.046096 -0.010272 0.998489
1643042076.697754 -2.598051 0.610734 20.322865 0.028313 0.052077 -0.010014 0.998191
1643042076.797754 -2.560501 0.612412 20.416178 0.028373 0.056084 -0.009814 0.997975
1643042076.897753 -2.527012 0.609305 20.510593 0.028848 0.059975 -0.009846 0.997734
1643042076.997753 -2.482400 0.610635 20.607651 0.028070 0.061112 -0.007820 0.997706
1643042077.097753 -2.447341 0.608031 20.704107 0.027071 0.063567 -0.008672 0.997573
1643042077.197753 -2.412750 0.612624 20.797565 0.027289 0.063533 -0.007580 0.997578
1643042077.297753 -2.382431 0.615680 20.888195 0.028520 0.061496 -0.008920 0.997660
1643042077.397753 -2.342097 0.615992 20.985054 0.027543 0.059008 -0.008535 0.997841
1643042077.497753 -2.310904 0.613409 21.081959 0.026241 0.059605 -0.008408 0.997842
1643042077.597754 -2.274219 0.613384 21.174040 0.025782 0.062619 -0.007731 0.997674
1643042077.697753 -2.241512 0.616472 21.270218 0.026040 0.067842 -0.009543 0.997311
1643042077.797753 -2.201822 0.605654 21.368517 0.024929 0.071222 -0.009713 0.997102
1643042077.897754 -2.167010 0.607900 21.463543 0.024385 0.074242 -0.010135 0.996891
1643042077.997754 -2.135003 0.609066 21.558016 0.023338 0.076916 -0.010581 0.996708
1643042078.097752 -2.102680 0.613433 21.643448 0.022671 0.077899 -0.009202 0.996661
1643042078.197753 -2.068149 0.613889 21.733713 0.023280 0.076258 -0.010713 0.996759
1643042078.297752 -2.034573 0.606897 21.827690 0.022996 0.072866 -0.011702 0.997008
1643042078.397752 -1.993667 0.608705 21.922968 0.023497 0.070062 -0.011224 0.997203
1643042078.497752 -1.956234 0.605069 22.014940 0.023399 0.065039 -0.009615 0.997562
1643042078.597752 -1.920965 0.600049 22.106552 0.024998 0.058972 -0.008937 0.997907
1643042078.697753 -1.897263 0.605413 22.189028 0.026111 0.055424 -0.008758 0.998083
1643042078.797752 -1.868551 0.613132 22.281038 0.027253 0.053951 -0.009247 0.998129
1643042078.897752 -1.835072 0.606499 22.374140 0.025892 0.055139 -0.009538 0.998097
1643042078.997751 -1.802434 0.607274 22.467245 0.026396 0.055920 -0.010557 0.998030
1643042079.097752 -1.770296 0.600908 22.559216 0.027331 0.057564 -0.012378 0.997891
1643042079.197751 -1.738228 0.603061 22.654467 0.025929 0.058642 -0.012909 0.997859
1643042079.297751 -1.710858 0.607181 22.754175 0.025714 0.060102 -0.013600 0.997768
1643042079.397751 -1.673100 0.607171 22.839912 0.024575 0.060530 -0.012984 0.997779
1643042079.497751 -1.638041 0.607919 22.932030 0.024455 0.060987 -0.013717 0.997745
1643042079.597751 -1.604765 0.610191 23.018410 0.022082 0.061573 -0.012844 0.997776
1643042079.697752 -1.568397 0.610595 23.114374 0.022053 0.061244 -0.012586 0.997800
1643042079.797751 -1.539644 0.615574 23.205261 0.021388 0.062606 -0.013514 0.997718
1643042079.897751 -1.508686 0.621181 23.295847 0.021767 0.064247 -0.012633 0.997617
1643042079.997750 -1.472357 0.610889 23.389021 0.022461 0.062580 -0.011773 0.997718
1643042080.097750 -1.438175 0.611617 23.484144 0.022475 0.057331 -0.011610 0.998035
1643042080.197750 -1.401333 0.614128 23.571106 0.023555 0.048839 -0.010651 0.998472
1643042080.297750 -1.381080 0.619742 23.657192 0.024429 0.046388 -0.010069 0.998574
1643042080.397750 -1.343853 0.615832 23.754631 0.023395 0.044841 -0.009632 0.998674
1643042080.497750 -1.313936 0.618494 23.841967 0.025012 0.044111 -0.009854 0.998665
1643042080.597750 -1.272271 0.624042 23.929131 0.024899 0.043773 -0.009472 0.998686
1643042080.697750 -1.233525 0.625892 24.030764 0.024220 0.047169 -0.009552 0.998548
1643042080.797750 -1.206216 0.628166 24.122255 0.024994 0.051802 -0.010558 0.998289
1643042080.897753 -1.173461 0.630069 24.214075 0.024091 0.054302 -0.009997 0.998184
1643042080.997750 -1.132565 0.628677 24.311646 0.023817 0.054605 -0.011403 0.998159
1643042081.097749 -1.096394 0.627663 24.403027 0.023153 0.054690 -0.011374 0.998170
1643042081.197749 -1.062261 0.628181 24.500658 0.022080 0.055358 -0.011665 0.998154
1643042081.297749 -1.031320 0.629290 24.583033 0.023313 0.055387 -0.011569 0.998126
1643042081.397749 -1.003716 0.630623 24.667702 0.024403 0.052995 -0.011900 0.998226
1643042081.497749 -0.974467 0.624279 24.764143 0.024946 0.050352 -0.010824 0.998361
1643042081.597749 -0.937142 0.633573 24.852758 0.025807 0.050764 -0.010502 0.998322
1643042081.697750 -0.907783 0.626165 24.944717 0.023936 0.052359 -0.009855 0.998293
1643042081.797749 -0.866009 0.627479 25.038416 0.022950 0.053870 -0.009530 0.998239
1643042081.897749 -0.837630 0.622317 25.125311 0.021305 0.056943 -0.010820 0.998092
1643042081.997749 -0.796513 0.624803 25.213730 0.021185 0.057484 -0.010432 0.998067
1643042082.097749 -0.764481 0.628237 25.300665 0.021830 0.058370 -0.009607 0.998010
1643042082.197748 -0.731303 0.633699 25.388700 0.022553 0.056853 -0.007727 0.998098
1643042082.297748 -0.703747 0.638567 25.475746 0.021735 0.055598 -0.007182 0.998191
1643042082.397748 -0.670927 0.621423 25.575832 0.020328 0.058138 -0.008449 0.998066
1643042082.497748 -0.638929 0.620612 25.668657 0.021262 0.062651 -0.009495 0.997764
1643042082.597748 -0.608867 0.629270 25.751545 0.021726 0.067694 -0.009486 0.997424
1643042082.697748 -0.565164 0.623648 25.839090 0.022076 0.069036 -0.010027 0.997320
1643042082.797748 -0.529115 0.616740 25.928036 0.021568 0.070336 -0.009991 0.997240
1643042082.897748 -0.494649 0.615260 26.019211 0.020658 0.074089 -0.011119 0.996976
1643042082.997748 -0.466946 0.621591 26.106390 0.020870 0.078293 -0.011345 0.996647
1643042083.097748 -0.418892 0.620872 26.199944 0.019386 0.080591 -0.010889 0.996499
1643042083.197747 -0.380292 0.623159 26.284931 0.019747 0.081099 -0.010405 0.996456
1643042083.297748 -0.340287 0.630447 26.374504 0.020487 0.082755 -0.011162 0.996297
1643042083.397748 -0.304308 0.624957 26.461891 0.019460 0.084049 -0.010820 0.996213
1643042083.497750 -0.260922 0.633556 26.549826 0.019680 0.086749 -0.009404 0.995991
1643042083.597747 -0.216668 0.635777 26.634464 0.020987 0.089339 -0.009969 0.995730
1643042083.697747 -0.169764 0.635850 26.717068 0.020935 0.090590 -0.008641 0.995631
1643042083.797748 -0.125963 0.632992 26.807678 0.020679 0.092111 -0.009555 0.995488
1643042083.897748 -0.094421 0.637129 26.892605 0.020401 0.093862 -0.008769 0.995338
1643042083.997747 -0.054747 0.641649 26.976736 0.020313 0.095097 -0.008225 0.995227
1643042084.097747 -0.009635 0.647636 27.065950 0.021072 0.096005 -0.008238 0.995124
1643042084.197746 0.027908 0.642868 27.159502 0.021443 0.099075 -0.009627 0.994802
1643042084.297746 0.068268 0.643241 27.241024 0.021610 0.103640 -0.011716 0.994311
1643042084.397746 0.112866 0.648180 27.328274 0.021542 0.108021 -0.012203 0.993840
1643042084.497746 0.155377 0.648610 27.414221 0.021405 0.110592 -0.011934 0.993564
1643042084.597746 0.196061 0.652032 27.498003 0.022359 0.113681 -0.012490 0.993187
1643042084.697746 0.244642 0.653882 27.577309 0.023356 0.114469 -0.012983 0.993067
1643042084.797746 0.294111 0.663387 27.661762 0.025659 0.112800 -0.011647 0.993218
1643042084.897747 0.339055 0.662034 27.747015 0.026854 0.111650 -0.011037 0.993323
1643042084.997746 0.380658 0.666676 27.831446 0.025198 0.109741 -0.008687 0.993603
1643042085.097747 0.425003 0.658765 27.914295 0.024461 0.110187 -0.008995 0.993569
1643042085.197746 0.464816 0.671812 28.000172 0.024313 0.113391 -0.010246 0.993200
1643042085.297745 0.512103 0.668960 28.073771 0.025384 0.114792 -0.011881 0.992994
1643042085.397745 0.552733 0.670626 28.160515 0.024334 0.115878 -0.010522 0.992910
1643042085.497746 0.607280 0.662165 28.250414 0.022502 0.116513 -0.010733 0.992876
1643042085.597747 0.647199 0.668139 28.331638 0.023120 0.117390 -0.010396 0.992762
1643042085.697746 0.695683 0.666449 28.416096 0.023266 0.119861 -0.010813 0.992459
1643042085.797745 0.738451 0.678931 28.491291 0.024493 0.124068 -0.011099 0.991909
1643042085.897745 0.788294 0.684491 28.575697 0.025467 0.128368 -0.010724 0.991342
1643042085.997747 0.833160 0.684408 28.664083 0.024274 0.133368 -0.009314 0.990726
1643042086.097745 0.874120 0.679122 28.748121 0.024014 0.139153 -0.011666 0.989911
1643042086.197745 0.927757 0.686980 28.821009 0.024817 0.143184 -0.012456 0.989307
1643042086.297744 0.975164 0.691041 28.903885 0.024986 0.147838 -0.012520 0.988617
1643042086.397744 1.030025 0.684994 28.985992 0.024886 0.149382 -0.013133 0.988379
1643042086.497745 1.076142 0.691721 29.070881 0.026988 0.153131 -0.014140 0.987736
1643042086.597744 1.130406 0.689171 29.146793 0.025666 0.154157 -0.015079 0.987598
1643042086.697746 1.182845 0.688604 29.227211 0.025731 0.156613 -0.015005 0.987211
1643042086.797745 1.240433 0.688734 29.307667 0.024826 0.159812 -0.014829 0.986724
1643042086.897744 1.296946 0.686677 29.383747 0.024151 0.162609 -0.013911 0.986297
1643042086.997744 1.357344 0.694535 29.455673 0.026853 0.164345 -0.013946 0.985939
1643042087.097745 1.406394 0.695596 29.524355 0.024756 0.171082 -0.015557 0.984823
1643042087.197745 1.461993 0.693866 29.600269 0.024921 0.177905 -0.014890 0.983619
1643042087.297745 1.524669 0.697023 29.676954 0.025152 0.185062 -0.014705 0.982295
1643042087.397743 1.580632 0.696908 29.751148 0.026925 0.192681 -0.014403 0.980786
1643042087.497744 1.639950 0.705733 29.819880 0.028934 0.199415 -0.014941 0.979374
1643042087.597744 1.692819 0.695408 29.895546 0.025356 0.208348 -0.014964 0.977611
1643042087.697743 1.759397 0.697073 29.961460 0.025562 0.217528 -0.016024 0.975588
1643042087.797743 1.822618 0.701863 30.030352 0.026389 0.229921 -0.015909 0.972721
1643042087.897743 1.883160 0.701217 30.093315 0.025218 0.244974 -0.016539 0.969061
1643042087.997743 1.932848 0.707678 30.166300 0.027261 0.263249 -0.016140 0.964208
1643042088.097743 2.000741 0.694425 30.226006 0.023377 0.279314 -0.016966 0.959765
1643042088.197743 2.068389 0.698386 30.283222 0.023907 0.295344 -0.017846 0.954925
1643042088.297745 2.131317 0.704786 30.351141 0.026622 0.312561 -0.018122 0.949352
1643042088.397743 2.194137 0.686790 30.417252 0.024432 0.326345 -0.016354 0.944793
1643042088.497742 2.265672 0.681166 30.469866 0.023958 0.335280 -0.018249 0.941637
1643042088.597744 2.319919 0.691747 30.534624 0.025561 0.350812 -0.018226 0.935920
1643042088.697744 2.389583 0.695528 30.591185 0.028246 0.366682 -0.018593 0.929732
1643042088.797742 2.461920 0.694842 30.678253 0.032228 0.388301 -0.016468 0.920821
1643042088.897742 2.541361 0.698329 30.718578 0.030510 0.404123 -0.017834 0.914022
1643042088.997744 2.613105 0.683992 30.817373 0.036113 0.431136 -0.011431 0.901491
1643042089.097746 2.706915 0.681388 30.818298 0.031125 0.442260 -0.014816 0.896224
1643042089.197742 2.777354 0.674448 30.914833 0.038080 0.472164 -0.007250 0.880658
1643042089.297742 2.861416 0.668525 30.932751 0.034911 0.489048 -0.006576 0.871533
1643042089.397742 2.944420 0.673326 30.980503 0.040155 0.508468 -0.003037 0.860139
1643042089.497747 3.027937 0.678223 30.995712 0.038190 0.523661 -0.005942 0.851050
1643042089.597741 3.106749 0.674364 31.018005 0.039116 0.540837 -0.003993 0.840208
1643042089.697743 3.192339 0.673725 31.026459 0.036025 0.557879 -0.003697 0.829132
1643042089.797741 3.272161 0.672576 31.041214 0.035931 0.573663 -0.001505 0.818302
1643042089.897743 3.353275 0.672647 31.042179 0.035579 0.586900 -0.002350 0.808874
1643042089.997741 3.418463 0.680153 31.047127 0.038133 0.599912 -0.002897 0.799152
1643042090.097742 3.500919 0.676684 31.042072 0.037074 0.612446 -0.003002 0.789637
1643042090.197742 3.578619 0.671532 31.035458 0.037918 0.622925 -0.000905 0.781362
1643042090.297741 3.654697 0.681471 31.025934 0.036958 0.634589 -0.002444 0.771961
1643042090.397742 3.718769 0.678436 31.019659 0.036256 0.645899 -0.002496 0.762557
1643042090.497749 3.795261 0.678226 31.005352 0.037295 0.655323 -0.001715 0.754426
1643042090.597741 3.877697 0.682337 30.998314 0.038260 0.666854 -0.002511 0.744201
1643042090.697750 3.945848 0.682771 30.976244 0.036754 0.676633 -0.001413 0.735402
1643042090.797741 4.025717 0.681164 30.957432 0.034760 0.687622 -0.000324 0.725237
1643042090.897740 4.102839 0.684951 30.939440 0.033954 0.698956 -0.000301 0.714358
1643042090.997742 4.177847 0.686989 30.913002 0.032563 0.708126 -0.000343 0.705335
1643042091.097740 4.251812 0.689632 30.892868 0.032024 0.717766 0.000921 0.695547
1643042091.197746 4.326834 0.689546 30.858994 0.032641 0.726492 0.002129 0.686396
1643042091.297745 4.401228 0.695771 30.831642 0.031271 0.734741 0.003771 0.677616
1643042091.397743 4.471205 0.694919 30.800133 0.031450 0.741891 0.003011 0.669776
1643042091.497743 4.543016 0.699314 30.768183 0.030751 0.748598 0.002923 0.662304
1643042091.597746 4.616976 0.703288 30.741474 0.028378 0.754057 0.002308 0.656192
1643042091.697743 4.684408 0.706060 30.708727 0.027973 0.758692 0.001519 0.650847
1643042091.797739 4.754036 0.712937 30.681248 0.027844 0.761989 0.000806 0.646990
1643042091.897739 4.823818 0.711945 30.647974 0.028183 0.765386 0.000061 0.642954
1643042091.997741 4.890539 0.716953 30.615034 0.027071 0.770011 -0.001221 0.637454
1643042092.097743 4.954124 0.722773 30.582365 0.027204 0.773020 -0.002099 0.633795
1643042092.197746 5.021133 0.724703 30.545929 0.028311 0.775561 -0.002468 0.630633
1643042092.297745 5.105980 0.731700 30.512276 0.029345 0.777894 -0.001921 0.627708
1643042092.397749 5.177799 0.735247 30.478025 0.029023 0.778699 -0.002697 0.626721
1643042092.497739 5.250366 0.737527 30.447233 0.028536 0.778983 -0.002313 0.626391
1643042092.597739 5.320456 0.738521 30.406580 0.027217 0.776656 -0.000021 0.629337
1643042092.697742 5.396324 0.740588 30.380116 0.028300 0.775056 0.001220 0.631257
1643042092.797738 5.466568 0.743830 30.349186 0.028788 0.772166 0.000020 0.634769
1643042092.897740 5.534580 0.745545 30.315805 0.029648 0.769684 0.001405 0.637735
1643042092.997740 5.603630 0.752261 30.279837 0.029173 0.768579 0.001118 0.639088
1643042093.097741 5.677969 0.751580 30.244869 0.029215 0.767974 0.002968 0.639807
1643042093.197738 5.744566 0.755607 30.206894 0.029656 0.766271 0.002475 0.641828
1643042093.297738 5.815084 0.758970 30.174591 0.030510 0.765721 0.003573 0.642439
1643042093.397738 5.883886 0.761055 30.141956 0.030557 0.765017 0.002081 0.643281
1643042093.497738 5.957111 0.765097 30.108011 0.029660 0.765843 0.002723 0.642338
1643042093.597738 6.030739 0.767152 30.071096 0.028002 0.766649 0.002855 0.641449
1643042093.697738 6.098186 0.769442 30.038504 0.029521 0.768308 0.002237 0.639395
1643042093.797737 6.166405 0.773396 30.009478 0.029992 0.769157 0.000498 0.638356
1643042093.897737 6.231869 0.775982 29.977804 0.033353 0.767398 -0.001501 0.640301
1643042093.997738 6.294783 0.780082 29.945868 0.034685 0.766114 -0.004075 0.641755
1643042094.097738 6.365973 0.779719 29.910795 0.037098 0.764878 -0.011975 0.642995
1643042094.197738 6.441778 0.788275 29.873959 0.033205 0.765319 -0.002474 0.642790
1643042094.297737 6.513613 0.785327 29.840446 0.033961 0.765992 -0.004062 0.641939
1643042094.397737 6.592630 0.781293 29.814966 0.032438 0.766463 -0.001054 0.641468
1643042094.497745 6.666351 0.785036 29.782530 0.032557 0.764979 0.001506 0.643230
1643042094.597737 6.746155 0.780906 29.746059 0.029191 0.763755 0.005538 0.644822
1643042094.697740 6.818539 0.795463 29.715382 0.022009 0.760823 0.021817 0.648219
1643042094.797740 6.877392 0.803008 29.687321 0.038459 0.757233 0.001776 0.652009
1643042094.897736 6.939453 0.796169 29.657114 0.030787 0.754447 0.003827 0.655627
1643042094.997740 7.029150 0.800144 29.626648 0.033002 0.753922 0.003292 0.656126
1643042095.097737 7.097338 0.802250 29.595926 0.035969 0.754848 0.001758 0.654911
1643042095.197736 7.174498 0.803014 29.562113 0.032596 0.756835 0.001671 0.652791
1643042095.297737 7.247154 0.806710 29.526119 0.031788 0.759964 0.001582 0.649185
1643042095.397739 7.320385 0.810661 29.494043 0.031315 0.764433 0.001034 0.643941
1643042095.497741 7.399742 0.810213 29.460560 0.030313 0.767145 0.002189 0.640754
1643042095.597742 7.476505 0.814853 29.430861 0.030792 0.769392 0.002210 0.638031
1643042095.697737 7.552786 0.814373 29.403748 0.028054 0.771570 0.001207 0.635525
1643042095.797747 7.624899 0.820570 29.374456 0.028859 0.772903 -0.001017 0.633867
1643042095.897737 7.699591 0.819794 29.341589 0.029486 0.772311 -0.001218 0.634559
1643042095.997741 7.776068 0.821806 29.310051 0.028321 0.771123 -0.001237 0.636055
1643042096.097739 7.853098 0.825666 29.277834 0.030205 0.769928 -0.000928 0.637414
1643042096.197746 7.939093 0.831208 29.250439 0.031238 0.770714 0.001065 0.636415
1643042096.297735 8.016438 0.836139 29.220144 0.032034 0.770307 0.001895 0.636865
1643042096.397737 8.092634 0.837828 29.187933 0.031563 0.769707 0.003620 0.637606
1643042096.497740 8.171049 0.837131 29.156963 0.029163 0.770385 0.005081 0.636891
1643042096.597737 8.244291 0.839164 29.123909 0.028209 0.771041 0.005709 0.636135
1643042096.697739 8.314888 0.842751 29.094471 0.028279 0.772455 0.004727 0.634422
1643042096.797734 8.382685 0.849275 29.063126 0.029517 0.773720 0.004633 0.632823
1643042096.897734 8.455893 0.852663 29.032015 0.030869 0.774348 0.003907 0.631994
1643042096.997735 8.538517 0.852350 29.001802 0.031473 0.775881 0.005460 0.630071
1643042097.097735 8.612623 0.852780 28.969757 0.032203 0.776189 0.006400 0.629645
1643042097.197737 8.675016 0.848790 28.929483 0.031190 0.774717 0.007865 0.631489
1643042097.297735 8.764664 0.839376 28.910059 0.029959 0.777397 0.009073 0.628230
1643042097.397734 8.838961 0.844285 28.882355 0.030606 0.779127 0.009422 0.626048
1643042097.497737 8.921120 0.845430 28.845745 0.029433 0.781915 0.010355 0.622604
1643042097.597754 8.993067 0.858205 28.817276 0.029691 0.785602 0.007274 0.617976
1643042097.697744 9.058769 0.851098 28.784578 0.027999 0.788960 0.008363 0.613749
1643042097.797736 9.138277 0.850054 28.748390 0.026724 0.794159 0.009203 0.607052
1643042097.897733 9.204433 0.858871 28.711123 0.027416 0.798731 0.007903 0.601011
1643042097.997745 9.268482 0.857104 28.664959 0.025742 0.805453 0.008859 0.592035
1643042098.097736 9.338682 0.859258 28.621534 0.024575 0.814501 0.008980 0.579572
1643042098.197735 9.399187 0.872401 28.572912 0.024962 0.824358 0.006547 0.565480
1643042098.297733 9.468201 0.867796 28.532364 0.021668 0.837923 0.007210 0.545311
1643042098.397736 9.529175 0.873480 28.479387 0.019682 0.851979 0.008250 0.523141
1643042098.497734 9.597900 0.880762 28.426685 0.018371 0.867370 0.008362 0.497254
1643042098.597733 9.647060 0.880316 28.364923 0.016291 0.880270 0.011163 0.474062
1643042098.697733 9.704903 0.898283 28.307877 0.015782 0.893630 0.007485 0.448465
1643042098.797733 9.747658 0.898216 28.242842 0.012344 0.906763 0.007530 0.421393
1643042098.897734 9.799908 0.914270 28.175196 0.010949 0.920791 0.005740 0.389860
1643042098.997732 9.825722 0.920654 28.105169 0.009156 0.933429 0.005978 0.358596
1643042099.097732 9.872921 0.924790 28.031624 0.006044 0.947128 0.007219 0.320718
1643042099.197732 9.889511 0.933336 27.957253 0.004445 0.958255 0.005381 0.285831
1643042099.297732 9.930056 0.942328 27.887318 0.001817 0.970275 0.005268 0.241941
1643042099.397732 9.934746 0.948750 27.812687 0.000755 0.978971 0.005863 0.203914
1643042099.497732 9.944004 0.951218 27.743748 -0.003317 0.987498 0.006743 0.157453
1643042099.597732 9.930988 0.963947 27.676155 -0.005221 0.993674 0.005875 0.112032
1643042099.697732 9.914457 0.961324 27.606691 -0.010366 0.997832 0.007132 0.064599
1643042099.797732 9.889848 0.967306 27.540401 -0.013133 0.999734 0.007982 0.017229
1643042099.897732 9.855494 0.969855 27.474689 -0.015169 0.999443 0.008874 -0.028369
1643042099.997731 9.817945 0.973365 27.414160 -0.017303 0.997154 0.009004 -0.072827
1643042100.097731 9.778395 0.981491 27.358753 -0.019630 0.992817 0.008572 -0.117710
1643042100.197731 9.731168 0.983655 27.307421 -0.022860 0.986529 0.009154 -0.161721
1643042100.297731 9.680303 0.982674 27.262846 -0.026208 0.977363 0.008948 -0.209747
1643042100.397731 9.618451 0.986302 27.220381 -0.028709 0.965112 0.009965 -0.260069
1643042100.497731 9.559185 0.985515 27.192616 -0.028893 0.950223 0.010463 -0.310050
1643042100.597732 9.492699 0.987990 27.168709 -0.032030 0.932367 0.010311 -0.359944
1643042100.697731 9.427118 0.987928 27.152237 -0.034524 0.913766 0.010700 -0.404630
1643042100.797731 9.361385 0.991098 27.140377 -0.036675 0.894359 0.010461 -0.445722
1643042100.897731 9.278727 0.988646 27.133533 -0.037787 0.874420 0.010686 -0.483578
1643042100.997730 9.204285 0.986542 27.129780 -0.039399 0.854492 0.010852 -0.517854
1643042101.097730 9.132650 0.989110 27.129829 -0.042363 0.833544 0.009111 -0.550751
1643042101.197730 9.063532 0.990608 27.137159 -0.044905 0.813627 0.009411 -0.579574
1643042101.297730 8.994001 0.989530 27.146986 -0.046745 0.793200 0.009399 -0.607091
1643042101.397730 8.930096 0.991829 27.165014 -0.048547 0.774291 0.007649 -0.630919
1643042101.497730 8.857920 0.985876 27.183342 -0.048521 0.755195 0.009504 -0.653633
1643042101.597730 8.792250 0.986367 27.206329 -0.050838 0.737466 0.008053 -0.673420
1643042101.697730 8.727436 0.983547 27.232361 -0.052646 0.719860 0.009237 -0.692058
1643042101.797730 8.663029 0.981305 27.267048 -0.050736 0.703937 0.012569 -0.708336
1643042101.897730 8.602760 0.988771 27.284252 -0.055184 0.693218 0.009940 -0.718543
1643042101.997729 8.536856 0.985342 27.312908 -0.051854 0.689234 0.009925 -0.722613
1643042102.097729 8.477127 0.982167 27.344461 -0.051117 0.684205 0.012984 -0.727380
1643042102.197729 8.412296 0.977821 27.381428 -0.051418 0.679515 0.014856 -0.731707
1643042102.297729 8.348738 0.976814 27.404060 -0.050141 0.675385 0.012628 -0.735651
1643042102.397732 8.285149 0.969827 27.446424 -0.050318 0.656196 0.024381 -0.752516
1643042102.497730 8.202940 0.968596 27.506781 -0.041780 0.674810 0.008110 -0.736763
1643042102.597729 8.158678 0.968957 27.481377 -0.053978 0.688140 0.009995 -0.723499
1643042102.697729 8.106237 0.970612 27.499306 -0.050905 0.702662 0.006152 -0.709673
1643042102.797729 8.021320 0.970403 27.544132 -0.051855 0.709192 0.009698 -0.703039
1643042102.897730 7.954945 0.967130 27.564974 -0.053505 0.705475 0.009138 -0.706653
1643042102.997729 7.881313 0.966999 27.586388 -0.053063 0.700801 0.010513 -0.711303
1643042103.097729 7.810905 0.971511 27.603104 -0.054754 0.700213 0.008364 -0.711782
1643042103.197728 7.741480 0.972421 27.620382 -0.054075 0.703098 0.008796 -0.708980
1643042103.297728 7.646528 0.963307 27.640875 -0.051994 0.707891 0.011620 -0.704310
1643042103.397732 7.576227 0.964485 27.647751 -0.053094 0.711968 0.011083 -0.700114
1643042103.497728 7.501755 0.961488 27.658081 -0.053709 0.716941 0.012398 -0.694951
1643042103.597729 7.420189 0.965148 27.669830 -0.052610 0.723460 0.011352 -0.688265
1643042103.697729 7.346790 0.959277 27.675331 -0.050861 0.731122 0.013772 -0.680209
1643042103.797728 7.274530 0.962673 27.680920 -0.050064 0.739518 0.015009 -0.671104
1643042103.897728 7.202681 0.961011 27.684242 -0.049655 0.748163 0.013962 -0.661507
1643042103.997730 7.123083 0.968389 27.696640 -0.049946 0.758068 0.013256 -0.650125
1643042104.097728 7.054518 0.970406 27.697372 -0.050038 0.766977 0.012547 -0.639598
1643042104.197727 6.980755 0.967426 27.693928 -0.048953 0.776825 0.012564 -0.627685
1643042104.297727 6.901152 0.964862 27.691517 -0.048273 0.786993 0.012240 -0.614949
1643042104.397730 6.820385 0.965418 27.681152 -0.046923 0.796410 0.011377 -0.602826
1643042104.497727 6.743027 0.964280 27.678791 -0.044880 0.806864 0.011280 -0.588922
1643042104.597727 6.675341 0.970163 27.671566 -0.044687 0.814536 0.010784 -0.578289
1643042104.697728 6.598398 0.967002 27.665167 -0.044026 0.822357 0.011904 -0.567141
1643042104.797727 6.517139 0.966858 27.651552 -0.042657 0.829694 0.011288 -0.556472
1643042104.897729 6.447283 0.965772 27.633579 -0.042074 0.835556 0.010879 -0.547683
1643042104.997727 6.372787 0.969873 27.621494 -0.040718 0.843615 0.011382 -0.535281
1643042105.097728 6.295795 0.969105 27.603409 -0.042416 0.852472 0.011928 -0.520912
1643042105.197726 6.221272 0.969353 27.579275 -0.040280 0.862429 0.012011 -0.504431
1643042105.297727 6.144390 0.968479 27.554785 -0.040329 0.871381 0.011962 -0.488799
1643042105.397727 6.077597 0.969890 27.520021 -0.039657 0.879157 0.012069 -0.474726
1643042105.497727 6.016245 0.979392 27.501726 -0.039768 0.887153 0.010270 -0.459645
1643042105.597726 5.940184 0.972074 27.460886 -0.039429 0.894799 0.010170 -0.444608
1643042105.697726 5.881371 0.977843 27.434813 -0.039031 0.902108 0.008568 -0.429656
1643042105.797727 5.815594 0.982060 27.387779 -0.036904 0.908315 0.008593 -0.416568
1643042105.897726 5.753723 0.981921 27.351749 -0.037510 0.915084 0.008872 -0.401417
1643042105.997726 5.693901 0.984271 27.311203 -0.035684 0.922234 0.009166 -0.384873
1643042106.097727 5.631886 0.988253 27.263569 -0.034227 0.928418 0.009449 -0.369838
1643042106.197725 5.569458 0.988455 27.208172 -0.032728 0.934477 0.010254 -0.354368
1643042106.297725 5.513826 0.992060 27.159986 -0.032405 0.940058 0.011468 -0.339278
1643042106.397725 5.458916 0.997433 27.108744 -0.030037 0.946234 0.012579 -0.321839
1643042106.497725 5.409252 1.004851 27.060883 -0.030750 0.952011 0.010472 -0.304335
1643042106.597725 5.357496 1.006410 27.001780 -0.029288 0.956858 0.012411 -0.288811
1643042106.697728 5.302084 1.006726 26.946108 -0.027120 0.961537 0.013230 -0.273014
1643042106.797725 5.252468 1.008062 26.884712 -0.026315 0.965750 0.012697 -0.257826
1643042106.897725 5.205660 1.019455 26.831846 -0.024978 0.970192 0.011869 -0.240756
1643042106.997728 5.155506 1.024752 26.770399 -0.023866 0.974580 0.010797 -0.222501
1643042107.097725 5.111887 1.030308 26.705976 -0.023037 0.977910 0.012208 -0.207394
1643042107.197725 5.075255 1.037671 26.638981 -0.021440 0.980911 0.011287 -0.192940
1643042107.297724 5.034973 1.035803 26.570765 -0.020963 0.983293 0.012809 -0.180365
1643042107.397724 4.995125 1.041299 26.506084 -0.021292 0.985372 0.012108 -0.168645
1643042107.497726 4.946169 1.046271 26.433060 -0.021403 0.987098 0.011390 -0.158272
1643042107.597731 4.913414 1.052755 26.361378 -0.018437 0.988582 0.012770 -0.149009
1643042107.697729 4.879739 1.058817 26.289219 -0.017412 0.989904 0.012820 -0.140080
1643042107.797725 4.841412 1.061289 26.217979 -0.017485 0.991281 0.013126 -0.129939
1643042107.897727 4.808094 1.068041 26.144230 -0.017298 0.992589 0.011872 -0.119692
1643042107.997724 4.764075 1.085032 26.072033 -0.017689 0.994166 0.009923 -0.105935
1643042108.097728 4.737363 1.091743 25.997162 -0.016689 0.995338 0.009009 -0.094568
1643042108.197726 4.713242 1.096515 25.920856 -0.015764 0.996385 0.008930 -0.083004
1643042108.297723 4.687075 1.092487 25.842468 -0.016777 0.997321 0.009259 -0.070598
1643042108.397723 4.653078 1.103540 25.759766 -0.015151 0.998252 0.007804 -0.056594
1643042108.497725 4.631853 1.108505 25.680578 -0.015442 0.998842 0.007759 -0.044897
1643042108.597723 4.600872 1.117053 25.603767 -0.013892 0.999380 0.008948 -0.031095
1643042108.697725 4.584788 1.122336 25.528221 -0.012591 0.999688 0.009440 -0.019386
1643042108.797724 4.566615 1.130894 25.449469 -0.010416 0.999906 0.008728 -0.001873
1643042108.897724 4.548905 1.124121 25.361050 -0.009334 0.999749 0.010653 0.017333
1643042108.997727 4.538444 1.129362 25.279699 -0.010030 0.999242 0.011209 0.035909
1643042109.097723 4.528669 1.132420 25.201134 -0.006898 0.998412 0.010883 0.054848
1643042109.197724 4.519092 1.138162 25.121071 -0.005996 0.997239 0.010604 0.073254
1643042109.297730 4.505555 1.144670 25.035744 -0.005337 0.995896 0.010737 0.089706
1643042109.397729 4.500180 1.150640 24.959784 -0.005561 0.994436 0.009539 0.104763
1643042109.497722 4.498446 1.152451 24.871725 -0.004970 0.992750 0.012260 0.119471
1643042109.597722 4.504877 1.163048 24.797924 -0.003258 0.990786 0.010507 0.134992
1643042109.697722 4.499445 1.159235 24.711100 -0.003454 0.988208 0.013210 0.152506
1643042109.797724 4.507828 1.170714 24.633709 -0.004877 0.985763 0.012226 0.167622
1643042109.897724 4.519510 1.172866 24.553259 -0.005088 0.983074 0.014044 0.182601
1643042109.997722 4.537716 1.176420 24.473816 -0.002340 0.980103 0.015473 0.197872
1643042110.097722 4.547010 1.185756 24.396229 -0.000710 0.976787 0.014110 0.213747
1643042110.197726 4.564775 1.192255 24.318497 -0.000203 0.973569 0.014912 0.227905
1643042110.297728 4.581158 1.201104 24.244743 0.001240 0.969983 0.011550 0.242897
1643042110.397722 4.603373 1.209913 24.171238 0.003135 0.966167 0.009333 0.257729
1643042110.497723 4.608088 1.205911 24.086094 0.002749 0.960067 0.010051 0.279576
1643042110.597723 4.631073 1.205614 24.012497 0.003410 0.954614 0.012199 0.297576
1643042110.697721 4.662100 1.210949 23.942562 0.005051 0.948976 0.010112 0.315144
1643042110.797721 4.683447 1.206327 23.863060 0.004638 0.941924 0.014283 0.335489
1643042110.897721 4.718828 1.207520 23.783571 0.004658 0.936919 0.015704 0.349162
1643042110.997722 4.761147 1.213227 23.715748 0.003102 0.933318 0.018681 0.358551
1643042111.097721 4.798740 1.222405 23.644089 0.002300 0.929406 0.017476 0.368638
1643042111.197721 4.837090 1.224439 23.572985 0.005332 0.924679 0.019884 0.380190
1643042111.297721 4.881620 1.237661 23.512835 0.004975 0.919892 0.016629 0.391787
1643042111.397723 4.931356 1.253647 23.444809 0.006840 0.914806 0.015824 0.403525
1643042111.497720 4.973822 1.255722 23.380543 0.007311 0.909302 0.016752 0.415735
1643042111.597720 5.027943 1.268602 23.322594 0.009370 0.905366 0.014742 0.424273
1643042111.697720 5.078648 1.271252 23.261234 0.009098 0.898834 0.015564 0.437919
1643042111.797720 5.135452 1.278815 23.198002 0.011454 0.891695 0.015370 0.452231
1643042111.897720 5.192923 1.286337 23.143795 0.013358 0.885336 0.015243 0.464510
1643042111.997720 5.248310 1.292343 23.086208 0.014224 0.879437 0.016695 0.475510
1643042112.097720 5.307623 1.298955 23.028587 0.013808 0.874523 0.017596 0.484468
1643042112.197720 5.361664 1.304880 22.975014 0.014893 0.870073 0.018179 0.492363
1643042112.297720 5.424297 1.310348 22.921812 0.016282 0.865931 0.017299 0.499599
1643042112.397720 5.483530 1.316346 22.872795 0.017018 0.860250 0.016759 0.509312
1643042112.497719 5.540865 1.322453 22.821634 0.019908 0.851629 0.015271 0.523544
1643042112.597719 5.600357 1.328963 22.778723 0.021643 0.842652 0.013640 0.537851
1643042112.697719 5.675680 1.339870 22.735670 0.023523 0.835248 0.013829 0.549196
1643042112.797719 5.739676 1.335471 22.692543 0.021594 0.832732 0.016114 0.553021
1643042112.897726 5.793995 1.325242 22.639122 0.023009 0.831615 0.018243 0.554576
1643042112.997720 5.861115 1.324974 22.597948 0.023083 0.833602 0.022470 0.551426
1643042113.097721 5.933838 1.323342 22.560066 0.023332 0.837923 0.022875 0.544809
1643042113.197721 5.983326 1.330465 22.508923 0.022802 0.839869 0.023889 0.541784
1643042113.297719 6.073193 1.299924 22.433376 0.018408 0.825849 0.031078 0.562733
1643042113.397719 6.140690 1.302870 22.397696 0.012236 0.843006 0.028975 0.536984
1643042113.497720 6.205820 1.298792 22.333414 0.013833 0.851983 0.033017 0.522344
1643042113.597718 6.250307 1.341933 22.251617 0.013234 0.855931 0.023446 0.516389
1643042113.697721 6.298851 1.359439 22.195627 0.012802 0.860533 0.019848 0.508847
1643042113.797718 6.345917 1.368425 22.124323 0.012588 0.862549 0.018536 0.505478
1643042113.897720 6.398390 1.345899 22.063667 0.009469 0.867635 0.024774 0.496494
1643042113.997718 6.446592 1.345544 21.993731 0.007778 0.875062 0.026826 0.483205
1643042114.097720 6.475071 1.364103 21.900639 0.006455 0.882555 0.023042 0.469599
1643042114.197719 6.507656 1.374879 21.801353 0.003144 0.892069 0.020369 0.451429
1643042114.297718 6.523666 1.398021 21.703344 0.001797 0.904223 0.019892 0.426594
1643042114.397718 6.540340 1.398493 21.604946 -0.000030 0.915239 0.022339 0.402291
1643042114.497718 6.566208 1.392464 21.504877 -0.004665 0.926981 0.027156 0.374095
1643042114.597719 6.568247 1.396555 21.396992 -0.007739 0.937798 0.026705 0.346067
1643042114.697717 6.586378 1.380965 21.308550 -0.014441 0.949137 0.032660 0.312833
1643042114.797718 6.586363 1.381858 21.216570 -0.018218 0.961092 0.033158 0.273627
1643042114.897717 6.586424 1.398514 21.127924 -0.019700 0.973791 0.030065 0.224588
1643042114.997717 6.581312 1.409019 21.040852 -0.025207 0.984829 0.027325 0.169498
1643042115.097717 6.551624 1.408193 20.957203 -0.031110 0.992074 0.028623 0.118334
1643042115.197717 6.517451 1.414565 20.872414 -0.036237 0.996739 0.026285 0.067141
1643042115.297717 6.484288 1.424469 20.785088 -0.039045 0.998688 0.024609 0.022206
1643042115.397717 6.440233 1.427622 20.709257 -0.044702 0.998530 0.024759 -0.018081
1643042115.497717 6.387200 1.434344 20.636614 -0.046665 0.997247 0.022431 -0.053089
1643042115.597717 6.324590 1.439998 20.568577 -0.048210 0.994349 0.021990 -0.091987
1643042115.697716 6.259524 1.437315 20.505919 -0.051291 0.989418 0.020817 -0.134118
1643042115.797716 6.185199 1.440435 20.453619 -0.053452 0.981676 0.019895 -0.181820
1643042115.897716 6.108369 1.440986 20.407990 -0.056511 0.970377 0.018644 -0.234153
1643042115.997716 6.028584 1.443362 20.371675 -0.058978 0.955730 0.018455 -0.287683
1643042116.097716 5.944573 1.440473 20.343058 -0.060628 0.939138 0.017486 -0.337694
1643042116.197716 5.859922 1.439275 20.324087 -0.062526 0.921333 0.016868 -0.383342
1643042116.297716 5.774416 1.439201 20.316061 -0.063373 0.903054 0.015783 -0.424534
1643042116.397716 5.687830 1.439626 20.311253 -0.064711 0.883048 0.015313 -0.464547
1643042116.497716 5.607277 1.439789 20.314322 -0.068238 0.860985 0.014183 -0.503832
1643042116.597716 5.536880 1.445952 20.332178 -0.069530 0.840748 0.012451 -0.536799
1643042116.697715 5.452730 1.443808 20.350897 -0.072360 0.822985 0.011765 -0.563313
1643042116.797715 5.357098 1.434319 20.368664 -0.073244 0.806210 0.011531 -0.586965
1643042116.897715 5.277365 1.432997 20.400393 -0.075435 0.792589 0.011127 -0.604969
1643042116.997715 5.182755 1.425200 20.426460 -0.078261 0.780641 0.008978 -0.619996
1643042117.097715 5.093311 1.415867 20.453123 -0.075083 0.769546 0.008333 -0.634107
1643042117.197715 5.000307 1.411513 20.484152 -0.076943 0.764223 0.010787 -0.640255
1643042117.297717 4.922720 1.400597 20.505613 -0.074998 0.759592 0.007033 -0.646024
1643042117.397715 4.837347 1.403259 20.535473 -0.073022 0.754780 0.008459 -0.651846
1643042117.497715 4.750252 1.390681 20.568148 -0.076846 0.754436 0.002645 -0.651854
1643042117.597715 4.651739 1.379227 20.585983 -0.075580 0.730902 0.015883 -0.678099
1643042117.697715 4.569082 1.369474 20.623354 -0.079219 0.729873 -0.000489 -0.678977
1643042117.797724 4.488064 1.375208 20.642258 -0.074609 0.753262 -0.001947 -0.653473
1643042117.897714 4.390398 1.366220 20.639595 -0.076562 0.766845 0.002475 -0.637245
1643042117.997714 4.311287 1.367353 20.662907 -0.081394 0.771675 -0.000829 -0.630787
1643042118.097716 4.222708 1.360919 20.676558 -0.078495 0.774106 0.002720 -0.628164
1643042118.197714 4.135662 1.345774 20.685375 -0.078504 0.774111 0.004569 -0.628147
1643042118.297715 4.041651 1.345620 20.699947 -0.078437 0.776501 0.001101 -0.625215
1643042118.397714 3.946999 1.335021 20.712917 -0.078551 0.779958 0.004358 -0.620868
1643042118.497714 3.857946 1.328223 20.713776 -0.078593 0.784858 0.004265 -0.614657
1643042118.597715 3.763475 1.319280 20.712353 -0.077459 0.792265 0.005389 -0.605217
1643042118.697714 3.674999 1.314304 20.706932 -0.077593 0.799760 0.004761 -0.595265
1643042118.797713 3.592165 1.316642 20.709717 -0.077221 0.808813 0.004542 -0.582957
1643042118.897713 3.503111 1.312987 20.698103 -0.076714 0.817012 0.005591 -0.571467
1643042118.997713 3.423025 1.310175 20.692371 -0.076255 0.826215 0.006246 -0.558136
1643042119.097714 3.323799 1.303219 20.684971 -0.074771 0.835746 0.007186 -0.543954
1643042119.197713 3.227919 1.305017 20.676996 -0.072580 0.845568 0.007451 -0.528859
1643042119.297713 3.141760 1.300266 20.652645 -0.070284 0.854522 0.008520 -0.514568
1643042119.397713 3.056049 1.298014 20.631214 -0.068763 0.863478 0.008871 -0.499598
1643042119.497713 2.976633 1.300358 20.608034 -0.068215 0.870660 0.008269 -0.487062
1643042119.597716 2.879673 1.294937 20.581371 -0.068330 0.877639 0.009567 -0.474331
1643042119.697714 2.792711 1.293440 20.554495 -0.068329 0.884032 0.009304 -0.462311
1643042119.797718 2.709196 1.296110 20.519815 -0.069628 0.889677 0.009808 -0.451144
1643042119.897712 2.634100 1.296883 20.484957 -0.069492 0.895056 0.009165 -0.440412
1643042119.997713 2.533855 1.288890 20.444418 -0.069231 0.901795 0.008725 -0.426494
1643042120.097713 2.449099 1.285112 20.401501 -0.067536 0.907886 0.008403 -0.413656
1643042120.197713 2.372004 1.286928 20.366962 -0.066542 0.913734 0.008942 -0.400728
1643042120.297712 2.279968 1.288991 20.324944 -0.066656 0.919475 0.009628 -0.387336
1643042120.397712 2.195036 1.289959 20.264019 -0.065090 0.924387 0.010755 -0.375708
1643042120.497712 2.115271 1.286954 20.212570 -0.065523 0.929208 0.011624 -0.363516
1643042120.597712 2.032282 1.288832 20.159182 -0.065080 0.934102 0.011563 -0.350835
1643042120.697715 1.957954 1.293264 20.103216 -0.063810 0.938929 0.012137 -0.337926
1643042120.797712 1.885399 1.279679 20.041267 -0.061795 0.942383 0.013788 -0.328490
1643042120.897711 1.810234 1.281793 19.979881 -0.062160 0.946043 0.013328 -0.317744
1643042120.997711 1.732805 1.284612 19.925022 -0.058444 0.950653 0.014110 -0.304374
1643042121.097711 1.664112 1.279790 19.859560 -0.056951 0.954117 0.015758 -0.293547
1643042121.197711 1.594830 1.286618 19.803047 -0.056522 0.957502 0.016007 -0.282380
1643042121.297711 1.529816 1.286029 19.739382 -0.055660 0.960588 0.018372 -0.271727
1643042121.397712 1.472879 1.294271 19.670460 -0.054764 0.963427 0.017851 -0.261709
1643042121.497713 1.400834 1.297961 19.596523 -0.051990 0.967353 0.017704 -0.247411
1643042121.597711 1.334952 1.301456 19.530043 -0.051496 0.970726 0.017530 -0.233949
1643042121.697716 1.274752 1.298859 19.466187 -0.053310 0.973113 0.018862 -0.223278
1643042121.797713 1.215722 1.298364 19.391644 -0.052318 0.974593 0.019078 -0.216951
1643042121.897714 1.153357 1.312319 19.324667 -0.052797 0.976320 0.017322 -0.209072
1643042121.997710 1.101069 1.313074 19.245829 -0.052226 0.977922 0.017962 -0.201542
1643042122.097712 1.041337 1.317608 19.178024 -0.052277 0.980299 0.017236 -0.189693
1643042122.197712 0.991497 1.320492 19.098059 -0.049903 0.982921 0.016722 -0.176344
1643042122.297712 0.936545 1.324254 19.021965 -0.048219 0.985256 0.017430 -0.163224
1643042122.397710 0.881760 1.329870 18.938478 -0.048720 0.987119 0.018174 -0.151299
1643042122.497710 0.834599 1.338576 18.853018 -0.048354 0.988616 0.018359 -0.141292
1643042122.597711 0.792974 1.342924 18.778389 -0.049228 0.989806 0.018813 -0.132310
1643042122.697711 0.745038 1.343429 18.694225 -0.047921 0.990776 0.023529 -0.124550
1643042122.797710 0.703853 1.348496 18.615484 -0.046254 0.992188 0.021520 -0.113848
1643042122.897711 0.647616 1.362316 18.533285 -0.042976 0.993858 0.021883 -0.099603
1643042122.997710 0.601657 1.367069 18.441023 -0.040637 0.995086 0.023227 -0.087258
1643042123.097709 0.567484 1.377205 18.358036 -0.041919 0.995793 0.023521 -0.078010
1643042123.197709 0.532887 1.381367 18.270578 -0.042898 0.996426 0.024075 -0.068675
1643042123.297709 0.490277 1.390918 18.186106 -0.043364 0.997066 0.023040 -0.058722
1643042123.397711 0.450983 1.409194 18.096121 -0.042655 0.997788 0.020449 -0.046697
1643042123.497709 0.427320 1.402537 18.002104 -0.039066 0.998427 0.022722 -0.033188
1643042123.597709 0.401226 1.408621 17.916098 -0.039309 0.998807 0.022081 -0.018776
1643042123.697711 0.374064 1.418372 17.830929 -0.037536 0.999035 0.022076 -0.005771
1643042123.797711 0.348676 1.427321 17.733379 -0.035474 0.999061 0.023121 0.009206
1643042123.897709 0.336313 1.430907 17.646555 -0.034351 0.998885 0.025132 0.020429
1643042123.997709 0.321043 1.438601 17.556427 -0.033483 0.998561 0.025586 0.033183
1643042124.097711 0.303277 1.445708 17.462484 -0.032739 0.998010 0.025778 0.047328
1643042124.197708 0.294819 1.454885 17.375683 -0.033541 0.997276 0.025653 0.060472
1643042124.297708 0.296800 1.466930 17.282766 -0.032202 0.996574 0.027559 0.071021
1643042124.397713 0.292674 1.473567 17.186213 -0.031957 0.995669 0.029055 0.082327
1643042124.497708 0.301711 1.490446 17.100536 -0.032780 0.994824 0.028359 0.091908
1643042124.597708 0.293097 1.501014 16.995781 -0.031358 0.993601 0.029442 0.104439
1643042124.697710 0.303160 1.506997 16.903412 -0.029965 0.992187 0.029257 0.117522
1643042124.797711 0.307936 1.518683 16.807631 -0.028003 0.990111 0.031259 0.133859
1643042124.897708 0.314022 1.529696 16.715561 -0.026332 0.987488 0.029501 0.152656
1643042124.997708 0.332623 1.538301 16.624403 -0.021398 0.984133 0.029654 0.173624
1643042125.097710 0.349873 1.549539 16.536278 -0.021022 0.979762 0.028256 0.197046
1643042125.197708 0.367867 1.560928 16.443394 -0.020381 0.975122 0.028588 0.218869
1643042125.297708 0.397629 1.572870 16.355764 -0.018822 0.970904 0.029640 0.236880
1643042125.397708 0.426983 1.587772 16.268927 -0.017193 0.966356 0.031296 0.254716
1643042125.497713 0.459902 1.593298 16.176647 -0.017345 0.961847 0.032954 0.271043
1643042125.597707 0.490791 1.607081 16.093864 -0.014436 0.956710 0.031748 0.288945
1643042125.697709 0.530491 1.613580 16.004658 -0.012371 0.950867 0.033983 0.307481
1643042125.797707 0.568815 1.625364 15.919294 -0.008808 0.944220 0.033639 0.327474
1643042125.897708 0.614603 1.634176 15.839027 -0.006346 0.937311 0.034859 0.346689
1643042125.997707 0.660315 1.647070 15.763890 -0.005538 0.930621 0.034090 0.364350
1643042126.097708 0.711281 1.655485 15.688396 -0.004892 0.923423 0.034390 0.382208
1643042126.197706 0.766058 1.663432 15.609172 -0.003808 0.915952 0.034888 0.399751
1643042126.297706 0.820232 1.678452 15.537524 -0.001747 0.908005 0.034629 0.417522
1643042126.397706 0.877108 1.686971 15.468796 -0.001359 0.900345 0.032940 0.433927
1643042126.497706 0.933037 1.695441 15.402299 0.002752 0.892153 0.033072 0.450512
1643042126.597706 0.989559 1.706380 15.335138 0.004680 0.884247 0.030616 0.465992
1643042126.697708 1.055952 1.716533 15.269886 0.005919 0.876853 0.032762 0.479605
1643042126.797707 1.119246 1.728483 15.206425 0.007691 0.869288 0.032561 0.493173
1643042126.897706 1.184433 1.740995 15.144325 0.008867 0.862653 0.033041 0.504638
1643042126.997706 1.252535 1.748878 15.083183 0.009331 0.856178 0.035593 0.515369
1643042127.097706 1.323042 1.761014 15.026287 0.009123 0.849904 0.036851 0.525568
1643042127.197705 1.396818 1.770123 14.969607 0.009573 0.844683 0.039791 0.533700
1643042127.297705 1.467567 1.781674 14.915142 0.010074 0.839339 0.040683 0.541990
1643042127.397706 1.535921 1.790887 14.867990 0.008635 0.835393 0.039341 0.548175
1643042127.497705 1.602184 1.798783 14.821512 0.009918 0.830948 0.038419 0.554933
1643042127.597705 1.672237 1.807834 14.773930 0.009098 0.829008 0.036584 0.557964
1643042127.697705 1.741753 1.817624 14.726089 0.011208 0.824400 0.034406 0.564850
1643042127.797705 1.817812 1.831023 14.687387 0.014600 0.818938 0.032688 0.572764
1643042127.897705 1.923164 1.836238 14.655561 0.015907 0.823458 0.036753 0.565961
1643042127.997705 1.964485 1.852895 14.605089 0.019176 0.819147 0.030758 0.572437
1643042128.097705 2.046391 1.853922 14.574049 0.018961 0.815043 0.030667 0.578277
1643042128.197709 2.142981 1.832970 14.550202 0.012963 0.814220 0.039603 0.579060
1643042128.297707 2.208498 1.845766 14.508423 0.013128 0.811141 0.038029 0.583465
1643042128.397705 2.272842 1.850335 14.442071 0.013317 0.806445 0.040172 0.589792
1643042128.497707 2.351065 1.859318 14.414181 0.018482 0.791572 0.050768 0.608683
1643042128.597704 2.446774 1.856290 14.420499 0.010003 0.802251 0.037197 0.595742
1643042128.697704 2.514259 1.866153 14.372075 0.011210 0.804965 0.041213 0.591783
1643042128.797704 2.584644 1.876123 14.328617 0.009855 0.807118 0.041485 0.588848
1643042128.897709 2.642254 1.893936 14.279053 0.011045 0.806662 0.038558 0.589650
1643042128.997705 2.731245 1.883475 14.268564 0.008828 0.808180 0.043064 0.587293
1643042129.097704 2.782637 1.901504 14.224652 0.008706 0.803888 0.040607 0.593329
1643042129.197704 2.848791 1.906804 14.183954 0.009576 0.799444 0.041887 0.599202
1643042129.297706 2.914976 1.912985 14.153187 0.010784 0.793856 0.042591 0.606516
1643042129.397704 2.977694 1.922091 14.110998 0.011456 0.782284 0.044147 0.621250
1643042129.497703 3.060801 1.939105 14.149145 0.017390 0.774663 0.039483 0.630901
1643042129.597703 3.125893 1.948605 14.126266 0.021872 0.752618 0.038966 0.656940
1643042129.697703 3.187019 1.968235 14.041032 0.026953 0.715858 0.037534 0.696715
1643042129.797703 3.260281 1.972046 14.045862 0.028236 0.690928 0.038851 0.721327
1643042129.897703 3.327873 1.982659 13.978802 0.032260 0.649716 0.038305 0.758526
1643042129.997704 3.402453 1.977730 13.983942 0.033813 0.621334 0.039908 0.781798
1643042130.097703 3.477045 1.995741 13.991783 0.037192 0.593857 0.036109 0.802899
1643042130.197703 3.551985 1.999186 14.007225 0.038841 0.568109 0.036148 0.821241
1643042130.297703 3.629624 2.005448 14.030890 0.039568 0.540898 0.037001 0.839342
1643042130.397702 3.700969 2.008269 14.061222 0.042726 0.512819 0.036610 0.856651
1643042130.497702 3.769722 2.009633 14.092428 0.046958 0.480249 0.034415 0.875198
1643042130.597702 3.837967 2.008242 14.132277 0.050817 0.445506 0.034488 0.893170
1643042130.697702 3.897785 2.010731 14.172406 0.053979 0.409994 0.034260 0.909845
1643042130.797702 3.963574 2.012377 14.220135 0.057322 0.376640 0.032594 0.924010
1643042130.897702 4.020405 2.007903 14.267979 0.059715 0.341133 0.033914 0.937503
1643042130.997703 4.082141 2.008992 14.325045 0.062514 0.309910 0.032336 0.948157
1643042131.097702 4.129904 2.001167 14.371754 0.064203 0.282856 0.031728 0.956485
1643042131.197707 4.187468 2.000330 14.434110 0.065193 0.258720 0.031953 0.963220
1643042131.297705 4.237262 2.006572 14.499729 0.068441 0.237268 0.029716 0.968575
1643042131.397701 4.291751 1.988907 14.565269 0.068916 0.218261 0.030558 0.972974
1643042131.497716 4.340002 1.987234 14.630445 0.070466 0.200371 0.028632 0.976763
1643042131.597705 4.390100 1.984961 14.704312 0.071227 0.183539 0.028881 0.980003
1643042131.697705 4.432676 1.975433 14.781301 0.070747 0.168139 0.029149 0.982789
1643042131.797702 4.476103 1.964730 14.854212 0.071657 0.151028 0.029105 0.985499
1643042131.897701 4.515779 1.962528 14.942150 0.072059 0.132495 0.030611 0.988087
1643042131.997701 4.565217 1.954844 15.029366 0.073937 0.112996 0.031042 0.990354
1643042132.097701 4.600819 1.944511 15.107579 0.073095 0.098944 0.032033 0.991888
1643042132.197707 4.629123 1.934656 15.184338 0.072743 0.091122 0.033466 0.992615
1643042132.297705 4.656402 1.916847 15.260616 0.071688 0.086369 0.032014 0.993165
1643042132.397721 4.687661 1.935448 15.359483 0.071071 0.084660 0.031066 0.993386
1643042132.497709 4.738233 1.927179 15.466619 0.072209 0.081444 0.029134 0.993632
1643042132.597704 4.763406 1.922507 15.543263 0.071269 0.080360 0.027495 0.993835
1643042132.697709 4.785802 1.916149 15.617784 0.069904 0.079833 0.027414 0.993976
1643042132.797702 4.791735 1.909031 15.696259 0.068682 0.081262 0.028556 0.993913
1643042132.897702 4.822612 1.905709 15.781914 0.069714 0.079545 0.027653 0.994006
1643042132.997706 4.853585 1.897305 15.867348 0.070752 0.077274 0.028020 0.994102
1643042133.097700 4.875693 1.887432 15.958052 0.070818 0.075596 0.028044 0.994225
1643042133.197702 4.901085 1.885229 16.043537 0.070777 0.074200 0.028231 0.994328
1643042133.297702 4.926705 1.885615 16.128431 0.073317 0.071448 0.025331 0.994424
1643042133.397700 4.957066 1.870187 16.213720 0.073530 0.065829 0.026248 0.994772
1643042133.497699 4.995181 1.857121 16.307110 0.074129 0.057547 0.026856 0.995225
1643042133.597699 5.024673 1.856835 16.394579 0.075360 0.047635 0.026018 0.995678
1643042133.697701 5.054999 1.855202 16.483721 0.075190 0.035661 0.025988 0.996193
1643042133.797699 5.085005 1.842821 16.571795 0.074527 0.021902 0.025359 0.996656
1643042133.897699 5.107258 1.832217 16.663301 0.074305 0.010954 0.026139 0.996833
1643042133.997699 5.127727 1.829982 16.752262 0.073850 0.003493 0.025452 0.996938
1643042134.097704 5.151760 1.818113 16.845417 0.073008 -0.001561 0.025367 0.997007
1643042134.197700 5.172580 1.801580 16.938213 0.072004 -0.003756 0.024486 0.997097
1643042134.297703 5.196629 1.798639 17.029835 0.071327 -0.005124 0.023493 0.997163
1643042134.397704 5.219117 1.790785 17.122705 0.072583 -0.007124 0.022926 0.997073
1643042134.497720 5.239883 1.788204 17.212149 0.072224 -0.010000 0.022990 0.997073
1643042134.597698 5.262293 1.781599 17.303955 0.073082 -0.012400 0.021515 0.997017
1643042134.697699 5.278813 1.769712 17.412453 0.072270 -0.012390 0.020756 0.997092
1643042134.797698 5.296445 1.761268 17.503902 0.072697 -0.013586 0.019728 0.997066
1643042134.897698 5.316414 1.756779 17.597507 0.073885 -0.015031 0.019630 0.996960
1643042134.997705 5.336120 1.746090 17.693722 0.073943 -0.014484 0.019403 0.996969
1643042135.097699 5.357846 1.737923 17.788109 0.074647 -0.013578 0.020354 0.996910
1643042135.197703 5.380523 1.731669 17.881380 0.076297 -0.012377 0.019866 0.996810
1643042135.297701 5.406299 1.721051 17.978350 0.075509 -0.008566 0.018358 0.996939
1643042135.397698 5.430262 1.712807 18.073387 0.074953 0.001617 0.018096 0.997022
1643042135.497698 5.464019 1.706213 18.167524 0.072496 0.016241 0.018221 0.997070
1643042135.597697 5.498740 1.700327 18.258863 0.071774 0.034767 0.019058 0.996633
1643042135.697697 5.536198 1.694701 18.348728 0.069187 0.053373 0.019707 0.995980
1643042135.797697 5.566667 1.688626 18.444956 0.067757 0.071066 0.019287 0.994981
1643042135.897697 5.599086 1.681945 18.535587 0.067774 0.082111 0.021663 0.994080
1643042135.997697 5.635645 1.673293 18.623983 0.067706 0.090608 0.022883 0.993319
1643042136.097697 5.675170 1.665966 18.708822 0.067161 0.096678 0.022393 0.992795
1643042136.197700 5.701873 1.664029 18.798029 0.068452 0.104661 0.022560 0.991893
1643042136.297697 5.737950 1.660773 18.885601 0.068097 0.109377 0.023144 0.991395
1643042136.397698 5.775465 1.654424 18.973454 0.068191 0.113927 0.023125 0.990876
1643042136.497697 5.819746 1.650261 19.061167 0.068567 0.118944 0.022501 0.990275
1643042136.597697 5.860671 1.642239 19.144121 0.066279 0.122777 0.023535 0.989939
1643042136.697696 5.901576 1.636637 19.228819 0.066338 0.125017 0.023034 0.989666
1643042136.797697 5.942638 1.630646 19.317713 0.066157 0.125156 0.023560 0.989649
1643042136.897696 5.985281 1.633226 19.407780 0.068133 0.125863 0.025138 0.989386
1643042136.997696 6.028140 1.622452 19.488775 0.067800 0.124927 0.025494 0.989518
1643042137.097696 6.074791 1.618451 19.570318 0.068110 0.121277 0.026178 0.989933
1643042137.197697 6.119318 1.611760 19.646936 0.068964 0.117699 0.025914 0.990313
1643042137.297696 6.161663 1.609760 19.727201 0.071512 0.112242 0.025082 0.990787
1643042137.397696 6.208342 1.605503 19.806396 0.072108 0.107279 0.024789 0.991301
1643042137.497698 6.253160 1.597596 19.886885 0.072739 0.102168 0.024566 0.991800
1643042137.597696 6.291956 1.592885 19.970356 0.072923 0.094050 0.024388 0.992594
1643042137.697695 6.331705 1.587441 20.049660 0.073168 0.084749 0.023926 0.993424
1643042137.797695 6.374585 1.580270 20.129961 0.072417 0.073974 0.023437 0.994351
1643042137.897695 6.413760 1.577149 20.217899 0.072855 0.064724 0.025191 0.994921
1643042137.997695 6.450440 1.570229 20.305504 0.071895 0.054674 0.026753 0.995553
1643042138.097695 6.483975 1.565304 20.391407 0.071971 0.043706 0.025982 0.996110
1643042138.197695 6.520159 1.554862 20.475668 0.071581 0.032520 0.025618 0.996575
1643042138.297695 6.556080 1.550932 20.567028 0.070918 0.023153 0.026120 0.996871
1643042138.397697 6.589879 1.544638 20.656023 0.071104 0.013796 0.027242 0.997001
1643042138.497695 6.616307 1.537928 20.740273 0.072471 0.005404 0.026277 0.997010
1643042138.597696 6.641318 1.535147 20.826777 0.074956 -0.003778 0.025682 0.996849
1643042138.697694 6.666964 1.520158 20.916901 0.075289 -0.010810 0.023544 0.996825
1643042138.797694 6.687607 1.514526 21.005928 0.076292 -0.017719 0.022900 0.996665
1643042138.897702 6.711189 1.506267 21.097162 0.077315 -0.021861 0.023688 0.996486
1643042138.997696 6.729882 1.501945 21.185877 0.077051 -0.022194 0.021639 0.996545
1643042139.097695 6.747384 1.489340 21.275282 0.076280 -0.020060 0.020403 0.996676
1643042139.197696 6.761437 1.478034 21.373970 0.075470 -0.015222 0.020044 0.996830
1643042139.297695 6.780374 1.471871 21.469910 0.074064 -0.008758 0.020296 0.997009
1643042139.397694 6.797843 1.466133 21.566305 0.073385 -0.002214 0.020544 0.997090
1643042139.497694 6.818223 1.455557 21.656229 0.071985 0.003452 0.020146 0.997196
1643042139.597694 6.840743 1.446061 21.746416 0.071053 0.007711 0.021036 0.997221
1643042139.697695 6.862907 1.437293 21.844404 0.069619 0.016679 0.022121 0.997189
1643042139.797693 6.882576 1.430543 21.941889 0.068292 0.027925 0.022320 0.997025
1643042139.897693 6.907228 1.424179 22.036678 0.067157 0.038206 0.022891 0.996748
1643042139.997693 6.931878 1.413653 22.131001 0.066776 0.048268 0.021644 0.996365
1643042140.097694 6.961394 1.408420 22.224583 0.065194 0.057101 0.021209 0.996012
1643042140.197703 6.988896 1.402876 22.315413 0.063678 0.065410 0.022925 0.995561
1643042140.297697 7.021967 1.395735 22.408470 0.063719 0.074636 0.022377 0.994921
1643042140.397694 7.049683 1.388801 22.497520 0.063518 0.083419 0.023386 0.994213
1643042140.497693 7.075447 1.383095 22.588533 0.064510 0.089539 0.023299 0.993619
1643042140.597704 7.098155 1.381819 22.676342 0.064906 0.093810 0.019320 0.993284
1643042140.697698 7.133163 1.366043 22.744982 0.061161 0.095063 0.022361 0.993339
1643042140.797693 7.162832 1.364512 22.855013 0.062746 0.096877 0.021629 0.993081
1643042140.897698 7.192863 1.361763 22.931534 0.062123 0.097642 0.019148 0.993096
1643042140.997739 7.230171 1.359336 23.022757 0.061438 0.096683 0.020135 0.993213
1643042141.097709 7.255897 1.362316 23.113354 0.065034 0.097611 0.021632 0.992862
1643042141.197692 7.294733 1.348135 23.206947 0.062577 0.099937 0.023300 0.992751
1643042141.297693 7.331067 1.347287 23.290808 0.064306 0.102599 0.023488 0.992364
1643042141.397714 7.366630 1.341278 23.380112 0.066168 0.104156 0.023801 0.992072
1643042141.497711 7.403799 1.335478 23.460516 0.067893 0.102288 0.022895 0.992171
1643042141.597695 7.442122 1.332083 23.547523 0.070630 0.100204 0.023962 0.992168
1643042141.697701 7.476860 1.327064 23.639109 0.073228 0.099786 0.023146 0.992041
1643042141.797693 7.518301 1.319303 23.729107 0.072388 0.101075 0.021226 0.992015
1643042141.897691 7.564227 1.315820 23.818796 0.072867 0.105171 0.022638 0.991523
1643042141.997701 7.605318 1.302427 23.904963 0.070317 0.110817 0.024661 0.991043
1643042142.097692 7.653966 1.296674 23.995384 0.068417 0.114544 0.026249 0.990712
1643042142.197696 7.710113 1.294307 24.069462 0.068255 0.115521 0.024236 0.990661
1643042142.297692 7.762541 1.283202 24.168362 0.068865 0.116707 0.026690 0.990417
1643042142.397700 7.806750 1.277294 24.253500 0.068823 0.114348 0.024537 0.990750
1643042142.497693 7.853874 1.265820 24.341238 0.068609 0.109855 0.024559 0.991273
1643042142.597692 7.900281 1.273320 24.420305 0.068955 0.106548 0.025613 0.991583
1643042142.697695 7.947404 1.252398 24.498476 0.066701 0.106624 0.026431 0.991708
1643042142.797692 7.989263 1.266140 24.592569 0.068752 0.107506 0.024458 0.991523
1643042142.897722 8.039402 1.257799 24.683680 0.069493 0.105435 0.023871 0.991708
1643042142.997690 8.091565 1.257218 24.771448 0.069844 0.100067 0.023531 0.992247
1643042143.097696 8.135587 1.245001 24.847368 0.069368 0.096020 0.024347 0.992661
1643042143.197692 8.181352 1.240526 24.933819 0.067262 0.094466 0.022828 0.992991
1643042143.297698 8.231863 1.236607 25.028349 0.066503 0.091951 0.022463 0.993286
1643042143.397692 8.276664 1.224539 25.112230 0.064968 0.088564 0.021819 0.993710
1643042143.497695 8.324049 1.220066 25.197994 0.066190 0.083822 0.022203 0.994032
1643042143.597696 8.372197 1.213563 25.282211 0.066069 0.076824 0.022336 0.994602
1643042143.697695 8.412523 1.209720 25.371407 0.068417 0.070279 0.020188 0.994974
1643042143.797690 8.454446 1.199816 25.448589 0.068507 0.062928 0.019387 0.995475
1643042143.897693 8.493391 1.202353 25.539776 0.069871 0.056649 0.018789 0.995769
1643042143.997689 8.540277 1.196193 25.617611 0.070819 0.048755 0.020086 0.996094
1643042144.097691 8.578359 1.191409 25.718346 0.071631 0.046246 0.019042 0.996177
1643042144.197689 8.618549 1.189075 25.802004 0.071415 0.042049 0.018883 0.996381
1643042144.297692 8.655740 1.180312 25.888449 0.071417 0.037133 0.019324 0.996568
1643042144.397692 8.695763 1.171473 25.980793 0.070258 0.032752 0.018792 0.996814
1643042144.497689 8.737032 1.163529 26.068495 0.069188 0.029077 0.020031 0.996979
1643042144.597689 8.773698 1.157310 26.154778 0.067855 0.027366 0.019972 0.997120
1643042144.697689 8.819001 1.158221 26.237078 0.069433 0.027707 0.020520 0.996991
1643042144.797689 8.855084 1.150473 26.330030 0.070078 0.034909 0.020135 0.996727
1643042144.897689 8.892272 1.144773 26.419083 0.069694 0.041831 0.020691 0.996476
1643042144.997688 8.936089 1.139769 26.503725 0.070944 0.044293 0.020140 0.996293
1643042145.097688 8.964832 1.125739 26.596016 0.069633 0.045378 0.019573 0.996348
1643042145.197688 8.992918 1.125480 26.686970 0.071070 0.044291 0.020494 0.996277
1643042145.297688 9.028933 1.117263 26.776155 0.070389 0.042855 0.021165 0.996374
1643042145.397688 9.070097 1.109019 26.863264 0.069139 0.041347 0.023268 0.996478
1643042145.497690 9.110860 1.103833 26.948629 0.070256 0.041873 0.025483 0.996324
1643042145.597688 9.150022 1.099535 27.031628 0.068986 0.041797 0.024468 0.996441
1643042145.697688 9.181716 1.090323 27.116056 0.068205 0.042302 0.025048 0.996459
1643042145.797688 9.218801 1.090623 27.201904 0.069720 0.041713 0.024136 0.996402
1643042145.897688 9.248988 1.086839 27.292215 0.069468 0.043209 0.024528 0.996346
1643042145.997689 9.283511 1.080519 27.374392 0.068986 0.044762 0.023738 0.996330
1643042146.097690 9.321383 1.073006 27.452862 0.068316 0.045269 0.022337 0.996386
1643042146.197687 9.354269 1.064483 27.535986 0.067806 0.045076 0.021816 0.996441
1643042146.297688 9.385537 1.060016 27.628426 0.069335 0.045173 0.021139 0.996346
1643042146.397688 9.422282 1.054717 27.713354 0.069191 0.045009 0.021840 0.996348
1643042146.497687 9.459754 1.048492 27.796118 0.068323 0.045215 0.021225 0.996412
1643042146.597691 9.492805 1.044837 27.879734 0.069055 0.046983 0.020385 0.996297
1643042146.697687 9.534525 1.038870 27.957726 0.069253 0.047191 0.021364 0.996253
1643042146.797695 9.575573 1.029795 28.045959 0.069999 0.049074 0.021607 0.996105
1643042146.897687 9.613228 1.028357 28.126005 0.069662 0.051036 0.022909 0.996001
1643042146.997692 9.647785 1.021281 28.212297 0.069012 0.053429 0.022137 0.995938
1643042147.097690 9.686812 1.018094 28.291271 0.069713 0.056204 0.021141 0.995758
1643042147.197688 9.723539 1.013453 28.375500 0.070646 0.060978 0.021620 0.995401
1643042147.297686 9.765976 1.007929 28.459532 0.069507 0.064919 0.021891 0.995226
1643042147.397686 9.805700 0.997909 28.544575 0.067854 0.067426 0.022840 0.995152
1643042147.497687 9.845739 0.993477 28.630054 0.066930 0.070940 0.022000 0.994989
1643042147.597688 9.886530 0.991988 28.712711 0.067168 0.075149 0.023798 0.994623
1643042147.697686 9.933506 0.991162 28.797058 0.067804 0.083011 0.024209 0.993945
1643042147.797687 9.976457 0.987314 28.885786 0.065465 0.092547 0.025175 0.993235
1643042147.897686 10.022687 0.977364 28.967501 0.063815 0.099481 0.023993 0.992701
1643042147.997686 10.058872 0.967992 29.057087 0.062141 0.105493 0.023945 0.992188
1643042148.097686 10.097703 0.971713 29.162859 0.066006 0.106606 0.023520 0.991829
1643042148.197685 10.135454 0.964900 29.248020 0.067150 0.103281 0.023386 0.992107
1643042148.297689 10.169642 0.955800 29.333580 0.066725 0.098298 0.023036 0.992650
1643042148.397686 10.208219 0.949548 29.417370 0.068148 0.090710 0.022558 0.993287
1643042148.497691 10.237638 0.952525 29.510962 0.069036 0.083970 0.021835 0.993834
1643042148.597688 10.268229 0.944993 29.596407 0.069866 0.075032 0.020991 0.994509
1643042148.697687 10.298128 0.938764 29.685354 0.071461 0.063987 0.021262 0.995162
1643042148.797685 10.330327 0.932690 29.772276 0.070569 0.051825 0.022082 0.995915
1643042148.897685 10.355398 0.932647 29.863199 0.071293 0.041657 0.021351 0.996356
1643042148.997685 10.378626 0.924977 29.949026 0.071046 0.028866 0.020326 0.996848
1643042149.097686 10.400568 0.918116 30.035639 0.071006 0.012304 0.019786 0.997204
1643042149.197684 10.413158 0.911305 30.131542 0.072524 -0.004788 0.019301 0.997168
1643042149.297684 10.431544 0.905915 30.218626 0.074577 -0.024048 0.019868 0.996727
1643042149.397685 10.448647 0.896367 30.306679 0.072844 -0.041966 0.019039 0.996278
1643042149.497685 10.454298 0.892519 30.395395 0.073456 -0.057451 0.019669 0.995448
1643042149.597684 10.464917 0.886236 30.477324 0.073940 -0.072793 0.018091 0.994438
1643042149.697684 10.472092 0.880845 30.560350 0.073687 -0.087730 0.018562 0.993242
1643042149.797684 10.479140 0.873987 30.643381 0.072869 -0.102662 0.017487 0.991890
1643042149.897684 10.468318 0.862145 30.736242 0.072564 -0.116910 0.017145 0.990340
1643042149.997684 10.462666 0.858797 30.822037 0.074270 -0.140790 0.018068 0.987085
1643042150.097684 10.449796 0.849050 30.905216 0.074002 -0.168783 0.017518 0.982715
1643042150.197684 10.429785 0.842122 30.990891 0.075172 -0.195432 0.016397 0.977695
1643042150.297684 10.407009 0.834086 31.074030 0.076597 -0.222518 0.015050 0.971799
1643042150.397683 10.377589 0.825637 31.160645 0.077783 -0.249280 0.014533 0.965193
1643042150.497683 10.337561 0.817727 31.232304 0.079857 -0.274716 0.014424 0.958095
1643042150.597683 10.297407 0.812839 31.305740 0.083243 -0.299853 0.012580 0.950263
1643042150.697683 10.241243 0.796992 31.392731 0.083659 -0.326703 0.012274 0.941337
1643042150.797683 10.191851 0.789563 31.459429 0.084566 -0.353129 0.011185 0.931678
1643042150.897683 10.127999 0.774596 31.542002 0.085120 -0.379169 0.009578 0.921354
1643042150.997683 10.068702 0.766441 31.607231 0.085635 -0.406832 0.009056 0.909435
1643042151.097683 9.994832 0.755527 31.681967 0.085626 -0.433832 0.006823 0.896890
1643042151.197683 9.926477 0.744135 31.746746 0.083742 -0.458933 0.006365 0.884493
1643042151.297682 9.850619 0.736117 31.814980 0.082992 -0.481788 0.004940 0.872335
1643042151.397682 9.781857 0.728209 31.871910 0.082691 -0.503973 0.005459 0.859735
1643042151.497682 9.706388 0.718904 31.924616 0.083562 -0.524617 0.006321 0.847204
1643042151.597682 9.630854 0.705194 31.978724 0.084031 -0.545069 0.007508 0.834136
1643042151.697684 9.548965 0.702249 32.035648 0.078870 -0.563387 0.011412 0.822341
1643042151.797682 9.473942 0.689994 32.074619 0.087100 -0.562928 0.011863 0.821818
1643042151.897682 9.375647 0.678482 32.128780 0.082048 -0.569850 0.008751 0.817595
1643042151.997682 9.300560 0.670569 32.174553 0.085053 -0.574107 0.009165 0.814299
1643042152.097684 9.212751 0.662792 32.225117 0.084553 -0.576829 0.007800 0.812440
1643042152.197683 9.128101 0.649749 32.271843 0.085372 -0.575859 0.006490 0.813053
1643042152.297682 9.024708 0.644017 32.340458 0.076654 -0.601660 0.007365 0.795032
1643042152.397681 8.965437 0.645680 32.365452 0.086011 -0.579699 0.001400 0.810277
1643042152.497681 8.865801 0.629488 32.418407 0.083644 -0.572039 0.006637 0.815923
1643042152.597682 8.774136 0.599193 32.463142 0.081225 -0.566128 0.006099 0.820283
1643042152.697681 8.681427 0.587582 32.515907 0.080280 -0.561917 0.005839 0.823268
1643042152.797682 8.597878 0.583568 32.566799 0.079596 -0.560896 0.006228 0.824028
1643042152.897684 8.525507 0.576883 32.624271 0.081507 -0.562826 0.005047 0.822531
1643042152.997681 8.446712 0.568578 32.667625 0.079666 -0.564231 0.004148 0.821754
1643042153.097682 8.349682 0.554822 32.722004 0.078292 -0.563346 0.003230 0.822497
1643042153.197681 8.265053 0.549195 32.776844 0.077456 -0.564586 0.004726 0.821719
1643042153.297681 8.178907 0.538224 32.833492 0.081793 -0.564556 0.003401 0.821325
1643042153.397680 8.104061 0.540709 32.880676 0.082686 -0.571049 0.005192 0.816725
1643042153.497682 8.016651 0.532772 32.940521 0.082762 -0.574162 0.005233 0.814531
1643042153.597680 7.929319 0.524229 32.984726 0.082155 -0.573184 0.006109 0.815275
1643042153.697682 7.834978 0.517344 33.045094 0.082290 -0.571129 0.005567 0.816706
1643042153.797681 7.748539 0.504888 33.098423 0.081559 -0.567812 0.004895 0.819093
1643042153.897680 7.682163 0.502009 33.144382 0.081522 -0.565007 0.004979 0.821034
1643042153.997681 7.587151 0.494853 33.206852 0.080198 -0.561333 0.004587 0.823682
1643042154.097680 7.499584 0.474544 33.282970 0.077782 -0.557991 0.004482 0.826182
1643042154.197683 7.402489 0.457101 33.335606 0.078528 -0.553440 0.004818 0.829165
1643042154.297681 7.333183 0.453379 33.382812 0.078083 -0.548547 0.006403 0.832441
1643042154.397682 7.247793 0.444804 33.449348 0.081380 -0.545472 0.006109 0.834146
1643042154.497679 7.163792 0.438903 33.512959 0.081747 -0.544398 0.005343 0.834817
1643042154.597686 7.080208 0.424021 33.573635 0.083178 -0.544981 0.007053 0.834282
1643042154.697680 6.998104 0.412711 33.631248 0.084012 -0.543466 0.008373 0.835175
1643042154.797679 6.922419 0.411319 33.698242 0.086522 -0.545091 0.009474 0.833847
1643042154.897679 6.833485 0.394080 33.763351 0.086974 -0.544878 0.010223 0.833930
1643042154.997681 6.742384 0.393972 33.839806 0.086282 -0.544842 0.010482 0.834022
1643042155.097679 6.663155 0.369447 33.901070 0.086110 -0.542779 0.008945 0.835401
1643042155.197679 6.582121 0.359823 33.964092 0.085920 -0.541617 0.007934 0.836186
1643042155.297679 6.498554 0.349711 34.036087 0.085400 -0.541020 0.008028 0.836624
1643042155.397679 6.408873 0.336791 34.105042 0.083257 -0.540236 0.008437 0.837343
1643042155.497678 6.329111 0.326787 34.174805 0.081038 -0.540005 0.009245 0.837701
1643042155.597679 6.249945 0.315375 34.234608 0.080980 -0.539648 0.010936 0.837916
1643042155.697678 6.171499 0.305032 34.304157 0.080478 -0.541989 0.010874 0.836452
1643042155.797679 6.087921 0.283432 34.362564 0.079531 -0.542597 0.010728 0.836151
1643042155.897683 6.001944 0.275708 34.436855 0.081638 -0.541488 0.010728 0.836667
1643042155.997679 5.926525 0.263389 34.506805 0.082618 -0.538803 0.010623 0.838304
1643042156.097682 5.840530 0.252459 34.572994 0.084472 -0.533420 0.009614 0.841567
1643042156.197678 5.752645 0.236557 34.643150 0.085764 -0.526988 0.009121 0.845485
1643042156.297678 5.673311 0.226019 34.712570 0.086206 -0.521335 0.009473 0.848934
1643042156.397678 5.605341 0.217781 34.786560 0.084988 -0.517612 0.008325 0.851344
1643042156.497678 5.526875 0.206745 34.853474 0.084000 -0.515178 0.008514 0.852915
1643042156.597677 5.456886 0.197065 34.923561 0.083131 -0.514472 0.009504 0.853415
1643042156.697680 5.369452 0.185245 34.996254 0.082184 -0.514257 0.009714 0.853634
1643042156.797678 5.289238 0.172832 35.065350 0.081569 -0.513973 0.009834 0.853863
1643042156.897677 5.209688 0.155150 35.136246 0.081498 -0.513379 0.008917 0.854237
1643042156.997677 5.126255 0.144407 35.203430 0.082660 -0.510508 0.007882 0.855854
1643042157.097677 5.044619 0.129371 35.278595 0.082051 -0.506920 0.007962 0.858042
1643042157.197679 4.976429 0.121188 35.342365 0.082380 -0.502977 0.008478 0.860323
1643042157.297677 4.895555 0.117596 35.418903 0.082095 -0.500892 0.008016 0.861570
1643042157.397679 4.825624 0.103495 35.486191 0.081352 -0.498835 0.007875 0.862835
1643042157.497678 4.753117 0.091461 35.559818 0.081314 -0.497706 0.008386 0.863485
1643042157.597676 4.672653 0.075511 35.632988 0.081196 -0.498493 0.007870 0.863047
1643042157.697678 4.593483 0.068256 35.704079 0.081214 -0.497941 0.008375 0.863359
1643042157.797677 4.526638 0.063416 35.784996 0.080059 -0.496903 0.008298 0.864065
1643042157.897677 4.447481 0.046588 35.854736 0.079637 -0.493518 0.007886 0.866046
1643042157.997678 4.380537 0.039266 35.927032 0.079557 -0.490682 0.007325 0.867668
1643042158.097676 4.307446 0.034175 35.995224 0.080172 -0.487431 0.006526 0.869449
1643042158.197676 4.229175 0.015884 36.076321 0.079064 -0.485519 0.005942 0.870623
1643042158.297676 4.165033 0.016290 36.144455 0.081738 -0.482643 0.007354 0.871964
1643042158.397676 4.086329 -0.004909 36.228664 0.078673 -0.479736 0.007618 0.873845
1643042158.497680 4.028166 -0.000872 36.293663 0.080781 -0.477242 0.007320 0.875020
1643042158.597676 3.950830 -0.013519 36.375637 0.080131 -0.476411 0.008156 0.875526
1643042158.697677 3.881008 -0.023728 36.457977 0.079074 -0.475235 0.009334 0.876249
1643042158.797675 3.808183 -0.042550 36.531586 0.079143 -0.472490 0.010982 0.877707
1643042158.897675 3.737137 -0.053882 36.616364 0.079267 -0.470376 0.010907 0.878831
1643042158.997675 3.664901 -0.062196 36.692459 0.080416 -0.464990 0.010875 0.881589
1643042159.097675 3.593381 -0.071990 36.781662 0.081165 -0.458267 0.010644 0.885037
1643042159.197675 3.531398 -0.083270 36.861488 0.081044 -0.448523 0.012180 0.890006
1643042159.297675 3.470568 -0.094558 36.952076 0.080419 -0.438563 0.013983 0.894986
1643042159.397675 3.411401 -0.108779 37.033184 0.081137 -0.430501 0.014513 0.898819
1643042159.497675 3.349087 -0.115528 37.121216 0.081220 -0.422187 0.014405 0.902748
1643042159.597676 3.287154 -0.127128 37.211510 0.079233 -0.411754 0.013632 0.907742
1643042159.697674 3.229303 -0.140208 37.303669 0.078854 -0.400708 0.014694 0.912688
1643042159.797674 3.176002 -0.151419 37.388256 0.081396 -0.390744 0.014977 0.916771
1643042159.897674 3.123296 -0.162078 37.480099 0.081144 -0.381064 0.015604 0.920849
1643042159.997674 3.069343 -0.172251 37.566757 0.080614 -0.371613 0.015187 0.924757
1643042160.097674 3.018792 -0.185517 37.657116 0.081203 -0.364579 0.014804 0.927507
1643042160.197674 2.967208 -0.195653 37.749290 0.080821 -0.358871 0.015269 0.929756
1643042160.297674 2.921164 -0.204546 37.837124 0.082264 -0.352926 0.014195 0.931920
1643042160.397676 2.869005 -0.216041 37.919930 0.081523 -0.344765 0.013619 0.935043
1643042160.497674 2.818926 -0.231053 38.018391 0.080076 -0.339896 0.015285 0.936923
1643042160.597676 2.774729 -0.239995 38.110329 0.080125 -0.334768 0.015203 0.938765
1643042160.697674 2.729746 -0.250501 38.201332 0.081073 -0.332721 0.015056 0.939413
1643042160.797673 2.691853 -0.261628 38.289703 0.080300 -0.331485 0.016586 0.939891
1643042160.897673 2.645079 -0.276711 38.383041 0.079978 -0.328098 0.016745 0.941103
1643042160.997673 2.607256 -0.284790 38.481243 0.079805 -0.322050 0.016674 0.943206
1643042161.097673 2.569792 -0.294410 38.576958 0.078845 -0.313131 0.017727 0.946265
1643042161.197673 2.529490 -0.304538 38.676338 0.077893 -0.300621 0.017513 0.950396
1643042161.297673 2.496192 -0.315930 38.777039 0.077949 -0.288694 0.016974 0.954092
1643042161.397673 2.462373 -0.323651 38.869781 0.078855 -0.275263 0.017422 0.957971
1643042161.497673 2.430716 -0.336844 38.973942 0.077368 -0.262801 0.017654 0.961581
1643042161.597673 2.405886 -0.348194 39.072243 0.078897 -0.251419 0.019635 0.964458
1643042161.697673 2.381435 -0.357313 39.171455 0.080020 -0.239152 0.019361 0.967485
1643042161.797673 2.366738 -0.369496 39.278740 0.080334 -0.226058 0.017875 0.970631
1643042161.897672 2.349033 -0.375231 39.383984 0.080085 -0.212594 0.019619 0.973656
1643042161.997672 2.337305 -0.386804 39.489136 0.080101 -0.198326 0.019867 0.976656
1643042162.097672 2.324957 -0.396627 39.593376 0.079470 -0.182482 0.019133 0.979806
1643042162.197675 2.315563 -0.402360 39.694252 0.079713 -0.166993 0.018810 0.982551
1643042162.297672 2.308534 -0.408385 39.796803 0.079528 -0.152045 0.020826 0.984949
1643042162.397672 2.306167 -0.419620 39.909283 0.078103 -0.135110 0.020946 0.987525
1643042162.497672 2.311388 -0.427379 40.018917 0.075912 -0.117610 0.021068 0.989930
1643042162.597672 2.318560 -0.439643 40.121204 0.074075 -0.100832 0.020912 0.991922
1643042162.697672 2.325663 -0.442933 40.221405 0.073020 -0.084912 0.020959 0.993488
1643042162.797672 2.337039 -0.450182 40.327042 0.071091 -0.070037 0.021434 0.994777
1643042162.897673 2.358949 -0.463193 40.430931 0.070281 -0.059036 0.023528 0.995501
1643042162.997671 2.382501 -0.469614 40.530708 0.070682 -0.048177 0.024581 0.996032
1643042163.097671 2.407786 -0.483383 40.630455 0.071528 -0.033190 0.023262 0.996615
1643042163.197672 2.437212 -0.482881 40.736362 0.070232 -0.015854 0.023560 0.997126
1643042163.297671 2.463750 -0.477820 40.825054 0.071406 0.003376 0.022768 0.997182
1643042163.397671 2.509786 -0.489364 40.932610 0.069340 0.022129 0.024664 0.997043
1643042163.497671 2.540648 -0.494850 41.027988 0.067291 0.043070 0.024139 0.996511
1643042163.597671 2.578234 -0.493406 41.126858 0.068316 0.060251 0.024059 0.995552
1643042163.697671 2.623000 -0.499969 41.219757 0.067654 0.073893 0.024611 0.994664
1643042163.797671 2.669419 -0.500518 41.317589 0.067157 0.085597 0.025159 0.993746
1643042163.897670 2.720595 -0.509417 41.420048 0.067655 0.096789 0.025731 0.992670
1643042163.997671 2.771416 -0.504687 41.493332 0.068713 0.105835 0.024199 0.991712
1643042164.097671 2.817827 -0.513718 41.586727 0.067810 0.114067 0.025159 0.990837
1643042164.197670 2.880179 -0.510538 41.688858 0.068763 0.125878 0.024688 0.989352
1643042164.297670 2.936208 -0.510948 41.789112 0.066795 0.145385 0.023420 0.986840
1643042164.397670 3.005040 -0.519091 41.882168 0.063655 0.164039 0.025920 0.984057
1643042164.497670 3.068888 -0.539977 41.972397 0.062085 0.180226 0.025692 0.981328
1643042164.597671 3.136472 -0.504157 42.047226 0.067611 0.193771 0.025069 0.978393
1643042164.697670 3.202204 -0.515484 42.139343 0.064063 0.209049 0.025232 0.975478
1643042164.797670 3.259538 -0.525288 42.222534 0.063442 0.224695 0.025484 0.972028
1643042164.897672 3.338740 -0.518269 42.291557 0.065876 0.236224 0.024743 0.969147
1643042164.997669 3.401995 -0.524911 42.374649 0.065469 0.251913 0.024917 0.965211
1643042165.097671 3.478139 -0.542361 42.453938 0.063226 0.268934 0.024984 0.960756
1643042165.197670 3.562793 -0.528306 42.534122 0.064670 0.284471 0.026946 0.956121
1643042165.297669 3.637144 -0.536353 42.612198 0.063826 0.300266 0.031028 0.951212
1643042165.397670 3.707601 -0.527832 42.689362 0.065941 0.319302 0.027138 0.944966
1643042165.497669 3.792810 -0.512687 42.747871 0.063687 0.335326 0.026616 0.939570
1643042165.597669 3.867908 -0.521529 42.812347 0.063397 0.352346 0.028965 0.933271
1643042165.697669 3.955497 -0.526036 42.878952 0.062697 0.370263 0.027015 0.926415
1643042165.797670 4.044227 -0.531055 42.941658 0.059381 0.387263 0.028708 0.919607
1643042165.897669 4.127728 -0.533548 43.003025 0.059835 0.403085 0.029602 0.912724
1643042165.997668 4.219120 -0.542310 43.049629 0.058149 0.418628 0.029176 0.905825
1643042166.097671 4.312054 -0.527626 43.105450 0.058731 0.437038 0.029164 0.897050
1643042166.197669 4.413084 -0.521979 43.148705 0.058078 0.451987 0.028889 0.889663
1643042166.297671 4.504576 -0.526659 43.191273 0.057388 0.468116 0.026889 0.881391
1643042166.397670 4.607501 -0.528749 43.234509 0.055043 0.487538 0.027479 0.870931
1643042166.497673 4.719282 -0.536013 43.273312 0.050450 0.507287 0.028554 0.859825
1643042166.597668 4.809101 -0.524437 43.293373 0.051720 0.521469 0.028673 0.851218
1643042166.697668 4.914463 -0.523843 43.318695 0.050156 0.535188 0.030639 0.842686
1643042166.797670 5.015930 -0.526337 43.334923 0.048600 0.547329 0.031589 0.834908
1643042166.897668 5.128178 -0.521637 43.358147 0.046985 0.560087 0.032222 0.826473
1643042166.997668 5.230425 -0.511382 43.368610 0.047744 0.572480 0.032873 0.817867
1643042167.097667 5.340364 -0.512263 43.377052 0.047285 0.586530 0.033868 0.807836
1643042167.197667 5.435316 -0.511820 43.380470 0.045038 0.598329 0.034284 0.799249
1643042167.297668 5.542315 -0.501626 43.387520 0.044247 0.611469 0.033185 0.789333
1643042167.397668 5.647339 -0.497652 43.385010 0.044938 0.622743 0.033429 0.780419
1643042167.497668 5.755739 -0.493877 43.386051 0.042414 0.634959 0.035056 0.770584
1643042167.597667 5.858969 -0.482109 43.381409 0.042534 0.645200 0.033936 0.762074
1643042167.697668 5.958101 -0.480158 43.370102 0.041918 0.652746 0.035214 0.755596
1643042167.797667 6.066830 -0.471857 43.362656 0.040909 0.661761 0.034451 0.747805
1643042167.897668 6.171822 -0.458935 43.346645 0.039704 0.670781 0.033757 0.739822
1643042167.997667 6.279800 -0.452589 43.329521 0.037497 0.680600 0.036009 0.730808
1643042168.097666 6.378979 -0.440839 43.307308 0.038001 0.688929 0.038150 0.722826
1643042168.197666 6.476871 -0.434683 43.289230 0.037430 0.696700 0.038117 0.715371
1643042168.297669 6.574692 -0.424170 43.256271 0.036902 0.700365 0.039297 0.711746
1643042168.397671 6.677139 -0.413404 43.227699 0.036007 0.705605 0.041111 0.706495
1643042168.497671 6.771839 -0.406888 43.196285 0.037333 0.711663 0.041692 0.700288
1643042168.597666 6.870766 -0.400245 43.157314 0.034020 0.719763 0.041114 0.692166
1643042168.697666 6.961388 -0.389899 43.123093 0.033120 0.727688 0.041008 0.683880
1643042168.797666 7.058475 -0.378813 43.090511 0.032594 0.735601 0.040999 0.675387
1643042168.897667 7.154446 -0.368305 43.050102 0.033275 0.741054 0.040887 0.669372
1643042168.997666 7.249016 -0.358211 43.011135 0.032778 0.745949 0.041640 0.663892
1643042169.097667 7.343182 -0.345540 42.971340 0.030991 0.750207 0.040756 0.659218
1643042169.197667 7.436710 -0.334722 42.929379 0.029990 0.756149 0.039724 0.652504
1643042169.297665 7.530682 -0.321585 42.882721 0.029357 0.763343 0.039243 0.644132
1643042169.397665 7.618828 -0.313704 42.834679 0.026714 0.768864 0.040241 0.637586
1643042169.497667 7.711231 -0.303694 42.787979 0.027597 0.771883 0.039466 0.633938
1643042169.597666 7.799057 -0.290861 42.740780 0.028284 0.773889 0.039061 0.631482
1643042169.697665 7.886063 -0.281567 42.688992 0.029107 0.773699 0.038407 0.631718
1643042169.797665 7.975113 -0.269287 42.642338 0.028301 0.775127 0.039128 0.629958
1643042169.897665 8.067242 -0.255713 42.592087 0.027587 0.777089 0.041920 0.627387
1643042169.997665 8.161663 -0.245030 42.547283 0.027488 0.778141 0.042477 0.626049
1643042170.097665 8.254261 -0.235577 42.506752 0.027360 0.777783 0.041911 0.626536
1643042170.197664 8.344524 -0.225903 42.465652 0.029264 0.776129 0.040509 0.628591
1643042170.297665 8.436512 -0.213483 42.417637 0.030393 0.774310 0.039837 0.630819
1643042170.397664 8.524899 -0.202824 42.374374 0.032884 0.772398 0.040312 0.633005
1643042170.497664 8.621258 -0.196435 42.333771 0.033037 0.771504 0.036835 0.634298
1643042170.597664 8.717064 -0.173346 42.277493 0.033892 0.770309 0.037599 0.635658
1643042170.697665 8.806084 -0.174408 42.255398 0.030997 0.775852 0.036681 0.629084
1643042170.797667 8.901337 -0.163888 42.218243 0.032060 0.775322 0.036910 0.629671
1643042170.897672 8.977650 -0.151781 42.173656 0.031471 0.774555 0.036351 0.630676
1643042170.997666 9.073250 -0.139963 42.139755 0.030252 0.775487 0.037071 0.629547
1643042171.097668 9.165253 -0.112126 42.120167 0.032079 0.776800 0.032153 0.628108
1643042171.197671 9.270603 -0.128012 42.082581 0.016434 0.776933 0.048819 0.627473
1643042171.297663 9.356049 -0.124986 42.030983 0.027191 0.771892 0.032525 0.634339
1643042171.397667 9.442867 -0.125511 41.996326 0.029402 0.769433 0.037428 0.636952
1643042171.497699 9.531948 -0.107222 41.965385 0.029598 0.769526 0.038169 0.636787
1643042171.597679 9.628460 -0.090092 41.923084 0.032552 0.770140 0.036237 0.636012
1643042171.697710 9.717693 -0.077513 41.881489 0.031825 0.770745 0.037858 0.635222
1643042171.797694 9.819763 -0.067078 41.833244 0.031533 0.770213 0.038704 0.635830
1643042171.897674 9.906872 -0.054814 41.794773 0.032075 0.770848 0.038933 0.635019
1643042171.997679 10.003117 -0.056117 41.753040 0.031858 0.772631 0.039306 0.632837
1643042172.097663 10.096725 -0.050950 41.717602 0.032044 0.774996 0.039627 0.629908
1643042172.197671 10.188343 -0.037329 41.671745 0.030710 0.776293 0.039065 0.628411
1643042172.297668 10.283039 -0.027724 41.623375 0.029284 0.777685 0.040074 0.626692
1643042172.397671 10.370319 -0.016559 41.587357 0.027921 0.781691 0.039253 0.621803
1643042172.497662 10.446903 -0.002825 41.539730 0.027738 0.783239 0.039577 0.619840
1643042172.597667 10.556557 -0.002690 41.497608 0.028565 0.783497 0.041663 0.619339
1643042172.697663 10.638046 0.016464 41.452053 0.027377 0.783050 0.041533 0.619967
1643042172.797665 10.727196 0.027146 41.403847 0.027104 0.784373 0.042623 0.618229
1643042172.897667 10.810150 0.042727 41.359341 0.026495 0.786170 0.041883 0.616019
1643042172.997662 10.893002 0.049024 41.309654 0.026299 0.786788 0.041647 0.615254
1643042173.097672 10.977512 0.062079 41.266201 0.026890 0.787577 0.040032 0.614326
1643042173.197665 11.067295 0.075604 41.216934 0.026845 0.788045 0.041745 0.613614
1643042173.297663 11.149933 0.079415 41.163921 0.025890 0.787814 0.041278 0.613982
1643042173.397669 11.234531 0.079800 41.114677 0.025751 0.786171 0.041824 0.616055
1643042173.497661 11.317730 0.100817 41.068981 0.027083 0.782109 0.040090 0.621261
1643042173.597661 11.386845 0.110367 41.002094 0.027939 0.777037 0.039525 0.627591
1643042173.697662 11.489452 0.109279 40.969913 0.026416 0.776057 0.042903 0.628647
1643042173.797662 11.572990 0.125163 40.925884 0.026949 0.775842 0.041645 0.628974
1643042173.897663 11.666264 0.137231 40.885189 0.026350 0.776667 0.040910 0.628029
1643042173.997666 11.735222 0.176251 40.828270 0.029322 0.776086 0.036900 0.628864
1643042174.097669 11.819519 0.186349 40.779095 0.030238 0.775591 0.036248 0.629468
1643042174.197662 11.908379 0.189031 40.731922 0.029929 0.775449 0.037953 0.629557
1643042174.297661 11.996193 0.209168 40.689732 0.029724 0.775762 0.037189 0.629227
1643042174.397663 12.081993 0.215973 40.643150 0.029061 0.776160 0.038207 0.628706
1643042174.497665 12.168564 0.225440 40.597282 0.028585 0.777296 0.037830 0.627345
1643042174.597660 12.258408 0.236011 40.547680 0.028544 0.779362 0.037730 0.624785
1643042174.697660 12.342587 0.248804 40.499783 0.027955 0.782106 0.038231 0.621343
1643042174.797660 12.425484 0.267053 40.458588 0.027982 0.785950 0.037612 0.616510
1643042174.897661 12.508411 0.279380 40.414150 0.027888 0.791037 0.037110 0.610005
1643042174.997660 12.581795 0.314514 40.347473 0.030720 0.794629 0.033159 0.605410
1643042175.097660 12.667538 0.322433 40.288540 0.030070 0.800328 0.033646 0.597862
1643042175.197660 12.750813 0.325224 40.229454 0.027451 0.808591 0.033461 0.586777
1643042175.297660 12.820049 0.360655 40.161701 0.028032 0.817356 0.032628 0.574525
1643042175.397659 12.894947 0.370652 40.099152 0.026954 0.826412 0.031054 0.561562
1643042175.497659 12.968670 0.389210 40.037655 0.025425 0.835326 0.030407 0.548324
1643042175.597659 13.053234 0.401231 39.970936 0.022138 0.845385 0.032805 0.532690
1643042175.697659 13.129311 0.410852 39.906731 0.021793 0.855008 0.033071 0.517100
1643042175.797659 13.196793 0.416755 39.831879 0.018155 0.862631 0.034418 0.504335
1643042175.897659 13.267986 0.429723 39.758987 0.017020 0.870845 0.034267 0.490067
1643042175.997659 13.330780 0.452207 39.684418 0.018791 0.879631 0.030271 0.474321
1643042176.097659 13.381413 0.463493 39.596848 0.015195 0.889032 0.031364 0.456517
1643042176.197659 13.444263 0.465491 39.514050 0.012009 0.899881 0.031320 0.434844
1643042176.297659 13.497990 0.472839 39.429478 0.009480 0.909994 0.032940 0.413202
1643042176.397660 13.547886 0.490644 39.343197 0.007614 0.920137 0.031633 0.390243
1643042176.497658 13.594780 0.504326 39.253376 0.004461 0.930192 0.031382 0.365701
1643042176.597658 13.623791 0.516977 39.151108 0.002622 0.939296 0.031606 0.341640
1643042176.697658 13.669498 0.523174 39.057964 0.000293 0.948298 0.035240 0.315419
1643042176.797658 13.685425 0.537383 38.949318 -0.002624 0.955072 0.032576 0.294568
1643042176.897658 13.700897 0.555984 38.849133 -0.003635 0.962066 0.032001 0.270908
1643042176.997658 13.723503 0.566660 38.740467 -0.004517 0.968490 0.033110 0.246801
1643042177.097658 13.742268 0.574446 38.639851 -0.005870 0.973632 0.034168 0.225476
1643042177.197658 13.749252 0.588946 38.535622 -0.005883 0.977639 0.034089 0.207426
1643042177.297659 13.754803 0.601606 38.438568 -0.008085 0.981606 0.034729 0.187557
1643042177.397659 13.761749 0.620276 38.333046 -0.008300 0.985176 0.033079 0.168120
1643042177.497657 13.759411 0.629448 38.237774 -0.011294 0.988549 0.032932 0.146832
1643042177.597657 13.760534 0.641634 38.140858 -0.013217 0.991742 0.032505 0.123354
1643042177.697657 13.756048 0.653291 38.047085 -0.017005 0.994499 0.031012 0.098595
1643042177.797657 13.748846 0.669665 37.953705 -0.018881 0.996585 0.029305 0.074854
1643042177.897657 13.738682 0.681913 37.855137 -0.022671 0.997979 0.027609 0.052556
1643042177.997657 13.718706 0.692701 37.761715 -0.022659 0.998739 0.026985 0.035771
1643042178.097657 13.702763 0.698542 37.663902 -0.024873 0.999093 0.027129 0.021422
1643042178.197657 13.677733 0.707664 37.572144 -0.025443 0.999268 0.026848 0.009792
1643042178.297657 13.653204 0.717286 37.475925 -0.026861 0.999291 0.026254 -0.002615
1643042178.397657 13.623016 0.729453 37.377090 -0.028870 0.999117 0.025487 -0.016781
1643042178.497658 13.594520 0.737523 37.278618 -0.031753 0.998609 0.026667 -0.032568
1643042178.597656 13.561476 0.757585 37.190964 -0.031504 0.998157 0.026195 -0.044762
1643042178.697656 13.529974 0.759934 37.098545 -0.032722 0.997784 0.023523 -0.052940
1643042178.797656 13.492056 0.762158 37.001133 -0.034680 0.997343 0.024966 -0.058998
1643042178.897680 13.454408 0.772467 36.908890 -0.034468 0.996953 0.025649 -0.065107
1643042178.997656 13.419024 0.782403 36.820782 -0.033145 0.996673 0.024905 -0.070170
1643042179.097666 13.375713 0.783523 36.726791 -0.033048 0.996362 0.025584 -0.074265
1643042179.197680 13.336144 0.795277 36.633366 -0.034913 0.995836 0.026677 -0.079875
1643042179.297683 13.300682 0.802702 36.536388 -0.032767 0.995398 0.026526 -0.086059
1643042179.397658 13.251236 0.815210 36.441895 -0.032303 0.994649 0.027068 -0.094326
1643042179.497663 13.207068 0.823065 36.343937 -0.031895 0.993682 0.027291 -0.104087
1643042179.597666 13.162701 0.834501 36.249157 -0.033153 0.992386 0.028588 -0.115121
1643042179.697657 13.114326 0.840460 36.166676 -0.034014 0.991000 0.029042 -0.126168
1643042179.797655 13.065462 0.849995 36.083733 -0.035695 0.989468 0.029198 -0.137210
1643042179.897660 13.010592 0.864652 35.975674 -0.038294 0.987803 0.031181 -0.147671
1643042179.997656 12.960526 0.860296 35.890789 -0.037521 0.987011 0.031689 -0.152965
1643042180.097671 12.910505 0.868387 35.809563 -0.039068 0.986616 0.033371 -0.154751
1643042180.197662 12.853210 0.893765 35.720860 -0.038988 0.986906 0.030781 -0.153455
1643042180.297660 12.803573 0.907986 35.619678 -0.037944 0.986964 0.029890 -0.153523
1643042180.397658 12.746340 0.913921 35.541489 -0.038750 0.987159 0.030037 -0.152030
1643042180.497657 12.695542 0.907944 35.445595 -0.039927 0.987576 0.029799 -0.149038
1643042180.597658 12.644732 0.910685 35.354748 -0.041277 0.988363 0.029430 -0.143420
1643042180.697662 12.593632 0.922582 35.256664 -0.040251 0.989592 0.027056 -0.135480
1643042180.797655 12.540145 0.929589 35.171459 -0.040324 0.991061 0.026289 -0.124422
1643042180.897657 12.489768 0.937802 35.076954 -0.036676 0.992480 0.026907 -0.113646
1643042180.997655 12.443401 0.946214 34.982910 -0.036157 0.993263 0.028334 -0.106390
1643042181.097654 12.401296 0.953714 34.880997 -0.035179 0.994011 0.029195 -0.099257
1643042181.197655 12.362762 0.962897 34.785110 -0.033221 0.994829 0.028954 -0.091508
1643042181.297655 12.316693 0.969880 34.682598 -0.031754 0.995422 0.030422 -0.084858
1643042181.397654 12.279875 0.980038 34.591362 -0.031672 0.995742 0.030526 -0.081011
1643042181.497655 12.249589 0.989853 34.495728 -0.032309 0.995676 0.032022 -0.080993
1643042181.597659 12.212767 1.000473 34.403393 -0.032681 0.995629 0.032958 -0.081045
1643042181.697654 12.176197 1.008434 34.303055 -0.033908 0.995411 0.032284 -0.083461
1643042181.797653 12.140771 1.017650 34.205868 -0.032269 0.995046 0.034848 -0.087336
1643042181.897653 12.104213 1.033053 34.107590 -0.033873 0.994628 0.035452 -0.091170
1643042181.997653 12.067572 1.043495 34.011261 -0.033876 0.994187 0.037159 -0.095200
1643042182.097656 12.028902 1.051038 33.911522 -0.033715 0.993831 0.037349 -0.098837
1643042182.197656 11.988867 1.062639 33.814579 -0.035418 0.993192 0.036550 -0.104784
1643042182.297655 11.947473 1.070570 33.719093 -0.037070 0.992349 0.037034 -0.111796
1643042182.397658 11.913355 1.085603 33.623844 -0.037821 0.991317 0.035925 -0.120706
1643042182.497654 11.869980 1.095689 33.528278 -0.039839 0.990419 0.035638 -0.127327
1643042182.597653 11.830078 1.108711 33.435608 -0.041408 0.989703 0.033840 -0.132775
1643042182.697654 11.786339 1.115504 33.343616 -0.042740 0.989069 0.032426 -0.137346
1643042182.797654 11.737222 1.127189 33.252956 -0.042156 0.988649 0.031558 -0.140715
1643042182.897652 11.688666 1.132024 33.166195 -0.041627 0.988411 0.030472 -0.142767
1643042182.997653 11.644057 1.139501 33.069824 -0.041430 0.988265 0.029329 -0.144067
1643042183.097653 11.592720 1.156606 32.978039 -0.038170 0.988642 0.028193 -0.142603
1643042183.197653 11.540914 1.161807 32.884155 -0.037978 0.988832 0.028983 -0.141171
1643042183.297652 11.491337 1.168395 32.788406 -0.037966 0.988768 0.029569 -0.141500
1643042183.397652 11.441904 1.179813 32.691463 -0.037744 0.988629 0.029764 -0.142485
1643042183.497657 11.386644 1.189172 32.609467 -0.035582 0.989296 0.028905 -0.138533
1643042183.597655 11.343651 1.197240 32.513866 -0.035338 0.989651 0.028223 -0.136179
1643042183.697655 11.298603 1.206273 32.414612 -0.033580 0.990290 0.029652 -0.131602
1643042183.797651 11.244786 1.222320 32.325356 -0.033292 0.991019 0.029269 -0.126164
1643042183.897651 11.207028 1.229730 32.229630 -0.031816 0.991599 0.031471 -0.121366
1643042183.997653 11.168975 1.237757 32.134838 -0.031646 0.992459 0.031623 -0.114120
1643042184.097654 11.126423 1.245744 32.037918 -0.032220 0.993204 0.032247 -0.107088
1643042184.197652 11.086261 1.255070 31.939739 -0.032324 0.993771 0.032012 -0.101731
1643042184.297651 11.054362 1.264776 31.846218 -0.032564 0.994241 0.032758 -0.096701
1643042184.397654 11.017458 1.281904 31.752956 -0.033656 0.994853 0.031273 -0.090318
1643042184.497653 10.978499 1.291166 31.651787 -0.032945 0.995452 0.031761 -0.083553
1643042184.597651 10.942960 1.299264 31.555775 -0.032696 0.995961 0.031892 -0.077301
1643042184.697653 10.906311 1.311429 31.458492 -0.031806 0.996306 0.033443 -0.072415
1643042184.797651 10.884089 1.322877 31.354122 -0.030783 0.996652 0.033048 -0.068156
1643042184.897652 10.855659 1.340789 31.258892 -0.029448 0.997267 0.032774 -0.059310
1643042184.997651 10.821550 1.350311 31.153954 -0.028649 0.997908 0.032587 -0.047937
1643042185.097651 10.789677 1.361145 31.063911 -0.027814 0.998310 0.032630 -0.039239
1643042185.197650 10.759052 1.373530 30.964706 -0.026359 0.998545 0.032310 -0.034202
1643042185.297653 10.723125 1.385040 30.867521 -0.026055 0.998700 0.030260 -0.031684
1643042185.397651 10.691196 1.392360 30.772663 -0.023909 0.998807 0.029302 -0.030891
1643042185.497653 10.662880 1.408022 30.671049 -0.024085 0.998780 0.027981 -0.032792
1643042185.597652 10.619574 1.416841 30.569843 -0.022629 0.998696 0.029153 -0.035275
1643042185.697651 10.581196 1.429767 30.469282 -0.023169 0.998318 0.028707 -0.044721
1643042185.797651 10.542284 1.439874 30.366447 -0.024154 0.997686 0.029415 -0.056344
1643042185.897650 10.505614 1.447112 30.267612 -0.025659 0.996920 0.030214 -0.067664
1643042185.997650 10.465326 1.459644 30.160732 -0.026373 0.995986 0.030112 -0.080063
1643042186.097649 10.420780 1.470303 30.058605 -0.026685 0.994867 0.031926 -0.092240
1643042186.197649 10.377231 1.480803 29.960011 -0.028715 0.993629 0.031491 -0.104334
1643042186.297650 10.328901 1.489142 29.863075 -0.030465 0.992124 0.031439 -0.117358
1643042186.397650 10.281589 1.505434 29.770189 -0.031935 0.991035 0.030296 -0.126145
1643042186.497649 10.227386 1.513092 29.675222 -0.033406 0.990368 0.030876 -0.130775
1643042186.597649 10.171564 1.522797 29.583244 -0.033756 0.989840 0.030210 -0.134777
1643042186.697649 10.115510 1.534845 29.488487 -0.032895 0.989457 0.030265 -0.137758
1643042186.797649 10.061646 1.544532 29.402807 -0.032844 0.989497 0.030039 -0.137530
1643042186.897649 10.010500 1.553803 29.314363 -0.032451 0.989799 0.029687 -0.135513
1643042186.997648 9.953923 1.562146 29.221426 -0.032758 0.989919 0.030042 -0.134481
1643042187.097648 9.904085 1.567250 29.132961 -0.032365 0.989695 0.030652 -0.136073
1643042187.197649 9.844088 1.581722 29.052053 -0.031693 0.990150 0.028713 -0.133319
1643042187.297650 9.783695 1.590754 28.962559 -0.032294 0.990808 0.027916 -0.128365
1643042187.397648 9.732334 1.598578 28.872869 -0.032986 0.991254 0.026501 -0.125004
1643042187.497648 9.673382 1.604794 28.778864 -0.033072 0.991705 0.027958 -0.121018
1643042187.597654 9.625422 1.616365 28.686003 -0.033996 0.992369 0.026991 -0.115413
1643042187.697648 9.574330 1.627085 28.594551 -0.034307 0.993214 0.027139 -0.107762
1643042187.797648 9.526542 1.639546 28.500460 -0.033625 0.994204 0.027915 -0.098222
1643042187.897648 9.482071 1.640399 28.408129 -0.032877 0.995240 0.028888 -0.087075
1643042187.997649 9.432531 1.649234 28.318272 -0.029504 0.996275 0.029220 -0.075579
1643042188.097648 9.393253 1.658830 28.218800 -0.029371 0.996858 0.031045 -0.066685
1643042188.197649 9.354691 1.669428 28.119579 -0.028384 0.997361 0.031445 -0.058967
1643042188.297648 9.316909 1.682938 28.022089 -0.027184 0.997595 0.031518 -0.055419
1643042188.397648 9.276930 1.691947 27.917515 -0.027706 0.997579 0.033744 -0.054122
1643042188.497647 9.237669 1.705565 27.822176 -0.027612 0.997619 0.032731 -0.054061
1643042188.597648 9.203006 1.704246 27.734217 -0.029137 0.997579 0.034495 -0.052882
1643042188.697647 9.174045 1.719939 27.632935 -0.029801 0.997847 0.032709 -0.048411
1643042188.797647 9.134772 1.732212 27.545971 -0.027932 0.998193 0.032246 -0.042326
1643042188.897648 9.098557 1.739590 27.449760 -0.027837 0.998283 0.033906 -0.038828
1643042188.997649 9.070503 1.749094 27.342812 -0.028198 0.998293 0.033899 -0.038299
1643042189.097647 9.038466 1.753717 27.251307 -0.029223 0.998254 0.033681 -0.038750
1643042189.197648 9.005112 1.773031 27.160265 -0.026152 0.998476 0.030330 -0.037969
1643042189.297646 8.977466 1.776694 27.055136 -0.027594 0.998405 0.030943 -0.038325
1643042189.397646 8.947435 1.784563 26.949110 -0.026959 0.998306 0.033021 -0.039604
1643042189.497646 8.920310 1.793189 26.859180 -0.028029 0.998098 0.032191 -0.044488
1643042189.597649 8.876444 1.816055 26.714018 -0.027871 0.997908 0.031022 -0.049392
1643042189.697650 8.854837 1.833165 26.643013 -0.029258 0.997718 0.029041 -0.053480
1643042189.797653 8.820025 1.840035 26.541094 -0.029402 0.997259 0.029149 -0.061324
1643042189.897647 8.783992 1.852375 26.420969 -0.031201 0.996358 0.030610 -0.073219
1643042189.997649 8.741093 1.866415 26.325552 -0.032061 0.995496 0.031894 -0.083319
1643042190.097645 8.700295 1.869819 26.222284 -0.033940 0.994432 0.032924 -0.094179
1643042190.197645 8.655248 1.881724 26.118835 -0.034443 0.993332 0.033279 -0.104873
1643042190.297646 8.606182 1.889825 26.022280 -0.034768 0.992141 0.034028 -0.115277
1643042190.397645 8.556536 1.905366 25.928848 -0.034229 0.991192 0.034495 -0.123194
1643042190.497646 8.507347 1.910280 25.836826 -0.034996 0.990816 0.034851 -0.125871
1643042190.597650 8.464595 1.924222 25.743538 -0.034388 0.991186 0.032046 -0.123860
1643042190.697647 8.421314 1.937183 25.649471 -0.034147 0.991840 0.030264 -0.119042
1643042190.797647 8.370527 1.936739 25.552359 -0.033436 0.992029 0.031452 -0.117350
1643042190.897651 8.319904 1.946390 25.455185 -0.033170 0.991684 0.032662 -0.119979
1643042190.997645 8.265953 1.954771 25.359749 -0.031761 0.991253 0.033295 -0.123695
1643042191.097646 8.210492 1.963067 25.266506 -0.031570 0.990598 0.033512 -0.128823
1643042191.197645 8.154950 1.973852 25.171194 -0.031656 0.989900 0.033880 -0.133968
1643042191.297646 8.105883 1.987834 25.077181 -0.031871 0.989124 0.035606 -0.139105
1643042191.397644 8.051851 1.996995 24.989986 -0.032003 0.988640 0.035207 -0.142577
1643042191.497647 7.998220 2.008493 24.899689 -0.030088 0.988949 0.034765 -0.140946
1643042191.597644 7.954059 2.020194 24.806944 -0.029842 0.989955 0.033798 -0.134001
1643042191.697644 7.906970 2.026935 24.723036 -0.029943 0.991312 0.033125 -0.123718
1643042191.797649 7.855951 2.039546 24.633741 -0.028163 0.992749 0.031736 -0.112467
1643042191.897646 7.808045 2.046079 24.538067 -0.026862 0.993905 0.032057 -0.102003
1643042191.997644 7.766712 2.056554 24.448252 -0.028774 0.994777 0.031165 -0.092841
1643042192.097644 7.717192 2.067874 24.357470 -0.026667 0.995627 0.029882 -0.084395
1643042192.197649 7.673348 2.078168 24.255251 -0.026710 0.995944 0.031063 -0.080104
1643042192.297645 7.627708 2.088671 24.160786 -0.026010 0.996300 0.031226 -0.075732
1643042192.397644 7.584947 2.097524 24.067802 -0.024661 0.996601 0.031399 -0.072062
1643042192.497643 7.548985 2.107238 23.974968 -0.024992 0.996799 0.032309 -0.068731
1643042192.597643 7.512197 2.119690 23.878246 -0.025772 0.996961 0.032582 -0.065906
1643042192.697643 7.477473 2.131577 23.777895 -0.024958 0.997095 0.033937 -0.063461
1643042192.797643 7.445660 2.141400 23.681540 -0.023861 0.997250 0.033982 -0.061387
1643042192.897643 7.412657 2.152601 23.584970 -0.025671 0.997300 0.033749 -0.059951
1643042192.997643 7.375850 2.165800 23.491880 -0.025722 0.997429 0.033661 -0.057798
1643042193.097643 7.341122 2.178053 23.397631 -0.026764 0.997582 0.032499 -0.055297
1643042193.197645 7.308064 2.190481 23.299366 -0.026107 0.997686 0.033932 -0.052821
1643042193.297642 7.281730 2.202632 23.197842 -0.026971 0.997736 0.033085 -0.051974
1643042193.397643 7.244903 2.214906 23.099535 -0.025470 0.998006 0.032537 -0.047712
1643042193.497642 7.212869 2.227468 23.009773 -0.025367 0.998241 0.032316 -0.042745
1643042193.597642 7.184282 2.238391 22.909721 -0.026318 0.998265 0.032658 -0.041333
1643042193.697645 7.149333 2.253324 22.804750 -0.026084 0.998065 0.034057 -0.045020
1643042193.797642 7.113474 2.262491 22.704607 -0.025234 0.997707 0.035563 -0.051763
1643042193.897642 7.084306 2.269121 22.608995 -0.027382 0.997372 0.034125 -0.057753
1643042193.997647 7.052114 2.279775 22.514481 -0.028501 0.997114 0.031809 -0.062760
1643042194.097643 7.018994 2.291670 22.416409 -0.028313 0.996904 0.028285 -0.067679
1643042194.197642 6.982944 2.301539 22.324156 -0.028175 0.996655 0.027637 -0.071562
1643042194.297641 6.947376 2.311438 22.227619 -0.026302 0.996582 0.026777 -0.073596
1643042194.397643 6.914431 2.321257 22.128452 -0.026409 0.996626 0.025137 -0.073536
1643042194.497641 6.878843 2.328048 22.037369 -0.025910 0.996600 0.025205 -0.074036
1643042194.597641 6.835572 2.339003 21.942219 -0.024211 0.996337 0.025516 -0.077945
1643042194.697641 6.793888 2.346289 21.837587 -0.024691 0.995525 0.026513 -0.087279
1643042194.797642 6.762851 2.354726 21.746620 -0.024898 0.994251 0.028375 -0.100196
1643042194.897641 6.718215 2.365347 21.659594 -0.025310 0.993196 0.027189 -0.110368
1643042194.997642 6.666440 2.376009 21.570738 -0.027587 0.992355 0.025509 -0.117559
1643042195.097647 6.619230 2.383257 21.482206 -0.027938 0.991426 0.026577 -0.124848
1643042195.197643 6.574232 2.392299 21.391432 -0.029147 0.990632 0.026424 -0.130770
1643042195.297642 6.541536 2.398042 21.306269 -0.029928 0.990031 0.026053 -0.135147
1643042195.397641 6.496117 2.408006 21.223043 -0.030287 0.989751 0.025765 -0.137153
1643042195.497644 6.451223 2.417671 21.138411 -0.032513 0.989314 0.024549 -0.139994
1643042195.597644 6.407500 2.424110 21.053951 -0.033224 0.988787 0.026122 -0.143229
1643042195.697640 6.359384 2.437376 20.966530 -0.033599 0.988370 0.026411 -0.145939
1643042195.797640 6.315228 2.436421 20.883671 -0.034388 0.988498 0.027271 -0.144725
1643042195.897643 6.278650 2.451634 20.787659 -0.034251 0.988803 0.027648 -0.142590
1643042195.997642 6.234870 2.460322 20.704550 -0.033515 0.989486 0.027973 -0.137885
1643042196.097640 6.198797 2.472764 20.625269 -0.031172 0.990599 0.027892 -0.130245
1643042196.197641 6.149415 2.482161 20.532854 -0.031581 0.992107 0.029133 -0.117806
1643042196.297641 6.108612 2.489855 20.447361 -0.029918 0.993391 0.029588 -0.106787
1643042196.397643 6.064173 2.503870 20.359549 -0.029454 0.994399 0.028952 -0.097290
1643042196.497642 6.022765 2.512034 20.268366 -0.028268 0.994739 0.031949 -0.093142
1643042196.597649 5.995341 2.515174 20.178757 -0.027403 0.994880 0.034238 -0.091053
1643042196.697640 5.956165 2.521348 20.094286 -0.026786 0.995261 0.034945 -0.086695
1643042196.797643 5.920956 2.533232 20.008146 -0.025477 0.995791 0.030794 -0.082479
1643042196.897640 5.880828 2.542632 19.921551 -0.025280 0.995941 0.029942 -0.081028
1643042196.997644 5.845378 2.552957 19.828302 -0.026650 0.995648 0.030980 -0.083759
1643042197.097639 5.806078 2.562025 19.740801 -0.028412 0.995358 0.030673 -0.086684
1643042197.197649 5.773712 2.572557 19.657635 -0.030499 0.995250 0.029962 -0.087460
1643042197.297647 5.741598 2.581867 19.572956 -0.030402 0.995374 0.029402 -0.086271
1643042197.397645 5.707037 2.588865 19.480736 -0.030006 0.995643 0.029669 -0.083155
1643042197.497646 5.671263 2.596666 19.388889 -0.030606 0.995723 0.031403 -0.081324
1643042197.597638 5.634842 2.607754 19.296236 -0.030331 0.995651 0.033223 -0.081575
1643042197.697641 5.598094 2.618942 19.208542 -0.030801 0.995603 0.033400 -0.081918
1643042197.797638 5.561279 2.626617 19.119276 -0.029097 0.995646 0.034158 -0.081704
1643042197.897638 5.521500 2.634444 19.031517 -0.029323 0.995591 0.035263 -0.081826
1643042197.997638 5.485776 2.642686 18.935417 -0.029007 0.995410 0.037646 -0.083074
1643042198.097638 5.452169 2.656425 18.845104 -0.029600 0.995399 0.037804 -0.082921
1643042198.197638 5.415015 2.664327 18.755245 -0.028820 0.995564 0.037919 -0.081146
1643042198.297638 5.385624 2.678476 18.667545 -0.027589 0.995823 0.036640 -0.078945
1643042198.397640 5.350459 2.688109 18.579910 -0.028501 0.996097 0.034907 -0.075898
1643042198.497640 5.305824 2.695763 18.486277 -0.028186 0.996331 0.033800 -0.073401
1643042198.597638 5.269095 2.705487 18.396507 -0.027564 0.996386 0.034319 -0.072642
1643042198.697637 5.234265 2.707744 18.306889 -0.030573 0.996413 0.033761 -0.071316
1643042198.797637 5.189227 2.711706 18.220871 -0.030236 0.996338 0.034737 -0.072043
1643042198.897638 5.148728 2.721153 18.125235 -0.030985 0.996100 0.034742 -0.074951
1643042198.997639 5.111803 2.727925 18.028526 -0.031457 0.996025 0.034327 -0.075934
1643042199.097638 5.073366 2.749548 17.947424 -0.028089 0.996167 0.031983 -0.076422
1643042199.197638 5.034605 2.758605 17.856987 -0.029017 0.996259 0.032849 -0.074476
1643042199.297638 4.997982 2.764112 17.757904 -0.029284 0.996240 0.033214 -0.074462
1643042199.397639 4.953416 2.782526 17.662138 -0.026915 0.996248 0.031937 -0.075798
1643042199.497639 4.913751 2.789143 17.572958 -0.026124 0.996103 0.031111 -0.078291
1643042199.597637 4.877837 2.794322 17.487364 -0.028734 0.995799 0.030822 -0.081289
1643042199.697636 4.834023 2.802309 17.396122 -0.028998 0.995629 0.030898 -0.083232
1643042199.797637 4.788959 2.813494 17.304926 -0.029236 0.995310 0.031334 -0.086731
1643042199.897642 4.749493 2.825524 17.210321 -0.030125 0.994694 0.032167 -0.092962
1643042199.997636 4.706226 2.830689 17.125956 -0.029757 0.993907 0.033965 -0.100548
1643042200.097636 4.661908 2.837846 17.041887 -0.030977 0.992991 0.034151 -0.108827
1643042200.197636 4.618643 2.849123 16.949596 -0.031663 0.992137 0.034682 -0.116015
1643042200.297636 4.562078 2.844900 16.869812 -0.031036 0.992105 0.036802 -0.115800
1643042200.397636 4.507620 2.864647 16.784859 -0.029752 0.992445 0.033195 -0.114304
1643042200.497637 4.460992 2.879714 16.678011 -0.029990 0.992586 0.034010 -0.112769
1643042200.597645 4.414641 2.897078 16.587706 -0.032266 0.993065 0.031918 -0.108452
1643042200.697643 4.371914 2.906048 16.503330 -0.031323 0.993537 0.030874 -0.104645
1643042200.797636 4.324806 2.911954 16.407558 -0.031369 0.993864 0.033331 -0.100691
1643042200.897638 4.272920 2.921687 16.320963 -0.030075 0.994492 0.032121 -0.095132
1643042200.997637 4.231602 2.927449 16.238850 -0.028261 0.995079 0.032395 -0.089278
1643042201.097639 4.187252 2.938148 16.151299 -0.029267 0.995600 0.032199 -0.082991
1643042201.197641 4.146008 2.955924 16.066769 -0.028192 0.996148 0.029666 -0.077552
1643042201.297635 4.099119 2.951684 15.974501 -0.027572 0.996181 0.031431 -0.076656
1643042201.397666 4.051642 2.962584 15.885384 -0.027981 0.996119 0.030322 -0.077750
1643042201.497638 4.015579 2.971840 15.799208 -0.029815 0.995819 0.030699 -0.080702
1643042201.597642 3.969025 2.977469 15.709778 -0.028948 0.995617 0.033397 -0.082423
1643042201.697637 3.918350 2.982287 15.613585 -0.028435 0.995504 0.034104 -0.083665
1643042201.797638 3.876748 2.994815 15.523517 -0.026678 0.995567 0.034036 -0.083523
1643042201.897638 3.833027 3.001082 15.436151 -0.026293 0.995555 0.034883 -0.083443
1643042201.997634 3.788741 3.010010 15.354780 -0.027215 0.995579 0.034873 -0.082866
1643042202.097634 3.747684 3.018744 15.265262 -0.028205 0.995360 0.035340 -0.084932
1643042202.197634 3.707712 3.030381 15.178875 -0.029018 0.995050 0.034754 -0.088459
1643042202.297638 3.667210 3.038839 15.090003 -0.030099 0.994869 0.033641 -0.090541
1643042202.397640 3.634363 3.052240 14.996161 -0.029839 0.994978 0.032706 -0.089767
1643042202.497634 3.594967 3.059279 14.910268 -0.030253 0.995376 0.032634 -0.085123
1643042202.597638 3.553814 3.067806 14.826323 -0.030254 0.995769 0.033918 -0.079859
1643042202.697639 3.512918 3.080275 14.740727 -0.029718 0.996063 0.033557 -0.076480
1643042202.797633 3.480574 3.086442 14.644312 -0.028809 0.996311 0.033113 -0.073744
1643042202.897637 3.439528 3.094681 14.564420 -0.027696 0.996769 0.032317 -0.068116
1643042202.997633 3.398906 3.103486 14.488397 -0.027746 0.997261 0.030101 -0.061593
1643042203.097634 3.366386 3.115012 14.390800 -0.027045 0.997427 0.030539 -0.058955
1643042203.197633 3.322982 3.124862 14.306314 -0.027137 0.997384 0.031834 -0.058948
1643042203.297633 3.274729 3.134557 14.227816 -0.028284 0.997218 0.032477 -0.060841
1643042203.397634 3.235038 3.145972 14.136595 -0.029380 0.996912 0.033604 -0.064600
1643042203.497633 3.205151 3.158237 14.034420 -0.029030 0.996391 0.034840 -0.071755
1643042203.597634 3.162662 3.168182 13.945031 -0.030326 0.995885 0.037449 -0.076758
1643042203.697633 3.123622 3.178336 13.855226 -0.030932 0.995132 0.040294 -0.084455
1643042203.797632 3.090996 3.184637 13.759976 -0.030105 0.994438 0.041484 -0.092008
1643042203.897634 3.057432 3.190510 13.676389 -0.030528 0.994119 0.042269 -0.094917
1643042203.997635 3.020329 3.197649 13.593711 -0.031511 0.994344 0.041558 -0.092523
1643042204.097632 2.981312 3.207272 13.512794 -0.031772 0.994557 0.041261 -0.090246
1643042204.197634 2.937334 3.220111 13.429522 -0.031407 0.994551 0.039985 -0.091010
1643042204.297632 2.905058 3.231729 13.337556 -0.030346 0.994447 0.039544 -0.092688
1643042204.397639 2.859338 3.241980 13.257879 -0.029873 0.994778 0.038371 -0.089735
1643042204.497632 2.822415 3.251100 13.172994 -0.030644 0.995162 0.038094 -0.085225
1643042204.597634 2.784579 3.258442 13.088406 -0.030393 0.995443 0.039753 -0.081178
1643042204.697632 2.756788 3.268912 12.995719 -0.030930 0.995649 0.037785 -0.079362
1643042204.797632 2.716178 3.277597 12.906081 -0.030060 0.995990 0.036949 -0.075726
1643042204.897632 2.676667 3.293115 12.820082 -0.030018 0.996408 0.034743 -0.071158
1643042204.997631 2.638866 3.290983 12.728630 -0.029778 0.996605 0.038173 -0.066590
1643042205.097631 2.602665 3.304869 12.642097 -0.030018 0.996621 0.038350 -0.066144
1643042205.197632 2.559687 3.309355 12.554110 -0.029425 0.996580 0.040896 -0.065503
1643042205.297631 2.522166 3.323865 12.465097 -0.028542 0.996571 0.040764 -0.066099
1643042205.397631 2.487762 3.331212 12.382051 -0.029990 0.996565 0.039979 -0.066041
1643042205.497631 2.447808 3.344238 12.297147 -0.030692 0.996600 0.038018 -0.066343
1643042205.597631 2.412056 3.355021 12.207392 -0.029913 0.996442 0.038634 -0.068667
1643042205.697631 2.370967 3.364336 12.124997 -0.029691 0.996464 0.037712 -0.068965
1643042205.797632 2.338793 3.374062 12.037575 -0.030130 0.996467 0.037609 -0.068783
1643042205.897630 2.296690 3.383581 11.956348 -0.030233 0.996551 0.038561 -0.066967
1643042205.997633 2.260036 3.388374 11.874960 -0.029766 0.996516 0.037726 -0.068162
1643042206.097634 2.216254 3.400112 11.787127 -0.028622 0.996344 0.037783 -0.071078
1643042206.197646 2.173838 3.413259 11.722568 -0.028746 0.996063 0.038213 -0.074649
1643042206.297637 2.132828 3.415646 11.634807 -0.028700 0.995870 0.038766 -0.076925
1643042206.397631 2.091465 3.422290 11.549356 -0.029960 0.995908 0.038633 -0.076006
1643042206.497631 2.062068 3.431628 11.460019 -0.030401 0.995807 0.039157 -0.076879
1643042206.597631 2.023128 3.442729 11.378200 -0.029670 0.995997 0.037930 -0.075305
1643042206.697630 1.984224 3.456884 11.294646 -0.028981 0.996251 0.037277 -0.072489
1643042206.797635 1.957659 3.459601 11.211768 -0.029143 0.996378 0.037929 -0.070308
1643042206.897631 1.928464 3.475084 11.134542 -0.029718 0.996420 0.038643 -0.069073
1643042206.997665 1.888846 3.487762 11.048082 -0.030806 0.996224 0.039065 -0.071147
1643042207.097635 1.854813 3.488856 10.964447 -0.027985 0.995965 0.041282 -0.074607
1643042207.197631 1.817775 3.491412 10.881909 -0.027428 0.995800 0.040533 -0.077382
1643042207.297630 1.782452 3.500902 10.804069 -0.026920 0.995615 0.042318 -0.078961
1643042207.397631 1.743036 3.506853 10.720401 -0.027448 0.995428 0.043183 -0.080656
1643042207.497641 1.707727 3.517045 10.637062 -0.027122 0.995199 0.043926 -0.083151
1643042207.597632 1.674093 3.521976 10.556453 -0.026241 0.995036 0.044503 -0.085060
1643042207.697636 1.634129 3.535339 10.476036 -0.025648 0.994974 0.044748 -0.085829
1643042207.797633 1.595610 3.547004 10.397958 -0.027714 0.994683 0.046219 -0.087754
1643042207.897631 1.564201 3.552291 10.312318 -0.028610 0.994055 0.047944 -0.093473
1643042207.997628 1.519953 3.563184 10.225850 -0.029449 0.993713 0.048489 -0.096518
1643042208.097628 1.486849 3.574587 10.136075 -0.027032 0.993746 0.047520 -0.097364
1643042208.197628 1.450936 3.584879 10.066804 -0.028165 0.994077 0.045207 -0.094734
1643042208.297629 1.415532 3.596864 9.992743 -0.028226 0.994448 0.045916 -0.090382
1643042208.397628 1.377029 3.606140 9.907415 -0.029478 0.994692 0.046759 -0.086791
1643042208.497634 1.336030 3.614382 9.825687 -0.029783 0.994867 0.047324 -0.084338
1643042208.597629 1.298576 3.627160 9.742278 -0.028395 0.995192 0.046948 -0.081129
1643042208.697629 1.265312 3.636688 9.660614 -0.027119 0.995737 0.046554 -0.074865
1643042208.797631 1.219674 3.646782 9.579419 -0.027876 0.996306 0.046003 -0.066948
1643042208.897628 1.185443 3.658705 9.490081 -0.026281 0.996674 0.045745 -0.062110
1643042208.997627 1.147509 3.665551 9.403818 -0.025958 0.996878 0.046289 -0.058463
1643042209.097627 1.110468 3.683586 9.325858 -0.025678 0.997333 0.043586 -0.052608
1643042209.197628 1.075482 3.700821 9.238273 -0.024068 0.997665 0.041934 -0.048244
1643042209.297627 1.040001 3.709149 9.154012 -0.024196 0.997788 0.042507 -0.045022
1643042209.397628 1.007912 3.709049 9.057322 -0.023402 0.997676 0.046089 -0.044394
1643042209.497628 0.974057 3.726786 8.972071 -0.022134 0.997699 0.045433 -0.045189
1643042209.597627 0.937682 3.744008 8.887297 -0.020716 0.997725 0.044629 -0.046078
1643042209.697627 0.910983 3.748165 8.791481 -0.022285 0.997416 0.046817 -0.049737
1643042209.797630 0.876710 3.762612 8.710986 -0.022928 0.997195 0.046055 -0.054359
1643042209.897629 0.840896 3.775290 8.622800 -0.021771 0.996778 0.046317 -0.061764
1643042209.997627 0.805773 3.779387 8.535746 -0.024832 0.995968 0.048720 -0.071114
1643042210.097626 0.771202 3.792280 8.458158 -0.026160 0.995152 0.047678 -0.081940
1643042210.197626 0.734176 3.810509 8.378014 -0.028088 0.994238 0.046234 -0.092541
1643042210.297628 0.695609 3.813161 8.292688 -0.031447 0.992916 0.048234 -0.103939
1643042210.397626 0.656985 3.827752 8.209150 -0.031828 0.991929 0.047182 -0.113308
1643042210.497626 0.617949 3.841245 8.127792 -0.033245 0.991283 0.045520 -0.119082
1643042210.597626 0.578843 3.844413 8.051047 -0.035613 0.990951 0.045991 -0.120964
1643042210.697626 0.537023 3.849722 7.972193 -0.035409 0.990589 0.048710 -0.122910
1643042210.797626 0.487350 3.857619 7.883431 -0.037091 0.990027 0.049865 -0.126427
1643042210.897626 0.439909 3.875400 7.820593 -0.034493 0.989537 0.049045 -0.131229
1643042210.997627 0.390815 3.888028 7.750655 -0.032078 0.989302 0.048745 -0.133701
1643042211.097627 0.343897 3.898977 7.681628 -0.033222 0.989409 0.047334 -0.133141
1643042211.197626 0.285922 3.892276 7.622213 -0.030837 0.990038 0.047682 -0.128843
1643042211.297625 0.237015 3.905181 7.549312 -0.031961 0.990137 0.050506 -0.126712
1643042211.397670 0.200101 3.906663 7.477794 -0.026924 0.990378 0.049255 -0.126490
1643042211.497640 0.152457 3.913518 7.408010 -0.030341 0.991036 0.050234 -0.120016
1643042211.597639 0.115580 3.923658 7.325636 -0.029092 0.991672 0.048842 -0.115563
1643042211.697627 0.067479 3.951681 7.246349 -0.028931 0.992465 0.045796 -0.109905
1643042211.797629 0.018223 3.961644 7.160135 -0.027629 0.993292 0.045715 -0.102554
1643042211.897632 -0.021470 3.967375 7.090129 -0.025142 0.994175 0.046247 -0.094053
1643042211.997627 -0.057903 3.974804 7.011155 -0.027256 0.994950 0.045690 -0.085115
1643042212.097628 -0.089590 3.990458 6.935835 -0.027425 0.995477 0.045188 -0.078939
1643042212.197629 -0.132278 3.991750 6.853021 -0.026363 0.995763 0.049446 -0.072918
1643042212.297633 -0.165312 4.014715 6.760032 -0.025879 0.995872 0.049015 -0.071876
1643042212.397625 -0.203338 4.037036 6.681114 -0.026262 0.996018 0.047591 -0.070664
1643042212.497635 -0.243351 4.037581 6.615771 -0.026277 0.996544 0.049193 -0.061558
1643042212.597624 -0.283587 4.035892 6.540361 -0.024670 0.997193 0.049566 -0.050411
1643042212.697624 -0.321054 4.046687 6.459121 -0.023865 0.997519 0.050111 -0.043298
1643042212.797633 -0.327830 4.068749 6.358622 -0.023629 0.997433 0.050075 -0.045398
1643042212.897635 -0.385849 4.106864 6.277860 -0.022835 0.997896 0.045306 -0.040369
1643042212.997631 -0.419770 4.115032 6.197318 -0.023059 0.997881 0.046524 -0.039220
1643042213.097628 -0.451367 4.121875 6.117632 -0.022438 0.997818 0.047389 -0.040132
1643042213.197623 -0.485720 4.148638 6.008058 -0.022589 0.997725 0.046537 -0.043235
1643042213.297625 -0.514832 4.165096 5.914098 -0.022735 0.997600 0.046296 -0.046190
1643042213.397623 -0.547328 4.175856 5.836697 -0.021955 0.997591 0.046549 -0.046506
1643042213.497627 -0.570000 4.182427 5.748440 -0.022399 0.997581 0.046627 -0.046433
1643042213.597633 -0.601302 4.190545 5.675646 -0.023957 0.997601 0.047551 -0.044237
1643042213.697625 -0.632488 4.212564 5.581411 -0.021814 0.997777 0.044707 -0.044345
1643042213.797623 -0.666456 4.224936 5.495501 -0.021438 0.997896 0.043813 -0.042710
1643042213.897627 -0.695628 4.234987 5.407592 -0.023330 0.997912 0.043172 -0.041997
1643042213.997625 -0.727378 4.245442 5.316895 -0.025407 0.997912 0.041629 -0.042354
1643042214.097623 -0.756101 4.255609 5.226819 -0.023017 0.997872 0.042132 -0.044112
1643042214.197623 -0.791526 4.265277 5.142349 -0.023587 0.997735 0.043494 -0.045569
1643042214.297622 -0.825162 4.277891 5.052749 -0.024315 0.997378 0.044766 -0.051405
1643042214.397622 -0.841208 4.286521 4.956648 -0.025288 0.996602 0.046532 -0.063078
1643042214.497622 -0.874972 4.302201 4.873200 -0.026181 0.995721 0.046124 -0.075675
1643042214.597622 -0.903163 4.309618 4.785826 -0.026804 0.994180 0.048535 -0.092368
1643042214.697622 -0.932993 4.320798 4.704834 -0.027641 0.992333 0.049858 -0.109657
1643042214.797622 -0.976493 4.328787 4.621034 -0.030417 0.990715 0.049446 -0.122938
1643042214.897622 -1.008986 4.350477 4.549767 -0.028440 0.989341 0.045237 -0.135457
1643042214.997622 -1.051694 4.358708 4.478195 -0.028674 0.987748 0.044191 -0.146899
1643042215.097627 -1.109295 4.364880 4.403984 -0.029420 0.985922 0.044686 -0.158415
1643042215.197622 -1.127713 4.388014 4.330058 -0.027921 0.981788 0.040379 -0.183526
1643042215.297621 -1.177448 4.399035 4.262465 -0.031017 0.977660 0.039277 -0.204148
1643042215.397621 -1.202362 4.422378 4.187786 -0.029027 0.971446 0.035971 -0.232714
1643042215.497621 -1.258461 4.428803 4.127048 -0.031776 0.965678 0.035083 -0.255393
1643042215.597621 -1.288232 4.417267 4.045707 -0.033460 0.955923 0.039625 -0.289002
1643042215.697622 -1.352431 4.411217 3.997025 -0.035664 0.947819 0.042595 -0.313930
1643042215.797624 -1.395220 4.446427 3.941642 -0.036291 0.938143 0.035856 -0.342468
1643042215.897622 -1.444546 4.439877 3.892688 -0.037298 0.926695 0.038640 -0.371957
1643042215.997625 -1.547297 4.446251 3.860570 -0.040198 0.916670 0.039896 -0.395611
1643042216.097633 -1.614292 4.463109 3.824075 -0.041883 0.903265 0.038840 -0.425264
1643042216.197622 -1.688155 4.445774 3.791877 -0.043310 0.891827 0.043170 -0.448225
1643042216.297625 -1.766119 4.459599 3.767983 -0.045910 0.880816 0.041565 -0.469392
1643042216.397622 -1.845078 4.459673 3.744441 -0.047985 0.869928 0.042023 -0.489037
1643042216.497625 -1.929901 4.472425 3.721552 -0.049100 0.857535 0.039574 -0.510545
1643042216.597621 -1.989011 4.476586 3.708179 -0.053043 0.842911 0.041649 -0.533809
1643042216.697620 -2.090936 4.484217 3.675388 -0.055990 0.826816 0.036273 -0.558501
1643042216.797622 -2.173712 4.473626 3.681762 -0.059351 0.811720 0.039982 -0.579646
1643042216.897620 -2.261885 4.468398 3.677259 -0.061221 0.795501 0.040954 -0.601458
1643042216.997621 -2.347901 4.465375 3.675778 -0.061205 0.781013 0.040069 -0.620215
1643042217.097621 -2.434858 4.466832 3.671996 -0.063196 0.768340 0.040849 -0.635603
1643042217.197625 -2.520001 4.455636 3.674846 -0.061882 0.759193 0.040624 -0.646642
1643042217.297621 -2.602746 4.455915 3.690365 -0.062521 0.749120 0.040758 -0.658216
1643042217.397619 -2.708404 4.448188 3.678984 -0.063201 0.734445 0.042449 -0.674385
1643042217.497627 -2.792305 4.442678 3.687079 -0.063197 0.720135 0.041643 -0.689694
1643042217.597626 -2.878989 4.432501 3.722918 -0.063006 0.708060 0.041827 -0.702091
1643042217.697624 -2.966560 4.428412 3.744260 -0.065191 0.694634 0.042353 -0.715150
1643042217.797619 -3.039628 4.435256 3.772045 -0.066593 0.682402 0.040328 -0.726819
1643042217.897619 -3.104183 4.422884 3.793960 -0.065835 0.668597 0.039396 -0.739656
1643042217.997620 -3.177932 4.423684 3.828006 -0.069041 0.657635 0.037742 -0.749216
1643042218.097619 -3.251146 4.416465 3.862425 -0.069171 0.647795 0.036839 -0.757773
1643042218.197621 -3.322839 4.408648 3.903759 -0.071354 0.637676 0.037870 -0.766057
1643042218.297619 -3.394940 4.403999 3.942511 -0.071992 0.628532 0.037110 -0.773555
1643042218.397619 -3.465991 4.400321 3.984560 -0.073594 0.620578 0.035476 -0.779877
1643042218.497618 -3.538171 4.388653 4.027386 -0.073709 0.611654 0.036246 -0.786850
1643042218.597626 -3.604885 4.385717 4.075894 -0.074630 0.604110 0.035831 -0.792589
1643042218.697626 -3.669569 4.378399 4.102046 -0.074324 0.594986 0.033434 -0.799594
1643042218.797619 -3.732010 4.371989 4.151342 -0.073690 0.588045 0.033321 -0.804775
1643042218.897621 -3.792199 4.368663 4.205063 -0.072516 0.584401 0.033779 -0.807512
1643042218.997620 -3.851159 4.368294 4.250551 -0.072866 0.583150 0.032167 -0.808450
1643042219.097628 -3.915402 4.353776 4.294278 -0.070502 0.584577 0.035079 -0.807507
1643042219.197627 -3.947054 4.354250 4.310170 -0.070362 0.584349 0.033230 -0.807763
1643042219.297629 -3.993212 4.355958 4.346123 -0.071822 0.582943 0.033028 -0.808658
1643042219.397622 -4.040978 4.345037 4.383877 -0.070053 0.582063 0.033335 -0.809434
1643042219.497623 -4.077010 4.346545 4.422531 -0.071871 0.579614 0.032404 -0.811068
1643042219.597625 -4.122884 4.338501 4.453691 -0.069517 0.578611 0.032934 -0.811968
1643042219.697617 -4.157284 4.341912 4.480782 -0.071871 0.578896 0.032337 -0.811584
1643042219.797629 -4.186467 4.333206 4.506897 -0.071379 0.580491 0.032672 -0.810474
1643042219.897632 -4.208277 4.328491 4.530368 -0.071411 0.582742 0.033209 -0.808832
1643042219.997629 -4.228446 4.328210 4.545499 -0.071002 0.584428 0.032890 -0.807664
1643042220.097629 -4.240088 4.324365 4.557163 -0.070503 0.587584 0.031908 -0.805454
1643042220.197621 -4.247649 4.324945 4.565154 -0.070987 0.590776 0.032900 -0.803033
1643042220.297619 -4.253331 4.325762 4.571401 -0.071320 0.593388 0.033402 -0.801055
1643042220.397634 -4.256794 4.325476 4.562782 -0.071531 0.593712 0.034244 -0.800760
1643042220.497680 -4.241411 4.325839 4.564827 -0.072655 0.595973 0.032888 -0.799034
1643042220.597771 -4.226526 4.303195 4.548490 -0.072695 0.595243 0.038489 -0.799325
1643042220.698973 -4.213419 4.289188 4.592005 -0.071353 0.601317 0.041830 -0.794718
1643042220.798468 -4.218298 4.310570 4.673754 -0.078937 0.616805 0.039568 -0.782147
1643042220.899171 -4.225333 4.308287 4.699519 -0.070321 0.617503 0.039770 -0.782409
1643042220.998166 -4.160484 4.319096 4.819858 -0.071044 0.617929 0.044286 -0.781765
1643042221.098951 -4.072345 4.334471 4.866836 -0.067533 0.612791 0.064080 -0.784742
1643042221.197746 -4.006025 4.339795 4.844023 -0.050778 0.598873 0.079789 -0.795240
1643042221.299777 -3.764272 4.317739 4.763295 -0.066484 0.573366 0.074336 -0.813207
1643042221.397898 -3.668555 4.317608 4.772141 -0.057470 0.554015 0.088275 -0.825816
1643042221.498453 -3.342368 4.308200 4.707965 -0.054788 0.536924 0.123432 -0.832752
1643042221.600100 -3.301121 4.299466 4.727176 -0.064896 0.522613 0.114614 -0.842335
1643042221.698882 -3.252367 4.282218 4.725972 -0.075219 0.493456 0.107451 -0.859824
1643042221.797641 -3.237741 4.278816 4.688056 -0.067551 0.494336 0.109906 -0.859645
1643042221.898766 -3.179541 4.254092 4.706702 -0.057339 0.487710 0.128075 -0.861654
1643042221.998622 -3.103053 4.225168 4.713119 -0.082102 0.465273 0.127246 -0.872117
1643042222.205197 -3.077390 4.204853 4.719397 -0.070607 0.465539 0.125311 -0.873261
1643042222.299140 -3.023592 4.225845 4.756470 -0.086424 0.464004 0.104553 -0.875386
1643042222.399959 -3.037562 4.291189 4.751990 -0.132544 0.409120 0.054772 -0.901140
1643042222.599114 -3.078337 4.305089 4.768427 -0.145526 0.366136 0.038590 -0.918301
1643042222.701141 -3.088992 4.305288 4.737451 -0.172056 0.272191 0.043888 -0.945718
1643042222.798112 -3.090576 4.314184 4.705144 -0.194876 0.245399 0.055030 -0.948037
1643042222.898506 -3.097636 4.312807 4.709567 -0.178810 0.227595 0.060503 -0.955284
1643042223.005336 -3.104211 4.348069 4.716504 -0.175585 0.187104 0.069919 -0.963988
1643042223.097839 -3.114743 4.373394 4.706136 -0.168294 0.193068 0.094549 -0.962009
1643042223.199677 -3.121969 4.402635 4.705009 -0.167957 0.195137 0.140380 -0.956036
1643042223.303021 -3.112545 4.416005 4.736882 -0.188363 0.169766 0.149193 -0.955741
1643042223.400537 -3.121005 4.439180 4.768060 -0.195511 0.146358 0.167834 -0.955085
1643042223.498253 -3.133092 4.457389 4.725117 -0.203134 0.078837 0.195996 -0.956089
1643042223.597747 -3.074810 4.525938 4.731331 -0.241132 0.008791 0.205043 -0.948544
1643042223.698134 -3.028864 4.536477 4.736575 -0.260528 -0.037033 0.197828 -0.944255
1643042223.799126 -2.994549 4.532197 4.764472 -0.266293 -0.039926 0.202165 -0.941607
1643042223.899948 -2.947735 4.525158 4.756237 -0.253761 -0.064598 0.198226 -0.944531
1643042224.003349 -2.895275 4.527397 4.778608 -0.275120 -0.112805 0.192811 -0.935098
1643042224.100043 -2.831549 4.512786 4.798388 -0.295342 -0.146107 0.181442 -0.926555
1643042224.198248 -2.800712 4.522081 4.823445 -0.302339 -0.157528 0.177263 -0.923230
1643042224.297797 -2.783570 4.537735 4.826822 -0.307379 -0.201413 0.161707 -0.915861
1643042224.399372 -2.768226 4.533753 4.861091 -0.333577 -0.219415 0.153507 -0.903891
