1643042027.693393 -0.400134 84.615402 -1.155761 0.018498 0.063252 -0.006542 0.997805
1643042027.793576 -0.277712 84.660964 -1.200561 0.019641 0.070841 -0.006682 0.997272
1643042027.893669 -0.299502 84.652105 -1.230583 0.019024 0.068234 -0.014991 0.997375
1643042027.993566 -0.276155 84.669208 -1.199456 0.021518 0.068603 -0.003457 0.997406
1643042028.093179 -0.300752 84.654380 -1.189693 0.019866 0.067758 -0.005746 0.997487
1643042028.192722 -0.257786 84.658315 -1.147224 0.020858 0.069256 -0.004076 0.997372
1643042028.292216 -0.280355 84.653846 -1.179034 0.018813 0.073348 -0.012365 0.997052
1643042028.391643 -0.264011 84.662519 -1.173951 0.021680 0.073664 -0.006997 0.997023
1643042028.491068 -0.250789 84.659726 -1.134221 0.020666 0.073653 -0.003723 0.997063
1643042028.590577 -0.265270 84.666652 -1.123191 0.021746 0.079016 -0.004181 0.996627
1643042028.690374 -0.228971 84.672397 -1.097879 0.022901 0.079078 -0.004681 0.996594
1643042028.790173 -0.222927 84.678709 -1.060783 0.020028 0.080314 -0.012814 0.996486
1643042028.890019 -0.200941 84.666512 -1.015094 0.020962 0.077283 -0.002304 0.996786
1643042028.989915 -0.186705 84.658850 -0.910925 0.016762 0.075413 -0.007405 0.996984
1643042029.089876 -0.162511 84.665789 -0.915385 0.019295 0.072541 -0.004834 0.997167
1643042029.189981 -0.159304 84.668038 -0.833667 0.018553 0.068295 -0.008627 0.997455
1643042029.290095 -0.130633 84.655974 -0.730468 0.017247 0.068302 -0.003452 0.997510
1643042029.390139 -0.118740 84.652967 -0.709416 0.014945 0.066855 -0.009889 0.997602
1643042029.490123 -0.090869 84.673794 -0.657894 0.020676 0.068069 0.002618 0.997463
1643042029.590013 -0.044278 84.651727 -0.515263 0.017685 0.067592 0.000215 0.997556
1643042029.689977 -0.024544 84.636228 -0.448727 0.017836 0.068031 0.000273 0.997524
1643042029.789895 -0.002149 84.657098 -0.370438 0.019330 0.069208 -0.001620 0.997414
1643042029.88989 -0.027726 84.657928 -0.360176 0.017168 0.073084 -0.007941 0.997146
1643042029.989823 0.000682 84.652650 -0.264672 0.016852 0.075937 -0.008465 0.996934
1643042030.089716 0.043509 84.657257 -0.197668 0.019112 0.078648 -0.001623 0.996718
1643042030.189527 0.050876 84.668153 -0.092924 0.018379 0.081146 -0.008814 0.996494
1643042030.289368 0.060627 84.651254 -0.037159 0.016974 0.083070 -0.008208 0.996365
1643042030.389236 0.089499 84.660715 0.054757 0.018077 0.083931 -0.007511 0.996279
1643042030.489084 0.119351 84.663097 0.168553 0.017510 0.086474 -0.009011 0.996059
1643042030.58895 0.144801 84.655320 0.268996 0.016269 0.087876 -0.010189 0.995946
1643042030.689034 0.195173 84.658679 0.360685 0.015949 0.094629 -0.006822 0.995361
1643042030.789045 0.224354 84.658374 0.470084 0.017271 0.095464 -0.007662 0.995254
1643042030.889082 0.229678 84.661365 0.495663 0.018672 0.094964 -0.007759 0.995275
1643042030.98913 0.245735 84.655949 0.637197 0.016131 0.093979 -0.007290 0.995417
1643042031.089114 0.290492 84.659446 0.707062 0.016674 0.097692 -0.007180 0.995051
1643042031.189042 0.336871 84.657818 0.850226 0.015458 0.096497 -0.005860 0.995196
1643042031.289005 0.360047 84.657468 0.928797 0.016661 0.091052 -0.004315 0.995697
1643042031.389043 0.390080 84.657501 1.029921 0.017016 0.089303 -0.006851 0.995836
1643042031.489174 0.417031 84.653644 1.122721 0.016423 0.085971 -0.007193 0.996136
1643042031.58933 0.444263 84.657854 1.216113 0.016722 0.085656 -0.006254 0.996165
1643042031.689523 0.444232 84.656337 1.296697 0.016010 0.096120 -0.008949 0.995201
1643042031.789406 0.494262 84.645628 1.466605 0.015261 0.093845 -0.013318 0.995381
1643042031.889111 0.528548 84.657567 1.580526 0.015720 0.099534 -0.006497 0.994889
1643042031.988789 0.553641 84.665326 1.664444 0.017499 0.097699 -0.003961 0.995054
1643042032.088619 0.565061 84.657357 1.690278 0.016463 0.100066 -0.006524 0.994823
1643042032.188592 0.599478 84.654792 1.835733 0.017548 0.096124 -0.006982 0.995190
1643042032.288652 0.630593 84.654601 1.913164 0.015772 0.102556 -0.007695 0.994572
1643042032.388741 0.674435 84.658961 2.019791 0.017616 0.101558 -0.005599 0.994658
1643042032.48876 0.709011 84.660314 2.134064 0.017469 0.106357 -0.005797 0.994158
1643042032.588902 0.743057 84.645382 2.220912 0.019798 0.108275 -0.003529 0.993917
1643042032.689165 0.765281 84.626823 2.311357 0.017568 0.116858 -0.004829 0.992981
1643042032.789261 0.831230 84.651561 2.418815 0.022397 0.123459 -0.000222 0.992097
1643042032.88936 0.843549 84.662139 2.511374 0.021191 0.124965 -0.003979 0.991927
1643042032.98937 0.901743 84.651683 2.639434 0.021935 0.128040 0.000086 0.991526
1643042033.089401 0.948686 84.652686 2.738091 0.022846 0.131505 -0.001617 0.991051
1643042033.189419 0.991529 84.648300 2.843496 0.020839 0.131947 0.001646 0.991036
1643042033.289335 1.034441 84.652192 3.005780 0.015767 0.131195 -0.007438 0.991203
1643042033.38928 1.074909 84.655938 3.095319 0.018761 0.123698 -0.006449 0.992122
1643042033.489387 1.095798 84.632180 3.180478 0.021060 0.121213 -0.001755 0.992402
1643042033.589675 1.118363 84.658225 3.254035 0.017074 0.115578 -0.006619 0.993130
1643042033.690088 1.157689 84.657323 3.351344 0.017584 0.115132 -0.005432 0.993180
1643042033.790313 1.200519 84.660149 3.459066 0.016534 0.115023 -0.006983 0.993201
1643042033.890419 1.203807 84.656755 3.461453 0.013906 0.121567 -0.011849 0.992415
1643042033.990301 1.263854 84.660265 3.606382 0.014877 0.120826 -0.006599 0.992540
1643042034.090011 1.289478 84.661273 3.692625 0.013142 0.127991 -0.007053 0.991663
1643042034.189899 1.319863 84.661307 3.809875 0.012908 0.125868 -0.006581 0.991941
1643042034.289911 1.379391 84.657993 3.890221 0.012878 0.119407 -0.006961 0.992737
1643042034.389936 1.426241 84.662588 4.025407 0.014387 0.113947 -0.006874 0.993359
1643042034.49013 1.468857 84.664175 4.162398 0.013406 0.110364 -0.006695 0.993778
1643042034.59043 1.506338 84.663815 4.271560 0.014945 0.107758 -0.007724 0.994035
1643042034.690736 1.544500 84.662995 4.390247 0.015691 0.100666 -0.004538 0.994786
1643042034.790721 1.532695 84.663675 4.455378 0.017320 0.085538 -0.004939 0.996172
1643042034.890682 1.566678 84.665863 4.565506 0.017486 0.076730 -0.005274 0.996885
1643042034.990738 1.640167 84.666534 4.725143 0.015573 0.067823 -0.005705 0.997560
1643042035.090763 1.677496 84.663151 4.857439 0.015331 0.059306 -0.004274 0.998113
1643042035.190703 1.702156 84.662908 4.965610 0.016327 0.047505 -0.004367 0.998728
1643042035.29058 1.714060 84.663737 5.092753 0.016093 0.033557 -0.004242 0.999298
1643042035.390376 1.738772 84.664404 5.202482 0.016399 0.017079 -0.005212 0.999706
1643042035.490181 1.722478 84.664386 5.319198 0.016312 0.000463 -0.005247 0.999853
1643042035.589906 1.765249 84.652605 5.443894 0.014984 -0.016020 -0.004742 0.999748
1643042035.68971 1.738365 84.664336 5.552169 0.020359 -0.041040 -0.004693 0.998939
1643042035.789441 1.760467 84.662000 5.668131 0.021245 -0.063884 -0.004124 0.997723
1643042035.889254 1.760148 84.658292 5.789292 0.022141 -0.088366 -0.002479 0.995839
1643042035.989208 1.698004 84.660662 5.910046 0.021463 -0.118231 -0.002832 0.992750
1643042036.089116 1.717486 84.659031 6.017266 0.021086 -0.142197 -0.002319 0.989611
1643042036.189068 1.641409 84.662387 6.148005 0.019017 -0.169000 -0.003482 0.985426
1643042036.288982 1.629582 84.660152 6.211346 0.017211 -0.201880 -0.003983 0.979251
1643042036.388914 1.579273 84.658260 6.312137 0.017979 -0.229870 -0.002624 0.973052
1643042036.488817 1.574404 84.659185 6.427337 0.017772 -0.257773 -0.001408 0.966041
1643042036.588697 1.509364 84.663949 6.500141 0.017090 -0.288829 -0.000926 0.957228
1643042036.688662 1.392863 84.665177 6.619017 0.014945 -0.317632 -0.001425 0.948095
1643042036.788562 1.396061 84.662511 6.664680 0.015701 -0.346051 0.000728 0.938084
1643042036.888513 1.334729 84.660557 6.754840 0.015295 -0.374585 0.002449 0.927063
1643042036.988555 1.212192 84.661819 6.897683 0.013361 -0.403156 0.001288 0.915033
1643042037.088572 1.105938 84.658428 6.963615 0.013078 -0.428383 0.002659 0.903499
1643042037.188704 1.026593 84.660426 7.033597 0.013204 -0.457121 0.005340 0.889290
1643042037.288866 1.020438 84.662103 7.052582 0.014241 -0.477342 0.006195 0.878580
1643042037.389213 0.870130 84.668319 7.174325 0.012375 -0.497405 0.006753 0.867404
1643042037.489819 0.835843 84.661176 7.186849 0.013829 -0.509280 0.006480 0.860465
1643042037.590555 0.724632 84.657125 7.306016 0.012656 -0.519876 0.010001 0.854089
1643042037.691208 0.676311 84.653333 7.298096 0.013639 -0.521409 0.008945 0.853151
1643042037.791469 0.545742 84.646249 7.377568 0.014531 -0.522620 0.009500 0.852389
1643042037.891415 0.495140 84.661026 7.408796 0.014721 -0.526442 0.007371 0.850051
1643042037.991204 0.375562 84.660617 7.480312 0.016928 -0.527946 0.006075 0.849088
1643042038.090838 0.217602 84.675848 7.556802 0.012786 -0.529991 0.004057 0.847897
1643042038.190267 0.189076 84.665936 7.593979 0.014470 -0.531137 0.007169 0.847132
1643042038.290193 0.126322 84.658399 7.629086 0.016555 -0.530202 0.004818 0.847696
1643042038.390349 0.035503 84.667896 7.672141 0.019646 -0.530686 0.005610 0.847322
1643042038.490553 -0.080964 84.671865 7.739132 0.015512 -0.532574 0.000307 0.846241
1643042038.590515 -0.138199 84.650817 7.778669 0.017568 -0.544484 0.000498 0.838587
1643042038.690004 -0.256179 84.680945 7.842851 0.017906 -0.574742 0.007742 0.818102
1643042038.790433 -0.339931 84.672956 7.964895 0.018749 -0.578493 0.004628 0.815459
1643042038.892035 -0.482542 84.664941 7.977899 0.018488 -0.558626 0.004805 0.829200
1643042038.992954 -0.557174 84.664522 8.034171 0.018230 -0.548970 0.009998 0.835583
1643042039.09323 -0.652435 84.672878 8.077292 0.020519 -0.541730 0.007639 0.840267
1643042039.193 -0.748622 84.666691 8.151507 0.018550 -0.540921 0.008085 0.840830
1643042039.292445 -0.851264 84.670571 8.222606 0.020511 -0.546330 0.010062 0.837259
1643042039.391777 -0.950254 84.642645 8.297188 0.020177 -0.551985 0.012157 0.833521
1643042039.491298 -1.059826 84.670170 8.361178 0.020345 -0.555060 0.011114 0.831487
1643042039.590914 -1.164954 84.672417 8.434202 0.017862 -0.556939 0.010258 0.830298
1643042039.690796 -1.276424 84.653915 8.506609 0.017004 -0.558731 0.010142 0.829112
1643042039.790572 -1.383777 84.665486 8.575023 0.020467 -0.560198 0.007543 0.828071
1643042039.890279 -1.490811 84.669745 8.643854 0.019393 -0.564770 0.009803 0.824962
1643042039.990015 -1.596899 84.666833 8.709966 0.017803 -0.570446 0.009912 0.821082
1643042040.089808 -1.714456 84.670348 8.780743 0.018660 -0.574728 0.010675 0.818062
1643042040.189614 -1.813941 84.670710 8.843705 0.018617 -0.579549 0.011205 0.814648
1643042040.289512 -1.922824 84.670499 8.911736 0.018686 -0.584960 0.010662 0.810777
1643042040.389413 -2.010471 84.669336 9.010585 0.018631 -0.588718 0.010665 0.808053
1643042040.489422 -2.136852 84.662875 9.031058 0.019963 -0.591480 0.010294 0.806007
1643042040.589567 -2.251152 84.665807 9.105001 0.019375 -0.592891 0.011848 0.804962
1643042040.689845 -2.357561 84.668770 9.170753 0.020053 -0.592143 0.011699 0.805498
1643042040.789851 -2.463407 84.658852 9.240685 0.016959 -0.590467 0.012165 0.806792
1643042040.889881 -2.579862 84.667125 9.306511 0.019127 -0.588407 0.009659 0.808281
1643042040.989829 -2.705719 84.651955 9.379981 0.015808 -0.585112 0.009786 0.810740
1643042041.089672 -2.801229 84.670083 9.463842 0.015683 -0.584053 0.008449 0.811520
1643042041.189684 -2.922797 84.670066 9.507246 0.016732 -0.584231 0.008233 0.811373
1643042041.289824 -3.005971 84.664915 9.560165 0.018080 -0.582322 0.006460 0.812732
1643042041.390195 -3.115163 84.664074 9.619883 0.019074 -0.583686 0.005732 0.811735
1643042041.490677 -3.222559 84.665322 9.678912 0.020160 -0.582610 0.007133 0.812470
1643042041.591098 -3.357491 84.670735 9.748107 0.018018 -0.584460 0.009235 0.811170
1643042041.691578 -3.395722 84.666994 9.787920 0.019195 -0.584448 0.010106 0.811141
1643042041.791842 -3.523535 84.662476 9.860028 0.019011 -0.580166 0.010394 0.814210
1643042041.891962 -3.606844 84.663235 9.913640 0.018655 -0.576950 0.010494 0.816499
1643042041.991893 -3.767748 84.665660 10.011013 0.017067 -0.571933 0.010362 0.820058
1643042042.091663 -3.864311 84.670004 10.078588 0.016521 -0.566053 0.010254 0.824140
1643042042.191484 -3.962060 84.665550 10.136588 0.016385 -0.555980 0.007871 0.830997
1643042042.291191 -4.066839 84.660436 10.203330 0.015124 -0.545311 0.008421 0.838055
1643042042.39087 -4.151672 84.663694 10.275974 0.016548 -0.535279 0.007462 0.844480
1643042042.490684 -4.259633 84.670611 10.348322 0.017482 -0.523842 0.009126 0.851587
1643042042.590705 -4.338393 84.667802 10.427158 0.018286 -0.511381 0.008457 0.859118
1643042042.69105 -4.414642 84.670393 10.501030 0.018946 -0.496564 0.009254 0.867744
1643042042.79127 -4.490350 84.670412 10.588152 0.018930 -0.478784 0.009371 0.877679
1643042042.891558 -4.572611 84.664300 10.681987 0.019099 -0.459086 0.007648 0.888154
1643042042.991737 -4.643227 84.663374 10.774521 0.020720 -0.439588 0.009600 0.897909
1643042043.09175 -4.706641 84.667945 10.863755 0.021057 -0.419087 0.009869 0.907648
1643042043.191709 -4.753455 84.665927 10.976417 0.019372 -0.395483 0.007996 0.918234
1643042043.291577 -4.875302 84.666349 11.104911 0.017945 -0.370905 0.006772 0.928473
1643042043.391451 -4.850985 84.663913 11.192634 0.019435 -0.345372 0.006998 0.938239
1643042043.491466 -4.903568 84.667357 11.263756 0.020831 -0.319079 0.005428 0.947483
1643042043.591397 -4.948005 84.667274 11.378335 0.017879 -0.291884 0.003230 0.956281
1643042043.691438 -4.974008 84.665394 11.482414 0.017588 -0.266663 0.002065 0.963627
1643042043.791218 -4.999948 84.667631 11.592948 0.017593 -0.242713 0.003067 0.969934
1643042043.891008 -5.057171 84.668500 11.738843 0.017923 -0.223068 0.002722 0.974634
1643042043.990926 -5.018070 84.667215 11.861504 0.018581 -0.201048 0.002922 0.979401
1643042044.091028 -5.022277 84.668314 11.939020 0.020334 -0.180271 0.003147 0.983402
1643042044.191377 -4.985900 84.667347 12.049419 0.019060 -0.156562 0.001523 0.987483
1643042044.291842 -5.008205 84.666981 12.170961 0.020529 -0.131285 0.001315 0.991131
1643042044.39212 -5.010234 84.664333 12.300589 0.020610 -0.106325 0.000685 0.994118
1643042044.492177 -4.972053 84.666338 12.450932 0.020989 -0.077184 -0.000754 0.996796
1643042044.591981 -4.995977 84.669653 12.536252 0.021644 -0.047549 -0.001735 0.998633
1643042044.691853 -4.911707 84.666778 12.610306 0.021431 -0.013476 -0.003884 0.999672
1643042044.79149 -4.895939 84.668514 12.746897 0.021760 0.016370 -0.004023 0.999621
1643042044.891046 -4.833037 84.666056 12.837132 0.022512 0.041936 -0.003946 0.998859
1643042044.990603 -4.798304 84.665194 12.961415 0.020726 0.065792 -0.005744 0.997602
1643042045.090218 -4.719284 84.666266 13.031857 0.021798 0.085499 -0.003872 0.996092
1643042045.190108 -4.704327 84.663182 13.137964 0.020768 0.108271 -0.005498 0.993889
1643042045.290115 -4.642924 84.663700 13.259974 0.019923 0.131652 -0.004504 0.991086
1643042045.390182 -4.551197 84.668575 13.325279 0.021763 0.154039 -0.005261 0.987811
1643042045.490319 -4.448150 84.660597 13.498251 0.019487 0.183425 -0.006021 0.982822
1643042045.59052 -4.423940 84.665480 13.529648 0.019772 0.204859 -0.005462 0.978577
1643042045.690845 -4.328210 84.670979 13.661434 0.016139 0.233045 -0.004877 0.972320
1643042045.790994 -4.202449 84.667605 13.712341 0.014942 0.260617 -0.005624 0.965310
1643042045.89099 -4.150048 84.667113 13.825307 0.016688 0.286063 -0.006957 0.958040
1643042045.990832 -4.023330 84.665787 13.855918 0.014486 0.311001 -0.008327 0.950263
1643042046.090617 -3.973760 84.670521 13.977069 0.015147 0.329145 -0.008448 0.944120
1643042046.190436 -3.927860 84.667391 13.968682 0.013648 0.347859 -0.010725 0.937386
1643042046.290264 -3.797604 84.665150 14.063568 0.015877 0.367512 -0.010559 0.929823
1643042046.390053 -3.695026 84.672835 14.136973 0.017488 0.383762 -0.011565 0.923194
1643042046.489884 -3.609971 84.668924 14.176797 0.015884 0.403877 -0.011041 0.914609
1643042046.589681 -3.433923 84.670280 14.215103 0.018151 0.426407 -0.011924 0.904270
1643042046.689617 -3.369457 84.670508 14.282635 0.016980 0.444083 -0.011490 0.895751
1643042046.789471 -3.261571 84.665730 14.310466 0.015383 0.464268 -0.011746 0.885483
1643042046.889233 -3.187070 84.669993 14.362572 0.017329 0.483429 -0.013119 0.875114
1643042046.989058 -3.068713 84.671590 14.387312 0.017182 0.500430 -0.015072 0.865475
1643042047.088948 -2.910091 84.664179 14.419458 0.016134 0.517977 -0.016357 0.855086
1643042047.188846 -2.795946 84.671327 14.446446 0.016797 0.530530 -0.015930 0.847350
1643042047.288646 -2.707700 84.662686 14.474567 0.015499 0.541708 -0.014935 0.840291
1643042047.388654 -2.632726 84.663713 14.455376 0.015466 0.550918 -0.016184 0.834259
1643042047.488709 -2.494037 84.665928 14.517745 0.016442 0.564556 -0.016317 0.825070
1643042047.588787 -2.346820 84.670200 14.518186 0.014439 0.576334 -0.014095 0.816965
1643042047.688995 -2.271171 84.663853 14.546368 0.013264 0.587422 -0.013020 0.809067
1643042047.789233 -2.129379 84.664055 14.502759 0.013969 0.597879 -0.013305 0.801354
1643042047.88956 -1.996588 84.667126 14.547168 0.013539 0.610389 -0.013099 0.791878
1643042047.99007 -1.934979 84.668579 14.537765 0.011735 0.617426 -0.013946 0.786418
1643042048.09049 -1.771371 84.667003 14.546256 0.013021 0.626478 -0.013513 0.779213
1643042048.190745 -1.658660 84.665683 14.542869 0.013192 0.633575 -0.015337 0.773417
1643042048.290954 -1.511672 84.669363 14.528480 0.013719 0.641257 -0.015542 0.767046
1643042048.391021 -1.496291 84.668159 14.507136 0.014194 0.644500 -0.014833 0.764329
1643042048.49103 -1.380131 84.666988 14.540792 0.014317 0.651683 -0.015543 0.758197
1643042048.590914 -1.235468 84.666730 14.519648 0.012831 0.659932 -0.015695 0.751051
1643042048.690724 -1.140940 84.667454 14.490405 0.012748 0.662828 -0.014550 0.748521
1643042048.790212 -0.904520 84.664514 14.453223 0.013589 0.670068 -0.016772 0.741986
1643042048.889712 -0.873142 84.664811 14.491044 0.013228 0.670791 -0.017431 0.741324
1643042048.989328 -0.718758 84.668570 14.457018 0.012727 0.670499 -0.016965 0.741607
1643042049.089149 -0.632179 84.668496 14.472964 0.012787 0.670481 -0.016529 0.741632
1643042049.189082 -0.580011 84.664798 14.455086 0.011255 0.666827 -0.016518 0.744944
1643042049.28914 -0.412150 84.666971 14.422142 0.013787 0.662457 -0.016862 0.748783
1643042049.389255 -0.319101 84.668866 14.461949 0.013060 0.659499 -0.015495 0.751432
1643042049.489483 -0.169676 84.662290 14.415410 0.013167 0.656824 -0.014817 0.753783
1643042049.589635 -0.061822 84.666463 14.432990 0.013607 0.654371 -0.013883 0.755924
1643042049.689875 0.047483 84.665049 14.430340 0.012562 0.654138 -0.013234 0.756155
1643042049.789868 0.238874 84.667412 14.396201 0.011977 0.653532 -0.013861 0.756677
1643042049.889801 0.280680 84.666649 14.441680 0.013535 0.645535 -0.013936 0.763484
1643042049.989755 0.460809 84.666887 14.424333 0.013907 0.645288 -0.014306 0.763679
1643042050.089843 0.520092 84.666404 14.438969 0.013975 0.641678 -0.014117 0.766717
1643042050.190142 0.677292 84.669931 14.424041 0.014432 0.638847 -0.014538 0.769061
1643042050.29057 0.740319 84.668654 14.440665 0.014251 0.637682 -0.014661 0.770028
1643042050.391055 0.948830 84.665652 14.411440 0.015001 0.639717 -0.014891 0.768320
1643042050.491342 0.970327 84.668944 14.412372 0.014760 0.642887 -0.014380 0.765684
1643042050.591311 1.144157 84.665905 14.425674 0.013147 0.647363 -0.014189 0.761936
1643042050.691089 1.220295 84.667068 14.438614 0.013488 0.647347 -0.013520 0.761956
1643042050.79065 1.320445 84.659838 14.440423 0.013899 0.644366 -0.014570 0.764452
1643042050.89033 1.436236 84.669405 14.442907 0.015933 0.640616 -0.013508 0.767578
1643042050.99037 1.623774 84.665611 14.432159 0.013340 0.638512 -0.013596 0.769376
1643042051.090485 1.724442 84.666100 14.432172 0.014493 0.636621 -0.013863 0.770916
1643042051.190557 1.774240 84.670159 14.404740 0.015728 0.634488 -0.014616 0.772634
1643042051.290812 1.951647 84.666689 14.431255 0.014188 0.638108 -0.016336 0.769643
1643042051.391118 1.999306 84.667387 14.446671 0.013694 0.641096 -0.016582 0.767159
1643042051.491189 2.107261 84.665198 14.447399 0.015150 0.645345 -0.016805 0.763556
1643042051.590945 2.305257 84.666360 14.416843 0.014696 0.647899 -0.014856 0.761440
1643042051.690561 2.362594 84.666670 14.430563 0.014340 0.644893 -0.013781 0.764014
1643042051.790085 2.489362 84.669209 14.430395 0.012956 0.644029 -0.014219 0.764759
1643042051.88962 2.618376 84.663119 14.434123 0.013243 0.640993 -0.013480 0.767314
1643042051.989231 2.794128 84.667486 14.391868 0.013500 0.640072 -0.014537 0.768059
1643042052.088979 2.839199 84.668863 14.456700 0.012616 0.633956 -0.012324 0.773168
1643042052.188826 2.950552 84.671194 14.442651 0.013670 0.630284 -0.013212 0.776132
1643042052.28884 3.161600 84.667472 14.423228 0.014314 0.629311 -0.013726 0.776900
1643042052.389059 3.174986 84.665558 14.450262 0.014460 0.629372 -0.015482 0.776816
1643042052.489276 3.295310 84.668403 14.454304 0.014861 0.629939 -0.013995 0.776376
1643042052.589432 3.430449 84.665566 14.444992 0.014937 0.633163 -0.014011 0.773748
1643042052.689487 3.536208 84.669245 14.449873 0.016949 0.631091 -0.013637 0.775404
1643042052.789494 3.696631 84.666779 14.396301 0.015986 0.631812 -0.015145 0.774809
1643042052.889532 3.805895 84.664974 14.448337 0.014270 0.631680 -0.015091 0.774951
1643042052.989492 3.886106 84.658497 14.466842 0.013885 0.631147 -0.015900 0.775376
1643042053.089428 4.070454 84.668003 14.445340 0.014616 0.632911 -0.014193 0.773957
1643042053.189334 4.114694 84.665507 14.466900 0.013976 0.634481 -0.015283 0.772661
1643042053.289335 4.309941 84.667177 14.396766 0.013314 0.637026 -0.015653 0.770569
1643042053.389312 4.402458 84.663349 14.451717 0.012889 0.639217 -0.015289 0.768766
1643042053.489248 4.496204 84.669049 14.456369 0.014553 0.642435 -0.014816 0.766059
1643042053.589171 4.588809 84.667617 14.472217 0.011826 0.642732 -0.016093 0.765831
1643042053.689329 4.713758 84.667264 14.464982 0.011468 0.641560 -0.015304 0.766834
1643042053.789383 4.881110 84.667995 14.456920 0.012099 0.639701 -0.016111 0.768359
1643042053.889503 4.960817 84.671713 14.480739 0.012801 0.638401 -0.016660 0.769417
1643042053.989708 5.133145 84.669699 14.473097 0.011444 0.636830 -0.016423 0.770745
1643042054.089821 5.193047 84.669050 14.453839 0.007995 0.635666 -0.014660 0.771783
1643042054.18981 5.392379 84.667537 14.448470 0.011521 0.631969 -0.016119 0.774741
1643042054.289747 5.446750 84.672645 14.504885 0.013233 0.627374 -0.014921 0.778463
1643042054.389926 5.551001 84.672582 14.510992 0.013219 0.626290 -0.013778 0.779356
1643042054.490222 5.670874 84.672168 14.517566 0.011683 0.626732 -0.013433 0.779031
1643042054.590432 5.844628 84.672823 14.458389 0.012229 0.629391 -0.012664 0.776889
1643042054.690606 5.895581 84.674807 14.500256 0.013926 0.626360 -0.012684 0.779306
1643042054.790578 6.054203 84.674108 14.481792 0.012245 0.630454 -0.012210 0.776034
1643042054.890524 6.144037 84.673731 14.494291 0.010738 0.633701 -0.012117 0.773409
1643042054.990343 6.248298 84.675923 14.555591 0.010652 0.635611 -0.010088 0.771870
1643042055.09007 6.369601 84.674798 14.504285 0.013121 0.640227 -0.012258 0.767976
1643042055.189895 6.537412 84.676839 14.486434 0.008694 0.649728 -0.012673 0.760011
1643042055.289683 6.576334 84.683222 14.530098 0.008692 0.652380 -0.011500 0.757755
1643042055.389366 6.711916 84.676377 14.492526 0.010915 0.662537 -0.011570 0.748860
1643042055.489081 6.818900 84.655782 14.488283 0.012808 0.668750 -0.013555 0.743254
1643042055.588747 6.940855 84.683126 14.483181 0.009699 0.673870 -0.012643 0.738678
1643042055.68854 7.100617 84.636319 14.500809 0.013555 0.675171 -0.014321 0.737398
1643042055.788287 7.174889 84.677127 14.482342 0.010038 0.678481 -0.015794 0.734379
1643042055.888169 7.246405 84.682430 14.473524 0.009755 0.676775 -0.015310 0.735966
1643042055.988148 7.350226 84.673933 14.459478 0.011715 0.678033 -0.014853 0.734788
1643042056.088232 7.461586 84.671473 14.452483 0.014700 0.677819 -0.017210 0.734880
1643042056.188303 7.605005 84.619507 14.431907 0.018848 0.678151 -0.018272 0.734454
1643042056.288404 7.691252 84.674227 14.426991 0.019428 0.680126 -0.023456 0.732462
1643042056.388264 7.752435 84.674187 14.417983 0.012496 0.677019 -0.015910 0.735687
1643042056.488008 7.862553 84.670614 14.406808 0.016707 0.673109 -0.017737 0.739142
1643042056.587776 7.952003 84.672642 14.400660 0.016486 0.668670 -0.017920 0.743160
1643042056.68767 8.064550 84.673924 14.394883 0.016744 0.662155 -0.017639 0.748972
1643042056.787452 8.202766 84.664763 14.402996 0.021534 0.657019 -0.013721 0.753441
1643042056.887668 8.288469 84.681943 14.400415 0.012415 0.656210 -0.015499 0.754317
1643042056.986631 8.400726 84.655569 14.404049 0.011094 0.630774 -0.006083 0.775863
1643042057.086805 8.490653 84.662047 14.363916 0.015329 0.617511 -0.013740 0.786293
1643042057.187171 8.598955 84.669669 14.358202 0.018371 0.607817 -0.014661 0.793729
1643042057.287749 8.724870 84.662736 14.396554 0.015750 0.600792 -0.012776 0.799148
1643042057.38826 8.814770 84.665250 14.358648 0.017533 0.595341 -0.011633 0.803197
1643042057.488583 8.939529 84.667650 14.411588 0.016992 0.588835 -0.012494 0.807978
1643042057.588631 9.045284 84.664138 14.424120 0.016594 0.579347 -0.011702 0.814828
1643042057.688477 9.148517 84.664290 14.434986 0.018728 0.565550 -0.012727 0.824403
1643042057.788046 9.236114 84.666571 14.411061 0.019423 0.550502 -0.011873 0.834523
1643042057.887699 9.349973 84.667327 14.472727 0.017834 0.534210 -0.012057 0.845078
1643042057.987444 9.441150 84.654629 14.456924 0.018970 0.517206 -0.009573 0.855597
1643042058.087312 9.551070 84.666716 14.534530 0.019066 0.499614 -0.009784 0.865983
1643042058.187289 9.648005 84.667542 14.569871 0.018507 0.482893 -0.010811 0.875417
1643042058.287341 9.741632 84.664933 14.605176 0.017078 0.465584 -0.009321 0.884790
1643042058.387412 9.837170 84.663697 14.651021 0.017168 0.447180 -0.008488 0.894239
1643042058.487439 9.929531 84.665372 14.706915 0.017654 0.425221 -0.007565 0.904886
1643042058.587424 10.000641 84.669000 14.709361 0.018532 0.403739 -0.008099 0.914651
1643042058.687523 10.096192 84.666471 14.808178 0.017000 0.378501 -0.008467 0.925406
1643042058.787499 10.159680 84.667993 14.828342 0.019448 0.352196 -0.005013 0.935711
1643042058.887623 10.253418 84.666069 14.957684 0.020229 0.325231 -0.004976 0.945405
1643042058.987767 10.326969 84.669496 15.043997 0.021429 0.299066 -0.003701 0.953984
1643042059.087983 10.376504 84.668668 15.071335 0.020536 0.273675 -0.004543 0.961592
1643042059.188167 10.446211 84.667981 15.186859 0.020691 0.247181 -0.002301 0.968746
1643042059.288275 10.497083 84.665682 15.269048 0.023845 0.217870 -0.002871 0.975682
1643042059.388293 10.526250 84.667342 15.306025 0.024047 0.187188 -0.002200 0.982027
1643042059.48825 10.565467 84.666024 15.406412 0.022612 0.152119 -0.001245 0.988103
1643042059.588125 10.590686 84.666934 15.496208 0.022373 0.116082 -0.000415 0.992988
1643042059.688102 10.613606 84.668708 15.605396 0.019727 0.078273 0.001396 0.996736
1643042059.787951 10.621620 84.661618 15.697159 0.019559 0.038633 0.000874 0.999062
1643042059.887719 10.626580 84.661661 15.797050 0.020228 -0.000975 0.000940 0.999794
1643042059.987449 10.620373 84.660799 15.895918 0.018363 -0.041521 0.001361 0.998968
1643042060.087226 10.612569 84.667717 16.005946 0.016516 -0.080239 0.003286 0.996633
1643042060.187073 10.587786 84.662690 16.071376 0.015780 -0.118130 0.002172 0.992870
1643042060.286929 10.571328 84.661108 16.185614 0.017638 -0.159698 0.002787 0.987004
1643042060.386759 10.549383 84.662262 16.272272 0.016249 -0.203741 0.003185 0.978885
1643042060.486622 10.498518 84.662932 16.358185 0.016010 -0.244906 0.003822 0.969407
1643042060.58648 10.455702 84.662721 16.437954 0.016062 -0.291325 0.005447 0.956474
1643042060.686628 10.398574 84.659044 16.510011 0.015213 -0.335690 0.004919 0.941837
1643042060.786734 10.363501 84.663851 16.588074 0.016994 -0.383069 0.007704 0.923531
1643042060.886981 10.301052 84.665495 16.659500 0.014554 -0.421104 0.008285 0.906858
1643042060.98751 10.201858 84.666068 16.721055 0.012237 -0.450095 0.007929 0.892862
1643042061.088164 10.163828 84.665787 16.831825 0.012732 -0.481045 0.010214 0.876544
1643042061.188931 10.065066 84.666269 16.850208 0.014486 -0.502911 0.011916 0.864134
1643042061.289659 9.965139 84.667086 16.912079 0.014897 -0.520050 0.011476 0.853929
1643042061.390224 9.881482 84.667503 16.964310 0.013727 -0.538168 0.010552 0.842660
1643042061.490526 9.781405 84.667647 17.001857 0.014428 -0.555814 0.010283 0.831118
1643042061.590643 9.705953 84.669267 17.088810 0.015716 -0.577469 0.013590 0.816148
1643042061.690656 9.605334 84.668873 17.126842 0.015744 -0.593365 0.013128 0.804672
1643042061.790515 9.535677 84.669402 17.122508 0.016167 -0.606739 0.012603 0.794637
1643042061.890414 9.422927 84.667371 17.142675 0.015761 -0.616726 0.010768 0.786947
1643042061.990355 9.254515 84.666991 17.191905 0.016095 -0.623128 0.013498 0.781838
1643042062.090294 9.229996 84.666194 17.205905 0.017405 -0.633118 0.013318 0.773745
1643042062.190287 9.103658 84.667445 17.246380 0.017910 -0.639072 0.015198 0.768788
1643042062.290326 8.981353 84.666198 17.280785 0.018608 -0.645160 0.015085 0.763672
1643042062.390228 8.829457 84.664967 17.333817 0.018101 -0.643130 0.013882 0.765417
1643042062.489936 8.767746 84.662982 17.335257 0.018458 -0.641337 0.014215 0.766906
1643042062.589497 8.666534 84.665306 17.353883 0.018978 -0.642767 0.015211 0.765676
1643042062.689331 8.537595 84.664376 17.390224 0.017890 -0.642620 0.011863 0.765885
1643042062.789144 8.434330 84.662920 17.417022 0.017641 -0.642160 0.008928 0.766316
1643042062.88886 8.233884 84.663874 17.485845 0.015424 -0.642185 0.009891 0.766331
1643042062.988729 8.159486 84.662356 17.495491 0.015743 -0.645466 0.011022 0.763547
1643042063.088826 8.015358 84.664386 17.534888 0.014700 -0.643205 0.011704 0.765463
1643042063.188892 7.956652 84.660123 17.551943 0.014230 -0.643925 0.010442 0.764885
1643042063.288841 7.761873 84.660109 17.598021 0.014093 -0.639755 0.011057 0.768370
1643042063.388719 7.749984 84.663192 17.598448 0.014900 -0.641160 0.010536 0.767190
1643042063.488505 7.518499 84.666603 17.661804 0.012678 -0.645227 0.011794 0.763794
1643042063.588309 7.462140 84.692484 17.670553 0.013139 -0.651977 0.011981 0.758030
1643042063.688325 7.273820 84.667800 17.711872 0.019699 -0.653432 0.000556 0.756728
1643042063.78837 7.119867 84.664368 17.764651 0.013767 -0.655683 0.010023 0.754844
1643042063.888384 7.050303 84.668355 17.774192 0.010536 -0.655372 0.012348 0.755132
1643042063.988286 6.884289 84.671038 17.820224 0.011776 -0.654814 0.012591 0.755593
1643042064.088145 6.859572 84.676760 17.808745 0.007110 -0.652523 0.017707 0.757528
1643042064.18804 6.695147 84.667758 17.857468 0.016868 -0.657799 0.004692 0.752990
1643042064.287918 6.610687 84.672843 17.882693 0.006519 -0.656973 0.017855 0.753674
1643042064.387789 6.442892 84.676209 17.966392 -0.001618 -0.652753 0.027800 0.757059
1643042064.487715 6.325759 84.676254 17.972726 0.010575 -0.651205 0.009318 0.758771
1643042064.587729 6.206685 84.669556 18.006170 0.009771 -0.649900 0.013293 0.759841
1643042064.687877 6.011147 84.674297 18.035290 0.011619 -0.651319 0.013008 0.758603
1643042064.787914 6.004378 84.679662 18.056936 0.009112 -0.651556 0.020842 0.758259
1643042064.887945 5.930354 84.678748 18.068421 0.019831 -0.652038 0.005651 0.757905
1643042064.987983 5.715061 84.670096 18.138595 0.018290 -0.653269 0.008816 0.756853
1643042065.088119 5.710744 84.664409 18.156186 0.015509 -0.656869 0.018839 0.753610
1643042065.188351 5.559128 84.659656 18.188045 0.027308 -0.656989 -0.003741 0.753396
1643042065.288506 5.499733 84.663778 18.218289 0.020376 -0.654674 0.010015 0.755570
1643042065.38856 5.352934 84.645909 18.270541 0.021434 -0.652214 0.005103 0.757715
1643042065.48865 5.299287 84.673542 18.295741 0.017470 -0.651040 0.018178 0.758625
1643042065.58839 5.220247 84.678606 18.335214 0.012651 -0.653725 0.011739 0.756536
1643042065.688196 5.030677 84.670914 18.386919 0.006019 -0.656712 0.017304 0.753919
1643042065.787805 4.925017 84.671453 18.440309 0.003221 -0.659806 0.021065 0.751134
1643042065.887537 4.793197 84.675346 18.452527 0.002995 -0.667649 0.017446 0.744265
1643042065.986869 4.599086 84.657357 18.531539 -0.001093 -0.677545 0.013232 0.735362
1643042066.087628 4.547849 84.672755 18.526757 0.017432 -0.671517 0.006127 0.740759
1643042066.188261 4.374771 84.682816 18.581968 0.011440 -0.664424 0.017713 0.747059
1643042066.288742 4.284747 84.690413 18.620995 0.015003 -0.668189 0.015795 0.743673
1643042066.388922 4.178354 84.703946 18.642069 0.021830 -0.671934 0.009433 0.740229
1643042066.489047 4.024140 84.681283 18.685879 0.018340 -0.673239 0.010774 0.739119
1643042066.58904 3.924389 84.688511 18.736013 0.015199 -0.675203 0.018868 0.737234
1643042066.688986 3.799164 84.683782 18.773248 0.024508 -0.674474 0.008649 0.737841
1643042066.788713 3.680932 84.711775 18.809991 0.022682 -0.677119 0.011279 0.735437
1643042066.888397 3.643148 84.696852 18.812544 0.019202 -0.676163 0.011317 0.736415
1643042066.988072 3.335160 84.688782 18.920904 0.014388 -0.676248 0.019219 0.736283
1643042067.087765 3.310259 84.684926 18.942686 0.012751 -0.681585 0.021085 0.731324
1643042067.187704 3.183605 84.684951 18.983855 0.014195 -0.681425 0.020072 0.731475
1643042067.287818 3.001349 84.679910 19.038311 0.016554 -0.679761 0.017914 0.733028
1643042067.387917 2.935367 84.683266 19.036485 0.018115 -0.678619 0.013469 0.734143
1643042067.487958 2.833092 84.686619 19.067682 0.017129 -0.677093 0.007817 0.735656
1643042067.587899 2.844309 84.710154 19.068276 0.020186 -0.677076 0.003522 0.735628
1643042067.688067 2.665866 84.683932 19.122190 0.020678 -0.674660 0.006038 0.737814
1643042067.788137 2.710609 84.675394 19.104460 0.018421 -0.675978 0.008808 0.736639
1643042067.888175 2.390704 84.673741 19.229432 0.018423 -0.666663 0.013248 0.745014
1643042067.988193 2.179900 84.679966 19.292209 0.017879 -0.663948 0.011551 0.747476
1643042068.088318 2.095077 84.684456 19.322210 0.017654 -0.657668 0.011429 0.753014
1643042068.188412 1.949903 84.676593 19.387985 0.014893 -0.650998 0.013985 0.758804
1643042068.288512 1.798587 84.676408 19.443995 0.016030 -0.643105 0.015941 0.765445
1643042068.388572 1.648163 84.681544 19.510202 0.019070 -0.630426 0.009299 0.775960
1643042068.488516 1.609805 84.675722 19.536887 0.018530 -0.621841 0.009215 0.782870
1643042068.588398 1.528967 84.681563 19.581115 0.018942 -0.611471 0.011842 0.790951
1643042068.688322 1.389733 84.681168 19.652971 0.018095 -0.602908 0.009873 0.797544
1643042068.788307 1.280065 84.677505 19.708753 0.018873 -0.594253 0.010541 0.803988
1643042068.888276 1.180802 84.676075 19.775232 0.017530 -0.581201 0.012316 0.813478
1643042068.988182 1.072819 84.677195 19.842317 0.017877 -0.568677 0.010073 0.822305
1643042069.088109 0.903408 84.678288 19.925358 0.018748 -0.551790 0.008174 0.833732
1643042069.18795 0.957685 84.679676 19.945891 0.017061 -0.538285 0.009480 0.842537
1643042069.287856 0.834249 84.672516 20.014895 0.020112 -0.524774 0.009403 0.850952
1643042069.387708 0.651172 84.683918 20.135859 0.017047 -0.504091 0.008457 0.863441
1643042069.4877 0.635606 84.684029 20.191000 0.015707 -0.486824 0.007322 0.873328
1643042069.587715 0.574067 84.679627 20.241905 0.021082 -0.470026 0.006790 0.882375
1643042069.687828 0.451726 84.679328 20.361336 0.022894 -0.448545 0.005694 0.893449
1643042069.787714 0.379066 84.678767 20.450163 0.020538 -0.430739 0.005391 0.902227
1643042069.88752 0.306898 84.679000 20.546028 0.022381 -0.415599 0.005476 0.909256
1643042069.987258 0.224079 84.679411 20.642507 0.024808 -0.403667 0.007187 0.914541
1643042070.087127 0.193165 84.676943 20.722765 0.025555 -0.394883 0.006880 0.918350
1643042070.187076 0.089892 84.674925 20.828618 0.024417 -0.383855 0.005972 0.923051
1643042070.287081 0.028884 84.676632 20.936200 0.026415 -0.375433 0.007737 0.926441
1643042070.387078 -0.013751 84.676953 21.037274 0.025201 -0.365615 0.007013 0.930399
1643042070.487142 -0.088402 84.675754 21.150135 0.025457 -0.357116 0.004841 0.933701
1643042070.587192 -0.175215 84.673245 21.204752 0.026384 -0.349267 0.005065 0.936638
1643042070.687303 -0.200993 84.673056 21.355971 0.023727 -0.348487 0.004894 0.937000
1643042070.787388 -0.260674 84.672494 21.466861 0.022961 -0.341930 0.003765 0.939437
1643042070.8873 -0.318143 84.671853 21.585450 0.021745 -0.339693 0.002731 0.940281
1643042070.987233 -0.384260 84.672038 21.697313 0.021344 -0.341964 0.003708 0.939463
1643042071.087164 -0.421877 84.669452 21.804405 0.021808 -0.343404 0.006363 0.938913
1643042071.187301 -0.477021 84.674440 21.919642 0.021155 -0.337901 0.004865 0.940931
1643042071.287538 -0.503402 84.672180 22.019373 0.020865 -0.328934 0.005418 0.944107
1643042071.38753 -0.574384 84.669738 22.108755 0.022001 -0.321745 0.005586 0.946554
1643042071.487459 -0.619925 84.670822 22.261863 0.023473 -0.320276 0.007285 0.947006
1643042071.587355 -0.679508 84.674832 22.351438 0.020590 -0.316679 0.007984 0.948275
1643042071.687523 -0.676240 84.676607 22.475054 0.018510 -0.315537 0.010011 0.948680
1643042071.787648 -0.762635 84.669969 22.621241 0.020036 -0.310273 0.009834 0.950386
1643042071.887865 -0.802299 84.671098 22.734420 0.022003 -0.304210 0.008463 0.952313
1643042071.988083 -0.832605 84.672537 22.816507 0.022538 -0.297642 0.008227 0.954376
1643042072.088286 -0.887259 84.672895 22.940121 0.021655 -0.286824 0.006917 0.957714
1643042072.188426 -0.947334 84.672838 23.069509 0.018184 -0.277697 0.005855 0.960479
1643042072.288447 -0.965478 84.673983 23.222603 0.018101 -0.268092 0.006634 0.963200
1643042072.388338 -1.005165 84.674664 23.343846 0.016925 -0.261362 0.007023 0.965067
1643042072.48826 -1.031808 84.673876 23.484957 0.017073 -0.252331 0.007043 0.967465
1643042072.588211 -1.065897 84.675572 23.608056 0.015934 -0.243509 0.006635 0.969745
1643042072.68808 -1.095655 84.672816 23.745191 0.015771 -0.239939 0.007484 0.970631
1643042072.787941 -1.097088 84.675956 23.876148 0.018782 -0.237158 0.007617 0.971260
1643042072.887948 -1.163786 84.676685 23.961192 0.019262 -0.229051 0.007255 0.973197
1643042072.988027 -1.141903 84.677308 24.102841 0.020639 -0.220369 0.006931 0.975174
1643042073.088311 -1.194310 84.674768 24.269664 0.021223 -0.203639 0.004935 0.978804
1643042073.188611 -1.214885 84.678343 24.401469 0.021968 -0.183351 0.003448 0.982796
1643042073.288651 -1.232252 84.677967 24.604312 0.020772 -0.165795 0.002027 0.985939
1643042073.388435 -1.231237 84.674180 24.669751 0.022921 -0.145787 0.001520 0.989049
1643042073.488065 -1.253445 84.681245 24.821262 0.022225 -0.133251 0.001135 0.990833
1643042073.587753 -1.259442 84.675250 24.939493 0.022047 -0.120523 -0.000855 0.992465
1643042073.687501 -1.250244 84.678325 25.079547 0.022347 -0.111056 -0.000379 0.993563
1643042073.787111 -1.239552 84.678126 25.219319 0.021921 -0.102976 0.000376 0.994442
1643042073.886987 -1.255922 84.675207 25.348205 0.022147 -0.087897 -0.000262 0.995883
1643042073.987003 -1.230126 84.674979 25.502017 0.021451 -0.074253 0.000599 0.997008
1643042074.087074 -1.224977 84.676365 25.612461 0.020407 -0.056884 0.000468 0.998172
1643042074.187185 -1.200519 84.676090 25.748108 0.020088 -0.044135 0.000451 0.998823
1643042074.287205 -1.191943 84.673211 25.912216 0.018271 -0.035261 0.000879 0.999211
1643042074.387135 -1.119427 84.678104 26.041779 0.018525 -0.028581 0.001768 0.999418
1643042074.487104 -1.126578 84.675009 26.148936 0.017821 -0.018922 0.001294 0.999661
1643042074.587121 -1.149097 84.678956 26.297433 0.017876 -0.013088 0.000241 0.999755
1643042074.68736 -1.126967 84.680373 26.439728 0.016721 -0.002077 -0.000340 0.999858
1643042074.787611 -1.080103 84.679716 26.575190 0.017707 0.008607 -0.002203 0.999804
1643042074.887878 -1.037822 84.683981 26.698099 0.018171 0.020521 -0.002715 0.999621
1643042074.98814 -1.000634 84.680287 26.819303 0.022400 0.031106 -0.003797 0.999258
1643042075.08829 -1.012992 84.684362 26.968014 0.022460 0.038886 -0.003652 0.998985
1643042075.188347 -0.974557 84.680967 27.090323 0.021767 0.044495 -0.005055 0.998760
1643042075.288407 -0.941561 84.677993 27.250748 0.021873 0.047329 -0.004839 0.998628
1643042075.388515 -0.904706 84.682508 27.354984 0.021377 0.048271 -0.005056 0.998593
1643042075.488674 -0.873544 84.678109 27.510788 0.020519 0.049327 -0.006211 0.998553
1643042075.588812 -0.839099 84.675905 27.646815 0.022389 0.050730 -0.006931 0.998437
1643042075.688953 -0.801256 84.679776 27.789655 0.021901 0.053206 -0.005958 0.998326
1643042075.788871 -0.752354 84.679966 27.951801 0.020841 0.052619 -0.004902 0.998385
1643042075.888717 -0.645482 84.678126 28.112435 0.021848 0.051384 -0.004536 0.998430
1643042075.98869 -0.660399 84.680121 28.211716 0.021647 0.050941 -0.003160 0.998462
1643042076.088703 -0.619900 84.676436 28.313005 0.020095 0.047350 -0.002180 0.998674
1643042076.188871 -0.578683 84.673250 28.455196 0.022801 0.044826 -0.002154 0.998732
1643042076.289079 -0.514255 84.671152 28.580012 0.020916 0.039829 -0.002507 0.998984
1643042076.389259 -0.467325 84.673598 28.725454 0.023469 0.038510 -0.002655 0.998979
1643042076.489457 -0.422639 84.675318 28.851905 0.023620 0.041271 -0.003098 0.998864
1643042076.589597 -0.370605 84.674646 28.975903 0.022908 0.044669 -0.003112 0.998734
1643042076.68972 -0.353848 84.676593 29.086790 0.022471 0.052046 -0.002987 0.998387
1643042076.789542 -0.323450 84.675760 29.219440 0.022744 0.055204 -0.002844 0.998212
1643042076.889225 -0.235214 84.678348 29.331085 0.023222 0.060042 -0.002861 0.997922
1643042076.98886 -0.201641 84.670952 29.541974 0.021177 0.061173 -0.002729 0.997899
1643042077.088532 -0.165916 84.672263 29.622410 0.022220 0.065626 -0.001584 0.997596
1643042077.1883 -0.114628 84.670896 29.764459 0.022599 0.065485 -0.002204 0.997595
1643042077.288179 -0.097815 84.675144 29.879265 0.022681 0.062437 -0.001609 0.997790
1643042077.388237 -0.034789 84.672820 30.037731 0.021543 0.060782 -0.001714 0.997917
1643042077.488453 -0.006026 84.675420 30.120411 0.021164 0.061886 -0.001301 0.997858
1643042077.588703 0.070081 84.673415 30.274361 0.020269 0.062368 -0.000743 0.997847
1643042077.689101 0.091515 84.670099 30.400218 0.020201 0.069470 -0.002557 0.997376
1643042077.789149 0.114874 84.665431 30.514662 0.020824 0.073053 -0.004090 0.997102
1643042077.889112 0.227554 84.670667 30.665760 0.020584 0.073883 -0.003102 0.997050
1643042077.989046 0.237625 84.673363 30.778579 0.019220 0.078189 -0.002816 0.996749
1643042078.088915 0.322091 84.674276 30.926826 0.018569 0.077404 -0.002878 0.996823
1643042078.188703 0.350678 84.677235 31.005913 0.017998 0.076959 -0.003366 0.996866
1643042078.288414 0.379380 84.671924 31.160827 0.017805 0.075515 -0.004688 0.996975
1643042078.388226 0.391766 84.668027 31.271798 0.019391 0.071753 -0.005353 0.997220
1643042078.488023 0.456318 84.672131 31.365648 0.019832 0.068175 -0.002834 0.997472
1643042078.587863 0.506859 84.673348 31.524938 0.021705 0.062851 -0.001536 0.997786
1643042078.687926 0.565069 84.673476 31.613889 0.022511 0.059144 -0.001663 0.997994
1643042078.787954 0.584844 84.676513 31.746413 0.022816 0.054403 -0.002648 0.998255
1643042078.888038 0.671147 84.671635 31.887296 0.020672 0.056377 -0.003209 0.998190
1643042078.988075 0.701476 84.670316 32.045354 0.022255 0.057979 -0.003675 0.998063
1643042079.088039 0.727305 84.674542 32.093647 0.022111 0.060213 -0.004662 0.997930
1643042079.187936 0.798146 84.668954 32.282894 0.023052 0.059715 -0.006128 0.997930
1643042079.287779 0.834467 84.673905 32.386239 0.023280 0.059619 -0.005666 0.997934
1643042079.387639 0.831204 84.679091 32.524721 0.020421 0.061166 -0.005387 0.997904
1643042079.487585 0.863398 84.672951 32.583421 0.018448 0.062933 -0.006836 0.997824
1643042079.587557 0.979807 84.668047 32.720957 0.020189 0.063965 -0.006604 0.997726
1643042079.687667 0.998092 84.670101 32.875069 0.018294 0.062419 -0.006156 0.997863
1643042079.787599 1.048852 84.671429 33.042082 0.017771 0.065335 -0.005279 0.997691
1643042079.887552 1.101069 84.675350 33.128900 0.018816 0.063966 -0.005374 0.997760
1643042079.987477 1.119779 84.676720 33.241778 0.016980 0.064633 -0.004964 0.997752
1643042080.087594 1.184562 84.671709 33.399560 0.018221 0.060307 -0.004797 0.998002
1643042080.187911 1.261730 84.673259 33.591663 0.020058 0.051711 -0.002740 0.998457
1643042080.288595 1.261714 84.673025 33.674477 0.019425 0.048174 -0.003724 0.998643
1643042080.389296 1.286538 84.672058 33.744202 0.018950 0.048843 -0.003208 0.998622
1643042080.489905 1.333463 84.675871 33.859704 0.021216 0.047424 -0.002922 0.998645
1643042080.590349 1.370954 84.677920 34.025967 0.021399 0.045603 -0.001831 0.998729
1643042080.69085 1.454595 84.675874 34.151117 0.021298 0.050014 -0.003651 0.998515
1643042080.791078 1.502239 84.678438 34.229539 0.020465 0.053874 -0.003283 0.998333
1643042080.891092 1.541420 84.674137 34.365776 0.019403 0.056956 -0.004019 0.998180
1643042080.990922 1.589688 84.675604 34.483864 0.019778 0.055517 -0.005175 0.998248
1643042081.090543 1.648623 84.672863 34.680255 0.019517 0.055847 -0.004774 0.998237
1643042081.190135 1.648360 84.670070 34.784187 0.019861 0.057140 -0.005452 0.998154
1643042081.289748 1.695490 84.668206 34.895159 0.019599 0.057534 -0.007831 0.998120
1643042081.389369 1.744656 84.677738 35.014782 0.020985 0.054535 -0.004658 0.998280
1643042081.489132 1.825640 84.675931 35.122685 0.020774 0.053362 -0.005064 0.998346
1643042081.589106 1.871238 84.675460 35.254177 0.021702 0.050627 -0.004565 0.998471
1643042081.689331 1.846494 84.674275 35.364372 0.019672 0.055352 -0.003246 0.998268
1643042081.789491 1.958683 84.670342 35.503332 0.020808 0.054810 -0.002538 0.998277
1643042081.889618 1.972826 84.677891 35.591346 0.019983 0.058084 -0.003136 0.998107
1643042081.989693 2.015031 84.671390 35.772828 0.018583 0.059896 -0.003726 0.998025
1643042082.089584 2.052246 84.675731 35.864884 0.018888 0.061815 -0.002527 0.997906
1643042082.18945 2.091913 84.675865 36.011903 0.018047 0.059140 -0.000878 0.998086
1643042082.289412 2.157418 84.674248 36.124517 0.018296 0.058208 0.000407 0.998137
1643042082.389577 2.215805 84.677090 36.251335 0.018610 0.059612 -0.001927 0.998046
1643042082.489935 2.236360 84.680279 36.357378 0.019643 0.063401 -0.003469 0.997789
1643042082.590405 2.286368 84.675581 36.435338 0.018660 0.066934 -0.003506 0.997577
1643042082.690946 2.331949 84.674656 36.621569 0.020765 0.070504 -0.003628 0.997289
1643042082.79125 2.438676 84.674935 36.723979 0.021022 0.071458 -0.004353 0.997213
1643042082.891364 2.515479 84.675719 36.910733 0.021181 0.074717 -0.005110 0.996967
1643042082.991492 2.513002 84.677476 36.977033 0.021240 0.078296 -0.004919 0.996692
1643042083.091567 2.534057 84.679408 37.105338 0.019927 0.080204 -0.004618 0.996569
1643042083.191631 2.579559 84.677108 37.208635 0.018153 0.081709 -0.004470 0.996481
1643042083.291871 2.636381 84.673695 37.340480 0.018913 0.082802 -0.005590 0.996371
1643042083.391942 2.690635 84.677697 37.410573 0.018849 0.083004 -0.004772 0.996360
1643042083.491783 2.767586 84.678275 37.610610 0.019651 0.086105 -0.003736 0.996085
1643042083.591506 2.831527 84.682337 37.733345 0.018910 0.088571 -0.003502 0.995884
1643042083.691195 2.902075 84.679805 37.791752 0.018736 0.092067 -0.002117 0.995574
1643042083.790711 2.934126 84.678116 37.919169 0.018885 0.093227 -0.003405 0.995460
1643042083.89031 2.970186 84.675426 38.074053 0.019130 0.092799 -0.003108 0.995496
1643042083.989914 3.010470 84.672405 38.161009 0.019884 0.094912 -0.002557 0.995284
1643042084.089612 3.138282 84.681327 38.264337 0.019768 0.095993 -0.001099 0.995185
1643042084.189486 3.164295 84.685092 38.375684 0.019471 0.098633 -0.002701 0.994930
1643042084.289513 3.252468 84.680516 38.542755 0.018954 0.101577 -0.004902 0.994635
1643042084.389574 3.290101 84.677170 38.610933 0.020269 0.107650 -0.005615 0.993966
1643042084.489667 3.296725 84.676868 38.744118 0.021088 0.110947 -0.005843 0.993585
1643042084.589775 3.335058 84.679037 38.871032 0.021135 0.113443 -0.006109 0.993301
1643042084.689955 3.438841 84.679915 38.978265 0.021007 0.115453 -0.006106 0.993072
1643042084.789878 3.505565 84.679191 39.126806 0.022169 0.113581 -0.005798 0.993264
1643042084.889764 3.555646 84.679375 39.249870 0.022136 0.110766 -0.005023 0.993587
1643042084.989631 3.646255 84.673283 39.311794 0.021313 0.113154 -0.003057 0.993344
1643042085.089605 3.655472 84.672822 39.435866 0.020688 0.111180 -0.002929 0.993581
1643042085.18956 3.710342 84.673693 39.584743 0.023047 0.110518 -0.003620 0.993600
1643042085.289537 3.809618 84.682869 39.707088 0.021929 0.116894 -0.004130 0.992894
1643042085.389498 3.816352 84.676320 39.783728 0.019162 0.116036 -0.002566 0.993057
1643042085.489518 3.903489 84.674311 39.906854 0.019785 0.117868 -0.003322 0.992827
1643042085.589552 4.013442 84.674757 40.047418 0.021493 0.120896 -0.002635 0.992429
1643042085.689761 4.021962 84.678211 40.155272 0.021253 0.119076 -0.003349 0.992652
1643042085.789901 4.111480 84.679270 40.227954 0.019231 0.124256 -0.003174 0.992059
1643042085.88995 4.139151 84.676227 40.361184 0.018877 0.129363 -0.003386 0.991412
1643042085.989833 4.188943 84.672638 40.497470 0.018677 0.132076 -0.002381 0.991061
1643042086.089603 4.271614 84.680209 40.576884 0.019279 0.139674 -0.003212 0.990005
1643042086.189389 4.349157 84.678528 40.685191 0.019146 0.144002 -0.003922 0.989384
1643042086.289161 4.416980 84.679850 40.790643 0.019280 0.149192 -0.005285 0.988606
1643042086.388957 4.499028 84.679500 40.959297 0.019233 0.150798 -0.005638 0.988361
1643042086.488868 4.521647 84.675602 41.029847 0.019020 0.153840 -0.006564 0.987891
1643042086.58897 4.582096 84.672358 41.141743 0.019781 0.156834 -0.007502 0.987398
1643042086.689481 4.679136 84.678426 41.242694 0.020668 0.158112 -0.006507 0.987183
1643042086.789957 4.749441 84.678733 41.357356 0.020008 0.161409 -0.006878 0.986661
1643042086.890364 4.800808 84.680521 41.483726 0.019281 0.163619 -0.005680 0.986319
1643042086.990593 4.949094 84.675605 41.555175 0.018358 0.170089 -0.004788 0.985246
1643042087.090665 5.012355 84.677037 41.652348 0.018189 0.174259 -0.006077 0.984513
1643042087.190545 5.010637 84.676620 41.779438 0.019933 0.179776 -0.005433 0.983491
1643042087.290397 5.103110 84.676706 41.887884 0.018934 0.185842 -0.006650 0.982375
1643042087.390168 5.166138 84.681608 41.977442 0.019478 0.194749 -0.005761 0.980643
1643042087.489939 5.292328 84.678986 42.055070 0.018607 0.202701 -0.005336 0.979049
1643042087.589777 5.344104 84.678658 42.160319 0.019547 0.209324 -0.006564 0.977629
1643042087.689844 5.399143 84.681065 42.261146 0.020165 0.218894 -0.006510 0.975519
1643042087.789784 5.577750 84.683416 42.320150 0.018348 0.230212 -0.006130 0.972948
1643042087.889868 5.555833 84.683309 42.437283 0.016320 0.244768 -0.007254 0.969417
1643042087.990001 5.649691 84.680481 42.512359 0.016855 0.259945 -0.008057 0.965443
1643042088.09011 5.753535 84.678438 42.586751 0.015987 0.275743 -0.009796 0.961049
1643042088.190114 5.815834 84.676819 42.673685 0.017352 0.291087 -0.010948 0.956476
1643042088.289881 5.982831 84.680365 42.728233 0.017629 0.306007 -0.010750 0.951805
1643042088.389487 6.074012 84.681085 42.854909 0.018287 0.316495 -0.010500 0.948360
1643042088.489053 6.179910 84.680590 42.916799 0.017528 0.324815 -0.013118 0.945524
1643042088.588733 6.255440 84.679927 43.001896 0.019100 0.335506 -0.011738 0.941771
1643042088.68868 6.300874 84.681939 43.081282 0.020170 0.348142 -0.013966 0.937121
1643042088.78866 6.435647 84.679672 43.082994 0.018487 0.364573 -0.013771 0.930889
1643042088.888731 6.507104 84.677721 43.209691 0.018104 0.378159 -0.012784 0.925475
1643042088.988808 6.594357 84.682415 43.216640 0.019783 0.394614 -0.012689 0.918546
1643042089.08915 6.725110 84.677908 43.332804 0.018280 0.411575 -0.015146 0.911067
1643042089.189714 6.840415 84.679177 43.316379 0.018654 0.428610 -0.013434 0.903197
1643042089.290272 6.942282 84.679930 43.352826 0.017397 0.446567 -0.012239 0.894497
1643042089.390796 7.033634 84.681536 43.401920 0.017865 0.463930 -0.010988 0.885624
1643042089.49119 7.162531 84.677127 43.479477 0.017095 0.477707 -0.013529 0.878249
1643042089.591456 7.292147 84.678574 43.518769 0.017535 0.494979 -0.013074 0.868629
1643042089.691783 7.388108 84.673187 43.513458 0.012981 0.513046 -0.013651 0.858154
1643042089.791734 7.497113 84.674252 43.511983 0.016222 0.528356 -0.012869 0.848770
1643042089.891499 7.599250 84.674774 43.540469 0.018086 0.540396 -0.012963 0.841116
1643042089.991201 7.696869 84.676831 43.559589 0.014011 0.555638 -0.014924 0.831172
1643042090.090853 7.929914 84.674825 43.535524 0.013711 0.568348 -0.015794 0.822523
1643042090.190451 7.962295 84.674526 43.571429 0.016442 0.581308 -0.013208 0.813411
1643042090.290118 8.071630 84.674418 43.554449 0.018500 0.591548 -0.013031 0.805953
1643042090.389787 8.194000 84.678845 43.562232 0.015513 0.604088 -0.014176 0.796640
1643042090.489425 8.357439 84.674636 43.528690 0.018025 0.614271 -0.014601 0.788754
1643042090.589165 8.506192 84.680158 43.509274 0.017717 0.625536 -0.014742 0.779854
1643042090.68916 8.599851 84.681002 43.531662 0.014890 0.636936 -0.016244 0.770602
1643042090.789118 8.660985 84.675911 43.526409 0.018050 0.647689 -0.014402 0.761555
1643042090.889135 8.796590 84.677308 43.503137 0.014997 0.660356 -0.015943 0.750633
1643042090.988973 8.940527 84.680762 43.471441 0.014324 0.670454 -0.016453 0.741630
1643042091.088852 8.976384 84.679392 43.452666 0.013039 0.679305 -0.015286 0.733581
1643042091.188739 9.062605 84.677635 43.431848 0.014911 0.688006 -0.011754 0.725456
1643042091.288719 9.284743 84.678405 43.376044 0.015640 0.698768 -0.013150 0.715056
1643042091.38863 9.205704 84.670747 43.394911 0.019260 0.705559 -0.009287 0.708328
1643042091.488634 9.394848 84.683610 43.343567 0.008563 0.713039 -0.015103 0.700910
1643042091.58858 9.526078 84.673109 43.292694 0.016593 0.719093 -0.010967 0.694629
1643042091.688692 9.704914 84.677312 43.248539 0.016196 0.722313 -0.012266 0.691268
1643042091.788687 9.782679 84.677750 43.211573 0.012793 0.729364 -0.015045 0.683841
1643042091.888783 9.826666 84.683708 43.194548 0.008686 0.731642 -0.018566 0.681381
1643042091.988972 10.049722 84.674224 43.129218 0.014558 0.735493 -0.015668 0.677195
1643042092.089186 10.198403 84.684649 43.078709 0.011604 0.740014 -0.019695 0.672203
1643042092.189281 10.154890 84.679426 43.083256 0.013962 0.743339 -0.018292 0.668519
1643042092.289351 10.284908 84.682103 43.029183 0.016659 0.744376 -0.015955 0.667362
1643042092.389271 10.480033 84.691771 42.958360 0.014827 0.745259 -0.021126 0.666276
1643042092.489205 10.604684 84.685101 42.912259 0.014789 0.745694 -0.015345 0.665948
1643042092.589138 10.624699 84.677468 42.914682 0.014240 0.745756 -0.015270 0.665892
1643042092.68919 10.711786 84.670186 42.884093 0.007177 0.740333 -0.020448 0.671890
1643042092.789199 10.900589 84.694319 42.827943 0.010042 0.737335 -0.015810 0.675268
1643042092.889389 11.043300 84.683576 42.768574 0.004718 0.734633 -0.018461 0.678197
1643042092.989607 11.057593 84.682829 42.757667 0.017730 0.735480 -0.013322 0.677184
1643042093.089807 11.095636 84.674273 42.742874 0.014246 0.731809 -0.013833 0.681220
1643042093.189875 11.281783 84.673200 42.679667 0.006072 0.731553 -0.018937 0.681495
1643042093.290075 11.424445 84.690143 42.617458 0.017637 0.730064 -0.008596 0.683097
1643042093.390297 11.502078 84.681461 42.601875 0.007989 0.729962 -0.016565 0.683240
1643042093.490538 11.607453 84.716516 42.561935 0.021047 0.729114 -0.006540 0.684037
1643042093.590644 11.812693 84.698757 42.496741 0.007021 0.732508 -0.015232 0.680552
1643042093.690618 11.762291 84.670976 42.514616 0.008795 0.733770 -0.018253 0.679096
1643042093.790248 11.940461 84.683380 42.457963 0.010295 0.734198 -0.016446 0.678658
1643042093.889709 11.958511 84.682325 42.429168 0.018795 0.731799 -0.015196 0.681091
1643042093.989264 12.126216 84.668525 42.389860 0.013500 0.728712 -0.023343 0.684289
1643042094.088912 12.298067 84.711243 42.326045 0.027533 0.729902 -0.011941 0.682892
1643042094.189054 12.329514 84.672140 42.299381 0.019559 0.731424 -0.017158 0.681427
1643042094.289464 12.316072 84.681350 42.305994 0.022863 0.730486 -0.017804 0.682313
1643042094.389863 12.576726 84.686086 42.223364 0.019988 0.728594 -0.015572 0.684478
1643042094.490337 12.548021 84.680472 42.243258 0.023928 0.729256 -0.012097 0.683715
1643042094.590892 12.886502 84.672542 42.129146 0.013123 0.725885 -0.013954 0.687550
1643042094.691425 12.996308 84.644796 42.094342 0.011789 0.724006 -0.002227 0.689689
1643042094.791558 13.081604 84.690653 42.088148 0.014416 0.718681 -0.019264 0.694923
1643042094.891813 13.206114 84.677407 42.060006 0.008798 0.718894 -0.014523 0.694912
1643042094.991902 13.240330 84.684908 42.027510 0.015967 0.717058 -0.015938 0.696648
1643042095.092005 13.232555 84.683252 42.064774 0.020931 0.714312 -0.011988 0.699412
1643042095.192048 13.474881 84.674965 41.974829 0.007257 0.719576 -0.019473 0.694103
1643042095.292113 13.561876 84.695100 41.947424 0.009991 0.722935 -0.022413 0.690480
1643042095.391992 13.643882 84.683475 41.905049 0.022079 0.726761 -0.013341 0.686405
1643042095.491764 13.676879 84.691500 41.929876 0.015289 0.733492 -0.016899 0.679316
1643042095.59152 13.919936 84.691251 41.826725 0.018821 0.732546 -0.015035 0.680291
1643042095.691522 13.997403 84.715031 41.822051 0.006714 0.736103 -0.024276 0.676401
1643042095.791411 14.049131 84.693758 41.828335 0.013027 0.737884 -0.021520 0.674459
1643042095.891384 14.155183 84.695782 41.795578 0.007447 0.737879 -0.027029 0.674351
1643042095.991456 14.363485 84.718697 41.702886 0.016191 0.734421 -0.023077 0.678109
1643042096.091522 14.415994 84.690043 41.688014 0.018316 0.732469 -0.017199 0.680336
1643042096.191566 14.614062 84.708390 41.628920 0.026123 0.731607 -0.016042 0.681037
1643042096.291487 14.617264 84.692069 41.629262 0.016155 0.731278 -0.017397 0.681667
1643042096.391271 14.860755 84.701977 41.554633 0.018889 0.731534 -0.015883 0.681358
1643042096.491058 14.976317 84.690456 41.526950 0.015877 0.731157 -0.014831 0.681863
1643042096.590791 15.104754 84.696319 41.496318 0.017390 0.732194 -0.014217 0.680725
1643042096.690629 15.198824 84.684724 41.468650 0.013616 0.734918 -0.012703 0.677900
1643042096.790325 15.295516 84.693536 41.442869 0.015898 0.736017 -0.016125 0.676585
1643042096.890022 15.425211 84.686165 41.403010 0.016156 0.736385 -0.014114 0.676222
1643042096.989774 15.531249 84.693111 41.372038 0.018179 0.736735 -0.016151 0.675744
1643042097.089604 15.650142 84.693173 41.331758 0.019756 0.736635 -0.012877 0.675880
1643042097.189531 15.757866 84.708539 41.292843 0.019671 0.737367 -0.015535 0.675028
1643042097.289459 15.850889 84.683950 41.264526 0.019799 0.737497 -0.011072 0.674969
1643042097.389385 15.966492 84.691537 41.226695 0.016738 0.738105 -0.015697 0.674296
1643042097.489352 16.106694 84.690804 41.183338 0.019077 0.740032 -0.012902 0.672177
1643042097.589312 16.256239 84.690299 41.140385 0.015811 0.741851 -0.016032 0.670186
1643042097.689411 16.319847 84.684307 41.114570 0.013781 0.745956 -0.014953 0.665685
1643042097.789376 16.407960 84.689345 41.078083 0.015776 0.750555 -0.017840 0.660378
1643042097.889462 16.497865 84.685010 41.038325 0.013695 0.755746 -0.016964 0.654502
1643042097.989576 16.635426 84.683927 40.978773 0.012853 0.762219 -0.016277 0.646987
1643042098.089689 16.743833 84.683400 40.936784 0.013589 0.769719 -0.018234 0.637978
1643042098.189806 16.834621 84.683836 40.870630 0.012651 0.781248 -0.020049 0.623770
1643042098.289844 16.926477 84.690124 40.821323 0.013183 0.794081 -0.022248 0.607261
1643042098.389844 17.037265 84.686430 40.755770 0.010174 0.807121 -0.020675 0.589936
1643042098.489775 17.119219 84.686458 40.680537 0.009638 0.822820 -0.021090 0.567829
1643042098.589557 17.211965 84.685123 40.619285 0.008230 0.837747 -0.020063 0.545628
1643042098.689389 17.276905 84.684578 40.530403 0.007770 0.852373 -0.021561 0.522432
1643042098.789166 17.350911 84.684255 40.456197 0.007559 0.867174 -0.023031 0.497415
1643042098.889055 17.418888 84.684472 40.345502 0.004905 0.880989 -0.022398 0.472581
1643042098.989051 17.478054 84.682976 40.249989 0.005305 0.896366 -0.023416 0.442664
1643042099.089084 17.534593 84.681962 40.158025 0.004674 0.910984 -0.022883 0.411779
1643042099.189109 17.570921 84.683022 40.048668 0.003582 0.925924 -0.023893 0.376937
1643042099.289149 17.606599 84.677919 39.968540 0.005916 0.939343 -0.024609 0.342045
1643042099.389211 17.635772 84.679866 39.865774 0.001626 0.951637 -0.023276 0.306338
1643042099.489304 17.643707 84.681903 39.748141 0.001792 0.964046 -0.022893 0.264742
1643042099.589377 17.652790 84.679640 39.655712 0.001238 0.974995 -0.021361 0.221194
1643042099.689569 17.632064 84.679579 39.515918 -0.001137 0.984408 -0.023933 0.174259
1643042099.789549 17.614096 84.673832 39.421911 -0.001829 0.991510 -0.022405 0.128072
1643042099.889454 17.596116 84.678576 39.316885 -0.001724 0.996390 -0.021685 0.082062
1643042099.989293 17.578628 84.682840 39.269803 -0.002488 0.999068 -0.020690 0.037806
1643042100.089153 17.524256 84.671969 39.199219 0.001629 0.999747 -0.021534 -0.006219
1643042100.189057 17.481732 84.679962 39.061012 -0.004818 0.998414 -0.021694 -0.051731
1643042100.289058 17.419951 84.682176 38.980008 -0.007162 0.994842 -0.020031 -0.099185
1643042100.389182 17.382179 84.679829 38.963947 -0.008010 0.988547 -0.020522 -0.149295
1643042100.489394 17.315717 84.647857 38.904938 -0.007815 0.979285 -0.019815 -0.201364
1643042100.589619 17.224502 84.679798 38.816183 -0.010640 0.967020 -0.020994 -0.253610
1643042100.689953 17.099714 84.680907 38.792550 -0.011313 0.953411 -0.017167 -0.300974
1643042100.79014 17.054483 84.675359 38.779784 -0.013724 0.938966 -0.018814 -0.343220
1643042100.89038 16.946195 84.677166 38.709739 -0.012081 0.923124 -0.018482 -0.383869
1643042100.990392 16.856375 84.678820 38.726757 -0.011891 0.906826 -0.017251 -0.420984
1643042101.090514 16.762876 84.679009 38.704394 -0.013761 0.890887 -0.016056 -0.453732
1643042101.190703 16.644665 84.675279 38.700885 -0.016694 0.872930 -0.017938 -0.487229
1643042101.290808 16.531749 84.678949 38.696086 -0.016102 0.856972 -0.017172 -0.514825
1643042101.390956 16.456497 84.676655 38.668856 -0.015550 0.839915 -0.016984 -0.542229
1643042101.490946 16.343859 84.677139 38.691302 -0.016121 0.822943 -0.017475 -0.567626
1643042101.590746 16.281721 84.671546 38.686038 -0.018175 0.806486 -0.016663 -0.590739
1643042101.690542 16.110088 84.676435 38.742047 -0.017234 0.791687 -0.017353 -0.610437
1643042101.790147 16.006904 84.663275 38.725978 -0.017668 0.778587 -0.018325 -0.627021
1643042101.889723 15.935876 84.675289 38.758309 -0.023215 0.766019 -0.020461 -0.642073
1643042101.989412 15.806845 84.673390 38.786391 -0.012195 0.761425 -0.013408 -0.647999
1643042102.089547 15.742005 84.676155 38.763218 -0.015244 0.756006 -0.012879 -0.654261
1643042102.190048 15.652342 84.679645 38.801565 -0.014423 0.750754 -0.012127 -0.660313
1643042102.290511 15.533323 84.680401 38.824985 -0.012585 0.745784 -0.012421 -0.665953
1643042102.391542 15.409707 84.666426 38.868251 -0.017212 0.732246 -0.005055 -0.680804
1643042102.491214 15.318507 84.648230 38.845355 -0.012833 0.735296 -0.015524 -0.677447
1643042102.590449 15.207828 84.691850 38.885422 -0.014845 0.757071 -0.018419 -0.652904
1643042102.690479 15.100228 84.691368 38.909219 -0.012908 0.770155 -0.022791 -0.637319
1643042102.791123 14.980018 84.692017 38.922519 -0.017920 0.774695 -0.022409 -0.631684
1643042102.891974 14.867073 84.687287 38.928549 -0.016333 0.772271 -0.019439 -0.634785
1643042102.992634 14.749391 84.686623 38.935357 -0.015970 0.768058 -0.017755 -0.639935
1643042103.092914 14.637800 84.688960 38.961971 -0.015739 0.766069 -0.018211 -0.642307
1643042103.192777 14.519952 84.686629 38.988608 -0.015789 0.768739 -0.017791 -0.639120
1643042103.292405 14.382367 84.685054 38.929251 -0.015744 0.771045 -0.018716 -0.636311
1643042103.39186 14.304241 84.685003 38.951442 -0.016188 0.775293 -0.016828 -0.631171
1643042103.491316 14.131830 84.694827 38.902862 -0.016367 0.780941 -0.017123 -0.624156
1643042103.590876 14.019166 84.686718 38.915340 -0.015820 0.787161 -0.015055 -0.616360
1643042103.690501 13.891022 84.686693 38.899599 -0.014998 0.793853 -0.016969 -0.607688
1643042103.790251 13.763825 84.679716 38.886169 -0.013839 0.802608 -0.015850 -0.596136
1643042103.890164 13.649502 84.684624 38.871165 -0.015378 0.808032 -0.014850 -0.588751
1643042103.990397 13.547196 84.679432 38.904551 -0.014207 0.816392 -0.013512 -0.577165
1643042104.090875 13.410086 84.683177 38.831119 -0.014739 0.823497 -0.014356 -0.566948
1643042104.191374 13.293970 84.681846 38.803022 -0.015278 0.832118 -0.014680 -0.554193
1643042104.29185 13.166219 84.679579 38.774054 -0.014597 0.841752 -0.016352 -0.539419
1643042104.392074 13.055073 84.681048 38.761811 -0.013536 0.849690 -0.016734 -0.526843
1643042104.492239 12.930465 84.679233 38.707537 -0.012483 0.858312 -0.016678 -0.512704
1643042104.59223 12.802775 84.680512 38.680569 -0.010794 0.866744 -0.015901 -0.498383
1643042104.692273 12.693730 84.680128 38.640160 -0.012009 0.872649 -0.016411 -0.487925
1643042104.791988 12.568456 84.680191 38.606500 -0.010658 0.878848 -0.016387 -0.476702
1643042104.891591 12.433314 84.678529 38.563353 -0.011587 0.885699 -0.016397 -0.463825
1643042104.991229 12.340845 84.676834 38.515292 -0.010143 0.890616 -0.016903 -0.454328
1643042105.090777 12.228730 84.678696 38.455701 -0.011465 0.897758 -0.017477 -0.439993
1643042105.19034 12.111742 84.678160 38.405306 -0.010243 0.905562 -0.017628 -0.423724
1643042105.289998 11.999059 84.678707 38.335914 -0.010162 0.913768 -0.017975 -0.405711
1643042105.389846 11.894424 84.680753 38.267811 -0.010799 0.920567 -0.018049 -0.390017
1643042105.489823 11.803027 84.678727 38.202256 -0.009810 0.926940 -0.017293 -0.374683
1643042105.589885 11.703548 84.677193 38.128909 -0.011160 0.932589 -0.020058 -0.360211
1643042105.69017 11.607803 84.677766 38.052857 -0.010751 0.938272 -0.020226 -0.345138
1643042105.790346 11.516270 84.674193 37.969216 -0.008948 0.944193 -0.020649 -0.328624
1643042105.890435 11.425460 84.674926 37.887948 -0.009928 0.949374 -0.023111 -0.313140
1643042105.990527 11.335695 84.673921 37.792964 -0.009140 0.954424 -0.021766 -0.297519
1643042106.090677 11.253269 84.672660 37.700468 -0.009054 0.959719 -0.020452 -0.280071
1643042106.190964 11.174829 84.672522 37.598170 -0.008379 0.964141 -0.020864 -0.264437
1643042106.2912 11.106200 84.675447 37.517761 -0.007549 0.968114 -0.019645 -0.249623
1643042106.391338 11.030255 84.671324 37.406629 -0.007455 0.972482 -0.017745 -0.232182
1643042106.491356 10.958209 84.671703 37.314546 -0.006617 0.977012 -0.019602 -0.212180
1643042106.591305 10.894923 84.672897 37.208787 -0.005428 0.980474 -0.020242 -0.195529
1643042106.691327 10.826453 84.672048 37.093804 -0.004557 0.983565 -0.019154 -0.179477
1643042106.79121 10.770183 84.676128 37.005490 -0.004249 0.986048 -0.020232 -0.165174
1643042106.891077 10.705931 84.673801 36.870615 -0.003901 0.988939 -0.017769 -0.147200
1643042106.990829 10.652617 84.673789 36.756094 -0.003770 0.991282 -0.019440 -0.130259
1643042107.09064 10.608060 84.669741 36.652559 -0.003922 0.993331 -0.018153 -0.113794
1643042107.190432 10.567159 84.669847 36.549210 -0.002926 0.994779 -0.019763 -0.100076
1643042107.290285 10.518697 84.670536 36.405384 -0.003317 0.996221 -0.020901 -0.084235
1643042107.390234 10.463691 84.672841 36.308170 -0.002584 0.997194 -0.020101 -0.072071
1643042107.490307 10.437703 84.674518 36.162126 -0.002569 0.997803 -0.020388 -0.062990
1643042107.59044 10.423742 84.672729 36.037604 -0.002579 0.998300 -0.019744 -0.054785
1643042107.690765 10.364950 84.674476 35.921360 -0.001680 0.998844 -0.018591 -0.044307
1643042107.791042 10.335161 84.669232 35.804329 0.000608 0.999206 -0.019251 -0.034874
1643042107.891273 10.306244 84.676241 35.671802 -0.001709 0.999550 -0.017915 -0.024016
1643042107.991498 10.282114 84.671623 35.547491 -0.001411 0.999763 -0.018811 -0.010875
1643042108.091651 10.258223 84.665159 35.422724 -0.003764 0.999745 -0.022279 0.000217
1643042108.191704 10.233758 84.670699 35.284447 -0.001518 0.999696 -0.021540 0.011881
1643042108.291589 10.218240 84.675857 35.155345 -0.001040 0.999394 -0.022360 0.026675
1643042108.391527 10.196982 84.671524 35.030187 -0.001061 0.999020 -0.022311 0.038211
1643042108.491459 10.217581 84.674369 34.889864 -0.000801 0.998531 -0.021413 0.049764
1643042108.591381 10.147992 84.672872 34.731639 -0.000545 0.998106 -0.018027 0.058813
1643042108.691419 10.163475 84.671119 34.630829 0.000965 0.996919 -0.018777 0.076145
1643042108.791179 10.157825 84.670707 34.498308 0.002438 0.995584 -0.018576 0.091990
1643042108.890957 10.153618 84.670118 34.371117 0.002277 0.993742 -0.020209 0.109837
1643042108.990839 10.167098 84.673429 34.269710 0.002308 0.991595 -0.020806 0.127679
1643042109.090749 10.164338 84.673329 34.114234 0.004016 0.988728 -0.018877 0.148477
1643042109.1907 10.173726 84.673808 33.977401 0.004228 0.986214 -0.018888 0.164336
1643042109.290741 10.191963 84.673482 33.852470 0.003582 0.983189 -0.018592 0.181606
1643042109.390789 10.219365 84.670537 33.750826 0.002933 0.980716 -0.018746 0.194517
1643042109.490734 10.233552 84.672878 33.600640 0.004856 0.977414 -0.020264 0.210303
1643042109.590569 10.263446 84.673645 33.482466 0.003896 0.974024 -0.017812 0.225707
1643042109.690605 10.298275 84.673707 33.356151 0.003343 0.970621 -0.017681 0.239938
1643042109.79065 10.312829 84.675904 33.182169 0.002773 0.966708 -0.016721 0.255321
1643042109.890745 10.373918 84.674209 33.106341 0.003825 0.962119 -0.016545 0.272101
1643042109.9909 10.410439 84.673444 32.984433 0.004381 0.957613 -0.017044 0.287521
1643042110.091013 10.464865 84.675736 32.866958 0.004766 0.952954 -0.017420 0.302575
1643042110.191051 10.513715 84.678514 32.750271 0.005387 0.948017 -0.016822 0.317730
1643042110.290999 10.564001 84.677620 32.637467 0.004342 0.943093 -0.017719 0.332029
1643042110.390827 10.613821 84.676465 32.518658 0.005107 0.938187 -0.018938 0.345572
1643042110.49056 10.659686 84.676165 32.345949 0.005235 0.932185 -0.019404 0.361424
1643042110.590286 10.743022 84.675475 32.304630 0.007362 0.924827 -0.020841 0.379744
1643042110.690099 10.799035 84.681353 32.168505 0.008309 0.918156 -0.021349 0.395557
1643042110.789891 10.878719 84.678437 32.090983 0.007307 0.910628 -0.019574 0.412697
1643042110.889843 10.957959 84.673056 31.987986 0.010603 0.903690 -0.019517 0.427612
1643042110.990022 11.043017 84.678597 31.884366 0.007125 0.898262 -0.018604 0.439008
1643042111.090183 11.122699 84.683531 31.777920 0.006426 0.893627 -0.018594 0.448379
1643042111.190129 11.192863 84.681474 31.653200 0.007597 0.888836 -0.016420 0.457869
1643042111.289944 11.305590 84.681278 31.590842 0.005603 0.882381 -0.017121 0.470191
1643042111.389776 11.368455 84.667558 31.470373 0.007003 0.876538 -0.017816 0.480951
1643042111.489731 11.461772 84.681575 31.387023 0.004493 0.871364 -0.015598 0.490368
1643042111.589793 11.556353 84.683758 31.321497 0.005406 0.864835 -0.016067 0.501770
1643042111.689896 11.654212 84.686715 31.252712 0.007111 0.857104 -0.016703 0.514824
1643042111.789854 11.761073 84.681481 31.194895 0.006271 0.848276 -0.016105 0.529272
1643042111.889872 11.859016 84.683940 31.122152 0.006865 0.840351 -0.014982 0.541792
1643042111.989987 11.965772 84.659092 31.040586 0.011625 0.832401 -0.017051 0.553790
1643042112.090104 12.055265 84.685765 30.940456 0.007448 0.827518 -0.012795 0.561245
1643042112.19024 12.156441 84.689228 30.898830 0.010193 0.822064 -0.011460 0.569188
1643042112.290235 12.267467 84.694898 30.833123 0.010883 0.816845 -0.010427 0.576661
1643042112.3903 12.386024 84.679509 30.798301 0.010885 0.808640 -0.013881 0.588040
1643042112.490296 12.475868 84.690290 30.720209 0.013248 0.799343 -0.012479 0.600599
1643042112.590405 12.576426 84.659912 30.665207 0.010664 0.789477 -0.016905 0.613454
1643042112.690717 12.686876 84.686452 30.616914 0.018856 0.780280 -0.013319 0.625004
1643042112.791139 12.789027 84.680824 30.545468 0.013322 0.776230 -0.016030 0.630105
1643042112.89151 12.892849 84.681717 30.518153 0.017681 0.774405 -0.013908 0.632291
1643042112.991935 13.009685 84.674972 30.471270 0.014687 0.777063 -0.013601 0.629104
1643042113.092162 13.110435 84.678138 30.439369 0.012306 0.780015 -0.011614 0.625532
1643042113.192123 13.207776 84.672264 30.374436 0.017344 0.781474 -0.014041 0.623539
1643042113.291394 13.266103 84.664596 30.339076 0.011949 0.777796 -0.013539 0.628258
1643042113.391951 13.416046 84.662522 30.278726 0.005394 0.789584 -0.017907 0.613358
1643042113.491975 13.516861 84.672832 30.219151 0.013199 0.799279 -0.016531 0.600588
1643042113.591802 13.610511 84.674900 30.159164 0.009068 0.806105 -0.018492 0.591414
1643042113.691553 13.701662 84.648204 30.094140 0.009082 0.811871 -0.019179 0.583451
1643042113.791072 13.785855 84.645959 30.026964 0.009288 0.815713 -0.020220 0.578029
1643042113.890728 13.874550 84.673100 29.953856 0.009336 0.820627 -0.019096 0.571069
1643042113.990494 13.949680 84.649070 29.880269 0.010053 0.829612 -0.021057 0.557852
1643042114.090543 14.019940 84.667679 29.798301 0.008774 0.841131 -0.021364 0.540338
1643042114.190701 14.085506 84.673351 29.676494 0.008153 0.855311 -0.023065 0.517536
1643042114.291039 14.155751 84.673537 29.605294 0.006795 0.871339 -0.021791 0.490149
1643042114.39133 14.212305 84.672296 29.504394 0.006330 0.886605 -0.018490 0.462115
1643042114.491504 14.258018 84.672587 29.402037 0.006335 0.901052 -0.018174 0.433284
1643042114.591588 14.285789 84.643156 29.264006 0.008881 0.914273 -0.020545 0.404479
1643042114.691761 14.322375 84.672151 29.175746 0.005410 0.927250 -0.018145 0.373965
1643042114.791903 14.337187 84.646425 29.047440 0.005215 0.941880 -0.019136 0.335363
1643042114.892085 14.323446 84.671656 28.869506 0.003136 0.956998 -0.019840 0.289397
1643042114.99224 14.342642 84.673451 28.832632 -0.000235 0.970905 -0.019556 0.238667
1643042115.09234 14.322579 84.666543 28.710527 -0.002888 0.982482 -0.021005 0.185147
1643042115.192226 14.296211 84.670390 28.577716 -0.002381 0.990746 -0.023102 0.133726
1643042115.291857 14.266500 84.670050 28.487451 -0.004144 0.995873 -0.021463 0.088090
1643042115.391364 14.224502 84.650052 28.380610 -0.006223 0.998553 -0.023391 0.048022
1643042115.490934 14.175863 84.670805 28.288996 -0.007285 0.999648 -0.022389 0.012250
1643042115.590782 14.097607 84.665994 28.152639 -0.009311 0.999373 -0.022036 -0.026109
1643042115.690969 14.025538 84.667564 28.074786 -0.006917 0.997314 -0.023523 -0.069018
1643042115.791286 13.946998 84.667232 28.010620 -0.007590 0.993145 -0.020427 -0.114839
1643042115.89167 13.850063 84.669188 27.920536 -0.006760 0.985900 -0.019971 -0.166005
1643042115.992023 13.735681 84.670205 27.848465 -0.006265 0.975821 -0.019855 -0.217578
1643042116.092179 13.637354 84.648405 27.806903 -0.007079 0.962597 -0.017816 -0.270258
1643042116.19202 13.534972 84.663525 27.802597 -0.010037 0.948381 -0.016478 -0.316546
1643042116.2917 13.424570 84.636419 27.767719 -0.008090 0.932347 -0.015354 -0.361149
1643042116.391352 13.286962 84.659505 27.716785 -0.010307 0.916044 -0.012307 -0.400757
1643042116.491003 13.206539 84.665740 27.731481 -0.012151 0.897927 -0.013729 -0.439763
1643042116.590724 13.060826 84.661256 27.738791 -0.009504 0.879974 -0.013235 -0.474743
1643042116.690621 12.994991 84.670556 27.713793 -0.012425 0.861269 -0.011565 -0.507865
1643042116.790432 12.875318 84.666251 27.753697 -0.010691 0.847852 -0.015364 -0.529902
1643042116.890304 12.723195 84.675327 27.768321 -0.011139 0.835652 -0.010466 -0.549046
1643042116.990231 12.673470 84.658335 27.786202 -0.010799 0.820593 -0.011779 -0.571289
1643042117.090405 12.550508 84.651609 27.851023 -0.013723 0.815592 -0.021714 -0.578056
1643042117.19062 12.460699 84.669090 27.819604 -0.011062 0.806808 -0.017254 -0.590458
1643042117.290873 12.324069 84.679450 27.878952 -0.009401 0.802962 -0.011725 -0.595841
1643042117.391277 12.231237 84.674568 27.864909 -0.009240 0.796609 -0.014119 -0.604260
1643042117.491536 12.090305 84.684612 27.827560 -0.007062 0.789156 -0.015046 -0.613968
1643042117.592589 11.914103 84.678030 27.885298 -0.007994 0.775305 -0.008535 -0.631479
1643042117.692617 11.856116 84.690314 27.928736 -0.007282 0.776320 -0.019674 -0.629990
1643042117.791579 11.709696 84.684385 27.869519 -0.002976 0.793011 -0.018081 -0.608932
1643042117.891165 11.629768 84.686903 27.922449 -0.013949 0.805089 -0.018031 -0.592716
1643042117.991304 11.513597 84.689511 27.916948 -0.014324 0.809711 -0.018383 -0.586366
1643042118.091575 11.379210 84.688111 27.904021 -0.017163 0.812493 -0.019656 -0.582387
1643042118.191748 11.269804 84.696171 27.919947 -0.017325 0.812893 -0.020971 -0.581778
1643042118.291777 11.147675 84.688013 27.894724 -0.014830 0.813021 -0.016950 -0.581798
1643042118.39173 11.031371 84.681841 27.882160 -0.016066 0.816385 -0.017549 -0.577017
1643042118.491482 10.912652 84.683080 27.866942 -0.015578 0.820287 -0.017289 -0.571479
1643042118.5912 10.780849 84.687677 27.820301 -0.016050 0.826625 -0.020495 -0.562150
1643042118.691193 10.648816 84.675463 27.807297 -0.013397 0.835854 -0.018747 -0.548468
1643042118.791359 10.550535 84.689082 27.819803 -0.017525 0.841684 -0.020892 -0.539281
1643042118.891619 10.432184 84.682421 27.792205 -0.016308 0.849643 -0.018068 -0.526796
1643042118.991908 10.304222 84.678007 27.730808 -0.015779 0.858199 -0.018186 -0.512752
1643042119.092226 10.198599 84.680603 27.743683 -0.015815 0.866302 -0.020487 -0.498850
1643042119.192478 10.078911 84.674250 27.708902 -0.010252 0.874448 -0.018781 -0.484646
1643042119.292573 9.954443 84.679735 27.661238 -0.011159 0.883115 -0.018019 -0.468678
1643042119.392499 9.846283 84.681916 27.624771 -0.010339 0.890359 -0.018915 -0.454748
1643042119.492346 9.731831 84.680484 27.579105 -0.009350 0.897983 -0.016517 -0.439621
1643042119.592199 9.619040 84.677421 27.527107 -0.010473 0.903936 -0.018010 -0.427160
1643042119.692102 9.502682 84.676942 27.470629 -0.009675 0.909852 -0.018268 -0.414417
1643042119.791852 9.405299 84.677744 27.410180 -0.010827 0.914669 -0.019570 -0.403585
1643042119.891532 9.310016 84.677895 27.441373 -0.009689 0.920441 -0.020343 -0.390231
1643042119.991174 9.167580 84.676497 27.213880 -0.011575 0.924735 -0.021257 -0.379841
1643042120.090913 9.079754 84.679039 27.215521 -0.009568 0.930123 -0.020917 -0.366528
1643042120.190766 8.967949 84.675725 27.153760 -0.007882 0.935492 -0.020628 -0.352658
1643042120.290691 8.865773 84.671658 27.069926 -0.008570 0.940017 -0.022148 -0.340299
1643042120.390623 8.783229 84.666283 27.039049 -0.011462 0.944372 -0.020504 -0.328038
1643042120.490503 8.672378 84.672591 26.922185 -0.009663 0.948847 -0.021539 -0.314852
1643042120.590426 8.575156 84.667642 26.835292 -0.009537 0.953327 -0.021373 -0.301031
1643042120.690633 8.481865 84.672118 26.751253 -0.008247 0.956989 -0.022038 -0.289169
1643042120.79079 8.391503 84.671215 26.666442 -0.008170 0.960352 -0.020064 -0.277946
1643042120.891022 8.294799 84.673035 26.570843 -0.007697 0.963655 -0.020558 -0.266246
1643042120.991247 8.225000 84.669482 26.463269 -0.006763 0.966725 -0.019387 -0.254992
1643042121.091426 8.132550 84.667147 26.436796 -0.003432 0.969674 -0.020947 -0.243477
1643042121.191607 8.042663 84.669104 26.301749 -0.005128 0.972326 -0.019918 -0.232722
1643042121.291695 7.959340 84.666690 26.191043 -0.004727 0.975154 -0.019477 -0.220619
1643042121.391635 7.882436 84.674089 26.086462 -0.002859 0.977960 -0.018897 -0.207916
1643042121.491518 7.806968 84.670893 25.994413 -0.002099 0.980411 -0.019190 -0.196014
1643042121.591414 7.740336 84.671312 25.901460 -0.002306 0.982915 -0.019417 -0.183018
1643042121.691462 7.677459 84.672517 25.780313 -0.002777 0.984950 -0.019199 -0.171748
1643042121.79146 7.604520 84.669590 25.701028 -0.003865 0.985811 -0.019817 -0.166642
1643042121.891391 7.493889 84.661107 25.613557 -0.002055 0.986962 -0.022534 -0.159352
1643042121.991104 7.466732 84.670898 25.461479 -0.002943 0.988433 -0.022461 -0.149955
1643042122.090739 7.398980 84.676546 25.353986 -0.003018 0.989994 -0.022252 -0.139314
1643042122.190297 7.346217 84.675783 25.257095 -0.002743 0.991888 -0.022058 -0.125154
1643042122.290004 7.287719 84.671394 25.175059 -0.002717 0.993333 -0.021160 -0.113287
1643042122.389848 7.232806 84.668325 25.043016 -0.002813 0.994737 -0.022566 -0.099907
1643042122.489834 7.183432 84.670213 24.930997 -0.002157 0.995705 -0.022711 -0.089730
1643042122.589827 7.146291 84.672395 24.805910 -0.002194 0.996595 -0.019851 -0.079992
1643042122.690013 7.050359 84.666204 24.595104 -0.003848 0.997189 -0.020045 -0.072092
1643042122.789911 7.039553 84.671745 24.552977 -0.002256 0.997978 -0.019857 -0.060337
1643042122.889823 6.977343 84.669401 24.445649 -0.000747 0.998669 -0.018436 -0.048164
1643042122.989759 6.928153 84.667501 24.322665 0.000961 0.999181 -0.019170 -0.035614
1643042123.0898 6.901023 84.669845 24.203218 0.000299 0.999546 -0.018348 -0.023902
1643042123.189876 6.868619 84.670013 24.111695 -0.001119 0.999672 -0.018278 -0.017906
1643042123.289946 6.851070 84.671801 23.952935 -0.000942 0.999793 -0.019206 -0.006707
1643042123.389961 6.820107 84.669738 23.828979 -0.000809 0.999793 -0.019973 0.003767
1643042123.48988 6.765997 84.671578 23.708813 0.000555 0.999583 -0.020656 0.020182
1643042123.589875 6.741395 84.675846 23.588860 0.000027 0.999257 -0.019652 0.033149
1643042123.690138 6.747235 84.670965 23.459216 0.001019 0.998806 -0.019152 0.044938
1643042123.790324 6.690442 84.667770 23.292436 0.002333 0.997808 -0.020121 0.063003
1643042123.890636 6.721135 84.667885 23.196389 0.002732 0.997098 -0.019995 0.073410
1643042123.990868 6.680942 84.671093 23.083953 0.003400 0.995884 -0.021032 0.088095
1643042124.090977 6.690165 84.674491 22.880443 0.003231 0.994555 -0.018997 0.102415
1643042124.191112 6.714778 84.673509 22.809554 -0.000102 0.993816 -0.017746 0.109615
1643042124.291304 6.687982 84.669945 22.716547 0.000129 0.991809 -0.017840 0.126476
1643042124.391537 6.719367 84.669475 22.539062 0.000342 0.990646 -0.017651 0.135312
1643042124.49176 6.757543 84.674690 22.456368 -0.000274 0.988672 -0.017778 0.149033
1643042124.592075 6.744225 84.672717 22.268266 0.000337 0.986715 -0.017101 0.161559
1643042124.692432 6.751924 84.675542 22.215083 0.000903 0.984763 -0.016967 0.173072
1643042124.792682 6.765730 84.674636 22.092261 0.001596 0.982239 -0.016174 0.186929
1643042124.89286 6.791949 84.678138 21.932297 0.002436 0.978187 -0.017862 0.206941
1643042124.992767 6.831201 84.675271 21.843625 0.003335 0.973750 -0.017900 0.226892
1643042125.092603 6.935619 84.675419 21.715033 0.003750 0.968149 -0.017881 0.249706
1643042125.192372 6.977585 84.675788 21.600613 0.004298 0.962286 -0.017966 0.271412
1643042125.292254 6.970584 84.674283 21.502043 0.003549 0.956777 -0.018072 0.290239
1643042125.392102 7.010346 84.673965 21.328373 0.004572 0.951219 -0.016924 0.308019
1643042125.491984 7.080863 84.676025 21.278125 0.004595 0.945691 -0.016225 0.324630
1643042125.591815 7.141518 84.678344 21.174051 0.004313 0.939758 -0.015793 0.341448
1643042125.69177 7.245798 84.676700 21.050822 0.005686 0.932470 -0.015370 0.360876
1643042125.791604 7.267691 84.677322 20.960866 0.007540 0.925005 -0.015142 0.379579
1643042125.891459 7.394768 84.678207 20.818277 0.009051 0.916833 -0.014526 0.398903
1643042125.991309 7.417701 84.680268 20.768860 0.008056 0.909614 -0.014499 0.415123
1643042126.091225 7.477278 84.679379 20.627651 0.008253 0.901558 -0.014930 0.432321
1643042126.191245 7.571268 84.679783 20.584646 0.009623 0.893676 -0.015959 0.448327
1643042126.291215 7.712081 84.684119 20.456475 0.010611 0.883276 -0.014463 0.468510
1643042126.391227 7.816956 84.683066 20.396413 0.010175 0.874806 -0.016253 0.484094
1643042126.491264 7.813393 84.683532 20.286138 0.010921 0.867091 -0.016522 0.497756
1643042126.591354 7.906868 84.669216 20.205493 0.014451 0.857613 -0.018999 0.513741
1643042126.691566 7.996590 84.684402 20.120567 0.012634 0.849715 -0.016677 0.526826
1643042126.791597 8.106086 84.689370 20.085699 0.015251 0.841768 -0.016262 0.539379
1643042126.891665 8.191429 84.685530 19.978470 0.014483 0.834541 -0.016984 0.550494
1643042126.99168 8.307238 84.689849 19.919331 0.012737 0.829720 -0.012717 0.557890
1643042127.091694 8.400427 84.678244 19.858385 0.011841 0.819510 -0.014415 0.572761
1643042127.191905 8.510664 84.681493 19.826411 0.011404 0.813803 -0.011272 0.580920
1643042127.292197 8.612984 84.688962 19.758209 0.011726 0.809993 -0.008644 0.586258
1643042127.392577 8.767340 84.689981 19.676553 0.011282 0.798918 -0.008846 0.601268
1643042127.492861 8.810835 84.674820 19.660152 0.009944 0.798987 -0.013519 0.601114
1643042127.593107 8.946430 84.679779 19.598684 0.009201 0.794087 -0.014577 0.607560
1643042127.693194 8.998736 84.676103 19.538007 0.011436 0.792105 -0.016866 0.610045
1643042127.792968 9.068153 84.667355 19.529864 0.012688 0.788283 -0.018988 0.614889
1643042127.893098 9.208272 84.672116 19.451550 0.010674 0.782617 -0.013558 0.622265
1643042127.993104 9.247655 84.674085 19.480501 0.016965 0.784150 -0.019832 0.620022
1643042128.092906 9.382144 84.683823 19.362192 0.014646 0.778065 -0.017596 0.627767
1643042128.192853 9.511538 84.670848 19.376912 0.013940 0.776475 -0.017829 0.629742
1643042128.292721 9.606557 84.674526 19.308075 0.015457 0.773889 -0.017652 0.632886
1643042128.392551 9.710995 84.667567 19.292153 0.012522 0.766147 -0.016469 0.642332
1643042128.491924 9.770632 84.648238 19.238011 0.013363 0.763765 -0.013158 0.645221
1643042128.591966 9.908288 84.679712 19.205700 0.008246 0.758939 -0.017420 0.650876
1643042128.692262 9.987226 84.661403 19.193982 0.015956 0.761109 -0.015200 0.648249
1643042128.792358 10.111725 84.666757 19.123699 0.009637 0.764475 -0.017217 0.644351
1643042128.892235 10.204420 84.673912 19.083193 0.010687 0.765681 -0.018988 0.642852
1643042128.991961 10.304881 84.668606 19.063485 0.009863 0.763688 -0.017561 0.645271
1643042129.091589 10.387458 84.669716 19.013078 0.009606 0.760957 -0.018412 0.648470
1643042129.191214 10.481326 84.671280 18.976312 0.010679 0.755708 -0.017758 0.654581
1643042129.290934 10.568113 84.668818 18.944311 0.010645 0.750257 -0.015546 0.660878
1643042129.390622 10.649190 84.667590 18.926187 0.011497 0.742350 -0.015475 0.669735
1643042129.490192 10.752363 84.673659 18.919812 0.013461 0.725048 -0.017216 0.688352
1643042129.58992 10.849640 84.672430 18.898661 0.014329 0.703098 -0.017690 0.710729
1643042129.689944 10.950858 84.669136 18.908996 0.014048 0.678752 -0.014398 0.734092
1643042129.790082 11.056663 84.648629 18.898971 0.016624 0.649097 -0.014905 0.760378
1643042129.890435 11.128775 84.674682 18.947029 0.016554 0.618292 -0.014300 0.785644
1643042129.990956 11.267211 84.673666 18.947084 0.014281 0.591445 -0.012696 0.806119
1643042130.091806 11.361301 84.672344 18.948270 0.014080 0.563903 -0.010466 0.825655
1643042130.192706 11.455004 84.668932 18.978646 0.012806 0.538908 -0.008943 0.842220
1643042130.293257 11.559470 84.671404 19.015716 0.015371 0.512455 -0.009456 0.858524
1643042130.393423 11.663388 84.675392 19.062505 0.016940 0.482683 -0.009160 0.875583
1643042130.493234 11.747182 84.675542 19.118707 0.016483 0.450737 -0.008650 0.892463
1643042130.592917 11.846966 84.675858 19.175865 0.016619 0.415835 -0.007708 0.909256
1643042130.69266 11.912222 84.675264 19.248759 0.016722 0.379806 -0.005237 0.924900
1643042130.792415 12.010977 84.671960 19.318826 0.017415 0.345160 -0.006408 0.938360
1643042130.892148 12.088187 84.671083 19.387830 0.018730 0.312194 -0.004230 0.949824
1643042130.992 12.131271 84.672500 19.439355 0.021481 0.277796 -0.000982 0.960399
1643042131.091956 12.260827 84.674250 19.617412 0.021528 0.251794 -0.001506 0.967540
1643042131.191998 12.292081 84.674983 19.590819 0.022793 0.229323 0.000054 0.973084
1643042131.292017 12.364924 84.677166 19.702687 0.022826 0.207170 -0.000255 0.978039
1643042131.392055 12.422681 84.674754 19.773741 0.021851 0.186677 0.000098 0.982178
1643042131.491998 12.495157 84.674895 19.935350 0.024023 0.167204 0.000474 0.985629
1643042131.591952 12.549958 84.669322 20.006298 0.024174 0.151994 0.000588 0.988086
1643042131.691957 12.605909 84.672249 20.134942 0.024736 0.134192 0.001766 0.990645
1643042131.791934 12.637531 84.659232 20.245865 0.022412 0.117541 -0.005384 0.992800
1643042131.891907 12.691063 84.667022 20.342189 0.021512 0.100631 0.001377 0.994690
1643042131.992034 12.742439 84.669429 20.463518 0.022970 0.081785 0.003113 0.996380
1643042132.092351 12.781623 84.666390 20.585844 0.021579 0.066784 0.003724 0.997527
1643042132.192802 12.794590 84.670381 20.676868 0.021466 0.058105 0.005724 0.998063
1643042132.293245 12.843009 84.670572 20.829459 0.021004 0.052794 0.004213 0.998376
1643042132.393504 12.857498 84.668663 20.906073 0.021349 0.051283 0.007190 0.998430
1643042132.493603 12.897374 84.681097 21.077009 0.021606 0.047244 0.008407 0.998614
1643042132.593611 12.924451 84.673188 21.182016 0.018013 0.047895 0.002328 0.998687
1643042132.693692 12.944586 84.674323 21.266481 0.018872 0.048197 0.004345 0.998650
1643042132.793522 13.011892 84.658877 21.613414 0.015888 0.045435 -0.005934 0.998823
1643042132.893201 12.989812 84.660263 21.447198 0.018103 0.045696 -0.006392 0.998771
1643042132.992788 13.037648 84.676888 21.666602 0.018853 0.043546 0.001974 0.998872
1643042133.092506 13.056200 84.675344 21.770638 0.018571 0.040427 0.001740 0.999008
1643042133.192285 13.114250 84.648531 21.985753 0.018755 0.039422 -0.000728 0.999046
1643042133.292136 13.067891 84.671779 21.876853 0.021487 0.036580 -0.001700 0.999098
1643042133.392097 13.156103 84.670170 22.134079 0.020949 0.031388 -0.002781 0.999284
1643042133.492082 13.128542 84.668132 22.055081 0.020737 0.025800 -0.006562 0.999430
1643042133.592052 13.196118 84.675918 22.349070 0.021060 0.016000 -0.001314 0.999649
1643042133.692096 13.257374 84.672386 22.547958 0.022849 0.003453 0.002885 0.999729
1643042133.79201 13.290014 84.676082 22.698094 0.022509 -0.009609 0.003365 0.999695
1643042133.89211 13.302363 84.672483 22.777708 0.020781 -0.022336 -0.001535 0.999533
1643042133.99237 13.293819 84.678162 22.829181 0.019607 -0.028290 0.002796 0.999404
1643042134.092701 13.325806 84.677597 22.996124 0.018910 -0.033146 0.002622 0.999268
1643042134.192992 13.367001 84.675742 23.210682 0.018621 -0.036607 0.001503 0.999155
1643042134.293213 13.346957 84.673096 23.212783 0.019117 -0.037977 0.000188 0.999096
1643042134.393277 13.384494 84.675977 23.403382 0.020822 -0.042225 0.001749 0.998890
1643042134.493172 13.366479 84.676491 23.424899 0.021030 -0.043447 0.001503 0.998833
1643042134.592992 13.413448 84.676928 23.652695 0.019254 -0.046379 0.000106 0.998738
1643042134.692909 13.418433 84.676786 23.749580 0.018342 -0.046840 -0.000516 0.998734
1643042134.792811 13.445002 84.677194 23.922598 0.020382 -0.046355 -0.002395 0.998714
1643042134.892749 13.447058 84.674625 24.029333 0.022474 -0.051263 0.001723 0.998431
1643042134.9927 13.501971 84.675645 24.264332 0.023218 -0.050466 0.000815 0.998456
1643042135.092632 13.482532 84.676204 24.269549 0.020460 -0.044470 -0.003031 0.998797
1643042135.192486 13.510339 84.677681 24.422850 0.022098 -0.044076 -0.001404 0.998783
1643042135.29234 13.547425 84.677183 24.587163 0.022855 -0.041422 -0.001243 0.998880
1643042135.392292 13.575966 84.676434 24.712956 0.022859 -0.034818 -0.000678 0.999132
1643042135.492237 13.596986 84.675495 24.790812 0.023241 -0.020028 -0.000737 0.999529
1643042135.592179 13.629023 84.677543 24.915201 0.020190 -0.000682 -0.002976 0.999791
1643042135.692177 13.676624 84.678595 25.082539 0.018952 0.017606 -0.003104 0.999661
1643042135.791929 13.660034 84.674945 25.046096 0.020425 0.034539 -0.002038 0.999193
1643042135.89149 13.745644 84.678771 25.325309 0.018207 0.045817 -0.000905 0.998784
1643042135.991025 13.765026 84.678495 25.387135 0.017260 0.055350 -0.002343 0.998315
1643042136.090687 13.804474 84.676399 25.517644 0.018518 0.063552 -0.001138 0.997806
1643042136.1906 13.836502 84.675501 25.601220 0.021137 0.068439 -0.002453 0.997428
1643042136.290817 13.872855 84.674880 25.721461 0.020087 0.074755 -0.003477 0.996994
1643042136.391332 13.945253 84.677525 25.918729 0.020381 0.077850 -0.003741 0.996750
1643042136.49196 13.977092 84.677056 26.003615 0.018899 0.083722 -0.004325 0.996301
1643042136.592443 14.012836 84.676196 26.081533 0.018818 0.087532 -0.004731 0.995973
1643042136.692743 14.061424 84.677735 26.191780 0.019365 0.089487 -0.004149 0.995791
1643042136.792715 14.117751 84.676396 26.350423 0.018165 0.090291 -0.004227 0.995741
1643042136.892578 14.185062 84.677675 26.505402 0.018338 0.090316 -0.002636 0.995741
1643042136.9923 14.220726 84.676211 26.574330 0.018817 0.089991 -0.001900 0.995763
1643042137.091994 14.274742 84.676865 26.688511 0.020875 0.085977 0.000069 0.996078
1643042137.19167 14.336377 84.678170 26.838864 0.023487 0.081838 0.001562 0.996368
1643042137.291353 14.365236 84.676439 26.877897 0.021367 0.077914 -0.001385 0.996730
1643042137.391146 14.430146 84.678186 27.028547 0.022186 0.071952 0.000143 0.997161
1643042137.491021 14.479862 84.675362 27.141182 0.022750 0.067433 -0.001478 0.997463
1643042137.59097 14.527210 84.674151 27.253485 0.021962 0.059111 -0.001354 0.998009
1643042137.691036 14.561270 84.644991 27.326408 0.022747 0.049828 -0.001523 0.998498
1643042137.791053 14.622188 84.674041 27.488997 0.022456 0.038524 0.001296 0.999004
1643042137.891128 14.655820 84.639669 27.577276 0.020000 0.029374 -0.000218 0.999368
1643042137.991246 14.693464 84.672876 27.692099 0.019734 0.019520 0.002184 0.999612
1643042138.091306 14.725073 84.672073 27.795174 0.018816 0.010770 0.001495 0.999764
1643042138.191343 14.755878 84.674145 27.898170 0.020467 0.000818 0.003045 0.999786
1643042138.291317 14.801874 84.673874 28.055294 0.019787 -0.009584 0.004083 0.999750
1643042138.391294 14.833744 84.636103 28.178667 0.017470 -0.019716 0.003247 0.999648
1643042138.491266 14.855808 84.639781 28.296587 0.017985 -0.026614 0.003025 0.999479
1643042138.591229 14.880471 84.676818 28.424440 0.020329 -0.035620 0.004550 0.999148
1643042138.691255 14.898857 84.675816 28.545162 0.021900 -0.042854 0.003879 0.998834
1643042138.791166 14.917636 84.673692 28.672730 0.022362 -0.048784 0.003093 0.998554
1643042138.891101 14.941974 84.672208 28.823897 0.022976 -0.052247 0.002646 0.998366
1643042138.991057 14.958532 84.674138 28.949147 0.025880 -0.054497 0.002544 0.998175
1643042139.091072 14.960762 84.674008 29.040635 0.023668 -0.052858 0.002061 0.998319
1643042139.191152 14.950985 84.675934 29.089107 0.022316 -0.048377 0.001093 0.998579
1643042139.291244 14.995518 84.674602 29.306085 0.020321 -0.043904 0.000018 0.998829
1643042139.391306 15.009658 84.672300 29.424505 0.021494 -0.036894 -0.000596 0.999088
1643042139.491358 15.025208 84.673209 29.548044 0.021246 -0.031761 -0.000855 0.999269
1643042139.591424 15.043212 84.673762 29.679678 0.018459 -0.028610 0.000265 0.999420
1643042139.69172 15.059419 84.671572 29.802906 0.017236 -0.018131 -0.000529 0.999687
1643042139.79188 15.077178 84.674673 29.928362 0.017665 -0.008232 0.000718 0.999810
1643042139.891886 15.095211 84.675956 30.055208 0.019102 0.000656 0.002019 0.999815
1643042139.991736 15.104734 84.676096 30.134853 0.016909 0.012823 -0.001592 0.999774
1643042140.091467 15.142655 84.678154 30.302034 0.015779 0.019725 0.000758 0.999681
1643042140.191175 15.167711 84.678309 30.424360 0.014685 0.028100 0.000653 0.999497
1643042140.290836 15.201890 84.681972 30.549196 0.016538 0.036152 0.002523 0.999206
1643042140.390623 15.225741 84.678716 30.664391 0.016403 0.045802 -0.001000 0.998815
1643042140.490571 15.257330 84.684566 30.798061 0.016822 0.050998 0.001170 0.998556
1643042140.590567 15.271988 84.685922 30.883780 0.015596 0.055111 -0.001810 0.998357
1643042140.690718 15.322230 84.681079 31.078248 0.015131 0.056738 -0.000941 0.998274
1643042140.790767 15.355342 84.682664 31.207920 0.018406 0.057416 0.001984 0.998179
1643042140.890784 15.380703 84.686545 31.298817 0.017267 0.058678 -0.001849 0.998126
1643042140.990719 15.396204 84.686510 31.369642 0.015587 0.058042 -0.001528 0.998191
1643042141.09067 15.468080 84.690571 31.591086 0.014693 0.060232 -0.003010 0.998072
1643042141.19064 15.495240 84.687198 31.678884 0.015220 0.060484 -0.000411 0.998053
1643042141.290601 15.539815 84.687024 31.812653 0.014446 0.064566 -0.001141 0.997808
1643042141.390458 15.589418 84.688811 31.976028 0.018318 0.065813 0.000833 0.997663
1643042141.490273 15.584483 84.688611 31.951692 0.021057 0.064285 0.000064 0.997709
1643042141.590172 15.654492 84.690996 32.165048 0.022621 0.060991 0.000515 0.997882
1643042141.690403 15.707189 84.689742 32.312105 0.023630 0.060877 -0.000951 0.997865
1643042141.790805 15.765277 84.688590 32.444240 0.025089 0.062161 0.001131 0.997750
1643042141.8914 15.826552 84.705456 32.614556 0.023952 0.065061 -0.004963 0.997581
1643042141.991919 15.863741 84.684299 32.668968 0.023666 0.071240 -0.001262 0.997178
1643042142.092194 15.910309 84.676297 32.831134 0.019735 0.076857 -0.010969 0.996786
1643042142.192276 15.973520 84.689750 32.897558 0.021373 0.078503 -0.002001 0.996683
1643042142.292164 16.041891 84.689042 33.065680 0.019706 0.078132 -0.000736 0.996748
1643042142.391921 16.074419 84.689181 33.105536 0.020446 0.077101 -0.003099 0.996809
1643042142.491631 16.115578 84.681353 33.315465 0.019431 0.070655 -0.010191 0.997259
1643042142.591437 16.182683 84.685610 33.466027 0.021000 0.070447 -0.001905 0.997293
1643042142.691485 16.264605 84.685439 33.560745 0.021509 0.069772 -0.002996 0.997327
1643042142.791443 16.306354 84.684161 33.630272 0.021678 0.069065 -0.003892 0.997369
1643042142.891227 16.386884 84.687411 33.850350 0.020410 0.068009 -0.004536 0.997466
1643042142.990957 16.417677 84.688449 33.885378 0.019690 0.063008 -0.003143 0.997814
1643042143.090745 16.426186 84.677742 33.874528 0.018478 0.059906 -0.009392 0.997989
1643042143.190612 16.549826 84.672845 34.212470 0.017578 0.056294 -0.011937 0.998188
1643042143.290457 16.603662 84.682668 34.334816 0.017197 0.054251 -0.006165 0.998360
1643042143.390357 16.623239 84.683507 34.352835 0.017880 0.051104 -0.007219 0.998507
1643042143.490282 16.709692 84.678848 34.578672 0.016612 0.044759 -0.012404 0.998783
1643042143.590222 16.765411 84.689244 34.708216 0.017354 0.038646 -0.003499 0.999096
1643042143.690299 16.847883 84.692438 34.938995 0.017819 0.031611 -0.004172 0.999333
1643042143.790291 16.832730 84.688317 34.852321 0.019615 0.026433 -0.005518 0.999443
1643042143.890343 16.856354 84.682683 34.896690 0.021224 0.019487 -0.008002 0.999553
1643042143.990391 16.932619 84.688760 35.106510 0.021899 0.011101 -0.003900 0.999691
1643042144.090496 16.972316 84.689096 35.212500 0.022877 0.005634 -0.001796 0.999721
1643042144.190574 17.003539 84.685340 35.300710 0.021031 0.002302 -0.005019 0.999764
1643042144.290571 17.031884 84.686229 35.385472 0.021347 0.000058 -0.005617 0.999756
1643042144.390532 17.113991 84.684344 35.639957 0.019752 -0.005215 -0.004507 0.999781
1643042144.490584 17.135068 84.683782 35.710076 0.019587 -0.008216 -0.002408 0.999771
1643042144.590694 17.178588 84.683720 35.848792 0.020860 -0.010492 -0.000645 0.999727
1643042144.690989 17.205858 84.676468 35.915359 0.021568 -0.009317 -0.004567 0.999714
1643042144.791354 17.246304 84.684350 36.049677 0.019669 -0.004406 -0.001960 0.999795
1643042144.891735 17.297692 84.672647 36.198193 0.018590 0.004311 -0.006849 0.999794
1643042144.991832 17.344922 84.680425 36.343165 0.020997 0.007847 -0.004514 0.999739
1643042145.091759 17.369231 84.680691 36.411919 0.022035 0.007645 -0.002397 0.999725
1643042145.191532 17.422943 84.684924 36.585426 0.023094 0.003384 -0.000591 0.999727
1643042145.291306 17.456771 84.681367 36.681900 0.022067 0.002191 -0.001018 0.999754
1643042145.391171 17.542723 84.679144 36.947462 0.018728 0.001867 -0.003580 0.999816
1643042145.491041 17.575262 84.683211 37.057200 0.019290 0.000286 0.002803 0.999810
1643042145.590905 17.552195 84.681993 37.083980 0.020017 0.000851 0.003473 0.999793
1643042145.690907 17.621648 84.685853 37.204765 0.021091 0.000227 0.004542 0.999767
1643042145.790785 17.667429 84.685879 37.346786 0.019480 0.000762 0.002711 0.999806
1643042145.890678 17.693056 84.687605 37.439636 0.018286 0.000951 0.003782 0.999825
1643042145.990667 17.729676 84.685038 37.553078 0.019501 0.002398 0.002652 0.999803
1643042146.090654 17.759124 84.685626 37.659026 0.019760 0.003298 0.002545 0.999796
1643042146.19057 17.802366 84.686006 37.780680 0.021354 0.003378 0.001691 0.999765
1643042146.290576 17.842456 84.689714 37.898633 0.021646 0.001914 0.000896 0.999763
1643042146.390786 17.879834 84.687673 38.026921 0.019731 0.000681 0.001483 0.999804
1643042146.491062 17.916200 84.686200 38.130730 0.021426 0.003309 0.000156 0.999765
1643042146.591272 17.919420 84.688571 38.236477 0.022547 0.004712 -0.000409 0.999735
1643042146.691421 17.975131 84.684970 38.365963 0.020722 0.004570 0.000033 0.999775
1643042146.791439 18.031207 84.687147 38.446671 0.021318 0.008949 -0.000712 0.999732
1643042146.891276 18.033359 84.654752 38.593233 0.018206 0.010075 -0.001017 0.999783
1643042146.991083 18.111395 84.684431 38.688688 0.022346 0.010485 0.001194 0.999695
1643042147.090829 18.151708 84.686842 38.792756 0.023608 0.014932 -0.000463 0.999610
1643042147.190693 18.192150 84.688628 38.915439 0.022019 0.018947 -0.000587 0.999578
1643042147.2905 18.235392 84.683124 39.054720 0.020585 0.025009 -0.000668 0.999475
1643042147.390282 18.282285 84.680287 39.159358 0.021255 0.025621 -0.001816 0.999444
1643042147.490156 18.328756 84.685296 39.283056 0.020004 0.026509 0.000485 0.999448
1643042147.590121 18.390086 84.679579 39.461628 0.018398 0.030069 -0.000208 0.999378
1643042147.690406 18.426704 84.685687 39.512823 0.018526 0.040402 -0.000313 0.999012
1643042147.790554 18.473205 84.680600 39.679548 0.016534 0.050299 0.000592 0.998597
1643042147.890608 18.514099 84.679237 39.738336 0.016591 0.057564 -0.000828 0.998204
1643042147.990545 18.567529 84.684909 39.884434 0.017658 0.061190 -0.001072 0.997969
1643042148.090304 18.596914 84.685476 39.961066 0.018070 0.065214 -0.002636 0.997704
1643042148.190045 18.667356 84.686146 40.176110 0.018297 0.059634 -0.001639 0.998051
1643042148.289812 18.698270 84.677645 40.266056 0.018491 0.055044 -0.002417 0.998310
1643042148.389751 18.710970 84.680207 40.326065 0.020572 0.050198 -0.003152 0.998522
1643042148.489962 18.738436 84.680694 40.430239 0.021877 0.042727 -0.003188 0.998842
1643042148.590298 18.775758 84.679179 40.574109 0.023005 0.031970 -0.004331 0.999215
1643042148.690894 18.829631 84.687955 40.773806 0.021154 0.019943 -0.003170 0.999572
1643042148.791398 18.831853 84.681998 40.824445 0.018743 0.011747 -0.003992 0.999747
1643042148.891813 18.849579 84.682592 40.932780 0.021452 0.000192 -0.003114 0.999765
1643042148.992001 18.873488 84.681111 41.075356 0.019402 -0.012360 -0.003459 0.999729
1643042149.091903 18.885600 84.682942 41.190803 0.020927 -0.027859 -0.002858 0.999389
1643042149.191649 18.897331 84.680986 41.301231 0.020715 -0.046177 -0.003750 0.998711
1643042149.291329 18.913225 84.682856 41.443947 0.020718 -0.065022 -0.001769 0.997667
1643042149.391057 18.921160 84.680505 41.567575 0.020606 -0.082542 -0.002401 0.996372
1643042149.490929 18.930098 84.683541 41.709908 0.018800 -0.101943 -0.000806 0.994612
1643042149.590838 18.933795 84.682857 41.839376 0.018537 -0.114452 -0.001546 0.993255
1643042149.690925 18.904387 84.680180 41.871832 0.018346 -0.127861 -0.001682 0.991621
1643042149.790907 18.896564 84.679633 41.987276 0.018630 -0.142389 -0.001652 0.989634
1643042149.89082 18.881762 84.679961 42.098567 0.017935 -0.159585 -0.001127 0.987021
1643042149.990674 18.866230 84.683179 42.241381 0.015611 -0.180166 -0.000656 0.983512
1643042150.090595 18.821027 84.683886 42.312316 0.015514 -0.204673 0.000398 0.978707
1643042150.19076 18.803050 84.682165 42.487975 0.016547 -0.234782 0.001758 0.971906
1643042150.29116 18.772824 84.683891 42.634974 0.016947 -0.267178 0.003526 0.963492
1643042150.391659 18.702474 84.682823 42.695124 0.017969 -0.287429 0.003206 0.957628
1643042150.492162 18.646885 84.685938 42.841642 0.018399 -0.312998 0.005753 0.949558
1643042150.592583 18.567968 84.684579 42.896256 0.020837 -0.338810 0.005374 0.940609
1643042150.692908 18.509171 84.684634 42.998609 0.021564 -0.367216 0.006168 0.929865
1643042150.792897 18.416398 84.685620 43.086590 0.021799 -0.391040 0.005625 0.920098
1643042150.892709 18.339356 84.682848 43.178392 0.022213 -0.417149 0.005122 0.908552
1643042150.99238 18.265060 84.684430 43.295722 0.019963 -0.444830 0.004736 0.895380
1643042151.091975 18.151838 84.684464 43.340249 0.018856 -0.470493 0.003104 0.882197
1643042151.191693 18.112437 84.678256 43.446927 0.020603 -0.498326 0.006401 0.866722
1643042151.291506 18.013788 84.680431 43.502408 0.018976 -0.519579 0.008210 0.854173
1643042151.391378 17.924717 84.678459 43.564994 0.019905 -0.541554 0.008323 0.840389
1643042151.491264 17.804044 84.682887 43.574097 0.018602 -0.562707 0.011065 0.826373
1643042151.591163 17.761402 84.678527 43.655946 0.018815 -0.580155 0.012592 0.814191
1643042151.691204 17.585865 84.675136 43.760500 0.019708 -0.595881 0.011101 0.802754
1643042151.791783 17.520678 84.684967 43.789818 0.018319 -0.601083 0.011501 0.798894
1643042151.892219 17.413979 84.673007 43.838916 0.019108 -0.606941 0.015560 0.794365
1643042151.992659 17.282556 84.679325 43.857706 0.022517 -0.609404 0.017734 0.792342
1643042152.092988 17.257267 84.679877 43.903648 0.018784 -0.613008 0.013790 0.789733
1643042152.193333 17.128373 84.680464 43.976615 0.017505 -0.620958 0.013922 0.783525
1643042152.292913 17.078633 84.676188 43.982852 0.007632 -0.627839 0.006899 0.778275
1643042152.393866 16.923804 84.679580 44.042058 0.017595 -0.616677 0.006887 0.786990
1643042152.494183 16.825236 84.680702 44.090234 0.019822 -0.611134 0.011115 0.791201
1643042152.594139 16.712672 84.675642 44.144539 0.018367 -0.605787 0.009397 0.795359
1643042152.69392 16.599239 84.679921 44.195385 0.018047 -0.602685 0.009440 0.797719
1643042152.793359 16.506650 84.677000 44.243772 0.017840 -0.599754 0.009166 0.799933
1643042152.892702 16.381369 84.681296 44.297659 0.018354 -0.601136 0.009709 0.798877
1643042152.992081 16.289063 84.681029 44.339875 0.017220 -0.601962 0.009099 0.798287
1643042153.091646 16.167076 84.681526 44.395311 0.015809 -0.603210 0.007793 0.797387
1643042153.191306 16.061281 84.683149 44.452661 0.015580 -0.602165 0.008951 0.798170
1643042153.291169 15.927136 84.680831 44.506588 0.013507 -0.606581 0.006459 0.794881
1643042153.390971 15.853205 84.682147 44.547627 0.015331 -0.610286 0.008849 0.791984
1643042153.491319 15.731464 84.683132 44.612185 0.019899 -0.611317 0.009562 0.791078
1643042153.591747 15.617741 84.684701 44.666861 0.020793 -0.611915 0.010797 0.790576
1643042153.692254 15.502742 84.687669 44.724113 0.021284 -0.611033 0.011046 0.791242
1643042153.792493 15.393770 84.687433 44.781370 0.019580 -0.607650 0.008643 0.793916
1643042153.892532 15.282336 84.684852 44.838995 0.018379 -0.604073 0.007021 0.796686
1643042153.992432 15.170169 84.685581 44.907867 0.016011 -0.601181 0.007165 0.798921
1643042154.092185 15.052975 84.683929 44.968846 0.014156 -0.598015 0.008703 0.801313
1643042154.191825 14.919635 84.688679 45.028541 0.014624 -0.593651 0.007933 0.804550
1643042154.291562 14.833711 84.685664 45.079344 0.016523 -0.587326 0.005857 0.809160
1643042154.391277 14.705211 84.684786 45.162128 0.018980 -0.585003 0.008201 0.810767
1643042154.491006 14.611520 84.681984 45.221569 0.019032 -0.584859 0.008640 0.810866
1643042154.590725 14.473845 84.683941 45.304251 0.019753 -0.584266 0.009370 0.811268
1643042154.690686 14.384327 84.681855 45.352910 0.021530 -0.585738 0.009973 0.810153
1643042154.790567 14.289836 84.682615 45.430712 0.022818 -0.584961 0.011738 0.810656
1643042154.890541 14.152089 84.681157 45.504710 0.022170 -0.586190 0.011172 0.809793
1643042154.990551 14.063837 84.674804 45.574877 0.023529 -0.585154 0.010810 0.810509
1643042155.09057 13.934169 84.680344 45.644643 0.022304 -0.583335 0.009324 0.811872
1643042155.190604 13.814078 84.678916 45.721400 0.020749 -0.582360 0.010036 0.812604
1643042155.290635 13.726869 84.676674 45.782767 0.021118 -0.581670 0.009434 0.813096
1643042155.39075 13.631673 84.677855 45.852786 0.019793 -0.580675 0.008641 0.813849
1643042155.490803 13.567927 84.677456 45.913530 0.017556 -0.580329 0.008809 0.814145
1643042155.590767 13.373281 84.675299 45.979933 0.016203 -0.581041 0.009734 0.813655
1643042155.690852 13.297329 84.675214 46.077891 0.015553 -0.582888 0.011711 0.812319
1643042155.790775 13.177423 84.674437 46.155831 0.017199 -0.583064 0.013030 0.812140
1643042155.890828 13.073640 84.676247 46.222989 0.018068 -0.581847 0.011587 0.813015
1643042155.990962 12.959127 84.672953 46.296604 0.018443 -0.579501 0.010463 0.814696
1643042156.091137 12.858215 84.671670 46.363607 0.020422 -0.574517 0.010100 0.818176
1643042156.191258 12.739067 84.669947 46.419471 0.022995 -0.568542 0.009478 0.822278
1643042156.291234 12.612190 84.674539 46.492575 0.020990 -0.565205 0.009506 0.824629
1643042156.391173 12.526055 84.672727 46.537961 0.020041 -0.558887 0.008686 0.828956
1643042156.491061 12.467621 84.671398 46.620626 0.019402 -0.555466 0.008632 0.831268
1643042156.590966 12.369232 84.669229 46.733981 0.018491 -0.555370 0.009072 0.831348
1643042156.69107 12.120250 84.664843 46.779177 0.020003 -0.553980 0.008479 0.832246
1643042156.791077 12.024387 84.667035 46.927845 0.018568 -0.554624 0.010281 0.831830
1643042156.891073 11.969782 84.668980 46.982297 0.016441 -0.555342 0.009862 0.831401
1643042156.991145 11.885459 84.670372 47.049190 0.017970 -0.552147 0.009625 0.833497
1643042157.091277 11.769625 84.669914 47.131113 0.019559 -0.548082 0.008621 0.836152
1643042157.191241 11.640951 84.668328 47.210184 0.018004 -0.543407 0.006928 0.839248
1643042157.291104 11.528779 84.666632 47.267200 0.018826 -0.540145 0.006522 0.841336
1643042157.390864 11.429670 84.668974 47.379201 0.017378 -0.540435 0.007304 0.841175
1643042157.490605 11.296481 84.671156 47.470544 0.017454 -0.539920 0.008642 0.841491
1643042157.59039 11.243082 84.671509 47.530161 0.018711 -0.540418 0.007778 0.841152
1643042157.690463 11.094308 84.670742 47.630569 0.017296 -0.539358 0.007009 0.841870
1643042157.79058 11.042595 84.666609 47.698033 0.017125 -0.538355 0.006998 0.842515
1643042157.890797 10.924446 84.670038 47.784173 0.017379 -0.534867 0.007507 0.844724
1643042157.990952 10.814755 84.666906 47.823405 0.018248 -0.532933 0.006137 0.845938
1643042158.090949 10.719638 84.672813 47.939591 0.015946 -0.531347 0.006332 0.846980
1643042158.19094 10.619178 84.671767 47.976942 0.016702 -0.528145 0.005675 0.848971
1643042158.290927 10.533436 84.672250 48.117484 0.016394 -0.524905 0.005494 0.850985
1643042158.390906 10.427598 84.665642 48.199201 0.018115 -0.522002 0.005704 0.852733
1643042158.490815 10.326010 84.672266 48.293685 0.017373 -0.519944 0.006093 0.854002
1643042158.590605 10.152566 84.675085 48.396529 0.016711 -0.518713 0.007808 0.854750
1643042158.690673 10.129825 84.673453 48.479369 0.014679 -0.517286 0.007245 0.855656
1643042158.790842 9.946445 84.678774 48.589415 0.013513 -0.515206 0.007170 0.856930
1643042158.891128 9.938311 84.672461 48.652693 0.014862 -0.512100 0.006079 0.858776
1643042158.991499 9.819669 84.654827 48.749693 0.016611 -0.508281 0.009210 0.860982
1643042159.091918 9.676777 84.676500 48.860025 0.019264 -0.502097 0.009507 0.864545
1643042159.192347 9.654333 84.675658 48.933404 0.018877 -0.494256 0.008451 0.869070
1643042159.292752 9.570612 84.672215 49.034993 0.019673 -0.483810 0.008309 0.874912
1643042159.393026 9.472682 84.677097 49.133473 0.019375 -0.474962 0.008609 0.879751
1643042159.493144 9.392051 84.675310 49.234650 0.017777 -0.467953 0.009159 0.883527
1643042159.593186 9.303632 84.674549 49.314699 0.018318 -0.458302 0.007811 0.888574
1643042159.693211 9.221695 84.673379 49.430732 0.018790 -0.447103 0.008214 0.894247
1643042159.792945 9.146373 84.682112 49.533624 0.018777 -0.437627 0.008235 0.898923
1643042159.892659 9.085227 84.674414 49.629828 0.017826 -0.427298 0.006601 0.903911
1643042159.992388 8.946724 84.675124 49.747718 0.020260 -0.418320 0.006640 0.908050
1643042160.09206 8.950994 84.675463 49.824232 0.019426 -0.411484 0.006493 0.911187
1643042160.191899 8.805339 84.677330 49.951955 0.020684 -0.404357 0.005654 0.914350
1643042160.291897 8.799548 84.677337 50.037027 0.020066 -0.400474 0.005095 0.916074
1643042160.392077 8.697639 84.674633 50.148729 0.020954 -0.392809 0.003991 0.919373
1643042160.492486 8.637077 84.674624 50.252804 0.020466 -0.387624 0.004838 0.921578
1643042160.592876 8.556992 84.677898 50.365010 0.019284 -0.383166 0.005429 0.923462
1643042160.69331 8.499919 84.680141 50.466455 0.018497 -0.379361 0.005725 0.925046
1643042160.793575 8.373851 84.671507 50.590989 0.019273 -0.377081 0.005040 0.925966
1643042160.893695 8.362248 84.675510 50.681015 0.019445 -0.374790 0.006654 0.926882
1643042160.993716 8.295551 84.678534 50.745726 0.018130 -0.370156 0.006853 0.928767
1643042161.093579 8.191346 84.677154 50.949082 0.018412 -0.360468 0.006517 0.932567
1643042161.193386 8.196692 84.673106 51.012129 0.017935 -0.348519 0.004806 0.937118
1643042161.293009 8.121758 84.673138 51.132654 0.017787 -0.336506 0.004151 0.941504
1643042161.392619 8.076831 84.673786 51.253707 0.018930 -0.326222 0.004395 0.945093
1643042161.49225 8.021461 84.676955 51.366944 0.020682 -0.311828 0.004842 0.949901
1643042161.591936 7.993491 84.676008 51.474215 0.019444 -0.300536 0.003925 0.953564
1643042161.691791 7.936808 84.673221 51.614749 0.021085 -0.289406 0.003947 0.956966
1643042161.791698 7.887179 84.675918 51.685641 0.023070 -0.277338 0.003972 0.960487
1643042161.891697 7.863310 84.676386 51.836357 0.023856 -0.262620 0.003376 0.964598
1643042161.99178 7.832662 84.670693 51.958074 0.022924 -0.248221 0.001526 0.968431
1643042162.091921 7.875040 84.668875 52.076935 0.022421 -0.234310 0.001460 0.971902
1643042162.191992 7.814056 84.673202 52.216435 0.022563 -0.219688 0.002104 0.975307
1643042162.291965 7.780440 84.669262 52.355710 0.023538 -0.204955 0.001774 0.978487
1643042162.392059 7.745596 84.669609 52.461250 0.021996 -0.187204 0.000898 0.982074
1643042162.492204 7.734027 84.672004 52.587091 0.021079 -0.168481 0.000525 0.985479
1643042162.59227 7.727687 84.669915 52.712724 0.019284 -0.152639 -0.000482 0.988094
1643042162.692406 7.728925 84.667562 52.833204 0.018738 -0.136555 -0.001721 0.990454
1643042162.792295 7.735377 84.666693 52.981703 0.016214 -0.123206 -0.002407 0.992246
1643042162.892061 7.734043 84.669737 53.086872 0.018080 -0.110646 -0.000211 0.993695
1643042162.99186 7.761365 84.671579 53.190834 0.018431 -0.100795 0.000659 0.994736
1643042163.091853 7.766181 84.673399 53.351191 0.018133 -0.086235 -0.000598 0.996110
1643042163.191878 7.796287 84.666670 53.475833 0.017478 -0.068165 -0.002856 0.997517
1643042163.29186 7.800437 84.678071 53.586493 0.018863 -0.047945 -0.001579 0.998671
1643042163.39186 7.828171 84.670666 53.706683 0.017328 -0.028725 -0.002961 0.999433
1643042163.491923 7.866262 84.672789 53.843231 0.016152 -0.010502 -0.004034 0.999806
1643042163.592091 7.891455 84.676966 53.966319 0.018345 0.006406 -0.004909 0.999799
1643042163.692461 7.918878 84.673690 54.106267 0.016037 0.022290 -0.005549 0.999608
1643042163.792706 8.040222 84.672465 54.187042 0.017572 0.034456 -0.005494 0.999237
1643042163.892928 8.033663 84.674295 54.308619 0.017799 0.045300 -0.004927 0.998803
1643042163.993159 8.078643 84.676841 54.452896 0.019413 0.053697 -0.003720 0.998362
1643042164.093338 8.137621 84.674683 54.570970 0.019666 0.063162 -0.004787 0.997798
1643042164.193782 8.152502 84.675289 54.699713 0.018944 0.075394 -0.006039 0.996956
1643042164.294239 8.229265 84.676936 54.811654 0.016092 0.093187 -0.005594 0.995503
1643042164.394512 8.277806 84.669638 54.925676 0.017802 0.114266 -0.006336 0.993270
1643042164.494466 8.331773 84.679984 55.044723 0.018639 0.130179 -0.005820 0.991298
1643042164.594234 8.395731 84.675190 55.152253 0.015909 0.145619 -0.006036 0.989194
1643042164.694203 8.450076 84.674875 55.268503 0.015479 0.159904 -0.005981 0.986993
1643042164.794034 8.533860 84.676030 55.369710 0.017593 0.174395 -0.006359 0.984498
1643042164.893859 8.595920 84.676806 55.467542 0.019606 0.189151 -0.006034 0.981734
1643042164.993674 8.652847 84.672317 55.581316 0.020860 0.204905 -0.009119 0.978517
1643042165.093475 8.745567 84.677076 55.679851 0.019375 0.220280 -0.008341 0.975209
1643042165.193185 8.838480 84.671687 55.775974 0.019592 0.237368 -0.005401 0.971207
1643042165.292973 8.915911 84.672100 55.865651 0.020198 0.252404 -0.007687 0.967381
1643042165.392798 9.021471 84.674138 55.955011 0.018466 0.270037 -0.007752 0.962642
1643042165.492702 9.090517 84.677218 56.048276 0.017082 0.287004 -0.006616 0.957754
1643042165.592573 9.163355 84.675870 56.136393 0.018175 0.304467 -0.008410 0.952312
1643042165.692693 9.255521 84.680918 56.216806 0.014798 0.320856 -0.008989 0.946970
1643042165.792686 9.362461 84.670854 56.294717 0.015790 0.338279 -0.008719 0.940873
1643042165.892689 9.452277 84.680133 56.372417 0.017228 0.353726 -0.009385 0.935143
1643042165.992758 9.552895 84.680595 56.437352 0.014844 0.370854 -0.010606 0.928512
1643042166.092837 9.678570 84.676958 56.508092 0.015527 0.387654 -0.011544 0.921602
1643042166.192808 9.757685 84.680019 56.578313 0.016478 0.403648 -0.011401 0.914695
1643042166.292661 9.862125 84.683315 56.636641 0.015258 0.419833 -0.013433 0.907373
1643042166.392593 9.985716 84.676213 56.690772 0.014220 0.438527 -0.016427 0.898455
1643042166.492552 10.101079 84.679435 56.740941 0.014987 0.456509 -0.015702 0.889454
1643042166.592294 10.214048 84.680331 56.787123 0.014013 0.473072 -0.015121 0.880782
1643042166.692245 10.331461 84.675229 56.826948 0.014963 0.487402 -0.016273 0.872898
1643042166.792193 10.448856 84.678976 56.865511 0.011686 0.500625 -0.014850 0.865458
1643042166.892241 10.578888 84.677173 56.894940 0.013576 0.511934 -0.014434 0.858796
1643042166.992463 10.698885 84.678542 56.925175 0.015356 0.525641 -0.014986 0.850436
1643042167.092836 10.826660 84.680072 56.947674 0.013380 0.540348 -0.014813 0.841205
1643042167.193137 10.940362 84.679746 56.971723 0.012089 0.552934 -0.012833 0.833038
1643042167.293261 11.074165 84.675848 56.986630 0.016445 0.566552 -0.015981 0.823707
1643042167.393282 11.201648 84.675979 56.997734 0.013673 0.579134 -0.014915 0.814981
1643042167.493228 11.330343 84.677031 57.009437 0.013378 0.591756 -0.015992 0.805848
1643042167.592963 11.444759 84.678841 57.020385 0.015455 0.602139 -0.016153 0.798078
1643042167.692674 11.562812 84.676214 57.022747 0.014174 0.610206 -0.015169 0.791971
1643042167.792328 11.696446 84.673992 57.021323 0.014418 0.618432 -0.017461 0.785512
1643042167.892102 11.831146 84.677322 57.013196 0.012597 0.628202 -0.016239 0.777779
1643042167.991959 11.956351 84.674857 57.004777 0.012737 0.637495 -0.014504 0.770213
1643042168.091832 12.080095 84.673940 56.991984 0.014478 0.647207 -0.015323 0.762022
1643042168.191828 12.205145 84.676662 56.976758 0.009319 0.655831 -0.015574 0.754690
1643042168.291662 12.319372 84.671848 56.957506 0.013524 0.659769 -0.012590 0.751241
1643042168.391643 12.445475 84.674402 56.932853 0.014370 0.665176 -0.013183 0.746431
1643042168.491754 12.563420 84.676350 56.906191 0.012477 0.671585 -0.012098 0.740724
1643042168.591933 12.683985 84.677567 56.880021 0.012372 0.679793 -0.012086 0.733200
1643042168.692245 12.801770 84.674600 56.852652 0.012353 0.688507 -0.012019 0.725025
1643042168.792272 12.918217 84.680561 56.822346 0.012765 0.696170 -0.012631 0.717653
1643042168.892252 13.041134 84.680194 56.785177 0.011009 0.703463 -0.013734 0.710514
1643042168.992128 13.156219 84.680763 56.751565 0.011821 0.707424 -0.013196 0.706567
1643042169.092083 13.281602 84.684826 56.718137 0.011542 0.712297 -0.011760 0.701684
1643042169.192139 13.416477 84.685102 56.674135 0.012110 0.719392 -0.014793 0.694341
1643042169.292483 13.510562 84.683623 56.638620 0.010416 0.724854 -0.015377 0.688652
1643042169.392825 13.642218 84.679619 56.589439 0.009546 0.732742 -0.013446 0.680307
1643042169.493017 13.759268 84.686006 56.541319 0.011767 0.736196 -0.015719 0.676483
1643042169.593176 13.876076 84.686138 56.492566 0.013254 0.737366 -0.015236 0.675191
1643042169.693352 13.977606 84.684876 56.453510 0.013921 0.738238 -0.015454 0.674220
1643042169.793506 14.130202 84.683423 56.396194 0.013242 0.740229 -0.014859 0.672060
1643042169.893728 14.239668 84.676737 56.352518 0.014245 0.741812 -0.012863 0.670333
1643042169.9938 14.341139 84.681318 56.319684 0.015210 0.741642 -0.013223 0.670493
1643042170.093835 14.527980 84.651245 56.256387 0.014222 0.742562 -0.012119 0.669517
1643042170.193742 14.597766 84.680506 56.230448 0.013876 0.740095 -0.013808 0.672217
1643042170.29362 14.747414 84.680411 56.179715 0.015960 0.738061 -0.014838 0.674382
1643042170.393384 14.809870 84.692303 56.146941 0.014268 0.735362 -0.015283 0.677352
1643042170.493079 14.901937 84.656973 56.129979 0.018202 0.733758 -0.016119 0.678975
1643042170.592897 15.004256 84.662086 56.111200 0.020843 0.732601 -0.016116 0.680148
1643042170.692871 15.190325 84.680786 56.045459 0.016372 0.739235 -0.019926 0.672954
1643042170.792664 15.326202 84.679165 56.008958 0.014559 0.738910 -0.017027 0.673431
1643042170.892632 15.428049 84.670245 55.980402 0.017508 0.738304 -0.014813 0.674078
1643042170.992734 15.474459 84.673811 55.955738 0.016346 0.739165 -0.017124 0.673108
1643042171.092852 15.695089 84.667458 55.912463 0.009592 0.740617 -0.013879 0.671716
1643042171.192964 15.639183 84.640064 55.936209 0.003178 0.736133 -0.003754 0.676819
1643042171.293025 15.632316 84.676643 55.922460 0.023386 0.726156 -0.025179 0.686671
1643042171.393124 15.784367 84.657781 55.788605 0.012049 0.703799 -0.021422 0.709974
1643042171.493362 15.779809 84.660290 55.740159 0.012945 0.701959 -0.020527 0.711803
1643042171.593563 16.010543 84.659413 55.590360 0.022910 0.695601 -0.011319 0.717974
1643042171.693746 16.142833 84.649884 55.539579 0.005590 0.698026 -0.022820 0.715686
1643042171.793693 16.242615 84.655971 55.441734 0.019579 0.696806 -0.009999 0.716923
1643042171.893557 16.430264 84.657068 55.389187 0.023239 0.693882 -0.009433 0.719651
1643042171.993375 16.455335 84.662694 55.390458 0.024486 0.705872 -0.010441 0.707840
1643042172.093224 16.728695 84.681770 55.287807 0.026480 0.697777 -0.006891 0.715792
1643042172.193034 16.807592 84.656143 55.283429 0.010877 0.707612 -0.019705 0.706243
1643042172.292856 16.966362 84.669381 55.271791 0.019819 0.711936 -0.015012 0.701804
1643042172.392739 17.118532 84.670959 55.251980 0.018759 0.707568 -0.014270 0.706252
1643042172.492581 17.282948 84.672857 55.198668 0.018218 0.712719 -0.013193 0.701089
1643042172.592396 17.381868 84.655784 55.187836 0.006130 0.713043 -0.020294 0.700800
1643042172.692427 17.562569 84.669164 55.107460 0.019831 0.711193 -0.011645 0.702620
1643042172.792504 17.655300 84.666241 55.101911 0.015935 0.713958 -0.013459 0.699878
1643042172.892568 17.784496 84.666087 55.061736 0.011882 0.715854 -0.014514 0.697998
1643042172.99255 17.898186 84.672956 55.024160 0.016014 0.720853 -0.012056 0.692798
1643042173.092546 17.972966 84.674373 55.020298 0.015015 0.726939 -0.011856 0.686436
1643042173.192562 18.131049 84.650597 54.926792 0.003765 0.722192 -0.021506 0.691348
1643042173.292561 18.282597 84.670224 54.858215 0.017264 0.720914 -0.013746 0.692673
1643042173.392465 18.351644 84.670585 54.837276 0.020591 0.720099 -0.012519 0.693453
1643042173.492314 18.438858 84.663250 54.865175 0.011060 0.721733 -0.019188 0.691817
1643042173.592239 18.599020 84.674544 54.790707 0.016150 0.719393 -0.013973 0.694275
1643042173.692411 18.726167 84.664912 54.751996 0.022069 0.719402 -0.008613 0.694190
1643042173.792531 18.803653 84.660906 54.802687 0.008860 0.731428 -0.020157 0.681563
1643042173.892696 18.886127 84.672810 54.797973 0.015910 0.738146 -0.014681 0.674293
1643042173.992819 19.060122 84.673989 54.750603 0.018718 0.741607 -0.015102 0.670403
1643042174.092899 19.179668 84.677645 54.708494 0.015435 0.742386 -0.015274 0.669620
1643042174.192876 19.305428 84.673934 54.662360 0.015568 0.741890 -0.014105 0.670193
1643042174.292854 19.410322 84.671331 54.621443 0.016975 0.742373 -0.015184 0.669600
1643042174.39275 19.565978 84.672784 54.567482 0.016420 0.742380 -0.015537 0.669597
1643042174.492598 19.642425 84.672244 54.530660 0.018029 0.743907 -0.014227 0.667888
1643042174.592547 19.767844 84.677430 54.483352 0.015645 0.745165 -0.014078 0.666548
1643042174.692654 19.894787 84.669604 54.436416 0.014210 0.749749 -0.013843 0.661425
1643042174.792671 20.032152 84.668448 54.380091 0.016198 0.751327 -0.015138 0.659558
1643042174.892696 20.143257 84.673600 54.326343 0.015672 0.755970 -0.015916 0.654225
1643042174.992672 20.259302 84.673666 54.267427 0.015963 0.760878 -0.016849 0.648479
1643042175.092715 20.355857 84.670955 54.216756 0.015434 0.766622 -0.016865 0.641691
1643042175.19282 20.470632 84.674017 54.152611 0.015729 0.774715 -0.016806 0.631892
1643042175.292931 20.578039 84.671705 54.087170 0.014803 0.785195 -0.017457 0.618826
1643042175.392926 20.676570 84.675330 54.034442 0.014604 0.795857 -0.016577 0.605081
1643042175.492815 20.787542 84.673060 53.962969 0.011688 0.806153 -0.016962 0.591349
1643042175.592748 20.885658 84.670279 53.891524 0.014085 0.816292 -0.015657 0.577255
1643042175.692805 20.986789 84.674211 53.819204 0.010186 0.826813 -0.015365 0.562175
1643042175.792746 21.077649 84.674155 53.743178 0.009799 0.835471 -0.015252 0.549235
1643042175.892685 21.167411 84.675473 53.660262 0.010935 0.844158 -0.017981 0.535682
1643042175.992741 21.251332 84.677374 53.573228 0.009761 0.853707 -0.016679 0.520395
1643042176.092929 21.333667 84.674096 53.484936 0.008575 0.864475 -0.016983 0.502315
1643042176.193101 21.409029 84.675772 53.391016 0.008615 0.875256 -0.018446 0.483231
1643042176.293194 21.479122 84.677674 53.296931 0.008137 0.886877 -0.020962 0.461458
1643042176.393156 21.547723 84.676547 53.196357 0.006518 0.897888 -0.019137 0.439759
1643042176.493128 21.597406 84.678783 53.089740 0.006254 0.908600 -0.019224 0.417178
1643042176.593059 21.678024 84.678819 52.999376 0.004828 0.919450 -0.018561 0.392740
1643042176.693124 21.721162 84.674577 52.878030 0.003857 0.929647 -0.018521 0.367966
1643042176.7931 21.766628 84.671709 52.751873 0.007438 0.938606 -0.020994 0.344272
1643042176.893137 21.818087 84.678264 52.646072 0.002516 0.947433 -0.018488 0.319408
1643042176.993152 21.834108 84.680243 52.509172 0.003333 0.954900 -0.018320 0.296342
1643042177.093027 21.869357 84.679478 52.393915 0.005454 0.961073 -0.018629 0.275611
1643042177.192932 21.904980 84.679542 52.320927 0.003494 0.966702 -0.018592 0.255204
1643042177.292776 21.920007 84.682302 52.178702 0.006084 0.971614 -0.018692 0.235753
1643042177.392691 21.938667 84.683292 52.057422 0.004535 0.975953 -0.018047 0.217185
1643042177.492787 21.967781 84.678978 51.987569 0.000933 0.980283 -0.018761 0.196705
1643042177.593017 21.964676 84.682588 51.836781 0.001871 0.984706 -0.019234 0.173148
1643042177.693473 21.972564 84.684284 51.725889 -0.001150 0.988645 -0.020341 0.148885
1643042177.79371 21.980330 84.682786 51.618219 -0.001344 0.992040 -0.021380 0.124086
1643042177.893783 21.974246 84.686677 51.497927 -0.003143 0.994376 -0.021647 0.103622
1643042177.993565 21.960479 84.683945 51.368738 -0.003591 0.996173 -0.021648 0.084600
1643042178.093157 21.957513 84.684346 51.265669 -0.004156 0.997296 -0.023371 0.069553
1643042178.192639 21.945485 84.705839 51.093292 -0.013427 0.998089 -0.020223 0.056832
1643042178.292225 21.933815 84.680951 51.059005 -0.003794 0.998682 -0.023964 0.045226
1643042178.391956 21.912209 84.680573 50.935205 -0.005052 0.999204 -0.024814 0.030811
1643042178.491795 21.856144 84.681229 50.714083 -0.005752 0.999577 -0.022947 0.016916
1643042178.591568 21.842242 84.678177 50.636358 -0.008135 0.999677 -0.023812 0.003528
1643042178.691553 21.819271 84.680048 50.511317 -0.004656 0.999610 -0.026989 -0.005459
1643042178.79155 21.787317 84.674939 50.408463 -0.005583 0.999602 -0.024854 -0.012101
1643042178.891742 21.780165 84.677338 50.365254 -0.005180 0.999518 -0.025041 -0.017578
1643042178.992043 21.733340 84.678714 50.203427 -0.005728 0.999439 -0.023371 -0.023292
1643042179.092469 21.692795 84.676005 50.066344 -0.006970 0.999276 -0.023155 -0.029387
1643042179.192894 21.653538 84.673851 49.921135 -0.001512 0.999097 -0.025551 -0.033910
1643042179.293252 21.630456 84.673176 49.854134 0.000338 0.998936 -0.023797 -0.039504
1643042179.393542 21.580678 84.673357 49.705071 -0.001101 0.998499 -0.022525 -0.049921
1643042179.493624 21.524577 84.669395 49.528361 0.003553 0.998068 -0.021540 -0.058162
1643042179.593504 21.528161 84.671347 49.568417 0.000888 0.997371 -0.023181 -0.068650
1643042179.693339 21.486126 84.671692 49.458936 0.001652 0.996565 -0.021983 -0.079830
1643042179.792882 21.414133 84.669867 49.273678 -0.000925 0.995479 -0.018231 -0.093213
1643042179.892449 21.351390 84.673020 49.116787 -0.000930 0.994541 -0.019006 -0.102601
1643042179.991857 21.297792 84.675782 48.996265 -0.001039 0.993926 -0.017499 -0.108646
1643042180.091377 21.226123 84.668277 48.836704 0.002914 0.993615 -0.017610 -0.111402
1643042180.190993 21.224559 84.672815 48.866076 -0.001821 0.993692 -0.018283 -0.110626
1643042180.290777 21.174692 84.672406 48.761394 0.000384 0.993766 -0.017949 -0.110028
1643042180.390812 21.132498 84.673753 48.675603 -0.001522 0.993966 -0.018803 -0.108059
1643042180.490988 21.053334 84.673682 48.472379 -0.002690 0.994204 -0.019240 -0.105736
1643042180.591247 21.033082 84.670781 48.447237 -0.006259 0.994579 -0.021729 -0.101493
1643042180.691561 20.942244 84.672735 48.207252 -0.005941 0.995315 -0.024483 -0.093346
1643042180.791656 20.901543 84.673664 48.113146 -0.002559 0.996259 -0.025123 -0.082648
1643042180.891702 20.828498 84.672141 47.920434 -0.000617 0.997073 -0.025221 -0.072178
1643042180.991865 20.827825 84.663858 47.953550 0.004764 0.997550 -0.025466 -0.064988
1643042181.091916 20.805267 84.669994 47.860068 0.000110 0.998130 -0.023423 -0.056460
1643042181.19188 20.762606 84.671799 47.723111 -0.000989 0.998521 -0.023168 -0.049173
1643042181.291848 20.716222 84.671533 47.567070 0.000173 0.998870 -0.021208 -0.042538
1643042181.391935 20.686730 84.673369 47.446676 0.000494 0.999065 -0.020818 -0.037896
1643042181.492003 20.606727 84.667376 47.167815 0.003484 0.999048 -0.021213 -0.037971
1643042181.591968 20.628994 84.669133 47.206057 0.000937 0.999044 -0.020844 -0.038428
1643042181.692027 20.610597 84.673262 47.118964 -0.000958 0.998962 -0.020754 -0.040528
1643042181.791959 20.567132 84.677827 46.967275 0.000556 0.998811 -0.019701 -0.044583
1643042181.891941 20.527136 84.672156 46.807612 -0.000182 0.998693 -0.016825 -0.048265
1643042181.991957 20.495363 84.673057 46.684020 -0.001877 0.998486 -0.017344 -0.052170
1643042182.092098 20.475517 84.674210 46.623152 0.002315 0.998250 -0.015863 -0.056919
1643042182.192288 20.434357 84.675936 46.535100 0.011938 0.997607 -0.018359 -0.065587
1643042182.292624 20.409322 84.679352 46.369259 -0.001331 0.997509 -0.014716 -0.068971
1643042182.392872 20.375849 84.680260 46.248660 -0.004275 0.996886 -0.015857 -0.077126
1643042182.492985 20.342944 84.680107 46.134705 -0.007851 0.996203 -0.015418 -0.085319
1643042182.592972 20.271104 84.677756 46.026194 -0.004998 0.995853 -0.018563 -0.088924
1643042182.693083 20.226429 84.681454 45.861423 -0.008818 0.994799 -0.019139 -0.099658
1643042182.79308 20.187598 84.680356 45.750458 -0.003920 0.994658 -0.021153 -0.100958
1643042182.892934 20.170849 84.686872 45.666841 -0.008316 0.994733 -0.022345 -0.099691
1643042182.992716 20.089336 84.686884 45.627924 -0.006853 0.994690 -0.021447 -0.100420
1643042183.092456 20.071983 84.680737 45.435827 -0.007136 0.994816 -0.022099 -0.099005
1643042183.192206 19.985733 84.677761 45.330319 0.006511 0.994926 -0.025277 -0.097166
1643042183.292039 19.984542 84.679585 45.205665 -0.002217 0.994887 -0.023263 -0.098259
1643042183.39184 19.898398 84.680579 45.094397 -0.005508 0.995204 -0.022090 -0.095139
1643042183.491586 19.870248 84.682305 44.962997 -0.004662 0.995255 -0.022534 -0.094545
1643042183.591413 19.819515 84.681011 44.896997 -0.003137 0.995954 -0.023597 -0.086658
1643042183.691368 19.756623 84.678705 44.742169 -0.003019 0.995996 -0.022345 -0.086506
1643042183.79122 19.730313 84.680060 44.569577 -0.001372 0.996242 -0.021142 -0.083988
1643042183.891048 19.696865 84.677850 44.488655 -0.000856 0.997096 -0.019776 -0.073544
1643042183.990881 19.664418 84.680492 44.363092 -0.000748 0.997322 -0.020736 -0.070126
1643042184.090811 19.610591 84.681976 44.188206 -0.003211 0.997870 -0.018032 -0.062603
1643042184.190838 19.587914 84.682665 44.108031 -0.004168 0.998134 -0.020073 -0.057517
1643042184.290925 19.551996 84.682010 43.994916 -0.005144 0.998521 -0.019915 -0.050334
1643042184.391054 19.518395 84.685404 43.885307 -0.005094 0.998825 -0.019859 -0.043909
1643042184.491219 19.494208 84.681049 43.755720 -0.003542 0.999079 -0.021709 -0.036855
1643042184.591396 19.457682 84.682067 43.608681 -0.004123 0.999222 -0.020596 -0.033393
1643042184.691627 19.390635 84.682565 43.369737 -0.002420 0.999355 -0.020136 -0.029620
1643042184.791641 19.405515 84.651863 43.387464 -0.001789 0.999586 -0.019130 -0.021418
1643042184.891542 19.359074 84.680837 43.198114 -0.001949 0.999740 -0.017471 -0.014541
1643042184.991408 19.331949 84.680501 43.072433 -0.002063 0.999776 -0.020652 -0.004039
1643042185.091428 19.305018 84.681425 42.938273 -0.000937 0.999764 -0.020990 0.005470
1643042185.191643 19.294239 84.681475 42.856520 0.001583 0.999678 -0.022179 0.012257
1643042185.291876 19.252177 84.683029 42.683295 0.001429 0.999668 -0.022222 0.012992
1643042185.391956 19.221224 84.682074 42.553639 0.000446 0.999683 -0.021263 0.013479
1643042185.491813 19.208646 84.681357 42.486119 0.001152 0.999642 -0.022629 0.014255
1643042185.591659 19.138437 84.679257 42.240040 0.004461 0.999682 -0.022490 0.010514
1643042185.69164 19.145690 84.680651 42.233348 0.004497 0.999708 -0.023428 0.003920
1643042185.791401 19.096672 84.680341 42.049288 0.003914 0.999687 -0.023110 -0.008752
1643042185.891068 19.061824 84.680186 41.917635 0.002069 0.999559 -0.020456 -0.021414
1643042185.990676 19.049600 84.679930 41.863811 0.002030 0.999314 -0.019657 -0.031334
1643042186.090264 19.006794 84.668137 41.714409 0.002158 0.998851 -0.020580 -0.043229
1643042186.189898 18.969817 84.673105 41.591577 0.003115 0.998233 -0.020447 -0.055714
1643042186.289698 18.923404 84.681771 41.462778 -0.001448 0.997502 -0.019060 -0.067997
1643042186.389528 18.866521 84.681544 41.308362 -0.001508 0.996658 -0.018694 -0.079507
1643042186.489458 18.830492 84.681968 41.224947 0.000385 0.996283 -0.020011 -0.083782
1643042186.589505 18.782652 84.683544 41.118233 -0.000313 0.995920 -0.020521 -0.087872
1643042186.68989 18.721712 84.684079 40.981636 -0.001308 0.995592 -0.020695 -0.091473
1643042186.790239 18.671219 84.684309 40.867598 -0.001271 0.995542 -0.020466 -0.092069
1643042186.890596 18.618710 84.683301 40.756895 -0.002137 0.995695 -0.020534 -0.090363
1643042186.991055 18.558965 84.683907 40.631249 -0.000954 0.995792 -0.019868 -0.089455
1643042187.09143 18.494410 84.686712 40.490271 0.000015 0.995865 -0.020485 -0.088502
1643042187.19154 18.448367 84.685600 40.407218 -0.000060 0.996012 -0.021152 -0.086675
1643042187.291498 18.398424 84.684991 40.316177 -0.002711 0.996296 -0.022434 -0.082967
1643042187.391344 18.344475 84.685012 40.206796 -0.003632 0.996638 -0.022001 -0.078832
1643042187.491168 18.274234 84.679909 40.034313 -0.001885 0.996776 -0.023091 -0.076823
1643042187.59093 18.220924 84.683891 39.918335 -0.004240 0.997205 -0.022441 -0.071137
1643042187.690823 18.176386 84.683598 39.797136 -0.004085 0.997748 -0.021670 -0.063348
1643042187.790661 18.110517 84.681017 39.744141 -0.004184 0.998350 -0.025041 -0.051506
1643042187.890641 18.096384 84.684117 39.608084 -0.004899 0.998887 -0.022496 -0.041177
1643042187.990848 18.062939 84.682527 39.515769 -0.003877 0.999332 -0.021227 -0.029484
1643042188.091259 18.010472 84.683629 39.349647 -0.003383 0.999541 -0.020988 -0.021598
1643042188.191793 17.966543 84.681226 39.214223 -0.000840 0.999702 -0.019448 -0.014715
1643042188.292313 17.928907 84.679495 39.100388 -0.002993 0.999786 -0.018866 -0.007927
1643042188.392695 17.889274 84.678287 38.946614 -0.003283 0.999810 -0.018169 -0.006172
1643042188.492766 17.864114 84.680090 38.853728 -0.000889 0.999795 -0.018871 -0.007218
1643042188.592477 17.822304 84.684814 38.759993 -0.004305 0.999802 -0.019288 -0.002266
1643042188.692103 17.775617 84.684262 38.608609 -0.004259 0.999833 -0.017766 0.000624
1643042188.791643 17.785659 84.683899 38.501405 -0.005283 0.999820 -0.017414 0.005413
1643042188.891478 17.733839 84.683502 38.389122 -0.004924 0.999772 -0.018630 0.009179
1643042188.991462 17.722033 84.675929 38.249977 0.001729 0.999748 -0.019643 0.010695
1643042189.0915 17.709448 84.687387 38.117870 -0.004016 0.999747 -0.020342 0.008668
1643042189.191574 17.681740 84.683703 37.995275 -0.003931 0.999765 -0.019816 0.007837
1643042189.291593 17.638807 84.683319 37.895880 -0.003108 0.999712 -0.020399 0.012264
1643042189.391622 17.628777 84.682425 37.748565 -0.002995 0.999772 -0.019312 0.008571
1643042189.491651 17.618616 84.684479 37.654431 -0.000992 0.999756 -0.021611 0.004543
1643042189.591568 17.584024 84.683117 37.491231 -0.003011 0.999752 -0.022072 -0.000088
1643042189.691474 17.554906 84.686585 37.371990 -0.005683 0.999760 -0.020935 -0.003167
1643042189.791269 17.543321 84.682658 37.300103 -0.005481 0.999704 -0.020544 -0.011795
1643042189.891143 17.512411 84.680507 37.161459 -0.006301 0.999510 -0.021325 -0.022024
1643042189.991009 17.459305 84.679831 36.957635 -0.004557 0.999220 -0.020681 -0.033330
1643042190.090928 17.462332 84.682957 36.963655 -0.007248 0.998864 -0.019838 -0.042723
1643042190.190859 17.410240 84.682773 36.800028 -0.006220 0.998352 -0.016629 -0.054568
1643042190.290814 17.359727 84.679484 36.647245 -0.004395 0.997643 -0.018840 -0.065837
1643042190.390696 17.248570 84.679792 36.326965 -0.004575 0.997063 -0.017261 -0.074471
1643042190.490607 17.274059 84.677671 36.433480 0.001331 0.996709 -0.019427 -0.078684
1643042190.590472 17.226275 84.678367 36.272666 -0.001393 0.996894 -0.018663 -0.076505
1643042190.690451 17.197465 84.683067 36.205513 -0.004248 0.997177 -0.020725 -0.072047
1643042190.790528 17.152906 84.685101 36.074265 -0.005335 0.997357 -0.020171 -0.069596
1643042190.890698 17.080656 84.679255 35.890948 0.001005 0.997220 -0.020217 -0.071715
1643042190.990954 17.040810 84.680939 35.797568 0.000135 0.996920 -0.021469 -0.075426
1643042191.091323 16.993816 84.683296 35.694617 0.000615 0.996520 -0.020021 -0.080905
1643042191.191708 16.945522 84.684677 35.591495 -0.000870 0.996111 -0.017957 -0.086258
1643042191.292071 16.860908 84.681752 35.360312 -0.000049 0.995701 -0.016154 -0.091210
1643042191.392204 16.846317 84.688862 35.354455 -0.003981 0.995600 -0.015892 -0.092265
1643042191.492013 16.819790 84.682323 35.321848 0.003257 0.995521 -0.017910 -0.092772
1643042191.591678 16.694301 84.690890 34.962968 0.000918 0.996019 -0.017985 -0.087298
1643042191.691431 16.626988 84.689751 34.931900 0.000820 0.996962 -0.018692 -0.075613
1643042191.791269 16.639004 84.687563 34.889593 0.000420 0.997668 -0.020362 -0.065149
1643042191.891327 16.597938 84.687510 34.769873 0.002153 0.998279 -0.020442 -0.054920
1643042191.991483 16.548051 84.686838 34.619481 0.000787 0.998730 -0.022449 -0.045088
1643042192.09162 16.489863 84.681370 34.584251 0.007606 0.999012 -0.027159 -0.034354
1643042192.19179 16.473586 84.686195 34.412902 0.001000 0.999253 -0.023818 -0.030410
1643042192.291921 16.427234 84.689783 34.364637 0.012858 0.999350 -0.024275 -0.023351
1643042192.392018 16.385543 84.689612 34.132760 0.001767 0.999518 -0.020620 -0.023142
1643042192.492042 16.351637 84.687946 34.002766 0.001967 0.999589 -0.020329 -0.020093
1643042192.591996 16.348668 84.683864 33.987059 0.005994 0.999536 -0.023618 -0.018271
1643042192.691989 16.311246 84.684535 33.809746 0.002723 0.999684 -0.020959 -0.013630
1643042192.79179 16.264549 84.692763 33.625439 0.002859 0.999710 -0.021249 -0.011009
1643042192.891682 16.227685 84.691807 33.467271 -0.001018 0.999786 -0.017875 -0.010341
1643042192.991647 16.234831 84.690187 33.461140 -0.001068 0.999774 -0.019132 -0.009175
1643042193.091678 16.188672 84.688013 33.279519 -0.002330 0.999750 -0.020901 -0.007629
1643042193.191873 16.165612 84.683929 33.172561 -0.005382 0.999788 -0.019517 -0.003754
1643042193.292039 16.118088 84.687912 32.969792 -0.002703 0.999779 -0.020622 -0.003124
1643042193.392131 16.150411 84.693645 33.031615 -0.004346 0.999819 -0.018468 0.001430
1643042193.492285 16.079138 84.690193 32.791544 -0.003957 0.999787 -0.019094 0.006700
1643042193.592561 16.040033 84.689641 32.555845 -0.005908 0.999806 -0.016973 0.008027
1643042193.693059 16.036006 84.690520 32.491730 -0.005858 0.999817 -0.017859 0.003590
1643042193.793376 16.011840 84.692694 32.361303 -0.007114 0.999819 -0.017586 -0.001630
1643042193.893505 15.985989 84.690252 32.236176 -0.006519 0.999801 -0.017555 -0.006945
1643042193.993444 15.964250 84.694738 32.122113 -0.008578 0.999680 -0.018894 -0.014474
1643042194.093301 15.932809 84.694486 31.998116 -0.007649 0.999580 -0.020166 -0.019381
1643042194.19313 15.899071 84.689291 31.858941 -0.007795 0.999479 -0.021022 -0.023224
1643042194.292846 15.887083 84.687750 31.795328 -0.005654 0.999354 -0.024724 -0.025460
1643042194.392498 15.868899 84.686322 31.699640 -0.002162 0.999345 -0.026274 -0.024776
1643042194.492196 15.812162 84.687497 31.500148 -0.001393 0.999267 -0.027396 -0.026699
1643042194.592128 15.778192 84.688979 31.379910 -0.004997 0.999249 -0.024393 -0.029699
1643042194.692324 15.735023 84.687955 31.232593 -0.002711 0.999021 -0.022049 -0.038263
1643042194.792463 15.701227 84.682966 31.126856 -0.003558 0.998546 -0.022281 -0.048963
1643042194.892492 15.665577 84.687485 30.988985 -0.005688 0.997877 -0.023768 -0.060375
1643042194.992379 15.619542 84.689204 30.878393 -0.003081 0.997326 -0.023329 -0.069193
1643042195.092247 15.579126 84.680154 30.769216 -0.001171 0.996786 -0.023410 -0.076599
1643042195.1921 15.512940 84.681708 30.565787 -0.002544 0.996279 -0.023882 -0.082767
1643042195.291877 15.494065 84.680246 30.528690 -0.003730 0.995957 -0.024582 -0.086321
1643042195.391689 15.441673 84.679371 30.394984 -0.004597 0.995618 -0.025632 -0.089817
1643042195.491522 15.395349 84.680715 30.272197 -0.005904 0.995364 -0.024633 -0.092785
1643042195.591467 15.373221 84.676139 30.235533 -0.003874 0.995108 -0.025216 -0.095447
1643042195.691531 15.302717 84.678470 30.048385 -0.005666 0.994964 -0.026167 -0.096589
1643042195.791446 15.254864 84.677493 29.930742 -0.006641 0.994948 -0.023089 -0.097473
1643042195.891336 15.198248 84.673334 29.774071 -0.006601 0.995054 -0.023344 -0.096328
1643042195.991278 15.174712 84.677389 29.742687 -0.008019 0.995670 -0.022336 -0.089877
1643042196.091221 15.129966 84.673753 29.627964 -0.004280 0.996428 -0.020987 -0.081683
1643042196.191205 15.086990 84.672986 29.512862 -0.003665 0.997234 -0.022946 -0.070597
1643042196.291311 15.051868 84.637269 29.413679 -0.001116 0.997939 -0.023605 -0.059653
1643042196.39154 15.002602 84.675638 29.277590 -0.005209 0.998510 -0.019587 -0.050674
1643042196.491884 14.949871 84.672607 29.112376 -0.003570 0.998859 -0.016832 -0.044540
1643042196.592221 14.924975 84.671378 29.027732 -0.003279 0.998912 -0.018072 -0.042877
1643042196.692424 14.888843 84.676701 28.912917 -0.003195 0.999072 -0.020618 -0.037692
1643042196.792334 14.859499 84.677083 28.827140 -0.002391 0.999275 -0.020238 -0.032154
1643042196.892324 14.801033 84.676235 28.635127 -0.003543 0.999312 -0.018695 -0.031835
1643042196.992425 14.791350 84.673427 28.589008 -0.004667 0.999262 -0.018976 -0.033064
1643042197.092559 14.762531 84.667753 28.470091 -0.003463 0.999055 -0.021779 -0.037454
1643042197.192434 14.718702 84.671597 28.306177 -0.004695 0.998997 -0.023106 -0.038072
1643042197.292184 14.709475 84.671323 28.248934 -0.005305 0.999096 -0.022461 -0.035705
1643042197.391975 14.654872 84.675045 28.052195 -0.007063 0.999223 -0.020105 -0.033155
1643042197.491973 14.634208 84.672712 27.970007 -0.008657 0.999296 -0.019201 -0.031045
1643042197.592189 14.584916 84.666450 27.789595 -0.005720 0.999264 -0.019516 -0.032529
1643042197.692586 14.581223 84.673693 27.746694 -0.004896 0.999285 -0.020576 -0.031337
1643042197.792758 14.538650 84.672449 27.603696 -0.004285 0.999324 -0.017760 -0.031895
1643042197.89285 14.491282 84.676346 27.437900 -0.006857 0.999333 -0.015176 -0.032506
1643042197.992784 14.467275 84.674772 27.347902 -0.005777 0.999356 -0.013713 -0.032644
1643042198.092599 14.435153 84.667684 27.220579 -0.004075 0.999364 -0.014598 -0.032291
1643042198.192336 14.399330 84.671803 27.080452 -0.001153 0.999382 -0.015418 -0.031570
1643042198.292054 14.372469 84.673953 26.972673 -0.003333 0.999473 -0.015954 -0.028090
1643042198.391902 14.321504 84.678640 26.795900 -0.004626 0.999511 -0.016571 -0.026104
1643042198.491826 14.302065 84.677037 26.729903 -0.003810 0.999540 -0.018074 -0.024034
1643042198.591861 14.279214 84.674335 26.638369 -0.003353 0.999555 -0.019338 -0.022466
1643042198.692133 14.241149 84.676274 26.509111 -0.004946 0.999526 -0.019959 -0.022927
1643042198.792321 14.224413 84.640612 26.441233 -0.001572 0.999509 -0.021516 -0.022744
1643042198.892443 14.159807 84.676571 26.235965 -0.006467 0.999423 -0.020810 -0.026046
1643042198.992416 14.121812 84.681147 26.114906 -0.005679 0.999426 -0.018826 -0.027599
1643042199.092272 14.086362 84.676259 25.990934 -0.004525 0.999417 -0.020959 -0.026563
1643042199.192099 14.052174 84.677919 25.860812 -0.006531 0.999468 -0.020197 -0.024766
1643042199.291956 13.998900 84.677023 25.690396 -0.005609 0.999458 -0.019446 -0.025953
1643042199.391858 13.978781 84.678258 25.615353 -0.004596 0.999417 -0.022116 -0.025602
1643042199.491727 13.944409 84.677779 25.504950 -0.002778 0.999389 -0.021513 -0.027406
1643042199.591618 13.870273 84.677109 25.282677 -0.002762 0.999174 -0.022066 -0.034011
1643042199.691566 13.845160 84.677238 25.196655 -0.004471 0.999154 -0.021623 -0.034690
1643042199.791465 13.811595 84.673652 25.085181 -0.000818 0.998950 -0.022457 -0.039919
1643042199.89148 13.784026 84.669069 25.014462 0.002579 0.998668 -0.022855 -0.046176
1643042199.991578 13.733233 84.680231 24.854095 -0.003631 0.998397 -0.020698 -0.052547
1643042200.091781 13.701564 84.680065 24.755835 -0.003993 0.998064 -0.017787 -0.059460
1643042200.191927 13.661202 84.675097 24.648997 -0.002377 0.997577 -0.019180 -0.066835
1643042200.291963 13.585683 84.671859 24.427069 0.001971 0.997276 -0.021787 -0.070440
1643042200.392044 13.560120 84.676862 24.405476 -0.000435 0.997433 -0.020266 -0.068677
1643042200.492262 13.513341 84.670984 24.276575 -0.005990 0.997716 -0.018931 -0.064558
1643042200.592644 13.476974 84.679954 24.172739 -0.003450 0.997816 -0.023141 -0.061764
1643042200.693247 13.418619 84.682339 24.033712 -0.005474 0.998195 -0.019846 -0.056423
1643042200.793751 13.378275 84.652224 23.928951 0.000995 0.998244 -0.022180 -0.054917
1643042200.894243 13.266681 84.666138 23.737482 0.008235 0.998569 -0.024258 -0.046945
1643042200.994629 13.311804 84.672168 23.771099 -0.002428 0.998865 -0.023338 -0.041445
1643042201.094832 13.235866 84.672883 23.562780 -0.000957 0.999085 -0.024277 -0.035189
1643042201.194902 13.238541 84.674594 23.572157 0.001533 0.999231 -0.024499 -0.030567
1643042201.294929 13.110742 84.672898 23.197714 0.004697 0.999239 -0.023962 -0.030418
1643042201.394838 13.055875 84.681726 23.076619 0.003605 0.999144 -0.024582 -0.033077
1643042201.49465 13.054649 84.676429 23.049886 -0.000072 0.999099 -0.024161 -0.034880
1643042201.594358 13.040207 84.659120 23.043518 0.003975 0.998987 -0.025474 -0.036886
1643042201.6941 12.944596 84.674199 22.745706 0.000080 0.999011 -0.024353 -0.037213
1643042201.793745 12.895048 84.664281 22.638467 0.006910 0.999024 -0.022689 -0.037261
1643042201.893576 12.881440 84.675977 22.592038 -0.001785 0.999147 -0.019562 -0.036330
1643042201.993498 12.817843 84.670813 22.392540 0.002082 0.999092 -0.020772 -0.037143
1643042202.093606 12.762444 84.665208 22.237310 0.002780 0.998938 -0.023487 -0.039546
1643042202.193864 12.763191 84.669037 22.225021 0.000197 0.998842 -0.023282 -0.042100
1643042202.294084 12.708530 84.670858 22.066064 -0.000727 0.998761 -0.023261 -0.043997
1643042202.394126 12.649423 84.674015 21.920810 -0.002730 0.998814 -0.021933 -0.043379
1643042202.493989 12.613000 84.670051 21.881927 0.005126 0.998979 -0.025555 -0.036890
1643042202.593898 12.577075 84.665471 21.721335 -0.003935 0.999196 -0.023614 -0.032149
1643042202.693995 12.570421 84.667318 21.678963 -0.002978 0.999256 -0.025260 -0.028996
1643042202.793959 12.515287 84.668613 21.513055 -0.001638 0.999379 -0.024386 -0.025370
1643042202.893921 12.460447 84.666496 21.367566 -0.001619 0.999494 -0.025355 -0.019140
1643042202.993801 12.429779 84.669698 21.243257 0.001245 0.999576 -0.025778 -0.013466
1643042203.093682 12.391759 84.664408 21.113373 -0.000079 0.999616 -0.025918 -0.009839
1643042203.193609 12.356989 84.662111 20.985278 0.000607 0.999558 -0.027759 -0.010643
1643042203.293491 12.317558 84.665512 20.862914 -0.000221 0.999543 -0.026166 -0.015122
1643042203.39334 12.282850 84.666803 20.746190 -0.000246 0.999556 -0.023610 -0.018190
1643042203.493246 12.241169 84.667337 20.619815 -0.002410 0.999501 -0.021672 -0.022867
1643042203.593193 12.241354 84.663251 20.624565 -0.002635 0.999412 -0.019029 -0.028389
1643042203.6933 12.152375 84.664447 20.348290 -0.001566 0.999202 -0.017450 -0.035896
1643042203.793187 12.116644 84.667858 20.252450 -0.003442 0.999040 -0.016003 -0.040639
1643042203.893068 12.065797 84.667536 20.097038 -0.005188 0.998939 -0.013988 -0.043581
1643042203.992875 12.027743 84.668162 19.986172 -0.005289 0.998963 -0.015298 -0.042558
1643042204.092891 11.974490 84.666116 19.816211 -0.003281 0.999011 -0.017429 -0.040785
1643042204.193124 11.977536 84.654160 19.849599 -0.004839 0.999094 -0.019453 -0.037536
1643042204.293324 11.906659 84.670587 19.632618 -0.004198 0.998986 -0.019015 -0.040590
1643042204.39348 11.867203 84.673009 19.520253 -0.006337 0.999096 -0.018353 -0.037806
1643042204.493597 11.824953 84.669532 19.392582 -0.003401 0.999185 -0.018121 -0.035912
1643042204.593849 11.801537 84.671450 19.321676 -0.005349 0.999366 -0.021380 -0.027978
1643042204.694105 11.750793 84.673559 19.156931 -0.004869 0.999406 -0.021636 -0.026377
1643042204.794208 11.716272 84.678559 19.073587 -0.005639 0.999536 -0.023002 -0.019141
1643042204.8943 11.678048 84.678905 18.948431 -0.004554 0.999659 -0.021470 -0.014129
1643042204.994276 11.637285 84.672069 18.818388 -0.004531 0.999688 -0.021282 -0.012263
1643042205.094242 11.572361 84.644977 18.668439 -0.003509 0.999698 -0.021187 -0.011936
1643042205.194154 11.563755 84.665556 18.581191 -0.004895 0.999716 -0.021160 -0.009792
1643042205.294 11.517247 84.666674 18.453883 -0.002039 0.999783 -0.019441 -0.007161
1643042205.393771 11.482826 84.674550 18.309145 -0.003021 0.999689 -0.022389 -0.010557
1643042205.493623 11.452337 84.677919 18.219832 -0.005558 0.999750 -0.019178 -0.010039
1643042205.5935 11.403800 84.671972 18.072027 -0.003864 0.999739 -0.019332 -0.011573
1643042205.693469 11.366283 84.670802 17.950954 -0.004197 0.999719 -0.020633 -0.010917
1643042205.793297 11.320871 84.668087 17.824350 -0.004072 0.999697 -0.021711 -0.010859
1643042205.893183 11.283272 84.667929 17.693109 -0.002249 0.999668 -0.023802 -0.009599
1643042205.993106 11.238694 84.672355 17.589129 -0.002936 0.999714 -0.022523 -0.007505
1643042206.093158 11.205605 84.669043 17.482918 -0.002526 0.999694 -0.021534 -0.011916
1643042206.193199 11.154188 84.668093 17.338159 -0.003511 0.999640 -0.019702 -0.017893
1643042206.293062 11.117630 84.665827 17.206622 -0.002143 0.999585 -0.021634 -0.018907
1643042206.392849 11.084541 84.666391 17.102259 -0.001724 0.999595 -0.023556 -0.015897
1643042206.492674 11.045017 84.668516 16.992837 -0.002729 0.999603 -0.024351 -0.013920
1643042206.592553 11.006813 84.670272 16.855772 -0.002961 0.999628 -0.022564 -0.015055
1643042206.692633 10.971173 84.667425 16.731479 -0.002686 0.999659 -0.022505 -0.012946
1643042206.792694 10.937575 84.666382 16.608179 -0.002044 0.999666 -0.023368 -0.010849
1643042206.892819 10.896438 84.662918 16.459815 -0.002241 0.999667 -0.023811 -0.009738
1643042206.993001 10.851646 84.662326 16.299084 -0.001572 0.999676 -0.022687 -0.011468
1643042207.093142 10.831884 84.661985 16.222889 -0.000338 0.999661 -0.022021 -0.013886
1643042207.193329 10.795785 84.667143 16.102836 -0.001685 0.999639 -0.020489 -0.017317
1643042207.293522 10.776264 84.660073 16.024194 -0.001300 0.999630 -0.019648 -0.018759
1643042207.393692 10.727857 84.661928 15.857057 -0.002272 0.999548 -0.020544 -0.021834
1643042207.493792 10.687417 84.661637 15.717254 0.000046 0.999493 -0.021432 -0.023549
1643042207.593797 10.653269 84.664519 15.607458 0.000332 0.999506 -0.019906 -0.024317
1643042207.693952 10.631604 84.663036 15.533420 -0.000901 0.999491 -0.017654 -0.026552
1643042207.794059 10.583929 84.661328 15.369530 -0.001654 0.999387 -0.019281 -0.029160
1643042207.894109 10.547904 84.661675 15.240836 -0.002703 0.999304 -0.017314 -0.032934
1643042207.993994 10.505553 84.665151 15.109483 -0.002982 0.999138 -0.018905 -0.036850
1643042208.093696 10.479973 84.667750 15.044082 -0.003312 0.999199 -0.017393 -0.035875
1643042208.193316 10.414576 84.671029 14.845238 -0.004668 0.999273 -0.018001 -0.033267
1643042208.292972 10.389319 84.666457 14.769270 -0.005444 0.999416 -0.017773 -0.028689
1643042208.392811 10.349653 84.666977 14.638142 -0.005492 0.999434 -0.020832 -0.025842
1643042208.492754 10.308494 84.665677 14.511806 -0.005776 0.999545 -0.018728 -0.022922
1643042208.59266 10.280434 84.668055 14.411783 -0.004120 0.999605 -0.020696 -0.018541
1643042208.69261 10.233450 84.668821 14.257484 -0.003185 0.999711 -0.020810 -0.011577
1643042208.792563 10.193295 84.668680 14.124496 -0.004746 0.999770 -0.020324 -0.004897
1643042208.892714 10.157723 84.667266 13.999986 -0.004498 0.999771 -0.020915 -0.000405
1643042208.9929 10.116386 84.664484 13.855214 -0.003145 0.999753 -0.021862 0.002652
1643042209.093009 10.080193 84.663615 13.728398 -0.001460 0.999691 -0.023465 0.008120
1643042209.193112 10.050759 84.663870 13.612227 -0.003778 0.999594 -0.024452 0.014096
1643042209.293209 10.017431 84.663796 13.475091 -0.001340 0.999560 -0.024165 0.017142
1643042209.393319 9.990218 84.664285 13.364363 -0.002010 0.999606 -0.021451 0.017962
1643042209.493482 9.957499 84.665340 13.241040 -0.001524 0.999621 -0.020876 0.017891
1643042209.593652 9.927337 84.661713 13.112363 -0.003540 0.999657 -0.019932 0.016607
1643042209.693945 9.899369 84.663131 12.987253 -0.004605 0.999688 -0.020735 0.013166
1643042209.794118 9.851062 84.666186 12.814999 -0.004364 0.999735 -0.020985 0.008399
1643042209.894258 9.842503 84.668190 12.730820 -0.004683 0.999814 -0.018492 0.002885
1643042209.994364 9.794339 84.667197 12.568582 -0.003948 0.999798 -0.018579 -0.006531
1643042210.094389 9.776844 84.665954 12.490820 -0.005998 0.999661 -0.018872 -0.016923
1643042210.194232 9.740805 84.665401 12.371089 -0.005871 0.999373 -0.020737 -0.028080
1643042210.293982 9.697500 84.666122 12.251358 -0.010578 0.999022 -0.020650 -0.037633
1643042210.39357 9.650735 84.667431 12.082998 -0.010097 0.998604 -0.022164 -0.046875
1643042210.493058 9.585045 84.667590 12.014545 -0.009217 0.998401 -0.021890 -0.051291
1643042210.592459 9.572194 84.668275 11.893860 -0.009257 0.998315 -0.020065 -0.053661
1643042210.692058 9.529728 84.659340 11.774779 -0.005018 0.997808 -0.021040 -0.062542
1643042210.791801 9.469401 84.652611 11.695806 0.007119 0.997711 -0.024894 -0.062467
1643042210.891688 9.446145 84.664423 11.525037 -0.005380 0.997498 -0.020046 -0.067575
1643042210.991638 9.373350 84.660365 11.420205 0.001651 0.997352 -0.021282 -0.069527
1643042211.091617 9.332027 84.665286 11.297425 -0.007892 0.997474 -0.018417 -0.068148
1643042211.191717 9.284459 84.664019 11.167934 -0.002786 0.997420 -0.019690 -0.068980
1643042211.291965 9.199795 84.661356 11.062499 -0.001896 0.997731 -0.020630 -0.064052
1643042211.392195 9.153016 84.662683 11.014296 -0.004035 0.997682 -0.021041 -0.064590
1643042211.492272 9.133056 84.666802 10.797969 -0.001528 0.997815 -0.021981 -0.062289
1643042211.592242 9.069009 84.665698 10.643028 -0.006228 0.998375 -0.020075 -0.052960
1643042211.692379 9.020169 84.667296 10.563596 -0.003847 0.998532 -0.021049 -0.049766
1643042211.792494 8.985903 84.661824 10.462093 -0.006607 0.999019 -0.022496 -0.037573
1643042211.892621 8.952560 84.657020 10.357143 0.004576 0.999070 -0.026817 -0.033457
1643042211.992663 8.881387 84.660103 10.230116 0.002380 0.999399 -0.027207 -0.021337
1643042212.092743 8.871453 84.663538 10.114656 0.000270 0.999524 -0.025801 -0.016907
1643042212.192858 8.847556 84.661685 10.028821 -0.000175 0.999679 -0.023007 -0.010622
1643042212.293042 8.802525 84.665200 9.890992 -0.002322 0.999764 -0.020597 -0.006452
1643042212.393245 8.750050 84.664803 9.706236 -0.003138 0.999770 -0.020288 -0.006137
1643042212.493359 8.746228 84.666026 9.678871 -0.001433 0.999771 -0.021352 0.000066
1643042212.593324 8.668708 84.664469 9.407557 -0.001986 0.999685 -0.023175 0.009411
1643042212.693561 8.646763 84.664403 9.314962 -0.000701 0.999637 -0.021387 0.016360
1643042212.793686 8.633819 84.666594 9.230423 -0.000648 0.999598 -0.020354 0.019701
1643042212.89362 8.602062 84.666155 9.099670 0.001672 0.999512 -0.022076 0.022057
1643042212.993463 8.577491 84.664675 8.984943 -0.000768 0.999551 -0.020743 0.021602
1643042213.093251 8.538840 84.665197 8.820163 0.000148 0.999542 -0.021463 0.021349
1643042213.192931 8.507371 84.665356 8.676831 -0.001127 0.999630 -0.019484 0.018956
1643042213.292611 8.484166 84.670577 8.565725 -0.002925 0.999654 -0.019916 0.016946
1643042213.392186 8.447424 84.663526 8.443509 0.003195 0.999675 -0.020147 0.015275
1643042213.491796 8.437307 84.666662 8.317162 -0.001581 0.999652 -0.019704 0.017470
1643042213.59161 8.447631 84.668057 8.290898 -0.003742 0.999574 -0.021117 0.019782
1643042213.691819 8.392542 84.671355 8.078851 -0.003439 0.999604 -0.020406 0.019051
1643042213.791974 8.374251 84.650803 7.965225 0.004739 0.999510 -0.023905 0.019659
1643042213.892198 8.352729 84.665571 7.835051 -0.004383 0.999462 -0.024692 0.021119
1643042213.992491 8.315588 84.670098 7.670131 -0.004674 0.999528 -0.023410 0.019348
1643042214.092883 8.288640 84.667924 7.553072 -0.005284 0.999553 -0.023924 0.017104
1643042214.193226 8.272779 84.667991 7.461657 -0.004445 0.999602 -0.023459 0.015005
1643042214.293541 8.231257 84.665485 7.282137 -0.002019 0.999696 -0.022163 0.010601
1643042214.393753 8.208137 84.670454 7.174000 -0.004143 0.999755 -0.021444 0.003473
1643042214.493885 8.165882 84.644852 7.097476 0.006432 0.999622 -0.024865 -0.009798
1643042214.593926 8.128149 84.666046 6.893972 -0.006150 0.999515 -0.017185 -0.025245
1643042214.693907 8.114504 84.656716 6.815642 -0.002373 0.998978 -0.021871 -0.039497
1643042214.793618 8.088486 84.664074 6.725867 -0.004881 0.998369 -0.020399 -0.053098
1643042214.893288 8.046472 84.657869 6.647840 -0.004904 0.997567 -0.021114 -0.066254
1643042214.993024 7.985637 84.672017 6.501629 -0.006938 0.996767 -0.019566 -0.077624
1643042215.093021 7.931024 84.668957 6.371350 -0.005945 0.995735 -0.018160 -0.090263
1643042215.193206 7.881079 84.672173 6.275175 -0.006713 0.993984 -0.021559 -0.107175
1643042215.293516 7.824868 84.672644 6.177151 -0.006516 0.991684 -0.020308 -0.126919
1643042215.393785 7.768631 84.668704 6.096157 -0.008104 0.988953 -0.021652 -0.146413
1643042215.494045 7.709038 84.669879 5.983234 -0.007900 0.984912 -0.021836 -0.171489
1643042215.594249 7.631442 84.670744 5.891351 -0.007766 0.980367 -0.022148 -0.195778
1643042215.694429 7.564783 84.669319 5.808690 -0.008584 0.974730 -0.020655 -0.222265
1643042215.794302 7.492763 84.668379 5.724849 -0.009962 0.968486 -0.021436 -0.247944
1643042215.894085 7.411699 84.670270 5.660998 -0.009735 0.961425 -0.020338 -0.274142
1643042215.993897 7.326867 84.670781 5.584597 -0.008708 0.952680 -0.018937 -0.303261
1643042216.093705 7.222889 84.666934 5.520643 -0.007326 0.943626 -0.016934 -0.330499
1643042216.193449 7.140760 84.669462 5.456680 -0.009678 0.933893 -0.017848 -0.356977
1643042216.293238 7.052361 84.663718 5.401280 -0.009447 0.925424 -0.017960 -0.378390
1643042216.393121 6.941212 84.668316 5.348651 -0.008774 0.916087 -0.015663 -0.400577
1643042216.493141 6.817146 84.661293 5.303075 -0.011041 0.905828 -0.015973 -0.423200
1643042216.593283 6.702924 84.659002 5.256982 -0.012187 0.894049 -0.017581 -0.447458
1643042216.693475 6.631560 84.668790 5.206350 -0.012797 0.881802 -0.017407 -0.471124
1643042216.793476 6.502736 84.669149 5.175231 -0.013754 0.868251 -0.015313 -0.495698
1643042216.893399 6.408058 84.668263 5.163775 -0.015129 0.855479 -0.015054 -0.517397
1643042216.993293 6.262900 84.666968 5.123143 -0.015894 0.841460 -0.012946 -0.539930
1643042217.093086 6.179031 84.670062 5.089746 -0.014977 0.831885 -0.014256 -0.554563
1643042217.192752 6.046711 84.670943 5.087690 -0.014972 0.823103 -0.013281 -0.567539
1643042217.292552 5.944958 84.667543 5.064165 -0.015241 0.812962 -0.012524 -0.581982
1643042217.392567 5.825845 84.668899 5.055331 -0.014711 0.803310 -0.013077 -0.595236
1643042217.492664 5.669938 84.670973 5.067190 -0.015104 0.791009 -0.012602 -0.611488
1643042217.592854 5.588989 84.668162 5.062947 -0.014033 0.779586 -0.012509 -0.626013
1643042217.693097 5.432750 84.670702 5.085327 -0.014185 0.767574 -0.011975 -0.640692
1643042217.793197 5.338333 84.669553 5.090840 -0.014182 0.757530 -0.012525 -0.652526
1643042217.893242 5.255808 84.666710 5.105780 -0.014498 0.743820 -0.014025 -0.668076
1643042217.99313 5.146311 84.667554 5.172107 -0.014171 0.736979 -0.015126 -0.675598
1643042218.092965 5.032562 84.668562 5.203887 -0.016395 0.727191 -0.013793 -0.686100
1643042218.192894 4.917506 84.667663 5.185029 -0.018346 0.716226 -0.014509 -0.697476
1643042218.292843 4.824325 84.667877 5.211531 -0.018321 0.707679 -0.015363 -0.706129
1643042218.393023 4.715323 84.668647 5.252580 0.019036 -0.699522 0.014859 0.714203
1643042218.493238 4.607502 84.667381 5.288695 0.018540 -0.691793 0.013974 0.721722
1643042218.593457 4.510520 84.666630 5.327924 0.019578 -0.684365 0.015057 0.728721
1643042218.693655 4.406399 84.663889 5.372881 0.020128 -0.678006 0.014708 0.734634
1643042218.793693 4.309727 84.663585 5.438924 0.018167 -0.673268 0.014118 0.739040
1643042218.893622 4.215625 84.662215 5.465522 0.017756 -0.667781 0.013900 0.744016
1643042218.99351 4.134733 84.662921 5.508110 0.016996 -0.666462 0.014240 0.745209
1643042219.093425 4.042972 84.660473 5.549476 0.016252 -0.668666 0.012913 0.743273
1643042219.193316 3.974138 84.661318 5.588236 0.016228 -0.669738 0.014713 0.742274
1643042219.293461 3.914577 84.661120 5.658842 0.016289 -0.667574 0.013739 0.744239
1643042219.393708 3.827139 84.657005 5.666777 0.014286 -0.667203 0.016212 0.744563
1643042219.494009 3.759489 84.658914 5.689230 0.014170 -0.664484 0.014218 0.747033
1643042219.594238 3.707091 84.659789 5.724644 0.015709 -0.663756 0.013717 0.747659
1643042219.694502 3.614126 84.660649 5.754356 0.016123 -0.664645 0.014145 0.746852
1643042219.794574 3.607569 84.661447 5.768319 0.015959 -0.665696 0.014522 0.745911
1643042219.894568 3.584583 84.661618 5.833679 0.015505 -0.666477 0.014599 0.745221
1643042219.99447 3.532648 84.659599 5.815824 0.016098 -0.670332 0.014730 0.741741
1643042220.094372 3.520188 84.660324 5.816350 0.016436 -0.672579 0.014961 0.739691
1643042220.194252 3.510339 84.660742 5.823346 0.016735 -0.674606 0.015016 0.737835
1643042220.294115 3.509312 84.660114 5.855480 0.016374 -0.677426 0.015619 0.735242
1643042220.394001 3.495876 84.659204 5.828732 0.016796 -0.678650 0.014994 0.734117
1643042220.49383 3.495240 84.660302 5.847107 0.017159 -0.679093 0.015053 0.733698
1643042220.593632 3.514186 84.660213 5.859108 0.016710 -0.678670 0.015209 0.734095
1643042220.69353 3.497886 84.659419 5.838261 0.016878 -0.679526 0.014895 0.733306
1643042220.793329 3.501837 84.659805 5.847855 0.016910 -0.679449 0.014885 0.733377
1643042220.893178 3.502317 84.660175 5.841579 0.016980 -0.679309 0.015055 0.733501
1643042220.993054 3.502801 84.659912 5.840802 0.016272 -0.679170 0.016317 0.733620
1643042221.09299 3.495398 84.660322 5.827139 0.016881 -0.679069 0.014962 0.733728
1643042221.193022 3.494624 84.657245 5.834490 0.014784 -0.678456 0.017268 0.734290
1643042221.293164 3.495699 84.660118 5.828746 0.017074 -0.678987 0.015213 0.733794
1643042221.393353 3.493773 84.660258 5.829571 0.016949 -0.678524 0.015081 0.734228
1643042221.493478 3.501327 84.659505 5.831238 0.017219 -0.678829 0.014915 0.733943
1643042221.59355 3.494271 84.660449 5.877301 0.016995 -0.678270 0.015426 0.734454
1643042221.693684 3.505235 84.660757 5.849899 0.017633 -0.678888 0.015490 0.733867
1643042221.79364 3.505907 84.661334 5.825009 0.017383 -0.677678 0.015674 0.734986
1643042221.893544 3.493646 84.659662 5.856644 0.017068 -0.678804 0.015335 0.733961
1643042221.993404 3.497324 84.660706 5.828328 0.017326 -0.679268 0.015767 0.733516
1643042222.093313 3.501441 84.659948 5.832395 0.017199 -0.678660 0.015177 0.734094
1643042222.193326 3.496688 84.659835 5.830769 0.016689 -0.678419 0.015758 0.734317
1643042222.293369 3.492543 84.659958 5.828699 0.016806 -0.678279 0.015523 0.734449
1643042222.393384 3.495601 84.660496 5.827332 0.017090 -0.678937 0.015256 0.733839
1643042222.49333 3.503703 84.661074 5.846966 0.017300 -0.679288 0.016262 0.733488
1643042222.593241 3.499747 84.660853 5.826176 0.017078 -0.678414 0.015691 0.734314
1643042222.693213 3.506305 84.660333 5.823851 0.017298 -0.678237 0.015460 0.734477
1643042222.79304 3.494546 84.661203 5.827224 0.017206 -0.678320 0.015598 0.734400
1643042222.892903 3.505988 84.659740 5.857744 0.017414 -0.679251 0.015253 0.733541
1643042222.992832 3.500587 84.659912 5.824760 0.017360 -0.678121 0.015351 0.734585
1643042223.092841 3.483224 84.660095 5.830891 0.017236 -0.678385 0.015319 0.734345
1643042223.192885 3.498167 84.659878 5.828136 0.017296 -0.678730 0.015210 0.734027
1643042223.292964 3.505661 84.659262 5.827899 0.016407 -0.677823 0.016907 0.734847
1643042223.393109 3.492191 84.659431 5.833558 0.017362 -0.678997 0.015213 0.733778
1643042223.493243 3.501332 84.660335 5.824053 0.017425 -0.678344 0.015512 0.734374
1643042223.593339 3.497177 84.660175 5.826209 0.017496 -0.679206 0.015429 0.733577
1643042223.69349 3.507576 84.660394 5.831366 0.017509 -0.677174 0.015522 0.735451
1643042223.793489 3.501693 84.659995 5.824054 0.017503 -0.678255 0.015430 0.734456
1643042223.893426 3.503445 84.660502 5.826030 0.017511 -0.677837 0.015545 0.734840
1643042223.993296 3.505529 84.660416 5.823880 0.017712 -0.678045 0.015624 0.734641
1643042224.093164 3.496301 84.660599 5.831342 0.017944 -0.677967 0.015556 0.734708
1643042224.193043 3.493504 84.659241 5.828608 0.017535 -0.678889 0.014753 0.733883
1643042224.29298 3.491649 84.659833 5.832430 0.017346 -0.677815 0.015399 0.734867
1643042224.393008 3.499851 84.660024 5.834542 0.017146 -0.679026 0.015625 0.733748
1643042224.493119 3.497975 84.660056 5.824633 0.017474 -0.678545 0.015382 0.734190
1643042224.593336 3.474849 84.628358 5.753930 0.016723 -0.678705 0.016193 0.734042
1643042224.693756 3.475946 84.628761 5.757339 0.016890 -0.678741 0.016024 0.734009
