36338.807440000 0.000000000 0.000000000 0.000000000 0.000000000 0.000000000 -0.000000000 1.000000000
36339.009160000 -0.006269601 0.003544297 0.566707692 0.000090382 -0.001463173 -0.000148189 0.999998914
36339.210880000 -0.003724964 0.006609295 1.223810892 0.000300532 -0.003329527 -0.000236493 0.999994384
36339.412600000 -0.006208582 0.007000485 1.921852096 0.000531149 -0.005566486 -0.000284322 0.999984325
36339.614319000 -0.011785019 0.011441696 2.640217219 0.000888246 -0.008307113 -0.000372150 0.999965032
36339.816039000 -0.026161566 0.011903184 3.418737448 0.001205899 -0.011806678 -0.000358469 0.999929507
36340.017759000 -0.048406001 0.006317879 4.190278605 0.001476516 -0.015945261 -0.000363435 0.999871710
36340.219479000 -0.075291041 0.002161259 4.997958403 0.001714221 -0.021343348 -0.000306119 0.999770688
36340.421199000 -0.112070696 -0.001179839 5.802151122 0.001709700 -0.027935661 -0.000335270 0.999608206
36340.622919000 -0.169498144 -0.011317279 6.595439008 0.001932783 -0.035433771 -0.000134408 0.999370149
36340.824638000 -0.231556942 -0.011769627 7.404871474 0.002180072 -0.043902806 0.000047890 0.999033421
36341.026358000 -0.320895809 -0.016909785 8.210278926 0.002457801 -0.054233956 0.000173045 0.998525230
36341.228078000 -0.449501149 -0.018358078 9.028145919 0.003053418 -0.065023086 0.000286884 0.997879051
36341.429798000 -0.576139826 -0.019057758 9.890329892 0.003419012 -0.075065721 0.000450994 0.997172610
36341.631518000 -0.739795190 -0.023337588 10.776010962 0.003380039 -0.085638387 0.000548605 0.996320398
36341.833238000 -0.931696896 -0.034578765 11.686197674 0.002689627 -0.095084022 0.000488599 0.995465538
36342.034957000 -1.125887702 -0.039779898 12.605989572 0.001916285 -0.104675884 0.000589370 0.994504321
36342.236677000 -1.337900363 -0.046127327 13.521919147 0.001724191 -0.114704169 0.001077095 0.993397646
36342.438397000 -1.572257613 -0.049924594 14.448110057 0.000919191 -0.124844631 0.001618978 0.992174486
36342.640117000 -1.855866554 -0.050866703 15.358976182 0.000179875 -0.135700146 0.001311604 0.990749086
36342.841837000 -2.127094912 -0.067790844 16.275828174 0.000091396 -0.146780724 0.002020388 0.989167052
36343.043558000 -2.420287485 -0.050488661 17.200236973 -0.000133567 -0.157657249 0.002449707 0.987490826
36343.245277000 -2.823773825 -0.031148469 18.053897993 0.001527519 -0.168761701 -0.001552947 0.985654347
36343.446997000 -3.140285249 -0.087242605 18.979978929 0.004238709 -0.182329149 -0.012558584 0.983148267
36343.648717000 -3.507799631 -0.075937392 19.838459348 0.009320940 -0.193766693 -0.012122842 0.980928509
36343.850437000 -3.885698077 -0.129484899 20.655872814 0.017407389 -0.204675260 -0.007177395 0.978648866
36344.052157000 -4.267268215 -0.109601085 21.455899231 0.025153033 -0.214151263 -0.006632157 0.976453893
36344.253876000 -4.682420742 -0.150326851 22.247083297 0.025224755 -0.224333280 -0.009606018 0.974138673
36344.455596000 -5.075574381 -0.220886967 23.064553883 0.020545868 -0.234756866 -0.006718381 0.971813532
36344.657316000 -5.491755486 -0.250008700 23.813134632 0.018146086 -0.243779049 -0.008307984 0.969625104
36344.859036000 -5.913998741 -0.270835335 24.507619966 0.019355237 -0.253089723 -0.010660656 0.967190397
36345.060756000 -6.330437616 -0.290179460 25.238195937 0.019146397 -0.261653680 -0.009445165 0.964925283
36345.262476000 -6.788208577 -0.311012557 25.935102346 0.019481370 -0.270569370 -0.010912779 0.962441371
36345.464195000 -7.234488959 -0.332709247 26.610194968 0.019869227 -0.280055289 -0.012669728 0.959694237
36345.665915000 -7.706964045 -0.358328384 27.294384557 0.020797422 -0.289170633 -0.015960956 0.956918648
36345.867635000 -8.165943510 -0.395810025 27.977695846 0.019061084 -0.298944882 -0.013983589 0.953977735
36346.069355000 -8.657459579 -0.416009994 28.653020150 0.017973888 -0.306658666 -0.014403822 0.951540742
36346.271075000 -9.155849863 -0.441364558 29.287246688 0.020063111 -0.313904582 -0.019035598 0.949051485
36346.472795000 -9.649501078 -0.470267245 29.937138588 0.021210157 -0.320222520 -0.016902602 0.946953630
36346.674514000 -10.159206511 -0.483442778 30.591029152 0.021086213 -0.325894067 -0.017532592 0.945008647
36346.876234000 -10.685075331 -0.499044915 31.221188263 0.021222987 -0.332783431 -0.019252226 0.942568077
36347.077954000 -11.197842574 -0.548449799 31.865387985 0.021793737 -0.338353992 -0.016466653 0.940622104
36347.279674000 -11.742635021 -0.543729741 32.487176597 0.023560070 -0.343225590 -0.017340244 0.938797650
36347.481394000 -12.283569875 -0.569828109 33.116890890 0.021929553 -0.347475108 -0.018492642 0.937250283
36347.683114000 -12.840443319 -0.595833752 33.747358685 0.017558105 -0.351044849 -0.020878394 0.935961029
36347.884833000 -13.377008751 -0.626390928 34.348531244 0.016488926 -0.355089985 -0.021174897 0.934447215
36348.086554000 -13.900827079 -0.651936503 34.958972901 0.015924795 -0.359442784 -0.019434003 0.932828972
36348.288274000 -14.431314882 -0.667623098 35.524850739 0.018177766 -0.362611699 -0.018513424 0.931579199
36348.489994000 -14.933050702 -0.679495114 36.081505156 0.018938051 -0.366090231 -0.016662641 0.930237764
36348.691714000 -15.425019397 -0.707184059 36.619851615 0.018911339 -0.367845510 -0.013619544 0.929595533
36348.893434000 -15.889436085 -0.727907630 37.142337135 0.018840951 -0.367705576 -0.011109138 0.929684329
36349.095153000 -16.345033296 -0.739405740 37.651229859 0.018107459 -0.367391419 -0.008254846 0.929853022
36349.296873000 -16.788642793 -0.757398108 38.140764861 0.016689107 -0.367032521 -0.006316217 0.930037352
36349.498593000 -17.199758784 -0.789172783 38.592500354 0.015230461 -0.366727331 -0.004147145 0.930193936
36349.700313000 -17.587754171 -0.812021207 39.007990045 0.014117356 -0.366203671 -0.002060727 0.930424628
36349.902033000 -17.927453115 -0.830447316 39.383457541 0.013136472 -0.365868689 -0.000454881 0.930574506
36350.103752000 -18.233088069 -0.844008796 39.722174733 0.012782415 -0.365356244 -0.000043405 0.930780007
36350.305472000 -18.517033911 -0.859950703 40.024343983 0.012218098 -0.364890062 0.000509511 0.930970261
36350.507192000 -18.757199706 -0.878433512 40.286401833 0.012712171 -0.364723683 0.000426024 0.931029066
36350.708912000 -18.961550690 -0.882960468 40.508573001 0.012558955 -0.364358522 0.000006413 0.931173525
36350.910632000 -19.135861241 -0.891395153 40.690884356 0.012194236 -0.364108186 -0.000171628 0.931275908
36351.112352000 -19.262125565 -0.898402219 40.833030057 0.011789838 -0.363898319 -0.000149344 0.931363512
36351.314071000 -19.346604666 -0.898819844 40.926462147 0.011341555 -0.363787078 -0.000316616 0.931412628
36351.515791000 -19.388510927 -0.899497645 40.978686919 0.011222266 -0.363756164 -0.000345897 0.931426996
36351.717511000 -19.402827774 -0.897876169 40.996587752 0.011343273 -0.363737171 -0.000256708 0.931432184
36351.919231000 -19.395067282 -0.891917632 40.991947406 0.011643888 -0.363717145 -0.000278701 0.931437069
36352.120951000 -19.389757764 -0.898926477 40.983104188 0.012813539 -0.363925747 0.000464056 0.931339745
36352.322671000 -19.389646463 -0.897234191 40.985660744 0.012710715 -0.364014270 0.000384867 0.931307013
36352.524390000 -19.386206915 -0.898709202 40.983690756 0.012663948 -0.363882289 0.000354954 0.931358942
36352.726110000 -19.390322841 -0.900929965 40.984361179 0.012713647 -0.363903146 0.000394666 0.931349947
36352.927830000 -19.388371176 -0.900339850 40.985187539 0.012714248 -0.363891524 0.000454645 0.931353855
36353.129551000 -19.388804149 -0.897579070 40.984285803 0.012593740 -0.363891305 0.000355425 0.931356712
36353.331271000 -19.390994077 -0.899250341 40.985072803 0.012695172 -0.363852588 0.000424704 0.931369939
36353.532991000 -19.389331979 -0.900172951 40.985983531 0.012675682 -0.363821284 0.000384779 0.931382118
36353.734710000 -19.385926514 -0.898905145 40.984539274 0.012714884 -0.363834391 0.000294543 0.931377241
36353.936430000 -19.388780075 -0.900388346 40.985580286 0.012684678 -0.363871348 0.000434804 0.931362376
36354.138150000 -19.384413054 -0.900606342 40.984212218 0.012674961 -0.363863393 0.000424853 0.931366516
36354.339870000 -19.390318154 -0.898026848 40.985586411 0.012653883 -0.363881948 0.000345019 0.931359180
36354.541590000 -19.393732190 -0.899155013 40.986680487 0.012695416 -0.363863992 0.000494723 0.931366042
36354.743309000 -19.390956776 -0.898079143 40.986050660 0.012603886 -0.363880159 0.000345341 0.931360374
36354.945029000 -19.385763133 -0.898769491 40.984497988 0.012643504 -0.363912144 0.000405137 0.931347721
36355.146749000 -19.388005410 -0.896777867 40.985409319 0.012641932 -0.363950534 0.000335210 0.931332100
36355.348469000 -19.387617299 -0.899118982 40.985390638 0.012724336 -0.363884335 0.000414566 0.931357514
36355.550189000 -19.390264355 -0.898337817 40.985896579 0.012713414 -0.363922197 0.000444701 0.931342147
36355.751909000 -19.388930205 -0.899412876 40.986219676 0.012644404 -0.363881454 0.000425082 0.931359430
36355.953628000 -19.387987651 -0.896147809 40.985578173 0.012613278 -0.363888199 0.000305294 0.931356225
36356.155348000 -19.388798356 -0.898285409 40.986526975 0.012643998 -0.363893026 0.000395102 0.931355525
36356.357068000 -19.390150594 -0.897850420 40.986025042 0.012673155 -0.363920832 0.000404959 0.931343101
36356.558788000 -19.387309259 -0.897815696 40.985926508 0.012623375 -0.363911462 0.000385267 0.931348196
36356.760508000 -19.390267920 -0.898159981 40.984616281 0.012743672 -0.363923205 0.000484506 0.931341429
36356.962228000 -19.388802799 -0.899819723 40.984379474 0.012834189 -0.363926300 0.000563924 0.931339263
36357.163947000 -19.390682940 -0.901195748 40.987004017 0.012855072 -0.363907802 0.000613760 0.931346582
36357.365667000 -19.396159806 -0.899304821 40.995546717 0.013153491 -0.363983492 0.000681944 0.931311966
36357.567387000 -19.416967314 -0.898372022 41.013440884 0.013082843 -0.363981132 0.000582398 0.931313688
36357.769107000 -19.440953048 -0.900597653 41.041631132 0.013186747 -0.363873374 0.000741548 0.931354147
36357.970827000 -19.474630061 -0.900035635 41.086640198 0.013437601 -0.363870716 0.000839915 0.931351865
36358.172546000 -19.533689735 -0.898311240 41.154262909 0.014328825 -0.363982434 0.001444314 0.931293875
36358.374266000 -19.638088573 -0.894621822 41.269228266 0.014902955 -0.363880482 0.001600426 0.931325700
36358.575986000 -19.789969293 -0.904191508 41.428545123 0.014720941 -0.363904765 0.001411641 0.931318920
36358.777706000 -19.980447598 -0.913768759 41.627653858 0.014617782 -0.363840807 0.000692189 0.931345361
36358.979427000 -20.211995229 -0.926532827 41.870155844 0.014626360 -0.363985474 -0.000507656 0.931289685
36359.181147000 -20.468457344 -0.936980695 42.155016980 0.013705823 -0.363610937 -0.000522285 0.931449935
36359.382866000 -20.759704919 -0.956836892 42.459430183 0.013997666 -0.363423949 -0.002584550 0.931515765
36359.584586000 -21.022513905 -0.973959460 42.766284039 0.017244056 -0.362063969 -0.001127840 0.931992653
36359.786306000 -21.296380079 -0.971728858 43.125039191 0.019530600 -0.356386179 0.002818056 0.934130303
36359.988026000 -21.594732128 -0.987645600 43.501313739 0.021964194 -0.345969155 0.002365131 0.937986287
36360.189746000 -21.910100000 -1.000889009 43.928665688 0.024611225 -0.329144914 0.001000267 0.943958315
36360.391466000 -22.220124011 -1.030897900 44.395551298 0.024868851 -0.305611479 0.001809980 0.951829781
36360.593185000 -22.513941392 -1.053420220 44.946481130 0.020763142 -0.277180223 0.003950072 0.960585805
36360.794905000 -22.783813371 -1.091312003 45.513360850 0.017758644 -0.243744583 0.005884759 0.969659061
36360.996625000 -23.019237149 -1.130602444 46.114689649 0.015815177 -0.206388999 0.005806044 0.978324759
36361.198345000 -23.221485497 -1.112347858 46.761139292 0.009557296 -0.167059092 -0.004378021 0.985890818
36361.400065000 -23.297425734 -1.110629035 47.429055272 0.005394651 -0.126577027 0.010852906 0.991882695
36361.601784000 -23.345928744 -1.190090285 48.060405279 0.016417604 -0.081237082 0.013926876 0.996462247
36361.803504000 -23.347185181 -1.217422567 48.663951885 0.022290118 -0.035948543 0.012794319 0.999023096
36362.005224000 -23.311202987 -1.235209931 49.281811011 0.031223942 0.011631268 0.006938033 0.999420653
36362.206944000 -23.183989956 -1.202313984 49.914644073 0.034802618 0.053547926 0.016046176 0.997829605
36362.408664000 -23.010859781 -1.296173619 50.482775178 0.035306277 0.097983529 0.023550061 0.994282670
36362.610384000 -22.824468951 -1.332543325 51.045545572 0.033172421 0.138569328 0.021017242 0.989573771
36362.812103000 -22.579558611 -1.353895035 51.580540181 0.032271447 0.179499846 0.022076006 0.982980653
36363.013823000 -22.275304754 -1.382327242 52.082819811 0.032938756 0.220476929 0.022614353 0.974573347
36363.215543000 -21.928246083 -1.403674344 52.603929907 0.032405445 0.260857365 0.024011544 0.964534170
36363.417263000 -21.500098631 -1.431006683 53.130772696 0.032393172 0.299425370 0.025188525 0.953237222
36363.618983000 -21.016677123 -1.452624998 53.670386988 0.031615174 0.337480383 0.026111087 0.940439196
36363.820702000 -20.441182028 -1.476421268 54.197155880 0.031584318 0.373195867 0.026822739 0.926827204
36364.022423000 -19.776565281 -1.495779041 54.736508278 0.031489054 0.404529945 0.027781860 0.913560118
36364.224143000 -19.036589669 -1.507804330 55.276948663 0.031039331 0.430803957 0.028641768 0.901457308
36364.425863000 -18.198868214 -1.532139837 55.838324157 0.030434860 0.451536116 0.029821474 0.891233842
36364.627583000 -17.298568582 -1.543040007 56.424431255 0.029710825 0.468438084 0.031228767 0.882445495
36364.829303000 -16.293257404 -1.558793443 57.106715671 0.029653330 0.485126778 0.032971660 0.873319012
36365.031022000 -15.307370236 -1.576575248 57.661506848 0.030651292 0.494911740 0.032798984 0.867782155
36365.232742000 -14.204413556 -1.590811532 58.270872218 0.031961270 0.502630243 0.033637739 0.863253995
36365.434462000 -13.069041018 -1.617711088 58.884687698 0.031321587 0.507115345 0.033904964 0.860643552
36365.636182000 -11.872733602 -1.642132152 59.519683372 0.030734388 0.509759183 0.034404212 0.859079517
36365.837902000 -10.685622566 -1.668939340 60.150052656 0.031287108 0.510757232 0.035349044 0.858428518
36366.039621000 -9.465188582 -1.687643474 60.803082475 0.030961515 0.510183670 0.035311967 0.858781711
36366.241341000 -8.225589697 -1.702271901 61.473151372 0.031709088 0.507645339 0.035991365 0.860229876
36366.443061000 -6.960781168 -1.731055472 62.168720157 0.031345266 0.505107549 0.036508097 0.861715536
36366.644781000 -5.691601247 -1.756292023 62.876054962 0.031558020 0.501745872 0.036781837 0.863654727
36366.846501000 -4.388727708 -1.784920012 63.622237122 0.031794869 0.498210883 0.036806285 0.865690486
36367.048221000 -3.089096844 -1.808420011 64.379712203 0.031864573 0.494479161 0.036542096 0.867837144
36367.249940000 -1.764948540 -1.840784293 65.168593122 0.031913781 0.490723408 0.036327728 0.869971976
36367.451660000 -0.436003500 -1.869286722 65.978046976 0.032309671 0.486869821 0.035971386 0.872134005
36367.653380000 0.895369930 -1.906655025 66.804839982 0.032330998 0.483596842 0.035646562 0.873965262
36367.855100000 2.183091268 -1.944621764 67.608387284 0.032244058 0.481460334 0.035570790 0.875151516
36368.056821000 3.571748929 -1.993276808 68.491167600 0.031661730 0.479115743 0.035548491 0.876459918
36368.258540000 4.886727651 -2.031245863 69.326828394 0.031640975 0.477215510 0.035471745 0.877499873
36368.460260000 6.173617047 -2.075653048 70.168892543 0.031319894 0.476082158 0.035325600 0.878132041
36368.661980000 7.460925514 -2.113252046 71.009232754 0.031093927 0.475079048 0.035418802 0.878680014
36368.863700000 8.744098614 -2.143461386 71.837297449 0.031332025 0.474453626 0.034558459 0.879045109
36369.065420000 10.023068136 -2.184958937 72.667918062 0.030936559 0.473798813 0.034901688 0.879395591
36369.267140000 11.281982366 -2.226944746 73.488479655 0.031031171 0.473355969 0.034321854 0.879653994
36369.468859000 12.533311805 -2.261913749 74.300128849 0.030943041 0.473116803 0.034052746 0.879795712
36369.670579000 13.776081003 -2.306503396 75.109819450 0.030614044 0.472698549 0.034375772 0.880020866
36369.872299000 14.987367743 -2.346500725 75.902126830 0.030589929 0.471800766 0.034307552 0.880507105
36370.074019000 16.175534254 -2.384530043 76.692311265 0.030627586 0.471034645 0.034008237 0.880925157
36370.275739000 17.352582217 -2.425431298 77.468792402 0.031101656 0.470173475 0.033476751 0.881390249
36370.477458000 18.514292259 -2.460645503 78.234023682 0.031340995 0.469405502 0.033416361 0.881792627
36370.679178000 19.653366738 -2.495986851 79.001762409 0.031316964 0.469026467 0.032787243 0.882019620
36370.880898000 20.772586415 -2.538647547 79.741021611 0.031235453 0.468560289 0.032908657 0.882266590
36371.082618000 21.866625472 -2.585254365 80.474560892 0.031180493 0.468329036 0.033109182 0.882382210
36371.284338000 22.940549753 -2.621578106 81.195823809 0.031170147 0.467993711 0.032850155 0.882572815
36371.486058000 23.994057800 -2.657285794 81.903928171 0.031267257 0.467547060 0.032699989 0.882809700
36371.687777000 25.024003858 -2.697684176 82.588922918 0.031406984 0.467163513 0.032669734 0.883009065
36371.889497000 26.024931191 -2.731279675 83.275795229 0.031362337 0.466723184 0.032210699 0.883260052
36372.091217000 26.991925105 -2.765544209 83.937398712 0.031400285 0.466359726 0.031840924 0.883463186
36372.292937000 27.928000136 -2.798896460 84.573981178 0.031432199 0.466230129 0.031101096 0.883558203
36372.494657000 28.839223266 -2.832417825 85.190705069 0.031256333 0.466485987 0.030691936 0.883444685
36372.696376000 29.708733738 -2.874526969 85.770243445 0.031102286 0.466695701 0.030792282 0.883333408
36372.898096000 30.521632311 -2.912396707 86.322982365 0.031016029 0.466926003 0.030442363 0.883226098
36373.099817000 31.280245305 -2.939034009 86.833514877 0.031145907 0.466984504 0.030161579 0.883201521
36373.301537000 32.029090576 -2.964724648 87.320948828 0.031246967 0.466924730 0.030551178 0.883217342
36373.503257000 32.724087217 -2.994566672 87.789969317 0.031087373 0.466928411 0.030612167 0.883218570
36373.704977000 33.387590711 -3.020681398 88.238848010 0.030506360 0.466890332 0.030665770 0.883255224
36373.906696000 33.996108616 -3.042636848 88.640456344 0.030605730 0.466823236 0.030805597 0.883285207
36374.108416000 34.567753221 -3.066161297 89.023766601 0.030618910 0.466989507 0.030635022 0.883201121
36374.310136000 35.089233675 -3.077044177 89.374571556 0.030837522 0.466951750 0.030573536 0.883214621
36374.511856000 35.558220238 -3.092149063 89.687773925 0.031132918 0.467126587 0.030661494 0.883110041
36374.713576000 35.995134196 -3.112512136 89.982133045 0.031051010 0.467477242 0.030491358 0.882932541
36374.915295000 36.401754351 -3.126142761 90.248517462 0.031091643 0.467851608 0.030570829 0.882732805
36375.117015000 36.763378951 -3.136139005 90.489347912 0.031255852 0.468013929 0.030569266 0.882639199
36375.318735000 37.080040901 -3.153558170 90.697702175 0.031376378 0.468001769 0.030688560 0.882637665
36375.520455000 37.361135579 -3.163474514 90.883984893 0.031590297 0.468162557 0.030646666 0.882544326
36375.722175000 37.580991211 -3.173596946 91.034505336 0.031538768 0.468163676 0.030407008 0.882553967
36375.923894000 37.778403824 -3.183070100 91.166150220 0.031628862 0.468155224 0.030426697 0.882556630
36376.125614000 37.920421721 -3.188547679 91.259097865 0.031671918 0.468309254 0.030295851 0.882475380
36376.327334000 38.021725421 -3.191414072 91.332195512 0.031760897 0.468302240 0.030125655 0.882484750
36376.529054000 38.084823037 -3.195308357 91.373582558 0.031761640 0.468337585 0.030125284 0.882463495
36376.730774000 38.114312529 -3.194213923 91.392109431 0.031972762 0.468363320 0.030173951 0.882441201
36376.932494000 38.105154452 -3.191675491 91.384084631 0.032138414 0.468209803 0.030113193 0.882519271
36377.134213000 38.095795985 -3.194625488 91.386100370 0.032948140 0.468225500 0.029977723 0.882484274
36377.335933000 38.097463505 -3.191000809 91.384713547 0.032796473 0.468140655 0.030068917 0.882532373
36377.537653000 38.094560786 -3.189874086 91.384490566 0.032726757 0.468161373 0.030039265 0.882524404
36377.739373000 38.098443954 -3.191674743 91.385938305 0.032798283 0.468232538 0.029958891 0.882488424
36377.941093000 38.098898345 -3.190416050 91.386083288 0.032829631 0.468254463 0.030058823 0.882473598
36378.142812000 38.092524828 -3.191408069 91.391516481 0.032789137 0.468234912 0.030069077 0.882484789
36378.344532000 38.090660855 -3.192113153 91.389249707 0.032758739 0.468222729 0.030079096 0.882490437
36378.546252000 38.090828995 -3.190350950 91.392575796 0.032688777 0.468235533 0.030029598 0.882488479
36378.747972000 38.091594765 -3.188802185 91.391728256 0.032669097 0.468293357 0.029859469 0.882463010
36378.949692000 38.093930977 -3.185011181 91.392516860 0.032650413 0.468358117 0.029769771 0.882434719
36379.151413000 38.094638105 -3.185582328 91.391273172 0.032719842 0.468351201 0.029739001 0.882434170
36379.353132000 38.096810444 -3.184105729 91.393206666 0.032820591 0.468382111 0.029698532 0.882417330
36379.554852000 38.091758488 -3.183039748 91.388827667 0.033158025 0.468278663 0.029736210 0.882455910
36379.756572000 38.093615291 -3.182302331 91.386754337 0.033708885 0.468324878 0.029642612 0.882414159
36379.958292000 38.131096787 -3.171828051 91.393043571 0.036163754 0.468518244 0.027906384 0.882271641
36380.160012000 38.279585271 -3.168177182 91.483944113 0.037458238 0.468539952 0.026907775 0.882235908
36380.361731000 38.507942209 -3.180222830 91.646702711 0.037895122 0.468431647 0.026815316 0.882279423
36380.563451000 38.837054751 -3.200615597 91.869711227 0.037728019 0.468136039 0.026936882 0.882439689
36380.765171000 39.213482854 -3.222019522 92.136824737 0.037429716 0.467444110 0.026949982 0.882818926
36380.966891000 39.661486514 -3.247789617 92.435610724 0.037105528 0.465974510 0.027684582 0.883587001
36381.168611000 40.127508240 -3.267566590 92.754980178 0.037009257 0.463852444 0.027698451 0.884704393
36381.370330000 40.638713540 -3.290918640 93.113282581 0.037126583 0.461473131 0.027691881 0.885945536
36381.572050000 41.180449058 -3.309002656 93.500948482 0.037447268 0.458968520 0.027233623 0.887244042
36381.773770000 41.796295444 -3.336624856 93.940599321 0.037888183 0.456164440 0.026445344 0.888694095
36381.975490000 42.489017641 -3.373093697 94.434656039 0.038063639 0.452970288 0.026409545 0.890320851
36382.177210000 43.238698035 -3.409347874 94.978493168 0.038465766 0.449596830 0.026612349 0.892004843
36382.378930000 44.062165439 -3.448227394 95.591886388 0.038467735 0.445877998 0.026638593 0.893869934
36382.580649000 44.949360466 -3.487405965 96.269077161 0.038165071 0.441915925 0.026977116 0.895838509
36382.782369000 45.891557197 -3.529127114 96.997155616 0.038304312 0.438049828 0.027212467 0.897721531
36382.984089000 46.897918192 -3.582628130 97.775107317 0.038591176 0.433970458 0.027947201 0.899665038
36383.185809000 47.945670036 -3.637011613 98.614832722 0.038596421 0.430038938 0.027823632 0.901554630
36383.387529000 49.024507429 -3.695698748 99.492943929 0.038931202 0.426523140 0.027407552 0.903224023
36383.589248000 50.132918826 -3.755820151 100.397535787 0.039123310 0.423994645 0.027260300 0.904408795
36383.790968000 51.275456512 -3.810670772 101.352348225 0.038424793 0.422692655 0.026657036 0.905066449
36383.992689000 52.470616250 -3.871199958 102.326168250 0.037931063 0.421803450 0.026671578 0.905500661
36384.194409000 53.675176358 -3.947396642 103.331153570 0.038648646 0.422894525 0.024855261 0.905014352
36384.396129000 54.939263368 -4.002127144 104.375967491 0.039523329 0.425443068 0.021315141 0.903870357
36384.597848000 56.260778648 -4.092280259 105.430656365 0.039311667 0.429141157 0.021400503 0.902128169
36384.799568000 57.648461532 -4.166516435 106.535239996 0.037478787 0.433131404 0.021755867 0.900288706
36385.001288000 59.072050387 -4.247031175 107.630330250 0.037535483 0.437120541 0.021948896 0.898351008
36385.203008000 60.558636846 -4.325973414 108.745968758 0.036864632 0.441561908 0.022236056 0.896197848
36385.404728000 62.082493280 -4.399308602 109.878316100 0.035304834 0.445964764 0.022918925 0.894060195
36385.606448000 63.634134055 -4.473971759 111.008984923 0.034611313 0.450518023 0.023886069 0.891777082
36385.808167000 65.220620815 -4.554667435 112.140057080 0.034620874 0.454656990 0.023919088 0.889671595
36386.009887000 66.840542256 -4.629204930 113.271041726 0.034551750 0.458492040 0.023823351 0.887707617
36386.211607000 68.489505794 -4.704620740 114.407379095 0.035405701 0.461590249 0.024092677 0.886059157
36386.413327000 70.174092988 -4.780550436 115.553635896 0.035516153 0.463985079 0.023657895 0.884813547
36386.615047000 71.871026796 -4.854096298 116.710578745 0.036123670 0.465863671 0.023251100 0.883814571
36386.816766000 73.608553833 -4.942927100 117.869442778 0.037792808 0.467084971 0.022698023 0.883112146
36387.018486000 75.386796446 -5.047639096 119.056258765 0.037774049 0.467906477 0.022616839 0.882680506
36387.220206000 77.169401035 -5.135055454 120.251278184 0.037594479 0.468891322 0.021746435 0.882188006
36387.421926000 78.989099224 -5.234299957 121.488526776 0.037769537 0.470376983 0.021072888 0.881406167
36387.623646000 80.816288511 -5.328375481 122.712087867 0.037643275 0.471596968 0.019771608 0.880788830
36387.825365000 82.633046666 -5.421331722 123.909804365 0.038198183 0.471747178 0.018357613 0.880713696
36388.027085000 84.454026439 -5.541209676 125.101637471 0.038882976 0.472555502 0.018802065 0.880243764
36388.228805000 86.301571248 -5.663945913 126.279652226 0.040333010 0.473933455 0.019320170 0.879423308
36388.430525000 88.130567045 -5.799806615 127.463079255 0.038869827 0.474533897 0.019538752 0.879161164
36388.632245000 89.913022184 -5.875885362 128.630340412 0.039494743 0.474672111 0.018174318 0.879086417
36388.833964000 91.714977089 -6.016954158 129.774560935 0.041486780 0.475260984 0.017490489 0.878691674
36389.035685000 93.494938898 -6.139682326 130.920334393 0.040549469 0.475597552 0.018126065 0.878540713
36389.237405000 95.272393320 -6.256430597 132.066944358 0.041399121 0.474941830 0.017631522 0.878864658
36389.439125000 97.092463507 -6.384659797 133.257477057 0.042230312 0.474769497 0.016916425 0.878932819
36389.640845000 98.898002928 -6.513329433 134.418004288 0.042233584 0.474560409 0.016716797 0.879050171
36389.842565000 100.724201716 -6.625197904 135.601360121 0.043273825 0.474582934 0.016600002 0.878989752
36390.044284000 102.552408072 -6.765811950 136.788900178 0.042842176 0.474586210 0.016332883 0.879015409
36390.246004000 104.427770737 -6.894650174 138.008565007 0.036979746 0.474814879 0.018460676 0.879115850
36390.447724000 106.249825893 -6.986019403 139.209854538 0.038007533 0.474548878 0.014514270 0.879288779
36390.649444000 108.056199440 -7.116728743 140.388620103 0.042510686 0.474344962 0.010915282 0.879245601
36390.851164000 109.893826470 -7.276026098 141.560869228 0.046193925 0.474218164 0.011731540 0.879117209
36391.052884000 111.745646487 -7.435343516 142.735946164 0.046189660 0.474260826 0.014011505 0.879060166
36391.254603000 113.567229943 -7.562151663 143.910236326 0.042387236 0.474704216 0.016705481 0.878964164
36391.456323000 115.371365234 -7.702187789 145.076491472 0.042647338 0.474857706 0.016063580 0.878881437
36391.658043000 117.171468661 -7.836285753 146.236952958 0.043387351 0.474997356 0.015448535 0.878780925
36391.859763000 118.951173455 -7.978898789 147.385660792 0.042944129 0.475017965 0.014891368 0.878801117
36392.061483000 120.723538333 -8.115166973 148.533595921 0.042610838 0.475337307 0.014633035 0.878649479
36392.263202000 122.467349504 -8.253082924 149.658368897 0.044046852 0.475357587 0.013853635 0.878580132
36392.464922000 124.196029652 -8.376536913 150.764886110 0.043978390 0.475309196 0.014304137 0.878601977
36392.666642000 125.916558921 -8.515166983 151.873491280 0.042765565 0.475600375 0.014301514 0.878503781
36392.868362000 127.620914606 -8.649085322 152.972463663 0.042654132 0.475513484 0.014442382 0.878553895
36393.070082000 129.306169527 -8.775792712 154.056818079 0.042735558 0.475593204 0.014311786 0.878510057
36393.271802000 130.963617390 -8.906679144 155.123169759 0.042865397 0.475552500 0.014421094 0.878525365
36393.473521000 132.607911445 -9.041640507 156.172303270 0.042490307 0.475791337 0.014233109 0.878416881
36393.675241000 134.227348886 -9.159584605 157.201700028 0.045588759 0.475787478 0.013842920 0.878269175
36393.876961000 135.826347491 -9.293124790 158.225085149 0.046584999 0.475839214 0.014576266 0.878175209
36394.078681000 137.423196174 -9.427187012 159.249195122 0.045393049 0.475985508 0.015253908 0.878148754
36394.280401000 139.009194175 -9.563374509 160.267038998 0.043906702 0.476094014 0.015473357 0.878161002
36394.482121000 140.563594028 -9.684307829 161.264772841 0.043686485 0.476198188 0.015034579 0.878122636
36394.683840000 142.106087396 -9.806158577 162.250455338 0.043578500 0.476383228 0.014565066 0.878037169
36394.885560000 143.614738861 -9.928438025 163.217858176 0.044366933 0.476521110 0.013709698 0.877936755
36395.087280000 145.123602215 -10.049508311 164.182137582 0.045041677 0.476392442 0.013385507 0.877977119
36395.289000000 146.607959191 -10.166287575 165.130808939 0.044890484 0.476747951 0.013285951 0.877794241
36395.490720000 148.086032758 -10.289175218 166.067160903 0.044333546 0.476860248 0.013359312 0.877759013
36395.692440000 149.541553108 -10.408429708 166.995623372 0.044127692 0.476327539 0.013071594 0.878064306
36395.894159000 150.969850705 -10.532364339 167.919610432 0.044882276 0.475886278 0.012447393 0.878274351
36396.095880000 152.375162607 -10.647195654 168.828431667 0.045280927 0.475584421 0.011905274 0.878424772
36396.297600000 153.767873282 -10.770511149 169.718328339 0.044540834 0.475281173 0.011650517 0.878628906
36396.499320000 155.128176870 -10.889502345 170.600568460 0.045228886 0.475302677 0.011216010 0.878588035
36396.701040000 156.440720610 -11.000693666 171.441235389 0.044833976 0.475178683 0.011028674 0.878675506
36396.902760000 157.732854188 -11.114705542 172.271369423 0.044211345 0.475069224 0.011063006 0.878768017
36397.104479000 158.951608623 -11.217838003 173.055091686 0.044363491 0.475125018 0.011161917 0.878728724
36397.306199000 160.114744061 -11.324357224 173.808020463 0.044910967 0.475040899 0.011078507 0.878747739
36397.507919000 161.252819260 -11.426268435 174.546574302 0.044885366 0.474880993 0.010868927 0.878838008
36397.709639000 162.355618845 -11.515462562 175.246585771 0.044690061 0.474935580 0.011400080 0.878810886
36397.911359000 163.374077297 -11.614438340 175.909240862 0.044650298 0.474916530 0.011520364 0.878821463
36398.113079000 164.346478459 -11.705918135 176.536512330 0.045086830 0.474726226 0.011727867 0.878899752
36398.314798000 165.276705020 -11.785594167 177.138828091 0.045162047 0.475050367 0.011236755 0.878725463
36398.516518000 166.148522013 -11.862342461 177.698497882 0.045576414 0.475193288 0.011263924 0.878628496
36398.718238000 166.977046374 -11.938564033 178.231757713 0.045895503 0.475476449 0.011481419 0.878456466
36398.919958000 167.758448138 -12.007052060 178.740290697 0.045655976 0.475708252 0.010652498 0.878352193
36399.121678000 168.518323220 -12.066531940 179.224518320 0.046058874 0.475778104 0.010789772 0.878291771
36399.323398000 169.263713675 -12.134939795 179.698964561 0.046744342 0.476333574 0.010834486 0.877955674
36399.525117000 169.985438799 -12.210421261 180.164196083 0.046505993 0.476468236 0.010565778 0.877897878
36399.726837000 170.711217233 -12.266206733 180.621828749 0.046520011 0.476705528 0.010235246 0.877771227
36399.928557000 171.424051896 -12.325495512 181.066091029 0.047036703 0.477031789 0.009901354 0.877570474
36400.130277000 172.133968265 -12.395221495 181.521009655 0.047223817 0.477365941 0.009629571 0.877381437
36400.331997000 172.824444509 -12.449800140 181.958349427 0.047284619 0.477492898 0.009238942 0.877312852
36400.533716000 173.516076873 -12.498981009 182.399242902 0.048114387 0.477910704 0.008992857 0.877042777
36400.735436000 174.242728130 -12.572898509 182.866479871 0.048896422 0.478503216 0.008336869 0.876685158
36400.937156000 175.016193912 -12.633312262 183.353860728 0.048953969 0.478767304 0.008475971 0.876533810
36401.138876000 175.851181298 -12.700039550 183.871562601 0.049216895 0.479254881 0.008413548 0.876255654
36401.340596000 176.707292204 -12.787301022 184.423141591 0.049117554 0.479355684 0.008123995 0.876208086
36401.542316000 177.596504357 -12.864894757 184.979879596 0.049325475 0.479327525 0.007932641 0.876212291
36401.744035000 178.537262952 -12.956171542 185.572115690 0.049172169 0.479581921 0.007933225 0.876081830
36401.945755000 179.480727778 -13.037376644 186.164177653 0.049573250 0.479650712 0.007800494 0.876022540
36402.147476000 180.455091823 -13.123551211 186.777797342 0.049034468 0.480056430 0.007893355 0.875830416
36402.349196000 181.445704415 -13.222241515 187.390411901 0.048449382 0.479762912 0.008337657 0.876019846
36402.550916000 182.476615724 -13.304732162 188.030188447 0.048416830 0.480012635 0.008487433 0.875882570
36402.752636000 183.481083222 -13.394054659 188.681838419 0.048671495 0.479546580 0.007986565 0.876129387
36402.954355000 184.519922782 -13.482251451 189.341163219 0.049528708 0.479112683 0.007741686 0.876320555
36403.156075000 185.616874892 -13.586156353 190.035556730 0.049037513 0.479116529 0.007554891 0.876348368
36403.357795000 186.730507137 -13.697883814 190.747115009 0.048731139 0.478962279 0.007237099 0.876451504
36403.559515000 187.865829486 -13.795134162 191.461648556 0.049372597 0.478618693 0.007243553 0.876605149
36403.761235000 189.059755936 -13.915220424 192.237559909 0.049049666 0.478303676 0.006576115 0.876799228
36403.962955000 190.251401833 -14.023019545 192.981775210 0.049531891 0.477610743 0.006634117 0.877149314
36404.164674000 191.476869881 -14.132860665 193.760624721 0.049571259 0.477159119 0.006844594 0.877390792
36404.366394000 192.719469025 -14.253033560 194.553100107 0.049725191 0.476527425 0.006904673 0.877726222
36404.568114000 193.954899337 -14.365428248 195.365419785 0.050907881 0.474570309 0.006020119 0.878722781
36404.769834000 195.222402404 -14.490684456 196.205772660 0.052284581 0.472162271 0.004425113 0.879948913
36404.971554000 196.504893358 -14.628455750 197.082259435 0.051609902 0.469827148 0.002443297 0.881246183
36405.173274000 197.799762911 -14.780768540 197.964719724 0.051166104 0.466353474 0.000631833 0.883117851
36405.374993000 199.089446827 -14.927349686 198.854104480 0.050394422 0.463448324 -0.001618437 0.884688690
36405.576713000 200.386694668 -15.031562563 199.734300301 0.040083285 0.460056005 -0.008985994 0.886939331
36405.778433000 201.653042610 -15.166505226 200.655418403 0.037639921 0.456311656 -0.007973945 0.888988269
36405.980153000 202.955868434 -15.286149463 201.613675040 0.035279197 0.454591769 -0.008645780 0.889959177
36406.181873000 204.264733304 -15.404072219 202.522568474 0.035350701 0.452916272 -0.009283476 0.890802831
36406.383592000 205.587549186 -15.505060799 203.507045098 0.033065214 0.451080590 -0.007135569 0.891841557
36406.585312000 206.914711799 -15.631252671 204.491774834 0.031345197 0.450596503 -0.006603575 0.892152248
36406.787032000 208.260806403 -15.730386548 205.459376670 0.033590814 0.449095913 -0.007465743 0.892820548
36406.988752000 209.602963588 -15.849210154 206.461787210 0.033821782 0.447930373 -0.007205333 0.893399549
36407.190472000 210.947210567 -15.950105716 207.468054821 0.033536689 0.447046650 -0.007452027 0.893850549
36407.392192000 212.291977384 -16.071479945 208.459022323 0.033819803 0.446140729 -0.006372357 0.894300704
36407.593911000 213.624547029 -16.198280264 209.440827834 0.037614890 0.445581619 -0.006626145 0.894426963
36407.795631000 214.970975071 -16.313527004 210.442414714 0.037342299 0.444776574 -0.005222972 0.894846016
36407.997351000 216.311164130 -16.427796377 211.445160584 0.036238271 0.444403396 -0.002735154 0.895089472
36408.199071000 217.636459280 -16.546473407 212.425940038 0.037755230 0.444318667 -0.001424851 0.895073389
36408.400791000 218.940844191 -16.668228727 213.395710262 0.040060175 0.444467981 0.000169957 0.894898817
36408.602511000 220.231499573 -16.786470372 214.359693861 0.042925047 0.444757076 0.002670915 0.894618437
36408.804230000 221.511192963 -16.914063777 215.308093737 0.044943007 0.445203064 0.003537059 0.894293239
36409.005951000 222.796045938 -17.041412801 216.245839424 0.045925393 0.446167449 0.004569084 0.893756939
36409.207671000 224.062327245 -17.172074077 217.182471280 0.046962634 0.447121674 0.004810788 0.893225184
36409.409391000 225.319956514 -17.308579548 218.107598728 0.047541778 0.448680389 0.004404508 0.892416802
36409.611111000 226.584055290 -17.443042871 219.028560664 0.047632668 0.450796706 0.003620417 0.891348007
36409.812830000 227.821098221 -17.563851831 219.929865669 0.049615306 0.453271061 0.003113422 0.889984260
36410.014550000 229.073920663 -17.703340396 220.816868411 0.050534565 0.456184818 0.001862635 0.888445583
36410.216270000 230.300033033 -17.838618004 221.672657215 0.050176053 0.458587255 0.001531033 0.887230300
36410.417990000 231.521953016 -17.974371312 222.519423857 0.050882205 0.460796744 0.001162797 0.886044044
36410.619710000 232.742757032 -18.119205097 223.351412328 0.050699505 0.462775072 0.000340736 0.885025830
36410.821430000 233.949614874 -18.248877565 224.159866065 0.050830953 0.463729809 -0.000241703 0.884517873
36411.023149000 235.128067924 -18.388151410 224.974460395 0.050844904 0.464794729 -0.000843559 0.883955454
36411.224869000 236.289689344 -18.518284039 225.763168582 0.050803228 0.466068790 -0.001725399 0.883287665
36411.426589000 237.413113862 -18.645109546 226.533259288 0.050821440 0.466597969 -0.002636413 0.883005543
36411.628309000 238.506918388 -18.770132274 227.269788876 0.051634628 0.467573987 -0.003063306 0.882439424
36411.830029000 239.564818750 -18.907662431 227.983071929 0.052964168 0.468745215 -0.003313862 0.881736148
36412.031749000 240.592213257 -19.037207641 228.644359064 0.052947150 0.469650413 -0.003525265 0.881257124
36412.233468000 241.579975306 -19.162070650 229.334826869 0.052558060 0.471423042 -0.002885631 0.880336093
36412.435188000 242.537739853 -19.276908329 229.958461766 0.052116399 0.472337012 -0.002224243 0.879874662
36412.636908000 243.440209401 -19.375783580 230.540799076 0.052039513 0.472788523 -0.002024477 0.879636602
36412.838628000 244.301441647 -19.476632738 231.093737100 0.052294787 0.472961053 -0.001916415 0.879528419
36413.040348000 245.130100675 -19.566003403 231.632007752 0.052603161 0.472805080 -0.001568157 0.879595446
36413.242067000 245.903519591 -19.664965037 232.138372614 0.052507972 0.472634379 -0.001627257 0.879691105
36413.443787000 246.642707647 -19.748256333 232.622653836 0.052251048 0.472380353 -0.001635168 0.879842433
36413.645507000 247.339816260 -19.834139798 233.082882382 0.052345291 0.472168544 -0.001675435 0.879950892
36413.847227000 247.981267176 -19.908085956 233.505512389 0.052454077 0.472127447 -0.001726079 0.879967388
36414.048947000 248.579251104 -19.975719227 233.895953944 0.052507482 0.471991570 -0.002146206 0.880034187
36414.250667000 249.121711237 -20.039479563 234.249899350 0.052793028 0.471883409 -0.002407889 0.880074375
36414.452387000 249.631048809 -20.098299011 234.572721317 0.052855709 0.471972435 -0.002368444 0.880023293
36414.654106000 250.075408071 -20.150946875 234.863414937 0.052796161 0.472018558 -0.002548150 0.880004259
36414.855826000 250.499923785 -20.202951745 235.136576135 0.052894329 0.471992510 -0.002688739 0.880010190
36415.057546000 250.881419739 -20.247441189 235.390754295 0.053118261 0.472137074 -0.002690434 0.879919379
36415.259266000 251.242101304 -20.288786992 235.618632044 0.053469994 0.472235243 -0.002812877 0.879843738
36415.460986000 251.592680190 -20.326983677 235.841520202 0.053590738 0.472255465 -0.002833708 0.879827339
36415.662706000 251.929061533 -20.364144603 236.064458976 0.053742900 0.472407633 -0.003084939 0.879733668
36415.864425000 252.239951368 -20.411622810 236.261189849 0.053714164 0.472407778 -0.002874745 0.879735517
36416.066146000 252.533634382 -20.447810353 236.453423971 0.053830737 0.472647161 -0.002875905 0.879601092
36416.267866000 252.810528656 -20.477637337 236.631606501 0.053574094 0.472775324 -0.002884452 0.879548587
36416.469586000 253.086845358 -20.515657735 236.806586164 0.053644506 0.472782773 -0.002844918 0.879540005
36416.671306000 253.331176963 -20.545792820 236.968900573 0.053520971 0.473007540 -0.002774487 0.879427604
36416.873026000 253.568202808 -20.578696935 237.125046893 0.053594843 0.473137492 -0.002735185 0.879354291
36417.074745000 253.777351287 -20.604278252 237.260952003 0.053605221 0.473172915 -0.002765297 0.879332188
36417.276465000 253.980020301 -20.627709864 237.390055563 0.053809386 0.473317769 -0.002726862 0.879241946
36417.478185000 254.160309367 -20.651280243 237.502434495 0.053872920 0.473447746 -0.002737494 0.879168926
36417.679905000 254.321189537 -20.667367628 237.613327312 0.053641949 0.473425418 -0.002805964 0.879195781
36417.881625000 254.453985086 -20.684569261 237.698703997 0.053715042 0.473542495 -0.002796627 0.879127724
36418.083345000 254.571101589 -20.698687915 237.777147415 0.053756150 0.473570436 -0.002726935 0.879109776
36418.285064000 254.675036780 -20.712016751 237.845165011 0.053816864 0.473618680 -0.002817411 0.879079783
36418.486784000 254.750833444 -20.720426031 237.893327048 0.053760676 0.473748882 -0.002737252 0.879012511
36418.688504000 254.803685202 -20.725680088 237.929122822 0.053801740 0.473789674 -0.002767593 0.878988962
36418.890224000 254.843077436 -20.730986102 237.955135978 0.053822691 0.473830485 -0.002807803 0.878966328
36419.091944000 254.859255900 -20.733485396 237.965755123 0.053892446 0.473825036 -0.002778234 0.878963094
36419.293664000 254.861107244 -20.733121112 237.967462525 0.053933015 0.473837892 -0.002798533 0.878955767
36419.495383000 254.850582208 -20.728652359 237.961373490 0.054352647 0.473854602 -0.002921285 0.878919431
36419.697103000 254.854201613 -20.722931319 237.963970623 0.054440485 0.473800711 -0.003021764 0.878941962
36419.898823000 254.851578680 -20.724505437 237.962370226 0.054411134 0.473813653 -0.003001603 0.878938030
36420.100543000 254.850557131 -20.724727193 237.963097249 0.054410365 0.473793209 -0.003031563 0.878948776
36420.302263000 254.849545379 -20.723896710 237.959482383 0.054319378 0.473744932 -0.002970888 0.878980210
36420.503983000 254.852527082 -20.725810248 237.962766210 0.054289771 0.473757856 -0.002990726 0.878976190
36420.705702000 254.850558757 -20.725221705 237.960727997 0.054390779 0.473785739 -0.002961429 0.878955282
36420.907422000 254.849263651 -20.726689615 237.959828807 0.054340650 0.473785779 -0.002961099 0.878957662
36421.109142000 254.850342748 -20.726715515 237.961281866 0.054259802 0.473765411 -0.002970530 0.878972252
36421.310862000 254.851446276 -20.725675552 237.960602968 0.054370021 0.473765315 -0.002981258 0.878967002
36421.512582000 254.852461169 -20.725700932 237.961406428 0.054341165 0.473806203 -0.002971137 0.878946831
36421.714302000 254.852904541 -20.726454842 237.960344759 0.054340969 0.473785806 -0.002911099 0.878957765
36421.916021000 254.852564667 -20.723973684 237.961062913 0.054330026 0.473772877 -0.002960996 0.878963542
36422.117741000 254.851819535 -20.725915652 237.960520933 0.054380154 0.473772837 -0.002961327 0.878961163
36422.319461000 254.852121762 -20.724561396 237.961496767 0.054269975 0.473757893 -0.002950594 0.878977223
36422.521181000 254.850099001 -20.724769824 237.960490239 0.054290477 0.473778295 -0.002970765 0.878965423
36422.722901000 254.849861666 -20.725847958 237.963783626 0.054340263 0.473765365 -0.002931060 0.878968533
36422.924621000 254.849201395 -20.725400867 237.963497179 0.054291419 0.473806276 -0.002910807 0.878949332
36423.126340000 254.852880466 -20.724596035 237.964491958 0.054321369 0.473806241 -0.002931006 0.878947865
36423.328060000 254.855290772 -20.723489320 237.964514469 0.054350980 0.473813700 -0.003001206 0.878940887
36423.529780000 254.862137328 -20.720273845 237.967454739 0.054490467 0.473808184 -0.003042097 0.878934128
36423.731500000 254.880477859 -20.717529302 237.983121332 0.054752012 0.473884297 -0.003173939 0.878878138
36423.933220000 254.918359766 -20.716468251 238.006323794 0.054902116 0.473919648 -0.003304974 0.878848980
36424.134941000 254.984027363 -20.719158035 238.048822178 0.055371215 0.473936618 -0.003538057 0.878809375
36424.336660000 255.099566291 -20.723195265 238.125159258 0.056004542 0.474126913 -0.003802479 0.878664089
36424.538380000 255.256843695 -20.745207671 238.226025002 0.056209525 0.474341007 -0.003914163 0.878534751
36424.740100000 255.477397571 -20.775387279 238.370103683 0.056434320 0.474506764 -0.003885906 0.878431816
36424.941820000 255.771428033 -20.808201775 238.557399898 0.056682789 0.474838291 -0.003918055 0.878235434
36425.143540000 256.098347044 -20.851775491 238.763420345 0.056679936 0.475111680 -0.003978506 0.878089297
36425.345260000 256.488368922 -20.902086433 239.026382820 0.056624598 0.475331260 -0.004128499 0.877972407
36425.546979000 256.905767953 -20.966653372 239.285320593 0.056129761 0.475457001 -0.003845495 0.877938533
36425.748699000 257.342878974 -21.027062100 239.565123836 0.056089083 0.475326768 -0.003384995 0.878012397
36425.950419000 257.791123444 -21.078792485 239.855740686 0.055634334 0.475521609 -0.003382371 0.877937338
36426.152139000 258.264258892 -21.131531984 240.156957583 0.055426068 0.475567957 -0.003301094 0.877926087
36426.353859000 258.747898108 -21.190585055 240.456136499 0.055308416 0.475642302 -0.003250455 0.877894032
36426.555579000 259.249305375 -21.250547278 240.777851882 0.055144880 0.475890026 -0.003159766 0.877766637
36426.757298000 259.758984192 -21.306016669 241.099516105 0.055008721 0.476010760 -0.003149109 0.877713628
36426.959018000 260.267788413 -21.368325069 241.426847369 0.055090939 0.476094739 -0.003099763 0.877660923
36427.160738000 260.806014383 -21.435419925 241.772365591 0.055295572 0.476281024 -0.003181409 0.877547658
36427.362458000 261.352062112 -21.499851053 242.117638575 0.055621514 0.476530904 -0.003283935 0.877390241
36427.564178000 261.933040593 -21.559461998 242.497037287 0.056258399 0.476934017 -0.003918757 0.877128484
36427.765898000 262.562244392 -21.634962753 242.882268639 0.056841200 0.477378524 -0.003783270 0.876849381
36427.967617000 263.262961483 -21.710890374 243.313666732 0.057540530 0.477756638 -0.003878421 0.876595528
36428.169337000 264.021696002 -21.800820240 243.781651388 0.056995731 0.478273974 -0.003645737 0.876351261
36428.371057000 264.798443038 -21.911272976 244.266452987 0.056734613 0.478532856 -0.003334463 0.876228842
36428.572777000 265.612470075 -22.001758198 244.771099853 0.056857876 0.478981027 -0.003135999 0.875977181
36428.774497000 266.458194796 -22.102980208 245.300508794 0.057187159 0.479369996 -0.003278773 0.875741199
36428.976217000 267.338191504 -22.208312112 245.845091976 0.057017285 0.479733885 -0.003178260 0.875552856
36429.177937000 268.229899635 -22.311945892 246.410146681 0.056695645 0.479641855 -0.003026011 0.875624270
36429.379657000 269.146708574 -22.428061860 246.989388983 0.056720376 0.479455006 -0.003135884 0.875726860
36429.581377000 270.080386791 -22.539974906 247.578214912 0.056849794 0.479098628 -0.003286133 0.875911524
36429.783097000 271.022615992 -22.651637952 248.170324905 0.056765902 0.478980840 -0.003405398 0.875981064
36429.984817000 271.979705041 -22.766413036 248.763463406 0.056561070 0.478689409 -0.002983588 0.876156516
36430.186536000 272.926821300 -22.881565953 249.361387481 0.056268665 0.478584588 -0.002871502 0.876231477
36430.388256000 273.866722436 -23.003852941 249.952530027 0.056068684 0.478465083 -0.002430008 0.876313349
36430.589976000 274.799346057 -23.112648880 250.540327675 0.055968289 0.478437049 -0.002359305 0.876334820
36430.791696000 275.719820102 -23.223782234 251.118327938 0.056022326 0.478155637 -0.002129188 0.876485369
36430.993416000 276.627694925 -23.338062439 251.691475180 0.056051084 0.478073804 -0.001969234 0.876527806
36431.195136000 277.514481375 -23.445773733 252.253118504 0.056231190 0.478096436 -0.002020439 0.876502419
36431.396855000 278.382546193 -23.551296587 252.794229506 0.056228493 0.478337221 -0.001880814 0.876371729
36431.598575000 279.226745371 -23.657784876 253.332047199 0.055978270 0.478672994 -0.001709733 0.876204046
36431.800295000 280.038036923 -23.761071142 253.837322879 0.056272792 0.479149564 -0.001482429 0.875927156
36432.002015000 280.825398556 -23.853030679 254.331665318 0.056582115 0.479828375 -0.001235548 0.875533891
36432.203735000 281.583121355 -23.948969747 254.808566617 0.056806988 0.481085015 -0.001019068 0.874830703
36432.405455000 282.292432097 -24.040083669 255.243383836 0.056308896 0.483028797 -0.000909018 0.873791179
36432.607174000 282.952632032 -24.122169934 255.648564902 0.056073575 0.484687358 -0.000790206 0.872888404
36432.808894000 283.547897623 -24.192964045 256.010548680 0.055945145 0.486247067 -0.000671933 0.872026365
36433.010614000 284.089515310 -24.255936362 256.345447842 0.055914658 0.487731563 -0.000674168 0.871200688
36433.212334000 284.569274143 -24.315234481 256.634952174 0.055866348 0.488954168 -0.000785863 0.870518731
36433.414054000 284.981959569 -24.362844983 256.886102587 0.056057140 0.490187563 -0.001059135 0.869811388
36433.615774000 285.330485380 -24.403043194 257.095147069 0.056310992 0.491130256 -0.001232336 0.869262468
36433.817493000 285.629572517 -24.440185550 257.269937227 0.056017096 0.491733353 -0.001261417 0.868943353
36434.019214000 285.876184275 -24.471817017 257.418138949 0.055909168 0.491864974 -0.001460936 0.868874971
36434.220934000 286.072881497 -24.495603409 257.534821642 0.055628173 0.492219396 -0.001459689 0.868690489
36434.422654000 286.211919654 -24.512104931 257.617376524 0.055573722 0.492421361 -0.001429666 0.868579785
36434.624374000 286.294911673 -24.518712368 257.666318835 0.055517048 0.492553409 -0.001459515 0.868508804
36434.826093000 286.336616542 -24.525228877 257.692918954 0.055488393 0.492594958 -0.001429397 0.868487535
36435.027813000 286.331896263 -24.522094627 257.686504358 0.055466209 0.492545639 -0.001569176 0.868516891
36435.229533000 286.310550148 -24.506280643 257.677767001 0.057296190 0.492393125 -0.002570844 0.868480885
36435.431253000 286.308924431 -24.512538185 257.673177740 0.056969817 0.492481287 -0.002338859 0.868452496
36435.632973000 286.310626006 -24.512974200 257.678207505 0.056939193 0.492452908 -0.002328615 0.868471085
36435.834693000 286.310082920 -24.511408919 257.672898348 0.057027965 0.492411535 -0.002369128 0.868489218
36436.036412000 286.309207886 -24.510569013 257.676472739 0.056868836 0.492424498 -0.002258109 0.868491768
36436.238132000 286.308502966 -24.512097719 257.672719747 0.056979586 0.492445483 -0.002288873 0.868474799
36436.439852000 286.307653762 -24.511063850 257.673303585 0.056929420 0.492452922 -0.002288550 0.868471642
36436.641572000 286.307828773 -24.511822948 257.670983641 0.056849204 0.492445197 -0.002288016 0.868481368
36436.843292000 286.308069836 -24.511224855 257.673331145 0.056928866 0.492432161 -0.002278511 0.868483026
36437.045012000 286.309473495 -24.511035228 257.671491665 0.057018365 0.492419124 -0.002299070 0.868484132
36437.246731000 286.308339197 -24.511542742 257.672969907 0.056939042 0.492424651 -0.002258570 0.868488231
36437.448451000 286.310024797 -24.511784195 257.674729383 0.056968919 0.492432241 -0.002288774 0.868480991
36437.650171000 286.308068960 -24.511640560 257.670251763 0.056900652 0.492486857 -0.002278426 0.868456113
36437.851891000 286.308282950 -24.511826610 257.670070673 0.056869712 0.492445306 -0.002218149 0.868480446
36438.053612000 286.307781916 -24.511698892 257.672513777 0.056831275 0.492499953 -0.002247998 0.868453998
36438.255331000 286.313073808 -24.512181004 257.671380133 0.056838684 0.492424423 -0.002267911 0.868493269
36438.457051000 286.312296499 -24.514258959 257.672608626 0.056908505 0.492424521 -0.002328371 0.868489658
36438.658771000 286.311613344 -24.512138294 257.668119486 0.056789256 0.492429996 -0.002257608 0.868495802
36438.860491000 286.310354352 -24.513575662 257.668040030 0.056848457 0.492424408 -0.002307976 0.868492713
36439.062211000 286.309410537 -24.510855658 257.670301753 0.056769373 0.492437532 -0.002227484 0.868491161
36439.263931000 286.310245561 -24.512359805 257.669448773 0.056868305 0.492431975 -0.002338114 0.868485979
36439.465650000 286.310249036 -24.513697879 257.670820978 0.056889747 0.492466027 -0.002318319 0.868467939
36439.667370000 286.311810257 -24.511736001 257.672177637 0.056908381 0.492411375 -0.002248340 0.868495445
36439.869090000 286.313334302 -24.514798913 257.671322735 0.056948686 0.492424619 -0.002318635 0.868487649
36440.070810000 286.311239433 -24.513800518 257.672794751 0.056949433 0.492445407 -0.002298675 0.868476304
36440.272530000 286.313211721 -24.513447522 257.670041285 0.056817961 0.492396051 -0.002277732 0.868511320
36440.474249000 286.311739543 -24.512857621 257.670469899 0.056848260 0.492388594 -0.002247924 0.868515529
36440.675969000 286.312145892 -24.511701990 257.668245310 0.056838849 0.492409342 -0.002247898 0.868504664
36440.877689000 286.312740556 -24.513944636 257.670375172 0.056808679 0.492416818 -0.002257707 0.868500479
36441.079409000 286.312680997 -24.514825126 257.669406983 0.056868090 0.492403709 -0.002278069 0.868503113
36441.281129000 286.313150211 -24.512732945 257.671530546 0.056888377 0.492388681 -0.002248187 0.868513510
36441.482849000 286.314085322 -24.510032965 257.673600080 0.056908056 0.492375543 -0.002208287 0.868518233
36441.684568000 286.312653320 -24.512494954 257.674163445 0.056829462 0.492409418 -0.002147833 0.868505286
36441.886288000 286.313072905 -24.514521523 257.671533984 0.056908464 0.492403834 -0.002238333 0.868501142
36442.088008000 286.315337064 -24.514907711 257.673629943 0.056897794 0.492354812 -0.002148182 0.868530176
36442.289728000 286.309753908 -24.514737250 257.669665877 0.056869904 0.492445335 -0.002188150 0.868480481
36442.491448000 286.312168127 -24.512955890 257.672177312 0.056998793 0.492404044 -0.002228926 0.868496603
36442.693167000 286.313467716 -24.514117890 257.673700803 0.056847541 0.492382915 -0.002257897 0.868515517
36442.894887000 286.310795849 -24.512592681 257.670415599 0.056879205 0.492417017 -0.002208169 0.868497009
36443.096608000 286.312486835 -24.513655378 257.671726378 0.056858721 0.492396233 -0.002177998 0.868509423
36443.298328000 286.310859269 -24.511045923 257.669252622 0.056869029 0.492424526 -0.002228110 0.868491804
36443.500048000 286.312626544 -24.514029330 257.671656082 0.056898989 0.492424572 -0.002248307 0.868490265
36443.701768000 286.313538601 -24.511685499 257.670066268 0.056878027 0.492388613 -0.002298121 0.868513952
36443.903487000 286.312034767 -24.512332092 257.672207156 0.056809279 0.492445138 -0.002257753 0.868483423
36444.105207000 286.312593991 -24.513790869 257.670285871 0.056818190 0.492380979 -0.002247719 0.868522727
36444.306927000 286.311837521 -24.512371421 257.669708447 0.056797582 0.492395963 -0.002327599 0.868512263
36444.508647000 286.311855545 -24.515341101 257.670723227 0.056888528 0.492416936 -0.002318233 0.868496366
36444.710367000 286.312123420 -24.514267974 257.670629722 0.056878348 0.492388659 -0.002248121 0.868514015
36444.912086000 286.314086405 -24.515904500 257.668389594 0.057255879 0.492330933 -0.002310466 0.868517408
36445.113806000 286.310930004 -24.515993479 257.672590358 0.057128903 0.492411856 -0.002269789 0.868484277
36445.315526000 286.311393202 -24.516034583 257.673227428 0.057117507 0.492370275 -0.002289643 0.868507499
36445.517246000 286.312361220 -24.518868856 257.668985690 0.057126681 0.492341943 -0.002329662 0.868523992
36445.718966000 286.314091784 -24.517351321 257.670501981 0.057267465 0.492385670 -0.002360644 0.868488409
36445.920686000 286.307079165 -24.515873598 257.665995052 0.057087335 0.492377746 -0.002299452 0.868503324
36446.122405000 286.309812232 -24.516478184 257.670338371 0.057187910 0.492406256 -0.002350156 0.868481124
36446.324125000 286.312165690 -24.515275371 257.667361027 0.057206089 0.492328887 -0.002360155 0.868525570
36446.525845000 286.312133070 -24.514849828 257.669860597 0.057167146 0.492357191 -0.002269940 0.868510669
36446.727565000 286.312198441 -24.514403214 257.668859416 0.057166315 0.492343945 -0.002299906 0.868516315
36446.929285000 286.313000137 -24.516833667 257.669738212 0.057266911 0.492364909 -0.002350604 0.868499792
36447.131005000 286.311022302 -24.516819096 257.665480953 0.057106814 0.492341923 -0.002299530 0.868525047
36447.332724000 286.313957455 -24.519562980 257.668056430 0.057216269 0.492357170 -0.002430267 0.868507911
36447.534444000 286.310387412 -24.515290396 257.666242589 0.057137290 0.492377835 -0.002329781 0.868500747
36447.736164000 286.311162730 -24.517182937 257.665480637 0.057146252 0.492357029 -0.002399805 0.868511512
36447.937884000 286.312971422 -24.516137469 257.667087197 0.057116866 0.492370186 -0.002389641 0.868507365
36448.139605000 286.310308028 -24.516920623 257.665275760 0.057076747 0.492370093 -0.002389377 0.868509395
36448.341324000 286.311032909 -24.514744231 257.667917533 0.057087142 0.492377719 -0.002329451 0.868503285
36448.543044000 286.313654525 -24.517202805 257.668794542 0.057126555 0.492377718 -0.002439713 0.868501102
36448.744764000 286.309406501 -24.517826335 257.665703118 0.057106387 0.492370105 -0.002459574 0.868507773
36448.946484000 286.312441416 -24.516366172 257.671151110 0.057176813 0.492385402 -0.002420049 0.868492906
36449.148204000 286.308411357 -24.514571930 257.664024209 0.056967701 0.492383151 -0.002288687 0.868509416
36449.349924000 286.312977872 -24.512645264 257.667721437 0.057037206 0.492370081 -0.002299115 0.868511544
36449.551643000 286.311916065 -24.510769630 257.666015224 0.057058417 0.492383421 -0.002219282 0.868504945
36449.753363000 286.311734967 -24.509495721 257.665284294 0.056967765 0.492383160 -0.002278688 0.868509429
36449.955083000 286.310642765 -24.511417795 257.665134547 0.056997789 0.492383218 -0.002288885 0.868507898
36450.156803000 286.310976848 -24.509422782 257.666869139 0.057076984 0.492377678 -0.002349385 0.868503765
36450.358523000 286.309408936 -24.511142459 257.666582151 0.057067211 0.492377690 -0.002309320 0.868504325
36450.560243000 286.310541203 -24.509452594 257.666142005 0.056928202 0.492403832 -0.002288464 0.868500069
36450.761962000 286.313434976 -24.506715234 257.667738731 0.057037013 0.492370054 -0.002329115 0.868511504
36450.963682000 286.309899468 -24.509942585 257.667917021 0.057137352 0.492390977 -0.002419813 0.868494938
36451.165402000 286.310374668 -24.508790654 257.670172091 0.057046979 0.492370068 -0.002339181 0.868510984
36451.367122000 286.312234248 -24.507411455 257.668997710 0.057096723 0.492377681 -0.002399515 0.868502682
36451.568842000 286.310671753 -24.509426092 257.666111111 0.057026920 0.492370022 -0.002339049 0.868511998
36451.770562000 286.312378346 -24.510633796 257.670432094 0.057136479 0.492357040 -0.002359740 0.868512076
36451.972281000 286.312578147 -24.508232105 257.668296805 0.057246210 0.492364776 -0.002450470 0.868500670
36452.174001000 286.312935654 -24.512619334 257.670371728 0.057077641 0.492383347 -0.002349412 0.868503765
36452.375721000 286.312684740 -24.514436921 257.668396299 0.057076875 0.492370110 -0.002369378 0.868509423
36452.577441000 286.309492305 -24.512624473 257.666974050 0.057107606 0.492370270 -0.002269577 0.868508032
36452.779161000 286.311394508 -24.513553380 257.667913227 0.057176406 0.492357108 -0.002390003 0.868510002
36452.980882000 286.313448746 -24.516135288 257.669734149 0.057245335 0.492343975 -0.002490429 0.868511980
36453.182601000 286.314499773 -24.512891798 257.664291869 0.057185519 0.492315638 -0.002339990 0.868532298
36453.384321000 286.311098920 -24.511510326 257.664891728 0.057085712 0.492336155 -0.002359370 0.868525982
36453.586041000 286.311405586 -24.513836980 257.666143581 0.057305663 0.492336587 -0.002470820 0.868514637
36453.787761000 286.310986517 -24.511671264 257.668282799 0.057047640 0.492362609 -0.002239176 0.868516797
36453.989481000 286.312465771 -24.509892086 257.666990231 0.057186115 0.492357090 -0.002440068 0.868509422
36454.191201000 286.311478486 -24.510265290 257.667447273 0.057156497 0.492336399 -0.002269834 0.868522546
36454.392920000 286.311943996 -24.508966859 257.667602119 0.057116994 0.492370203 -0.002369642 0.868507393
36454.594640000 286.313194722 -24.509603765 257.665604987 0.057215906 0.492336435 -0.002390227 0.868519336
36454.796360000 286.313481027 -24.510928643 257.667345339 0.057234942 0.492323214 -0.002450324 0.868523917
36454.998080000 286.317154335 -24.505924100 257.667283238 0.057304853 0.492302658 -0.002400747 0.868531790
36455.199800000 286.314313916 -24.504540205 257.666359415 0.057185262 0.492315603 -0.002379989 0.868532244
36455.401520000 286.311438275 -24.509196229 257.666135751 0.057126129 0.492356974 -0.002409673 0.868512514
36455.603239000 286.313946118 -24.509736758 257.669420405 0.057206431 0.492357171 -0.002400201 0.868508462
36455.804959000 286.312844606 -24.509825743 257.664967613 0.057245164 0.492323263 -0.002420391 0.868523451
36456.006679000 286.314476546 -24.514903472 257.668935426 0.057166332 0.492349526 -0.002399931 0.868516181
36456.208399000 286.311799202 -24.510984131 257.667386367 0.057256752 0.492364867 -0.002370538 0.868500275
36456.410119000 286.314420213 -24.512727914 257.665242138 0.057305194 0.492295151 -0.002350741 0.868537543
36456.611839000 286.312413909 -24.512119513 257.668084249 0.057236821 0.492364836 -0.002350406 0.868501320
36456.813558000 286.313936101 -24.514916356 257.670498996 0.057235689 0.492343999 -0.002430364 0.868512578
36457.015278000 286.313340772 -24.515063818 257.668763070 0.057185412 0.492343863 -0.002450034 0.868515092
36457.216998000 286.313885418 -24.514503737 257.665608539 0.057195400 0.492323194 -0.002360062 0.868526079
36457.418718000 286.314222781 -24.515973037 257.671198883 0.057246465 0.492377948 -0.002510504 0.868494896
36457.620438000 286.311101035 -24.514088397 257.666485981 0.057156112 0.492336344 -0.002329833 0.868522468
36457.822158000 286.312790304 -24.516013851 257.666418156 0.057226172 0.492344043 -0.002350300 0.868513198
36458.023877000 286.312168845 -24.516258842 257.665682583 0.057176425 0.492349558 -0.002389997 0.868515686
36458.225597000 286.313124384 -24.515278351 257.668664827 0.057135819 0.492315584 -0.002269662 0.868534930
36458.427317000 286.311561145 -24.514890518 257.666664310 0.057215950 0.492343993 -0.002380234 0.868513666
36458.629037000 286.314402241 -24.513359592 257.669693392 0.057095399 0.492307895 -0.002319391 0.868542580
36458.830757000 286.311127655 -24.509386812 257.666838099 0.056987229 0.492341763 -0.002178742 0.868531275
36459.032478000 286.311448038 -24.510769464 257.664798239 0.057086992 0.492349464 -0.002259406 0.868520428
36459.234197000 286.312210769 -24.509292541 257.668420937 0.057066186 0.492328630 -0.002279234 0.868532786
36459.435917000 286.313847290 -24.512631406 257.665975722 0.057096121 0.492313572 -0.002309418 0.868542593
36459.637637000 286.313642037 -24.511702772 257.667565568 0.057225489 0.492323266 -0.002360260 0.868524553
36459.839357000 286.314018497 -24.513693711 257.667406384 0.057126787 0.492362643 -0.002409701 0.868512514
36460.041077000 286.313243605 -24.514071845 257.668242062 0.057146314 0.492370175 -0.002489838 0.868505697
36460.242796000 286.313006713 -24.513697335 257.667202965 0.057175531 0.492336306 -0.002429962 0.868521314
36460.444516000 286.312639408 -24.515343608 257.669738112 0.057087097 0.492370160 -0.002339444 0.868508956
36460.646236000 286.314698347 -24.513015363 257.670760926 0.057306155 0.492344203 -0.002390827 0.868509068
36460.847956000 286.310055071 -24.515113485 257.665174436 0.057017399 0.492383201 -0.002359016 0.868506793
36461.049676000 286.311353042 -24.511731540 257.667970508 0.057117850 0.492398558 -0.002329689 0.868490392
36461.251396000 286.310793462 -24.511640027 257.666143955 0.057178817 0.492440179 -0.002400163 0.868464507
36461.453115000 286.315477459 -24.512423285 257.666604794 0.057335498 0.492323492 -0.002410985 0.868518878
36461.654835000 286.314372753 -24.513595420 257.666093890 0.057205173 0.492323184 -0.002400127 0.868525515
36461.856555000 286.314345686 -24.511094722 257.665599950 0.057026256 0.492341695 -0.002349002 0.868529037
36462.058275000 286.311513341 -24.509530053 257.665185789 0.057116119 0.492349400 -0.002409601 0.868518706
36462.259995000 286.312750833 -24.510322378 257.671069175 0.057297748 0.492385770 -0.002330842 0.868486921
36462.461715000 286.311410221 -24.508888691 257.669825511 0.057207309 0.492364846 -0.002260210 0.868502963
36462.663434000 286.314464985 -24.505753752 257.666840435 0.057207052 0.492364809 -0.002300209 0.868502913
36462.865154000 286.311641860 -24.508172254 257.665582734 0.057126899 0.492357079 -0.002289676 0.868512676
36463.066874000 286.309843174 -24.507331674 257.667093083 0.057166975 0.492385404 -0.002389984 0.868493456
36463.268594000 286.308955233 -24.506686480 257.667917816 0.057226000 0.492336467 -0.002380293 0.868518841
36463.470314000 286.314332700 -24.508165056 257.670175329 0.057186842 0.492385426 -0.002420115 0.868492397
36463.672034000 286.315778345 -24.508882378 257.670807120 0.057255685 0.492344039 -0.002440496 0.868511545
36463.873753000 286.314792785 -24.511191105 257.668617269 0.057375896 0.492351869 -0.002461294 0.868499712
36464.075474000 286.312391617 -24.512859943 257.667665600 0.057275210 0.492315778 -0.002430582 0.868527593
36464.277194000 286.311788994 -24.512087345 257.665678205 0.057226020 0.492328917 -0.002380287 0.868524525
36464.478914000 286.308691228 -24.511671832 257.667597709 0.057138740 0.492411852 -0.002299854 0.868483731
36464.680634000 286.314952543 -24.504588772 257.670955445 0.057435927 0.492323759 -0.002391645 0.868513799
36464.882353000 286.311889117 -24.507495947 257.667020048 0.057307331 0.492372602 -0.002300875 0.868492135
36465.084073000 286.310483104 -24.509619339 257.667122678 0.057306880 0.492385676 -0.002470906 0.868486214
36465.285793000 286.312197433 -24.513074447 257.667907220 0.057385457 0.492359389 -0.002531364 0.868493410
36465.487513000 286.312492458 -24.513622603 257.667816199 0.057216204 0.492357162 -0.002440266 0.868507897
36465.689233000 286.312728422 -24.514383042 257.665645865 0.057216567 0.492377899 -0.002480306 0.868496468
36465.890953000 286.311878384 -24.513627417 257.667240187 0.057196485 0.492349606 -0.002390129 0.868514669
36466.092672000 286.310962287 -24.513483030 257.667305908 0.057336032 0.492351802 -0.002421031 0.868501811
36466.294392000 286.312659509 -24.514256190 257.668396166 0.057336139 0.492372507 -0.002501069 0.868490324
36466.496112000 286.311634093 -24.509911922 257.671505773 0.057207800 0.492385597 -0.002280250 0.868491569
36466.697832000 286.311356122 -24.510421601 257.667728332 0.057345165 0.492302782 -0.002371011 0.868529792
36466.899552000 286.313146496 -24.513248664 257.668421347 0.057176127 0.492328833 -0.002339958 0.868527123
36467.101272000 286.311335141 -24.512997138 257.670382756 0.057236266 0.492344076 -0.002340366 0.868512702
36467.302991000 286.313504788 -24.512112650 257.671227215 0.057286544 0.492344215 -0.002320696 0.868510182
36467.504711000 286.310002136 -24.510955816 257.667828015 0.057256732 0.492372417 -0.002370544 0.868494590
36467.706431000 286.311629565 -24.509098825 257.667474377 0.057336801 0.492351906 -0.002301033 0.868501974
36467.908151000 286.310281922 -24.511753275 257.667947507 0.057246274 0.492364784 -0.002440470 0.868500685
36468.109871000 286.311446703 -24.508301989 257.668424279 0.057327134 0.492372615 -0.002341006 0.868491063
36468.311590000 286.311601580 -24.509276261 257.668514874 0.057276342 0.492336614 -0.002350624 0.868516336
36468.513310000 286.309869471 -24.510567368 257.670478300 0.057209102 0.492427146 -0.002270330 0.868468840
36468.715030000 286.311391773 -24.510065059 257.671787606 0.057148452 0.492398702 -0.002249888 0.868488971
36468.916750000 286.322822739 -24.488770325 257.676988442 0.058613945 0.492385352 -0.002929399 0.868394905
36469.118470000 286.384761839 -24.493814087 257.729575160 0.062556842 0.492167756 -0.004914716 0.868234365
36469.320190000 286.561558958 -24.522974567 257.830675720 0.061373482 0.492283625 -0.004347224 0.868258178
36469.521909000 286.811439252 -24.555055622 257.977206889 0.060867056 0.492466239 -0.004504231 0.868189150
36469.723629000 287.122828330 -24.596857789 258.161384917 0.060406151 0.492845638 -0.004581839 0.868004028
36469.925349000 287.512098650 -24.647924071 258.388522713 0.060063810 0.493106661 -0.004470051 0.867881078
36470.127070000 287.937669724 -24.698380091 258.637523963 0.059673447 0.493507607 -0.004608179 0.867679785
36470.328790000 288.414114515 -24.757406128 258.923929328 0.059279033 0.494126160 -0.004676617 0.867353227
36470.530510000 288.938506513 -24.825156828 259.252178190 0.058592962 0.495134192 -0.005063820 0.866822792
36470.732229000 289.511057720 -24.889948673 259.580909062 0.058536613 0.496815911 -0.005186216 0.865863021
36470.933949000 290.134103916 -24.961978663 259.958844591 0.058282002 0.498653684 -0.005687598 0.864820748
36471.135669000 290.823315123 -25.035530280 260.363222991 0.057920992 0.500585298 -0.006018447 0.863727315
36471.337389000 291.577647316 -25.119484318 260.791135562 0.057802282 0.502679787 -0.006671150 0.862514253
36471.539109000 292.401955413 -25.209660425 261.263114336 0.057858249 0.504966051 -0.007345264 0.861167411
36471.740829000 293.289776101 -25.299855042 261.762900791 0.058095684 0.507404362 -0.008390775 0.859704819
36471.942548000 294.262789380 -25.420427759 262.292793843 0.058477432 0.509919868 -0.009237498 0.858184298
36472.144268000 295.308359094 -25.541464763 262.852396545 0.058184173 0.512127016 -0.009459205 0.856885961
36472.345988000 296.430885180 -25.672333954 263.442645686 0.057650331 0.513769108 -0.008958363 0.855941800
36472.547708000 297.617702021 -25.815652464 264.035397283 0.057092140 0.514294457 -0.007675545 0.855674978
36472.749428000 298.843679597 -25.964774058 264.674564817 0.056176001 0.513510885 -0.006928302 0.856213109
36472.951147000 300.076029902 -26.108088930 265.320981545 0.055036196 0.511551469 -0.006557673 0.857462340
36473.152867000 301.308629789 -26.255129801 265.979483038 0.054142045 0.508319521 -0.006366603 0.859443583
36473.354587000 302.547845893 -26.384006123 266.661742229 0.053510822 0.503335143 -0.006244318 0.862412703
36473.556307000 303.806413865 -26.529185086 267.385173274 0.052486162 0.495193324 -0.006004221 0.867173865
36473.758027000 305.102125731 -26.658266189 268.199118413 0.050480296 0.483098312 -0.005331356 0.874094986
36473.959747000 306.381758519 -26.809136378 269.064655027 0.048072220 0.467404027 -0.005639929 0.882718292
36474.161467000 307.671147730 -26.924789388 269.992371794 0.048462960 0.448535209 -0.005681480 0.892431751
36474.363186000 308.935402574 -27.072298978 271.025006641 0.048060688 0.426993006 -0.004543503 0.902966243
36474.564906000 310.178797551 -27.222319261 272.134192967 0.047182449 0.402807200 -0.004268078 0.914058298
36474.766626000 311.389144507 -27.356710165 273.331800513 0.045339740 0.376697972 -0.002943201 0.925221034
36474.968346000 312.553022361 -27.502766467 274.623361473 0.044160037 0.350311054 -0.003192234 0.935586827
36475.170066000 313.632358176 -27.654684384 276.000773699 0.042897843 0.323861152 -0.005080653 0.945118158
36475.371785000 314.642344679 -27.813663126 277.454560159 0.041509524 0.295733188 -0.007225490 0.954340858
36475.573505000 315.559325427 -27.955849092 278.957074897 0.041897291 0.266946380 -0.010480809 0.962742933
36475.775225000 316.402269326 -28.093158545 280.546574992 0.040254561 0.238129055 -0.012082961 0.970324089
36475.976946000 317.185588935 -28.253450637 282.163271116 0.040342466 0.209894685 -0.012917185 0.976806130
36476.178666000 317.868733201 -28.393784576 283.853377496 0.040942532 0.184047929 -0.013948700 0.981965297
36476.380386000 318.508699482 -28.558150000 285.579654890 0.038822610 0.161900368 -0.011368465 0.985977670
36476.582105000 319.073319147 -28.718644547 287.321256197 0.042113131 0.143838455 -0.010270150 0.988651327
36476.783825000 319.577715200 -28.870199113 289.109675471 0.043685399 0.129661576 -0.010827166 0.990536406
36476.985545000 320.032233233 -29.047735683 290.919402192 0.045354382 0.119446998 -0.014111238 0.991703658
36477.187265000 320.471365857 -29.207576570 292.752720436 0.044977755 0.112554094 -0.014807588 0.992516706
36477.388985000 320.893983209 -29.392515604 294.588297315 0.044659135 0.107511651 -0.014027158 0.993101209
36477.590705000 321.280586215 -29.550024788 296.422883322 0.045635736 0.104212598 -0.015018074 0.993393914
36477.792424000 321.670925266 -29.725796122 298.275685421 0.044793215 0.102393319 -0.015669660 0.993611394
36477.994144000 322.061704470 -29.910117228 300.120138505 0.042471229 0.101683892 -0.016043423 0.993780249
36478.195864000 322.454132754 -30.070918696 301.956302074 0.040705756 0.101331614 -0.015341336 0.993901182
36478.397584000 322.835629570 -30.228758271 303.771441387 0.039779912 0.101598535 -0.014205769 0.993928334
36478.599304000 323.206803547 -30.391154572 305.582165202 0.042461772 0.101815774 -0.014923491 0.993784545
36478.801024000 323.583204817 -30.556514660 307.390369836 0.045243384 0.102540920 -0.016312937 0.993565499
36479.002743000 323.963361273 -30.729134936 309.199471991 0.046050887 0.103347813 -0.016889370 0.993435032
36479.204463000 324.337171491 -30.910132820 310.974138387 0.046737549 0.104228325 -0.017975354 0.993291947
36479.406183000 324.710285484 -31.076998484 312.742655975 0.047228864 0.105432946 -0.019650600 0.993109856
36479.607903000 325.093396043 -31.256956940 314.492449633 0.048951356 0.106724517 -0.021563987 0.992848766
36479.809623000 325.478434669 -31.447881837 316.224798362 0.050416783 0.108294029 -0.022556014 0.992583336
36480.011343000 325.864898285 -31.631511602 317.918664986 0.051353173 0.110099745 -0.022845145 0.992330083
36480.213062000 326.237406956 -31.818753552 319.568507287 0.052851365 0.112310618 -0.022968503 0.992000747
36480.414782000 326.625976136 -32.015789679 321.220451283 0.053859595 0.114934499 -0.023209381 0.991640317
36480.616502000 327.000572564 -32.213949240 322.832457079 0.054729593 0.118200306 -0.024210317 0.991184672
36480.818222000 327.388139183 -32.410125064 324.420134737 0.054542440 0.122375347 -0.025426146 0.990657856
36481.019943000 327.784202956 -32.596903320 325.957550588 0.055033098 0.127601805 -0.026607889 0.989939977
36481.221663000 328.195462702 -32.789265444 327.483816546 0.054586552 0.134314900 -0.027216025 0.989059713
36481.423382000 328.621607754 -32.963880499 328.968335647 0.055956735 0.142079270 -0.028057581 0.987873932
36481.625102000 329.067191415 -33.153900950 330.410852695 0.058434208 0.151239168 -0.027448908 0.986386786
36481.826822000 329.557350211 -33.347585262 331.812404997 0.060314483 0.161976762 -0.024978549 0.984632721
36482.028542000 330.082057233 -33.553104972 333.226102359 0.061163785 0.175304808 -0.022486064 0.982355296
36482.230262000 330.649720047 -33.747613543 334.630302123 0.062243441 0.190644113 -0.020308044 0.979473271
36482.431982000 331.267564979 -33.943424785 335.970686294 0.062130519 0.209288366 -0.018167947 0.975709073
36482.633701000 331.918522731 -34.145047120 337.286944153 0.061538735 0.231214226 -0.016840065 0.970808700
36482.835421000 332.641919282 -34.341852429 338.548151852 0.061122756 0.256357821 -0.015448667 0.964524162
36483.037141000 333.436795009 -34.520267275 339.756133392 0.061405001 0.284652630 -0.013246804 0.956570317
36483.238861000 334.269762684 -34.684212216 340.865791286 0.061993873 0.314031593 -0.011458850 0.947317362
36483.440581000 335.168374621 -34.867869720 341.909043208 0.061716126 0.343219994 -0.009784854 0.937173657
36483.642301000 336.130483508 -35.028711241 342.884153273 0.062422816 0.371765609 -0.008026295 0.926190642
36483.844020000 337.102597976 -35.198770518 343.776501550 0.063161933 0.398659488 -0.006885249 0.914896233
36484.045740000 338.138346757 -35.351636844 344.618676710 0.064709834 0.424495999 -0.006197668 0.903092630
36484.247460000 339.207707996 -35.527104158 345.403189116 0.067068675 0.449589858 -0.007054201 0.890684510
36484.449180000 340.313607197 -35.704406642 346.127755606 0.068948152 0.474757620 -0.008117761 0.877373220
36484.650900000 341.498360708 -35.879531449 346.786884321 0.069432217 0.499667153 -0.007361810 0.863399200
36484.852620000 342.706787947 -36.048534506 347.393827880 0.069041676 0.523286919 -0.006588020 0.849329659
36485.054339000 343.960617282 -36.216789472 347.933473483 0.068580164 0.545629806 -0.005391671 0.835198650
36485.256059000 345.249530192 -36.379513123 348.388599983 0.068637470 0.569029066 -0.004080421 0.819438466
36485.457779000 346.526504957 -36.537970343 348.760625237 0.070423124 0.593763438 -0.003982641 0.801544910
36485.659499000 347.823779290 -36.666617088 349.048037663 0.073253439 0.619331117 -0.003392971 0.781694742
36485.861219000 349.138584488 -36.839827738 349.244517203 0.074137070 0.644592347 -0.002640177 0.760919309
36486.062938000 350.471112900 -36.986706714 349.369796679 0.075321269 0.669838971 -0.001659295 0.738672341
36486.264658000 351.804252761 -37.133003397 349.378268597 0.076814481 0.693834108 -0.000458361 0.716028065
36486.466378000 353.124457478 -37.268287570 349.296664521 0.078800526 0.717101097 0.001110568 0.692499657
36486.668098000 354.442958567 -37.406819344 349.153555470 0.079687261 0.738418632 0.003199790 0.669598992
36486.869818000 355.739840202 -37.539476008 348.900974888 0.081705479 0.758552349 0.005323791 0.646454723
36487.071539000 357.052074051 -37.635069504 348.607562727 0.082605930 0.778179096 0.005575662 0.622560471
36487.273258000 358.359201319 -37.755665878 348.209842466 0.080383964 0.798122823 0.007407351 0.597054420
36487.474978000 359.641340098 -37.852370488 347.714383272 0.078669487 0.818632830 0.007914921 0.568849554
36487.676698000 360.914159508 -37.937860279 347.144194585 0.075314165 0.838888701 0.007953490 0.539009592
36487.878418000 362.156045768 -38.003006943 346.451700892 0.072305646 0.857434568 0.008292609 0.509420090
36488.080138000 363.382334435 -38.077868043 345.685652909 0.066392538 0.874327613 0.008653338 0.480690000
36488.281858000 364.559035920 -38.139458913 344.817423275 0.064577139 0.889147363 0.012270898 0.452880000
36488.483577000 365.700391596 -38.181595740 343.884580082 0.060240489 0.902460292 0.014267288 0.426310000
36488.685297000 366.768748381 -38.206933816 342.887292523 0.059370879 0.913743509 0.017724500 0.401550000
36488.887017000 367.799102018 -38.218595364 341.838778469 0.058832036 0.924053814 0.019071110 0.377230000
36489.088737000 368.768706003 -38.225997744 340.736091216 0.059118750 0.932694351 0.021875126 0.355110000
36489.290457000 369.687882807 -38.224001599 339.590495460 0.059071123 0.940142554 0.024263264 0.334750000
36489.492176000 370.581773993 -38.212686299 338.410408045 0.057598164 0.946357388 0.026312686 0.316870000
36489.693896000 371.419358123 -38.179012957 337.198189331 0.058740591 0.951699271 0.026426492 0.300210000
36489.895616000 372.216315998 -38.150772170 335.972413392 0.059531375 0.956021621 0.027384277 0.285890000
36490.097336000 372.978674098 -38.122002110 334.732551243 0.060075134 0.959412336 0.029535224 0.273940000
36490.299056000 373.717408977 -38.083596119 333.469566362 0.060313471 0.961959984 0.031219530 0.264610000
36490.500776000 374.429200484 -38.045070045 332.216406697 0.059377267 0.964345863 0.031381705 0.255970000
36490.702495000 375.121349973 -37.995534993 330.949946380 0.060249157 0.966151712 0.030423050 0.248990000
36490.904215000 375.789671800 -37.970135891 329.684950647 0.060327085 0.967153208 0.032190939 0.244830000
36491.105936000 376.457288479 -37.921891781 328.435592351 0.059859636 0.967516567 0.032673393 0.243430000
36491.307656000 377.109244382 -37.880136033 327.202746908 0.059417192 0.967815508 0.031095744 0.242560000
36491.509376000 377.750114622 -37.838956755 325.981314749 0.059497802 0.968091587 0.030054743 0.241590000
36491.711095000 378.377057228 -37.806254423 324.797317908 0.059113345 0.968411086 0.029626709 0.240440000
36491.912815000 378.977725987 -37.775641815 323.644476036 0.058683175 0.968832282 0.029448810 0.238840000
36492.114535000 379.552763815 -37.741243393 322.528565440 0.059067276 0.969160916 0.028715757 0.237530000
36492.316255000 380.121201444 -37.721403917 321.424621926 0.058732918 0.969449333 0.028427451 0.236440000
36492.517975000 380.655966828 -37.691333798 320.368641643 0.059011997 0.969623245 0.029105366 0.235610000
36492.719695000 381.173554411 -37.665560297 319.351720986 0.059057655 0.969812285 0.029204761 0.234780000
36492.921414000 381.678035699 -37.634291349 318.366277236 0.058696192 0.970039857 0.028066712 0.234080000
36493.123134000 382.160751457 -37.613209538 317.409012367 0.058812713 0.970214552 0.026805640 0.233470000
36493.324854000 382.643477526 -37.596597181 316.453064796 0.059567614 0.970295323 0.027190607 0.232900000
36493.526574000 383.108448318 -37.567843765 315.534323583 0.058991417 0.970453372 0.028714129 0.232220000
36493.728294000 383.568869889 -37.549527340 314.624639285 0.057978807 0.970611203 0.029270466 0.231740000
36493.930013000 384.007876766 -37.513750551 313.741516168 0.058639468 0.970732994 0.028835961 0.231080000
36494.131733000 384.446599377 -37.495030297 312.859462921 0.058022128 0.970958529 0.028359594 0.230360000
36494.333453000 384.882149865 -37.471922570 311.984073247 0.057560776 0.971059677 0.027762414 0.230110000
36494.535173000 385.312316653 -37.448033266 311.119157533 0.057898945 0.971169413 0.027010018 0.229690000
36494.736893000 385.734701466 -37.429746441 310.261841786 0.058356151 0.971255883 0.026196885 0.229270000
36494.938613000 386.156448131 -37.409643776 309.403607187 0.058977455 0.971329242 0.026062722 0.228830000
36495.140332000 386.571448994 -37.392762505 308.562702128 0.058977637 0.971448445 0.025602515 0.228390000
36495.342052000 386.991259828 -37.368035088 307.711062673 0.060148993 0.971497393 0.025544817 0.227860000
36495.543772000 387.407459247 -37.353335864 306.864863284 0.059255888 0.971698798 0.024290265 0.227360000
36495.745492000 387.810143443 -37.346760047 306.036415507 0.059982678 0.971648962 0.023955614 0.227460000
36495.947212000 388.221028214 -37.328949748 305.206485934 0.060841488 0.971715366 0.023449909 0.226990000
36496.148933000 388.628406904 -37.326321788 304.382244207 0.061000864 0.971760642 0.023158792 0.226750000
36496.350652000 389.038113157 -37.312539036 303.542778694 0.061628823 0.971773314 0.022754679 0.226600000
36496.552372000 389.444983613 -37.299635207 302.712373266 0.061496543 0.971805953 0.022275475 0.226520000
36496.754092000 389.844204671 -37.289159796 301.898641937 0.060991548 0.971867517 0.021278635 0.226510000
36496.955812000 390.244188720 -37.271435764 301.077323579 0.061207981 0.971920398 0.020497123 0.226300000
36497.157532000 390.662818072 -37.257969172 300.226730314 0.060500064 0.971976565 0.019081602 0.226340000
36497.359251000 391.092343197 -37.238852888 299.351716379 0.059796976 0.972110601 0.016545897 0.226160000
36497.560971000 391.542356682 -37.233373326 298.410320115 0.059876630 0.972128265 0.016415347 0.226060000
36497.762691000 392.034812724 -37.229807823 297.401929514 0.060110130 0.972142947 0.016883815 0.225900000
36497.964411000 392.542466679 -37.223380172 296.362034686 0.059606834 0.972224799 0.016066935 0.225770000
36498.166131000 393.076454957 -37.210132118 295.274776365 0.060203339 0.972158457 0.015763158 0.225900000
36498.367851000 393.635863819 -37.202500749 294.136360823 0.060349270 0.972044249 0.015592393 0.226380000
36498.569570000 394.200647559 -37.197966128 292.973904874 0.060103022 0.971979488 0.014904085 0.226750000
36498.771290000 394.765406208 -37.191144068 291.798195035 0.059819159 0.971985892 0.014295907 0.226850000
36498.973010000 395.342250195 -37.192748662 290.609120146 0.059813013 0.971904902 0.013676066 0.227250000
36499.174730000 395.919877143 -37.188068355 289.416399767 0.060168412 0.971785026 0.013433946 0.227660000
36499.376450000 396.513583062 -37.184303494 288.201565845 0.060026357 0.971728618 0.013354960 0.227940000
36499.578169000 397.110200043 -37.191833421 287.006661982 0.060104989 0.971673728 0.011814505 0.228260000
36499.779889000 397.697539938 -37.195902391 285.803212567 0.060759825 0.971592666 0.009760334 0.228520000
36499.981609000 398.318937555 -37.205459133 284.596700640 0.059946154 0.971603154 0.009195594 0.228720000
36500.183329000 398.919308393 -37.231383476 283.396982454 0.058933959 0.971549778 0.009132262 0.229220000
36500.385049000 399.486390153 -37.250919124 282.211870563 0.059203680 0.971619243 0.007240352 0.228900000
36500.586769000 400.072571968 -37.262491817 281.024031347 0.059504730 0.971777620 0.005188088 0.228190000
36500.788488000 400.660983966 -37.279981632 279.810766770 0.058254850 0.971882886 0.006396070 0.228040000
36500.990209000 401.225437041 -37.287991489 278.577251964 0.056577504 0.972005700 0.011046879 0.227760000
36501.191929000 401.799816413 -37.311055476 277.373277990 0.055945563 0.972335210 0.012530481 0.226440000
36501.393649000 402.373193902 -37.290852550 276.177709699 0.057897198 0.972360886 0.011017714 0.225920000
36501.595369000 402.918651349 -37.301705723 274.963803515 0.060010178 0.972435123 0.011053854 0.225050000
36501.797088000 403.515613397 -37.316295559 273.775349142 0.061025669 0.972401530 0.007337223 0.225090000
36501.998808000 404.079502230 -37.348214807 272.577188046 0.061987030 0.972361070 0.004560976 0.225040000
36502.200528000 404.708005007 -37.392575151 271.374227127 0.060744620 0.972373278 0.004209026 0.225360000
36502.402248000 405.296043745 -37.404161582 270.167275429 0.059553723 0.972315043 0.004376869 0.225930000
36502.603968000 405.889145023 -37.409512073 268.953470424 0.058161033 0.972535304 0.006235605 0.225300000
36502.805687000 406.463924325 -37.430012023 267.740509438 0.057985693 0.972640522 0.006536579 0.224870000
36503.007407000 407.069993639 -37.454683386 266.514961561 0.056893786 0.972738273 0.005903504 0.224750000
36503.209127000 407.647462854 -37.463750353 265.268943575 0.057252331 0.972678770 0.005901271 0.224920000
36503.410847000 408.242933966 -37.488206895 264.079025059 0.056589851 0.973013288 0.004184991 0.223670000
36503.612567000 408.802796110 -37.495450254 262.831648535 0.058047638 0.972828097 0.006065858 0.224050000
36503.814287000 409.371591605 -37.521756857 261.589565334 0.059629208 0.973040677 0.008445279 0.222630000
36504.016006000 409.957872803 -37.542649622 260.360809849 0.060270778 0.973143365 0.008230934 0.222010000
36504.217726000 410.554623143 -37.544134216 259.119974163 0.059349094 0.973221187 0.004606718 0.222020000
36504.419446000 411.140008706 -37.594072176 257.919532815 0.059910216 0.973423946 -0.002277419 0.221010000
36504.621166000 411.710272872 -37.625887926 256.705919748 0.059861527 0.973479597 -0.005397264 0.220740000
36504.822886000 412.277410382 -37.669748975 255.457155992 0.060249695 0.973590802 -0.004609952 0.220150000
36505.024605000 412.845037418 -37.716619055 254.222164301 0.060218213 0.973713164 -0.003789930 0.219630000
36505.226325000 413.412249136 -37.771066198 252.978687558 0.060091109 0.973799546 -0.002139208 0.219310000
36505.428045000 413.943486223 -37.810026947 251.862082164 0.059215948 0.973734590 -0.001073387 0.219830000
36505.629765000 414.423972728 -37.851672874 250.830543083 0.059259827 0.973602640 -0.001483465 0.220400000
36505.831485000 414.871595227 -37.888984355 249.878542366 0.059417106 0.973607667 -0.001934506 0.220350000
36506.033205000 415.280018405 -37.924954807 249.011686247 0.059226197 0.973602514 -0.002043259 0.220410000
36506.234924000 415.646648136 -37.959634269 248.214201319 0.059505833 0.973595044 -0.002085066 0.220400000
36506.436644000 415.972396988 -37.980549015 247.488001219 0.060972683 0.973545582 -0.002454531 0.220210000
36506.638364000 416.271996801 -38.021347306 246.840245548 0.061663558 0.973624129 -0.004229192 0.219620000
36506.840084000 416.558262224 -38.057096711 246.244689466 0.061558129 0.973615464 -0.005028510 0.219660000
36507.041805000 416.813163118 -38.078232402 245.670913827 0.061977147 0.973494921 -0.004711030 0.220100000
36507.243525000 417.047403242 -38.102447837 245.188259634 0.062040176 0.973521106 -0.005901509 0.219930000
36507.445244000 417.276906362 -38.126142327 244.719695703 0.061511175 0.973436027 -0.005367918 0.220480000
36507.646964000 417.451759819 -38.149512358 244.322688195 0.062007686 0.973451760 -0.006001186 0.220240000
36507.848684000 417.626759420 -38.162717297 243.956233739 0.062030982 0.973459207 -0.007071374 0.220190000
36508.050404000 417.798308954 -38.172921730 243.616397389 0.061798892 0.973432163 -0.008819860 0.220320000
36508.252124000 417.970940999 -38.193163565 243.240559666 0.061929620 0.973418991 -0.008660685 0.220350000
36508.453844000 418.149788149 -38.203297563 242.913586039 0.061088513 0.973470636 -0.008995308 0.220320000
36508.655563000 418.308296406 -38.225930647 242.563254651 0.061274793 0.973444831 -0.009476488 0.220350000
36508.857283000 418.449618102 -38.235405666 242.256574399 0.061216827 0.973436996 -0.009126090 0.220410000
36509.059003000 418.607466838 -38.250735736 241.924455721 0.061284109 0.973374886 -0.009296429 0.220670000
36509.260723000 418.738671756 -38.273644949 241.630513588 0.061185915 0.973407767 -0.009145841 0.220590000
36509.462443000 418.886562773 -38.286901784 241.331096991 0.060859007 0.973404526 -0.010183734 0.220610000
36509.664162000 419.015615896 -38.305047898 241.056211460 0.060705022 0.973387613 -0.010722717 0.220720000
36509.865882000 419.172326836 -38.319408742 240.734468823 0.060822468 0.973443385 -0.011353586 0.220410000
36510.067602000 419.314169584 -38.332871201 240.421021576 0.060981525 0.973386493 -0.012824560 0.220550000
36510.269322000 419.486556452 -38.348017185 240.032816805 0.061585178 0.973348957 -0.013688443 0.220470000
36510.471042000 419.674034456 -38.372304830 239.650389043 0.061519925 0.973329353 -0.014418003 0.220520000
36510.672762000 419.888201914 -38.396728765 239.184816093 0.061338106 0.973333637 -0.014706834 0.220530000
36510.874482000 420.109447446 -38.420079367 238.735825731 0.061068080 0.973350675 -0.014765108 0.220570000
36511.076201000 420.325239876 -38.454105031 238.245207413 0.061387745 0.973292509 -0.014597087 0.220720000
36511.277921000 420.546683077 -38.496715175 237.736886045 0.061984966 0.973226347 -0.014790866 0.220830000
36511.479641000 420.787676954 -38.527671832 237.215438131 0.062422405 0.973233966 -0.015243733 0.220650000
36511.681361000 421.048589364 -38.557922691 236.651008575 0.063045869 0.973225644 -0.016257796 0.220430000
36511.883081000 421.329993501 -38.596854282 236.039138960 0.063881323 0.973182501 -0.016833171 0.220360000
36512.084801000 421.633826959 -38.642456077 235.380403398 0.064308749 0.973150660 -0.017125904 0.220340000
36512.286520000 421.957192445 -38.684715449 234.676194325 0.065079193 0.973011324 -0.016530672 0.220770000
36512.488240000 422.296762450 -38.740405469 233.929190970 0.065750159 0.972944263 -0.016144916 0.220910000
36512.689960000 422.678674090 -38.788109586 233.150398475 0.065649304 0.972837455 -0.015834078 0.221420000
36512.891680000 423.046637106 -38.832160217 232.351460228 0.066054739 0.972808427 -0.014896645 0.221510000
36513.093401000 423.438626272 -38.878571460 231.516848829 0.067241229 0.972709462 -0.013554168 0.221670000
36513.295121000 423.856073178 -38.932347576 230.643993127 0.066152760 0.972788221 -0.013577220 0.221640000
36513.496840000 424.272762698 -38.965976227 229.760309035 0.066152006 0.972698663 -0.013327062 0.222020000
36513.698560000 424.692444653 -39.024179995 228.850485237 0.067268076 0.972621295 -0.012134165 0.222120000
36513.900280000 425.099364146 -39.084740129 227.983189247 0.067582074 0.972653855 -0.011666250 0.221910000
36514.102000000 425.491545079 -39.132708107 227.164509515 0.067289936 0.972730465 -0.012294490 0.221610000
36514.303720000 425.854446193 -39.166136541 226.390207300 0.067673879 0.972691658 -0.011546906 0.221730000
36514.505440000 426.192733248 -39.218922119 225.664998009 0.067835535 0.972747438 -0.011528049 0.221440000
36514.707159000 426.500914821 -39.262690345 225.010601263 0.067418196 0.972838616 -0.011465483 0.221150000
36514.908879000 426.763064954 -39.301974138 224.453318647 0.067134363 0.972914535 -0.012353782 0.220850000
36515.110599000 427.011059746 -39.328751854 223.922238135 0.067291040 0.972879690 -0.012734752 0.220930000
36515.312319000 427.236331452 -39.359883260 223.439243601 0.067169749 0.972952035 -0.013224093 0.220650000
36515.514039000 427.431969720 -39.384018316 223.006201390 0.067448410 0.972944318 -0.013415897 0.220580000
36515.715759000 427.613571767 -39.409424666 222.610733378 0.067667686 0.972958198 -0.013597350 0.220420000
36515.917479000 427.786090407 -39.433989482 222.248983806 0.067636999 0.972998534 -0.013867222 0.220260000
36516.119198000 427.928804001 -39.454889929 221.939753199 0.067625165 0.972958616 -0.013987083 0.220400000
36516.320918000 428.045858176 -39.476812180 221.685832358 0.067689854 0.973027726 -0.013547607 0.220130000
36516.522638000 428.142685798 -39.489022540 221.483658256 0.067540747 0.973012045 -0.013336607 0.220240000
36516.724358000 428.211575367 -39.499415510 221.330153927 0.067583601 0.973031571 -0.012976909 0.220150000
36516.926078000 428.259120498 -39.506053497 221.231503454 0.067683638 0.973048805 -0.013047590 0.220070000
36517.127798000 428.284055940 -39.510529627 221.173357357 0.067513957 0.973043435 -0.012966476 0.220130000
36517.329517000 428.290178453 -39.509895543 221.159956205 0.067604444 0.973041186 -0.012887059 0.220110000
36517.531237000 428.282313657 -39.501668102 221.180174294 0.067517178 0.973011671 -0.013886465 0.220220000
36517.732957000 428.277368726 -39.506211386 221.184363998 0.067743139 0.973034380 -0.014617988 0.220020000
36517.934677000 428.277867942 -39.505685765 221.183609873 0.067673937 0.973016566 -0.014417505 0.220130000
36518.136397000 428.278642691 -39.504917619 221.182703554 0.067654204 0.973017161 -0.014377376 0.220140000
36518.338117000 428.277429090 -39.505766036 221.182592835 0.067654594 0.973017259 -0.014317378 0.220130000
36518.539836000 428.278824893 -39.507562778 221.183026718 0.067704511 0.973015921 -0.014327700 0.220110000
36518.741556000 428.278613730 -39.505898046 221.182235341 0.067673807 0.973016534 -0.014437504 0.220100000
36518.943276000 428.278654717 -39.503972822 221.185341984 0.067714182 0.973015574 -0.014377764 0.220100000
36519.144996000 428.278902618 -39.505098870 221.180322108 0.067584360 0.973019045 -0.014356925 0.220120000
36519.346716000 428.278836228 -39.503480696 221.183549956 0.067613959 0.973018153 -0.014417117 0.220120000
36519.548436000 428.279563581 -39.503394162 221.181195031 0.067564242 0.973029472 -0.014416813 0.220090000
36519.750155000 428.279273584 -39.502795087 221.181855949 0.067554116 0.973029703 -0.014436747 0.220090000
36519.951876000 428.278574242 -39.505265712 221.182824573 0.067683998 0.973016318 -0.014407569 0.220130000
36520.153596000 428.278225520 -39.505193800 221.184296756 0.067614939 0.973028330 -0.014307138 0.220110000
36520.355316000 428.278545976 -39.504541177 221.184773611 0.067615004 0.973028347 -0.014297138 0.220100000
36520.557036000 428.279143586 -39.503469672 221.183077929 0.067595076 0.973028892 -0.014287009 0.220120000
36520.758756000 428.280018979 -39.504686818 221.181104190 0.067634537 0.973017772 -0.014327248 0.220120000
36520.960475000 428.280008686 -39.504431243 221.178463778 0.067544904 0.973040096 -0.014356703 0.220070000
36521.162195000 428.280412419 -39.506728695 221.180684974 0.067604292 0.973028430 -0.014407071 0.220090000
36521.363915000 428.281559000 -39.504521658 221.178793853 0.067534123 0.973030232 -0.014436618 0.220100000
36521.565635000 428.280883779 -39.504674126 221.178648491 0.067573844 0.973019178 -0.014436858 0.220130000
36521.767355000 428.279223269 -39.499240906 221.182740462 0.067513870 0.973030696 -0.014476488 0.220100000
36521.969074000 428.279630465 -39.499903428 221.181898883 0.067583905 0.973018930 -0.014426923 0.220120000
36522.170794000 428.279702173 -39.501894803 221.182571700 0.067564043 0.973019492 -0.014406795 0.220140000
36522.372514000 428.279928212 -39.502411069 221.182511076 0.067544054 0.973029952 -0.014446683 0.220110000
36522.574234000 428.280192702 -39.501917512 221.182718551 0.067573653 0.973029060 -0.014506875 0.220100000
36522.775954000 428.281896656 -39.502190918 221.178157818 0.067593836 0.973018649 -0.014436988 0.220110000
36522.977674000 428.280531259 -39.502498408 221.181757282 0.067623630 0.973017807 -0.014467181 0.220110000
36523.179393000 428.281730199 -39.502525944 221.178539459 0.067583775 0.973018897 -0.014446923 0.220120000
36523.381113000 428.280556503 -39.503255060 221.184118413 0.067673477 0.973006521 -0.014447486 0.220140000
36523.582833000 428.282994325 -39.501395102 221.180669431 0.067604093 0.973018450 -0.014397053 0.220130000
36523.784553000 428.283831728 -39.501671713 221.178254385 0.067653359 0.973016948 -0.014507373 0.220120000
36523.986273000 428.283151945 -39.501201324 221.179498061 0.067583190 0.973018750 -0.014536921 0.220120000
36524.187993000 428.283319026 -39.502717086 221.179049453 0.067593381 0.973018534 -0.014506986 0.220110000
36524.389712000 428.281221282 -39.503652587 221.178704621 0.067583320 0.973018782 -0.014516921 0.220110000
36524.591432000 428.280154735 -39.503734312 221.184281815 0.067604093 0.973018450 -0.014397053 0.220110000
36524.793152000 428.279137735 -39.501072846 221.186294105 0.067514980 0.973040906 -0.014346509 0.220080000
36524.994872000 428.277914648 -39.502966283 221.188995226 0.067644273 0.973017442 -0.014367312 0.220120000
36525.196592000 428.276966013 -39.504259996 221.189913539 0.067614223 0.973028150 -0.014417135 0.220100000
36525.398312000 428.276573283 -39.502227869 221.190482770 0.067674002 0.973016583 -0.014407505 0.220110000
36525.600031000 428.275144790 -39.503327374 221.192203901 0.067574299 0.973019293 -0.014366860 0.220140000
36525.801751000 428.282202757 -39.505727580 221.179631666 0.067644147 0.973027340 -0.014427329 0.220080000
36526.003471000 428.282242708 -39.506339937 221.179032398 0.067634736 0.973027752 -0.014337266 0.220080000
36526.205191000 428.282301283 -39.505479555 221.179930625 0.067714767 0.973015722 -0.014287766 0.220100000
36526.406911000 428.280530495 -39.503867341 221.182599553 0.067624740 0.973028016 -0.014337202 0.220090000
36526.608631000 428.281159540 -39.501199139 221.179231007 0.067774225 0.973014004 -0.014368151 0.220120000
36526.810350000 428.280984481 -39.502798638 221.177264726 0.067793697 0.973013344 -0.014448279 0.220080000
36527.012071000 428.282848266 -39.503520354 221.176053765 0.067812970 0.973002703 -0.014518388 0.220110000
36527.213791000 428.282460860 -39.506563090 221.175001255 0.067783311 0.973013510 -0.014508213 0.220100000
36527.415511000 428.281794976 -39.506623833 221.175925705 0.067782851 0.973003464 -0.014538194 0.220130000
36527.617231000 428.281778534 -39.504555796 221.174202379 0.067863732 0.973001578 -0.014398714 0.220110000
36527.818950000 428.283635523 -39.507867764 221.173255719 0.067772465 0.973003630 -0.014598128 0.220110000
36528.020670000 428.282077401 -39.505773852 221.174352438 0.067812580 0.973002605 -0.014578387 0.220140000
36528.222390000 428.281938821 -39.505042144 221.173132111 0.067793238 0.973003298 -0.014478260 0.220120000
36528.424110000 428.283068023 -39.506796770 221.170837597 0.067842443 0.973011710 -0.014638597 0.220090000
36528.625830000 428.281558839 -39.505432104 221.173205223 0.067782981 0.973003497 -0.014518194 0.220120000
36528.827549000 428.280218253 -39.508005335 221.174438192 0.067773315 0.973013774 -0.014508148 0.220100000
36529.029269000 428.279521637 -39.505923777 221.175769334 0.067783112 0.973003530 -0.014498195 0.220120000
36529.230989000 428.280456295 -39.506415029 221.172253984 0.067733329 0.973014832 -0.014507890 0.220080000
36529.432709000 428.278807782 -39.506375526 221.175514712 0.067813165 0.973002753 -0.014488389 0.220130000
36529.634429000 428.278353795 -39.507679413 221.172519737 0.067813040 0.973012651 -0.014548406 0.220090000
36529.836148000 428.278024744 -39.507598180 221.173901774 0.067762928 0.973013940 -0.014568082 0.220090000
36530.037868000 428.280349162 -39.505316345 221.169752821 0.067683486 0.973036049 -0.014567602 0.220030000
36530.239588000 428.287099799 -39.505419854 221.155948786 0.067860940 0.973010803 -0.014868721 0.220040000
36530.441308000 428.294272278 -39.506265636 221.136153092 0.067979665 0.973017249 -0.015099509 0.219970000
36530.643028000 428.316868290 -39.506961341 221.087526216 0.068088974 0.973014175 -0.015200217 0.219970000
36530.844747000 428.350287527 -39.510648365 221.020053450 0.068037818 0.973005271 -0.015339873 0.220010000
36531.046468000 428.395336350 -39.514778729 220.927335226 0.067747665 0.973012875 -0.015378000 0.220040000
36531.248188000 428.449672859 -39.521271626 220.820170165 0.067697163 0.973014066 -0.015457675 0.220070000
36531.449908000 428.522961706 -39.529851567 220.660424113 0.067546369 0.973007889 -0.015546686 0.220130000
36531.651628000 428.612982343 -39.543913643 220.485277920 0.067177157 0.973017838 -0.015444300 0.220210000
36531.853347000 428.695668413 -39.556756937 220.312597473 0.066826827 0.973017048 -0.015472021 0.220290000
36532.055067000 428.795459449 -39.576328715 220.099115932 0.066993435 0.972981922 -0.015863055 0.220360000
36532.256787000 428.903136125 -39.591189927 219.862114856 0.067171097 0.972986518 -0.016254227 0.220290000
36532.458507000 429.019296562 -39.608878573 219.607362858 0.067140250 0.972957306 -0.016263979 0.220420000
36532.660227000 429.170915973 -39.633717641 219.280580414 0.067399035 0.972920359 -0.016315602 0.220500000
36532.861946000 429.315235259 -39.654560738 218.965709146 0.067278941 0.972903638 -0.016254792 0.220630000
36533.063666000 429.478801112 -39.679819796 218.614629166 0.067478672 0.972898299 -0.016286083 0.220570000
36533.265386000 429.638197996 -39.697416666 218.285224204 0.066918620 0.972913043 -0.016322466 0.220650000
36533.467106000 429.816674997 -39.715750798 217.926785736 0.066565372 0.972931376 -0.016880212 0.220650000
36533.668826000 429.986596652 -39.737236744 217.570078109 0.066242531 0.972859654 -0.017007998 0.221040000
36533.870546000 430.177033789 -39.768376994 217.153461586 0.066520495 0.972742534 -0.016859610 0.221490000
36534.072265000 430.377165654 -39.795144823 216.740794936 0.066199877 0.972701161 -0.016767455 0.221800000
36534.273985000 430.610444382 -39.825481144 216.261367114 0.066014370 0.972595287 -0.017176084 0.222290000
36534.475705000 430.839394575 -39.855919881 215.778187520 0.065244235 0.972546036 -0.016950991 0.222730000
36534.677425000 431.093396069 -39.894939945 215.253028179 0.065168757 0.972447200 -0.017390348 0.223160000
36534.879145000 431.355144255 -39.931696227 214.699054102 0.065076954 0.972297382 -0.018599532 0.223710000
36535.080865000 431.653041554 -39.962640940 214.092734259 0.064392161 0.972224724 -0.019004969 0.224200000
36535.282585000 431.951357643 -40.012951037 213.460202890 0.064324832 0.972065579 -0.019484281 0.224890000
36535.484305000 432.281683438 -40.057023253 212.795592426 0.062742875 0.971937915 -0.019173778 0.225910000
36535.686025000 432.609977194 -40.103578587 212.133209300 0.061547351 0.971933736 -0.016845945 0.226420000
36535.887745000 432.912243590 -40.153162608 211.489780809 0.062158361 0.971768970 -0.016049630 0.227020000
36536.089464000 433.216732672 -40.208439513 210.845177183 0.062569363 0.971718700 -0.015712212 0.227140000
36536.291184000 433.532175249 -40.248381756 210.227507769 0.061121834 0.971754746 -0.016942887 0.227310000
36536.492904000 433.830287395 -40.279333567 209.620406523 0.060957052 0.971688247 -0.017401716 0.227580000
36536.694624000 434.116088457 -40.321945100 209.018234576 0.061307486 0.971629484 -0.017113892 0.227780000
36536.896344000 434.406662364 -40.365406830 208.430553316 0.060763632 0.971705108 -0.016440465 0.227640000
36537.098063000 434.679485603 -40.406440275 207.869464088 0.060364829 0.971735811 -0.016357920 0.227620000
36537.299783000 434.938662459 -40.443939399 207.326218191 0.060320149 0.971817909 -0.015867754 0.227340000
36537.501503000 435.187274573 -40.477481668 206.808455068 0.060302613 0.971938215 -0.015977839 0.226800000
36537.703223000 435.425232726 -40.507478773 206.319536048 0.059951411 0.972026573 -0.016505713 0.226480000
36537.904943000 435.653564302 -40.532958056 205.842622477 0.060454368 0.972063792 -0.016229038 0.226210000
36538.106663000 435.869304549 -40.567861814 205.380046571 0.060534446 0.972161002 -0.016619727 0.225750000
36538.308382000 436.080125715 -40.599643852 204.945378152 0.060873353 0.972171626 -0.016851953 0.225580000
36538.510102000 436.278570122 -40.631465358 204.529120690 0.060572502 0.972209105 -0.017120065 0.225490000
36538.711822000 436.469478589 -40.660086258 204.124047226 0.060612938 0.972198232 -0.017010307 0.225530000
36538.913542000 436.649665586 -40.683884158 203.739876028 0.061992813 0.972151905 -0.016919201 0.225360000
36539.115263000 436.821795583 -40.712640743 203.372295732 0.062334572 0.972143389 -0.016631403 0.225340000
36539.316982000 436.986711040 -40.739206484 203.026429239 0.061507047 0.972215535 -0.016496138 0.225280000
36539.518702000 437.149207546 -40.757598174 202.684555147 0.061701268 0.972211593 -0.015837379 0.225280000
36539.720422000 437.299713746 -40.778673112 202.365153929 0.062464909 0.972242134 -0.015442386 0.224970000
36539.922142000 437.444398772 -40.802092045 202.069444942 0.061764990 0.972300320 -0.015627935 0.224900000
36540.123862000 437.577383892 -40.822115169 201.782196647 0.062142726 0.972190437 -0.015550209 0.225250000
36540.325582000 437.710695676 -40.840919674 201.498714312 0.063483588 0.971986537 -0.014658573 0.225810000
36540.527301000 437.841599045 -40.856022657 201.229881891 0.063519027 0.971845315 -0.014788574 0.226400000
36540.729021000 437.964721674 -40.873871511 200.977274934 0.063277140 0.971791584 -0.014846914 0.226700000
36540.930741000 438.078702238 -40.892248098 200.747168793 0.063212113 0.971692599 -0.015216337 0.227100000
36541.132461000 438.190510546 -40.911529691 200.515898237 0.063186611 0.971582510 -0.015616000 0.227580000
36541.334181000 438.297788011 -40.919931550 200.299049607 0.063294005 0.971509445 -0.015726581 0.227830000
36541.535901000 438.403456191 -40.931621281 200.088126971 0.063151873 0.971423228 -0.015695514 0.228250000
36541.737620000 438.505419447 -40.946223469 199.888583461 0.062509878 0.971389941 -0.015831288 0.228570000
36541.939340000 438.600835166 -40.963414469 199.705047135 0.061647652 0.971392182 -0.016135692 0.228780000
36542.141060000 438.688870361 -40.972444480 199.528695565 0.061552433 0.971274079 -0.016454887 0.229260000
36542.342780000 438.774084415 -40.986890934 199.352831240 0.062247904 0.971155192 -0.016709219 0.229560000
36542.544500000 438.859769726 -40.997814806 199.173547992 0.062323606 0.971052701 -0.016959549 0.229960000
36542.746219000 438.947372849 -41.012052019 198.993447694 0.062149998 0.970986762 -0.017238318 0.230280000
36542.947939000 439.040171982 -41.025967713 198.812663067 0.061765549 0.970906285 -0.017575694 0.230690000
36543.149660000 439.126948772 -41.036311776 198.643562000 0.061872604 0.970803345 -0.017616222 0.231090000
36543.351380000 439.214888565 -41.045925068 198.464121937 0.062250869 0.970713455 -0.017538532 0.231360000
36543.553100000 439.311477820 -41.067896976 198.265025478 0.062437505 0.970608302 -0.017639575 0.231740000
36543.754820000 439.403196011 -41.078770155 198.074792674 0.062854788 0.970536969 -0.017792175 0.231920000
36543.956539000 439.506905622 -41.091338828 197.880194582 0.062202394 0.970474056 -0.017867831 0.232360000
36544.158259000 439.616645748 -41.106997308 197.663911864 0.061499641 0.970442158 -0.018123215 0.232670000
36544.359979000 439.728278254 -41.122001545 197.449855816 0.061015177 0.970394102 -0.018589997 0.232960000
36544.561699000 439.830969379 -41.142496884 197.249297225 0.060493857 0.970367753 -0.018656565 0.233210000
36544.763419000 439.937437247 -41.159341994 197.031517697 0.060441392 0.970338659 -0.018916182 0.233310000
36544.965139000 440.046689242 -41.173699353 196.819516112 0.060480107 0.970257842 -0.018786298 0.233640000
36545.166858000 440.155815805 -41.187181103 196.603093807 0.060423203 0.970299924 -0.018475991 0.233520000
36545.368578000 440.267884988 -41.199704183 196.384530746 0.059974297 0.970351777 -0.018493157 0.233390000
36545.570298000 440.373583545 -41.214557504 196.172683084 0.059885249 0.970374249 -0.018432614 0.233340000
36545.772018000 440.473508629 -41.234204327 195.969421025 0.059954638 0.970372250 -0.018523064 0.233310000
36545.973738000 440.564986098 -41.250581347 195.769108593 0.060287125 0.970384041 -0.018205238 0.233230000
36546.175457000 440.653352904 -41.261189771 195.593257468 0.060378019 0.970421614 -0.018225891 0.233020000
36546.377177000 440.739539571 -41.273572211 195.427873667 0.060038032 0.970470296 -0.018403764 0.232900000
36546.578897000 440.810966912 -41.286622779 195.280117328 0.060160085 0.970507371 -0.018244615 0.232730000
36546.780617000 440.876434357 -41.291884786 195.153477431 0.059973094 0.970542927 -0.017913450 0.232670000
36546.982337000 440.930330744 -41.303901882 195.044164251 0.059663686 0.970600894 -0.018041536 0.232470000
36547.184057000 440.974905660 -41.310983925 194.955214038 0.059585479 0.970623315 -0.017851060 0.232420000
36547.385776000 441.012571999 -41.318109458 194.879449115 0.059576853 0.970633855 -0.017681018 0.232410000
36547.587496000 441.042668282 -41.321720012 194.822238061 0.059618086 0.970662901 -0.017611332 0.232290000
36547.789216000 441.062090690 -41.320656872 194.781519111 0.059717590 0.970650211 -0.017641959 0.232310000
36547.990937000 441.077904731 -41.325228538 194.747303019 0.059776267 0.970648296 -0.017842342 0.232250000
36548.192657000 441.091452372 -41.328344077 194.721749468 0.059785227 0.970657700 -0.018042420 0.232220000
36548.394377000 441.101146912 -41.328825978 194.702186783 0.059914988 0.970664144 -0.018113276 0.232150000
36548.596096000 441.108101891 -41.331266811 194.687775242 0.059856311 0.970666059 -0.017912893 0.232180000
36548.797816000 441.106973925 -41.332515892 194.688624646 0.059846505 0.970656441 -0.017842812 0.232240000
36548.999536000 441.107021709 -41.332105073 194.689693685 0.059655861 0.970661286 -0.017951582 0.232240000
36549.201256000 441.107322530 -41.331074501 194.688680014 0.059855457 0.970645983 -0.017962855 0.232250000
36549.402976000 441.108050619 -41.328922735 194.688821751 0.059855717 0.970646049 -0.017922856 0.232250000
36549.604696000 441.107715461 -41.328833115 194.689223792 0.059895707 0.970654922 -0.017963132 0.232220000
36549.806415000 441.107678397 -41.330212779 194.689136296 0.059795874 0.970657600 -0.017942487 0.232240000
36550.008135000 441.108330214 -41.328609676 194.689009424 0.059816256 0.970657169 -0.017882617 0.232220000
36550.209855000 441.106628084 -41.330724183 194.689693978 0.059776011 0.970658161 -0.017922358 0.232210000
36550.411575000 441.107428519 -41.329604798 194.689776937 0.059795809 0.970657583 -0.017952486 0.232230000
36550.613295000 441.106463089 -41.331250293 194.689535910 0.059875584 0.970655418 -0.017983002 0.232230000
36550.815014000 441.106447760 -41.330719521 194.689635141 0.059926346 0.970654293 -0.017863328 0.232210000
36551.016734000 441.105966512 -41.333738207 194.689443221 0.059755563 0.970658575 -0.017992227 0.232220000
36551.218454000 441.107916129 -41.329459438 194.688783506 0.059995600 0.970642330 -0.017933760 0.232230000
36551.420174000 441.107638630 -41.329471288 194.689235340 0.059946269 0.970643817 -0.017833439 0.232240000
36551.621894000 441.108936533 -41.332602249 194.686171971 0.059835339 0.970656410 -0.018022743 0.232210000
36551.823614000 441.108967504 -41.331482298 194.686379936 0.059815797 0.970647123 -0.017912598 0.232250000
36552.025333000 441.108124787 -41.330635456 194.688734078 0.059845136 0.970646166 -0.018012790 0.232240000
36552.227053000 441.106299819 -41.332797166 194.689179503 0.059825473 0.970656708 -0.018002679 0.232230000
36552.428773000 441.107812737 -41.331927037 194.689078235 0.059795089 0.970647472 -0.018022467 0.232250000
36552.630493000 441.108872861 -41.330024556 194.688988217 0.059935293 0.970633904 -0.017943354 0.232270000
36552.832213000 441.107667326 -41.330861007 194.690077453 0.059915565 0.970644430 -0.017943243 0.232240000
36553.033934000 441.106816672 -41.332078427 194.690364989 0.059906223 0.970654789 -0.017883198 0.232220000
36553.235653000 441.106183533 -41.332079689 194.691469133 0.059915500 0.970644413 -0.017953243 0.232220000
36553.437373000 441.106496397 -41.330596450 194.692014676 0.060025849 0.970641603 -0.017893955 0.232240000
36553.639093000 441.105364895 -41.331598180 194.691303662 0.059945883 0.970653649 -0.017933455 0.232210000
36553.840813000 441.105644491 -41.332497773 194.690263297 0.059906223 0.970654789 -0.017883198 0.232220000
36554.042533000 441.104310988 -41.334016661 194.688274416 0.059695785 0.970670142 -0.018001858 0.232210000
36554.244252000 441.105251445 -41.332386179 194.690905684 0.059765755 0.970658360 -0.017962292 0.232220000
36554.445972000 441.106304775 -41.331357666 194.688697097 0.059895382 0.970654840 -0.018013131 0.232220000
36554.647692000 441.105749506 -41.333229590 194.690933831 0.059765625 0.970658327 -0.017982292 0.232240000
36554.849412000 441.105734451 -41.334721289 194.690066358 0.059725510 0.970659352 -0.018002033 0.232230000
36555.051132000 441.106649887 -41.333636118 194.689508611 0.059755234 0.970648562 -0.018002209 0.232250000
36555.252852000 441.105460931 -41.334665413 194.689308027 0.059745242 0.970658758 -0.018042162 0.232220000
36555.454571000 441.106201385 -41.330130516 194.690895805 0.059885706 0.970645256 -0.017923050 0.232240000
36555.656291000 441.105793090 -41.332303484 194.689241989 0.059824818 0.970646613 -0.018062659 0.232240000
36555.858011000 441.106327958 -41.331421322 194.692547137 0.059835855 0.970646611 -0.017902728 0.232270000
36556.059731000 441.106789122 -41.331353712 194.692424025 0.059825728 0.970646843 -0.017922663 0.232260000
36556.261451000 441.108156865 -41.332173269 194.690706438 0.059755754 0.970648694 -0.017922211 0.232280000
36556.463171000 441.106078758 -41.330977623 194.690867992 0.059856042 0.970646131 -0.017872857 0.232250000
36556.664890000 441.106360173 -41.331232888 194.692116609 0.059795870 0.970647669 -0.017902469 0.232280000
36556.866610000 441.108153235 -41.329943121 194.690302792 0.059916215 0.970644594 -0.017843246 0.232250000
36557.068330000 441.105716749 -41.332367173 194.691622644 0.059796260 0.970647767 -0.017842471 0.232260000
36557.270050000 441.106851315 -41.331344810 194.692723613 0.059865974 0.970645850 -0.017882922 0.232270000
36557.471770000 441.106882348 -41.331830331 194.690224152 0.059885901 0.970645305 -0.017893051 0.232250000
36557.673490000 441.105999168 -41.332935583 194.691211731 0.059805996 0.970647437 -0.017882534 0.232270000
36557.875209000 441.106603851 -41.332199904 194.691986609 0.059865909 0.970645834 -0.017892922 0.232250000
36558.076930000 441.105851354 -41.333119744 194.692313019 0.059815472 0.970647041 -0.017962597 0.232240000
36558.278650000 441.107701676 -41.330355848 194.693326474 0.059915825 0.970644495 -0.017903244 0.232260000
36558.480370000 441.105500023 -41.332611581 194.691594453 0.059845916 0.970646363 -0.017892792 0.232270000
36558.682090000 441.105993789 -41.333502937 194.692702731 0.059785678 0.970647884 -0.017932404 0.232260000
36558.883810000 441.106642981 -41.331503307 194.690545179 0.059946334 0.970643833 -0.017823440 0.232250000
36559.085529000 441.105960751 -41.332233471 194.691680839 0.059875905 0.970645569 -0.017892986 0.232260000
36559.287249000 441.105277124 -41.331783911 194.692414562 0.059825858 0.970646875 -0.017902663 0.232270000
36559.488969000 441.106076006 -41.334600769 194.689793933 0.059756144 0.970648792 -0.017862212 0.232260000
36559.690689000 441.106618866 -41.331600328 194.691855524 0.059846046 0.970646396 -0.017872793 0.232270000
36559.892409000 441.106105605 -41.334106739 194.692352987 0.059755819 0.970648710 -0.017912211 0.232260000
36560.094129000 441.106814717 -41.331593929 194.692724260 0.059906223 0.970654789 -0.017883198 0.232220000
36560.295848000 441.106668328 -41.332133635 194.690856056 0.059886031 0.970645338 -0.017873051 0.232250000
36560.497568000 441.105620646 -41.332079945 194.694152854 0.059876230 0.970645652 -0.017842987 0.232260000
36560.699288000 441.107778884 -41.331193983 194.690127276 0.059915305 0.970644364 -0.017983242 0.232260000
36560.901008000 441.107681713 -41.331274426 194.693998127 0.059945814 0.970643702 -0.017903438 0.232240000
36561.102728000 441.106742333 -41.334074781 194.691678779 0.059806191 0.970647486 -0.017852535 0.232260000
36561.304448000 441.108071418 -41.332398132 194.692337400 0.059885901 0.970645305 -0.017893051 0.232250000
36561.506167000 441.106544638 -41.331930021 194.691006529 0.059876100 0.970645619 -0.017862987 0.232230000
36561.707887000 441.107308805 -41.331506512 194.692970909 0.059925691 0.970644198 -0.017923308 0.232240000
36561.909607000 441.106520125 -41.332503771 194.694207702 0.059916605 0.970644692 -0.017783247 0.232260000
36562.111327000 441.106840184 -41.331983124 194.693614753 0.059896158 0.970645106 -0.017853116 0.232270000
36562.313047000 441.106061464 -41.333257125 194.691331856 0.059866039 0.970645867 -0.017872922 0.232260000
36562.514767000 441.107362419 -41.332095560 194.694391559 0.059876360 0.970645684 -0.017822988 0.232270000
36562.716486000 441.107418619 -41.332761829 194.691882231 0.059925752 0.970634284 -0.017873291 0.232280000
36562.918206000 441.107409259 -41.333211031 194.692273038 0.059876295 0.970645668 -0.017832987 0.232270000
36563.119927000 441.106380533 -41.333606192 194.691050348 0.059815407 0.970647025 -0.017972597 0.232250000
36563.321647000 441.107385193 -41.332890990 194.691882661 0.059886161 0.970645371 -0.017853052 0.232270000
36563.523367000 441.105779410 -41.330424982 194.693369087 0.059926602 0.970644428 -0.017783311 0.232270000
36563.725087000 441.106261759 -41.331371657 194.691387460 0.059895897 0.970645041 -0.017893115 0.232260000
36563.926806000 441.106696074 -41.331411688 194.692194720 0.059935488 0.970633953 -0.017913355 0.232260000
36564.128526000 441.106374871 -41.332021992 194.692977828 0.059846111 0.970646412 -0.017862793 0.232280000
36564.330246000 441.106503257 -41.332418662 194.691247606 0.059905959 0.970644793 -0.017883180 0.232250000
36564.531966000 441.107127696 -41.330943194 194.692051141 0.059855847 0.970646082 -0.017902857 0.232260000
36564.733686000 441.105576670 -41.334303816 194.691806737 0.059806061 0.970647454 -0.017872535 0.232260000
36564.935406000 441.105363495 -41.333086431 194.692536142 0.059896093 0.970645090 -0.017863116 0.232260000
36565.137125000 441.107127405 -41.328811501 194.692567656 0.059915500 0.970644413 -0.017953243 0.232260000
36565.338845000 441.106908459 -41.332537117 194.692515194 0.059875775 0.970645537 -0.017912986 0.232260000
36565.540565000 441.106599787 -41.331477624 194.693045474 0.059895958 0.970635126 -0.017843098 0.232280000
36565.742285000 441.107336451 -41.333262332 194.690503556 0.059915825 0.970644495 -0.017903244 0.232270000
36565.944005000 441.106983962 -41.330709275 194.692071693 0.059905959 0.970644793 -0.017883180 0.232240000
36566.145725000 441.104874060 -41.331338801 194.694786506 0.059916150 0.970644577 -0.017853245 0.232230000
36566.347444000 441.105847526 -41.330096832 194.693278104 0.059966392 0.970643321 -0.017813569 0.232260000
36566.549164000 441.105762954 -41.330746888 194.692139695 0.059936013 0.970644016 -0.017873374 0.232240000
36566.750884000 441.107656781 -41.328990077 194.690074451 0.059946204 0.970643800 -0.017843439 0.232240000
36566.952604000 441.106878958 -41.331356125 194.692403445 0.059785548 0.970647851 -0.017952404 0.232280000
36567.154324000 441.105896971 -41.330706793 194.694138803 0.059866169 0.970645900 -0.017852922 0.232250000
36567.356044000 441.104620769 -41.331109013 194.696447813 0.059865844 0.970645818 -0.017902921 0.232250000
36567.557763000 441.104612597 -41.329465868 194.697745198 0.059906089 0.970644825 -0.017863181 0.232250000
36567.759483000 441.103479687 -41.330072329 194.699843607 0.059836050 0.970646660 -0.017872728 0.232260000
36567.961203000 441.107138596 -41.329134792 194.690978078 0.060006637 0.970642329 -0.017773828 0.232240000
36568.162923000 441.107631740 -41.330227689 194.691266672 0.059816122 0.970647205 -0.017862599 0.232260000
36568.364643000 441.106722902 -41.329338304 194.694051184 0.059926077 0.970634366 -0.017823292 0.232280000
36568.566363000 441.109089136 -41.330339116 194.689687343 0.059904979 0.970634615 -0.017993159 0.232270000
36568.768082000 441.108355266 -41.331259829 194.689803629 0.059915630 0.970644446 -0.017933244 0.232250000
36568.969803000 441.106840042 -41.336612527 194.689322256 0.059833518 0.970655951 -0.018302737 0.232190000
36569.171523000 441.108694460 -41.341760239 194.680008439 0.059887449 0.970652838 -0.019233103 0.232130000
36569.373243000 441.130128349 -41.336494524 194.636129440 0.060432104 0.970627065 -0.019986619 0.232020000
36569.574963000 441.170376634 -41.342302963 194.552025379 0.060388746 0.970647131 -0.020586384 0.231900000
36569.776683000 441.237332445 -41.354318920 194.418636739 0.060403220 0.970665068 -0.021516528 0.231740000
36569.978402000 441.322000582 -41.357624321 194.244267710 0.060832597 0.970633720 -0.021509269 0.231750000
36570.180122000 441.457222240 -41.376362286 193.986713431 0.060938682 0.970540465 -0.021739811 0.232090000
36570.381842000 441.611024876 -41.405235809 193.684573967 0.059834002 0.970379606 -0.021742364 0.233030000
36570.583562000 441.781801412 -41.431421404 193.352469049 0.059290220 0.970204216 -0.021578536 0.233940000
36570.785282000 441.983520518 -41.459835217 192.959965234 0.058857874 0.970135517 -0.021635614 0.234330000
36570.987002000 442.174124274 -41.490445282 192.562327184 0.058982780 0.970153452 -0.020956440 0.234250000
36571.188721000 442.393100374 -41.517755908 192.125128344 0.059318080 0.970205673 -0.020368693 0.234030000
36571.390441000 442.597982693 -41.552700452 191.702384001 0.059448464 0.970413657 -0.019619865 0.233210000
36571.592161000 442.819355304 -41.582240768 191.256603045 0.059573870 0.970689893 -0.019921141 0.231990000
36571.793881000 443.039524041 -41.612685404 190.818641577 0.058600131 0.970975472 -0.020065281 0.231030000
36571.995601000 443.279849956 -41.647867029 190.324145546 0.058794103 0.971150203 -0.020176832 0.230240000
36572.197321000 443.526679315 -41.691355745 189.817370588 0.059173563 0.971269140 -0.020769508 0.229560000
36572.399040000 443.800161709 -41.726055570 189.261146787 0.058415252 0.971388891 -0.020954778 0.229260000
36572.600760000 444.081229558 -41.764941365 188.680659989 0.059366084 0.971393856 -0.020900967 0.228980000
36572.802480000 444.388879022 -41.819131988 188.057814519 0.058752465 0.971389158 -0.021406981 0.229110000
36573.004200000 444.703630118 -41.855869849 187.409793660 0.059395045 0.971422593 -0.021181209 0.228850000
36573.205920000 445.035475014 -41.905640932 186.724932217 0.059522305 0.971358897 -0.021351936 0.229040000
36573.407640000 445.387511395 -41.963460016 186.011702056 0.059192262 0.971437090 -0.021659925 0.228760000
36573.609359000 445.741708945 -42.018717936 185.269452986 0.060492887 0.971254044 -0.020888064 0.229290000
36573.811079000 446.104928548 -42.075934202 184.505597981 0.061685350 0.971322605 -0.020855930 0.228690000
36574.012800000 446.497756161 -42.139848012 183.723801048 0.060158050 0.971333815 -0.020396007 0.229070000
36574.214520000 446.878508704 -42.195580132 182.936279071 0.060206000 0.971143315 -0.019935995 0.229910000
36574.416240000 447.254369542 -42.261796478 182.165386485 0.060730800 0.971213050 -0.017959478 0.229660000
36574.617960000 447.628897207 -42.315327685 181.419562309 0.059107842 0.971714550 -0.018829768 0.227860000
36574.819679000 447.992487787 -42.368265175 180.681678453 0.058326104 0.971975768 -0.018575108 0.226980000
36575.021399000 448.330231569 -42.422999088 179.960875992 0.059114678 0.972192904 -0.019730618 0.225720000
36575.223119000 448.662937497 -42.476408762 179.256954494 0.058390039 0.972524105 -0.018666426 0.224570000
36575.424839000 448.986201986 -42.524685971 178.575696472 0.058026416 0.972833358 -0.018924575 0.223340000
36575.626559000 449.302743779 -42.569851387 177.912637464 0.057765319 0.973051245 -0.018423223 0.222470000
36575.828279000 449.598938840 -42.603595977 177.271072492 0.056728328 0.972868098 -0.018696186 0.223510000
36576.029998000 449.901257430 -42.648145306 176.663116195 0.056905417 0.972482501 -0.019126714 0.225110000
36576.231718000 450.193162023 -42.699920043 176.050659371 0.057469994 0.972138429 -0.018589808 0.226490000
36576.433438000 450.481922623 -42.731954341 175.471521336 0.056336476 0.972236827 -0.019472619 0.226300000
36576.635158000 450.765431970 -42.785277838 174.897602509 0.055448384 0.972188466 -0.020476788 0.226630000
36576.836878000 451.038299935 -42.824924987 174.323820429 0.056200334 0.972208913 -0.020301707 0.226360000
36577.038598000 451.306146227 -42.868480118 173.761427671 0.056428680 0.972182575 -0.020463152 0.226400000
36577.240317000 451.560368166 -42.913198596 173.219395870 0.056976963 0.972127929 -0.020536629 0.226480000
36577.442037000 451.831759843 -42.943949306 172.681079584 0.056483182 0.972261832 -0.020093628 0.226070000
36577.643757000 452.090787391 -42.991583120 172.151581603 0.055490207 0.972227591 -0.020357121 0.226450000
36577.845477000 452.326306124 -43.035128635 171.647140335 0.056985104 0.972159773 -0.019406709 0.226450000
36578.047197000 452.547228914 -43.071935407 171.181613788 0.056907395 0.972281617 -0.019546407 0.225940000
36578.248917000 452.764204677 -43.102178451 170.725512343 0.057054041 0.972316537 -0.020217433 0.225710000
36578.450636000 452.973467075 -43.131472683 170.299520171 0.056165735 0.972489364 -0.020611949 0.225150000
36578.652356000 453.184556069 -43.161300991 169.870436930 0.055437661 0.972578595 -0.020637362 0.224940000
36578.854076000 453.375404909 -43.192023758 169.469387394 0.055646226 0.972592559 -0.020928748 0.224770000
36579.055796000 453.571013008 -43.224778318 169.065430182 0.055347602 0.972670320 -0.021016936 0.224510000
36579.257516000 453.741707911 -43.257942338 168.701256529 0.054691054 0.972738233 -0.020722772 0.224420000
36579.459236000 453.924479210 -43.287413978 168.320707923 0.054194378 0.972791967 -0.020399623 0.224310000
36579.660955000 454.089369459 -43.315416312 167.987664240 0.053601882 0.972846603 -0.020975873 0.224170000
36579.862675000 454.258749308 -43.339069898 167.630293679 0.053520096 0.972858190 -0.021295367 0.224100000
36580.064396000 454.409346767 -43.366359443 167.316402192 0.053150909 0.972927724 -0.021433084 0.223910000
36580.266116000 454.575680122 -43.379924294 166.972635187 0.053263963 0.972902949 -0.022413801 0.223880000
36580.467836000 454.743347392 -43.404470877 166.610877129 0.053545706 0.972955589 -0.022375718 0.223570000
36580.669556000 454.939487796 -43.431840853 166.216167825 0.053462476 0.972937022 -0.022795156 0.223630000
36580.871275000 455.141687149 -43.461452216 165.799152302 0.052365505 0.973016423 -0.022588149 0.223600000
36581.072995000 455.350125604 -43.504276325 165.358317363 0.051800182 0.972982975 -0.021694398 0.223950000
36581.274715000 455.550239322 -43.536351415 164.925859098 0.052502255 0.972945193 -0.021258891 0.223980000
36581.476435000 455.752006010 -43.562179156 164.503800064 0.053213860 0.972887169 -0.020813413 0.224100000
36581.678155000 455.950801912 -43.594392414 164.086260931 0.052962913 0.972893518 -0.020971795 0.224120000
36581.879875000 456.153243838 -43.623140332 163.680032655 0.051911026 0.972920711 -0.021315008 0.224200000
36582.081594000 456.334431484 -43.654580735 163.288487331 0.051644706 0.972938685 -0.020803294 0.224240000
36582.283314000 456.528577063 -43.682287970 162.888331429 0.052004439 0.972919201 -0.020785601 0.224260000
36582.485034000 456.689888689 -43.706247583 162.531403842 0.053252914 0.972836227 -0.020753582 0.224350000
36582.686754000 456.871907052 -43.735955586 162.152960567 0.053830736 0.972790604 -0.020937268 0.224360000
36582.888474000 457.027838710 -43.762260554 161.819892349 0.053943101 0.972788302 -0.020567987 0.224370000
36583.090194000 457.199699588 -43.790773396 161.466953732 0.053625837 0.972837145 -0.020325999 0.224270000
36583.291913000 457.348452631 -43.807814729 161.150777365 0.054533337 0.972772814 -0.020501798 0.224330000
36583.493633000 457.507830811 -43.837531694 160.812362216 0.054894521 0.972803346 -0.020464196 0.224110000
36583.695353000 457.650744982 -43.858236571 160.525640491 0.053834121 0.972801388 -0.020457297 0.224350000
36583.897073000 457.797931783 -43.880198551 160.214802505 0.054049622 0.972804385 -0.021178720 0.224240000
36584.098793000 457.937283619 -43.904761215 159.911199895 0.054243939 0.972757961 -0.021879923 0.224340000
36584.300513000 458.095546409 -43.921634259 159.578261040 0.054934113 0.972680243 -0.021574276 0.224520000
36584.502232000 458.267860696 -43.948106993 159.220566019 0.054826230 0.972673747 -0.021213556 0.224630000
36584.703952000 458.445266300 -43.978025024 158.852113307 0.054758034 0.972576749 -0.020532938 0.225090000
36584.905672000 458.623338004 -44.008673506 158.476717306 0.054585279 0.972642900 -0.019671904 0.224940000
36585.107392000 458.806477610 -44.028711056 158.113001198 0.053832870 0.972612407 -0.019876966 0.225230000
36585.309112000 458.975762875 -44.059470880 157.757702963 0.053683068 0.972646199 -0.019976050 0.225130000
36585.510832000 459.135764705 -44.080551121 157.413869461 0.053884282 0.972611446 -0.019657294 0.225270000
36585.712551000 459.287951723 -44.105261220 157.089253164 0.054057054 0.972585019 -0.020678397 0.225240000
36585.914271000 459.441592930 -44.129180293 156.769706226 0.054611684 0.972509327 -0.021231891 0.225350000
36586.115991000 459.584403489 -44.149942681 156.471825018 0.054350614 0.972525839 -0.021450226 0.225360000
36586.317711000 459.723144440 -44.177004855 156.187650920 0.054239229 0.972538317 -0.021709528 0.225280000
36586.519431000 459.854502661 -44.198554710 155.911875967 0.053878777 0.972547690 -0.021797201 0.225320000
36586.721151000 459.979195301 -44.217759673 155.656990977 0.054090841 0.972532747 -0.021428547 0.225360000
36586.922870000 460.092717286 -44.234266914 155.419474583 0.053751821 0.972561814 -0.021376390 0.225340000
36587.124591000 460.194408667 -44.250864796 155.207695842 0.053689038 0.972542833 -0.021725958 0.225390000
36587.326311000 460.289697546 -44.268272127 155.002310205 0.054139062 0.972521051 -0.021658847 0.225400000
36587.528031000 460.378038418 -44.280464019 154.813441555 0.054011200 0.972544876 -0.021418049 0.225330000
36587.729751000 460.462637173 -44.296217960 154.646793585 0.053872153 0.972528946 -0.021197114 0.225480000
36587.931471000 460.537780162 -44.308191590 154.490641129 0.053723258 0.972553037 -0.021116184 0.225410000
36588.133190000 460.601685352 -44.318103226 154.353358783 0.053644332 0.972565347 -0.020995688 0.225400000
36588.334910000 460.661825766 -44.328005473 154.232551273 0.053653743 0.972564934 -0.021085750 0.225360000
36588.536630000 460.712042563 -44.334510450 154.130363130 0.053804264 0.972541254 -0.020916686 0.225460000
36588.738350000 460.757873343 -44.341771333 154.038334976 0.053863856 0.972549499 -0.021017090 0.225410000
36588.940070000 460.794753139 -44.346452657 153.963981186 0.053872999 0.972529160 -0.021067117 0.225460000
36589.141790000 460.826783369 -44.351228874 153.893459172 0.053801989 0.972540679 -0.021266679 0.225440000
36589.343509000 460.858560316 -44.357237763 153.829040965 0.053829177 0.972529249 -0.021656845 0.225420000
36589.545229000 460.893256960 -44.359034364 153.757996710 0.053668777 0.972523435 -0.021685794 0.225490000
36589.746949000 460.929309820 -44.365153939 153.683860663 0.053648589 0.972523914 -0.021715664 0.225500000
36589.948669000 460.966749032 -44.371377785 153.611055803 0.053637423 0.972523883 -0.021895595 0.225500000
36590.150389000 460.998212872 -44.376210366 153.539807547 0.053579396 0.972525962 -0.021595214 0.225520000
36590.352109000 461.027035451 -44.379706162 153.483174600 0.053572846 0.972527097 -0.021065162 0.225580000
36590.553828000 461.042885719 -44.382766501 153.449925813 0.053614391 0.972526433 -0.020825425 0.225590000
36590.755548000 461.046332282 -44.383272201 153.441974054 0.053623993 0.972516139 -0.020845471 0.225610000
36590.957268000 461.041459468 -44.382499487 153.449494639 0.053649877 0.972494450 -0.021395617 0.225640000
36591.158988000 461.043870233 -44.378267915 153.446081941 0.053667854 0.972493412 -0.021705739 0.225610000
36591.360708000 461.044474371 -44.378197668 153.449497974 0.053727307 0.972481763 -0.021746107 0.225660000
36591.562428000 461.045380440 -44.380314687 153.448215529 0.053737499 0.972481548 -0.021716172 0.225670000
36591.764147000 461.044598533 -44.378893296 153.448338283 0.053757816 0.972481101 -0.021666303 0.225660000
36591.965867000 461.043924275 -44.378618542 153.446592177 0.053637995 0.972494238 -0.021685545 0.225640000
36592.167587000 461.043285336 -44.379107826 153.448797184 0.053628519 0.972494634 -0.021605483 0.225640000
36592.369307000 461.043691241 -44.380851452 153.447537378 0.053618003 0.972494767 -0.021685416 0.225650000
36592.571027000 461.043703107 -44.379519435 153.448565138 0.053628194 0.972494552 -0.021655482 0.225650000
36592.772747000 461.043658496 -44.378438767 153.448073643 0.053647796 0.972493925 -0.021715609 0.225630000
36592.974466000 461.043859251 -44.378063728 153.448191725 0.053647532 0.972483928 -0.021715591 0.225670000
36593.176186000 461.042908760 -44.379288402 153.448539923 0.053628844 0.972494716 -0.021555484 0.225660000
36593.377906000 461.043698174 -44.379500821 153.447725121 0.053648052 0.972484060 -0.021635593 0.225660000
36593.579626000 461.042473853 -44.380517963 153.448194762 0.053628519 0.972494634 -0.021605483 0.225640000
36593.781346000 461.042633959 -44.379491023 153.448642045 0.053578603 0.972495973 -0.021595160 0.225650000
36593.983067000 461.043169655 -44.379638215 153.446998766 0.053598400 0.972495395 -0.021625289 0.225650000
36594.184786000 461.043153218 -44.379872314 153.450059326 0.053618523 0.972494899 -0.021605418 0.225640000
36594.386506000 461.042824781 -44.379918448 153.447411478 0.053568541 0.972496221 -0.021605095 0.225640000
36594.588226000 461.042672302 -44.379112377 153.448381168 0.053528361 0.972497230 -0.021634836 0.225630000
36594.789946000 461.042746573 -44.380735704 153.447943340 0.053578668 0.972495989 -0.021585160 0.225640000
36594.991666000 461.043268259 -44.378408690 153.447936128 0.053498372 0.972498023 -0.021634643 0.225650000
36595.193386000 461.042088111 -44.379366254 153.448805393 0.053528361 0.972497230 -0.021634836 0.225660000
36595.395105000 461.043073160 -44.378633355 153.448077769 0.053538162 0.972496916 -0.021664900 0.225630000
36595.596825000 461.044672173 -44.378760781 153.445257517 0.053618323 0.972484919 -0.021595400 0.225660000
36595.798545000 461.044980860 -44.379593452 153.448446949 0.053648572 0.972484191 -0.021555595 0.225680000
36596.000265000 461.043931102 -44.378616818 153.447642153 0.053598656 0.972485530 -0.021545272 0.225670000
36596.201985000 461.043497650 -44.380094256 153.448537417 0.053588534 0.972495692 -0.021605224 0.225650000
36596.403704000 461.045244157 -44.378432114 153.447283304 0.053678626 0.972483414 -0.021545789 0.225660000
36596.605424000 461.043051671 -44.380078595 153.450670339 0.053578993 0.972496071 -0.021535161 0.225650000
36596.807144000 461.042032512 -44.378511169 153.450634392 0.053628649 0.972494667 -0.021585483 0.225630000
36597.008864000 461.043376450 -44.379010619 153.448566427 0.053638706 0.972484488 -0.021535531 0.225690000
36597.210584000 461.043083505 -44.379413629 153.448228986 0.053588469 0.972495676 -0.021615224 0.225650000
36597.412304000 461.042491496 -44.380007091 153.448833823 0.053538748 0.972497064 -0.021574902 0.225660000
36597.614023000 461.043645487 -44.380009387 153.447846301 0.053538617 0.972497031 -0.021594902 0.225670000
36597.815743000 461.043287826 -44.378908602 153.448366831 0.053628645 0.972484736 -0.021545466 0.225680000
36598.017463000 461.042622999 -44.379881051 153.448542754 0.053529336 0.972497476 -0.021484840 0.225660000
36598.219183000 461.042665688 -44.380780680 153.449543976 0.053518751 0.972487662 -0.021534756 0.225690000
36598.420903000 461.043796342 -44.379024502 153.447033685 0.053548154 0.972486721 -0.021624948 0.225690000
36598.622623000 461.043682858 -44.378977188 153.449404398 0.053578598 0.972486042 -0.021555143 0.225690000
36598.824342000 461.043670670 -44.379198719 153.448424819 0.053448976 0.972499493 -0.021544322 0.225670000
36599.026062000 461.042708797 -44.378000961 153.449479131 0.053459037 0.972499245 -0.021534387 0.225680000
36599.227782000 461.042878318 -44.378028209 153.447958040 0.053539073 0.972497146 -0.021524903 0.225660000
36599.429502000 461.043890743 -44.376943646 153.448479688 0.053549065 0.972486950 -0.021484951 0.225690000
36599.631222000 461.043111495 -44.379338276 153.446058631 0.053468574 0.972488935 -0.021564432 0.225700000
36599.832942000 461.043782207 -44.377641036 153.448471538 0.053619043 0.972495030 -0.021525420 0.225660000
36600.034661000 461.043941030 -44.377255501 153.448249868 0.053479030 0.972498716 -0.021534516 0.225650000
36600.236381000 461.039509186 -44.381602921 153.452085907 0.053548024 0.972486688 -0.021644947 0.225670000
36600.438101000 461.039742794 -44.378559979 153.451009369 0.053588209 0.972495610 -0.021655223 0.225650000
36600.639821000 461.037896483 -44.378022516 153.455680597 0.053658049 0.972483795 -0.021635658 0.225670000
36600.841541000 461.040990581 -44.379833131 153.451163349 0.053738084 0.972481696 -0.021626174 0.225670000
36601.043262000 461.037593831 -44.377218112 153.453541196 0.053719132 0.972482487 -0.021466049 0.225670000
36601.244981000 461.040863718 -44.375495873 153.452477084 0.053758077 0.972481167 -0.021626303 0.225650000
36601.446701000 461.039457669 -44.377969604 153.452460286 0.053748340 0.972481497 -0.021586240 0.225670000
36601.648421000 461.041031280 -44.377669666 153.453249580 0.053758077 0.972481167 -0.021626303 0.225650000
36601.850141000 461.039933805 -44.380862515 153.452841948 0.053608396 0.972495130 -0.021625353 0.225650000
36602.051861000 461.039025707 -44.380828124 153.453047801 0.053537967 0.972496867 -0.021694900 0.225660000
36602.253581000 461.041122476 -44.377989488 153.454739545 0.053707701 0.972472460 -0.021645962 0.225700000
36602.455300000 461.038822719 -44.378100411 153.453814660 0.053698424 0.972482836 -0.021575917 0.225650000
36602.657020000 461.040312445 -44.377260350 153.453343584 0.053808314 0.972469980 -0.021546610 0.225690000
36602.858740000 461.040172335 -44.376039682 153.451432449 0.053698424 0.972482836 -0.021575917 0.225660000
36603.060460000 461.039709491 -44.378362993 153.454339337 0.053678041 0.972483266 -0.021635787 0.225650000
36603.262180000 461.039852799 -44.376326237 153.454245060 0.053588469 0.972495676 -0.021615224 0.225660000
36603.463900000 461.034784601 -44.372982766 153.464352754 0.053619368 0.972495112 -0.021475421 0.225640000
36603.665620000 461.035107734 -44.372001786 153.463899032 0.053739389 0.972491955 -0.021466196 0.225640000
36603.867339000 461.034847382 -44.369315898 153.468346416 0.053769117 0.972491096 -0.021506389 0.225640000
36604.069059000 461.040549203 -44.372934452 153.453694952 0.053699204 0.972483033 -0.021455920 0.225680000
36604.270779000 461.040290626 -44.372979678 153.452566682 0.053669870 0.972493921 -0.021395746 0.225660000
36604.472499000 461.039390885 -44.380429184 153.452194752 0.053657923 0.972493693 -0.021695674 0.225630000
36604.674219000 461.047163946 -44.373133755 153.434731842 0.054009844 0.972452378 -0.022797920 0.225590000
36604.875939000 461.064388068 -44.379681303 153.396149726 0.053909304 0.972474736 -0.022967306 0.225540000
36605.077659000 461.099086013 -44.389119326 153.314787774 0.053911489 0.972452640 -0.024087310 0.225510000
36605.279378000 461.169569418 -44.397414664 153.171779873 0.054349662 0.972388148 -0.025680089 0.225520000
36605.481098000 461.274983182 -44.409494546 152.957139449 0.054367098 0.972337324 -0.025870123 0.225680000
36605.682818000 461.411269081 -44.432451144 152.672544566 0.054324820 0.972298084 -0.026059788 0.225840000
36605.884538000 461.599386181 -44.463866123 152.291254373 0.054283257 0.972259025 -0.026139455 0.226030000
36606.086258000 461.812318546 -44.490652691 151.856324021 0.054204297 0.972191887 -0.025698822 0.226370000
36606.287978000 462.052989235 -44.535139302 151.360390990 0.054386233 0.972157843 -0.025269939 0.226520000
36606.489697000 462.316759349 -44.575264868 150.820399612 0.054262221 0.972100414 -0.025649047 0.226740000
36606.691417000 462.602550324 -44.618687956 150.233929415 0.054103577 0.972095043 -0.025408001 0.226840000
36606.893137000 462.906407676 -44.671084037 149.602075455 0.054481208 0.972044712 -0.025590378 0.226940000
36607.094857000 463.240443841 -44.721332350 148.917690558 0.054576806 0.972021106 -0.026180974 0.226950000
36607.296577000 463.602330184 -44.776185939 148.168510674 0.054483840 0.972002870 -0.026560348 0.227010000
36607.498297000 463.998762755 -44.830126501 147.361913373 0.054808087 0.971903354 -0.027062305 0.227310000
36607.700016000 464.425656850 -44.902681660 146.487557033 0.054469899 0.971902841 -0.026760098 0.227440000
36607.901736000 464.881716249 -44.969562815 145.559680537 0.054448694 0.971803766 -0.026539793 0.227860000
36608.103456000 465.367149222 -45.049700522 144.562613250 0.054301199 0.971758702 -0.025958747 0.228170000
36608.305176000 465.876201292 -45.134054966 143.520918304 0.053836506 0.971762498 -0.025125712 0.228370000
36608.506896000 466.392087076 -45.214821068 142.472452881 0.054111661 0.971651811 -0.026987362 0.228530000
36608.708616000 466.910110226 -45.305588650 141.390079215 0.054465992 0.971621033 -0.027759633 0.228490000
36608.910335000 467.464769239 -45.404494044 140.265499741 0.053282015 0.971746069 -0.025722093 0.228470000
36609.112056000 468.009112932 -45.484019848 139.146495656 0.053307608 0.971766813 -0.024942276 0.228510000
36609.313776000 468.567520032 -45.575929466 138.006689986 0.052006347 0.971830541 -0.025323928 0.228490000
36609.515496000 469.144233632 -45.667271675 136.828893497 0.049851994 0.971856310 -0.025979977 0.228750000
36609.717216000 469.724235166 -45.754485653 135.647618775 0.050087375 0.971898468 -0.026881597 0.228420000
36609.918936000 470.292958069 -45.854432856 134.479088576 0.050477225 0.972027170 -0.027454356 0.227730000
36610.120656000 470.864295942 -45.957289938 133.310706154 0.050902171 0.972618712 -0.026038059 0.225270000
36610.322375000 471.402910592 -46.049826701 132.143249588 0.052339880 0.973224055 -0.024308362 0.222510000
36610.524095000 471.927740604 -46.149345171 131.001364687 0.052996287 0.973965993 -0.024843860 0.219020000
36610.725815000 472.435653189 -46.240905675 129.863876825 0.053419194 0.974656318 -0.024147727 0.215900000
36610.927535000 472.932081267 -46.330256183 128.740530328 0.054391800 0.975140620 -0.024234848 0.213420000
36611.129255000 473.426289393 -46.420364327 127.635909930 0.055495038 0.975542218 -0.023892673 0.211340000
36611.330975000 473.886544448 -46.505729671 126.544312811 0.056015857 0.975879051 -0.023626607 0.209680000
36611.532695000 474.337758945 -46.587253463 125.469938558 0.056567120 0.976215206 -0.023290735 0.207980000
36611.734414000 474.794819428 -46.676355533 124.422549339 0.057100272 0.976430419 -0.023714565 0.206810000
36611.936134000 475.230586919 -46.752432310 123.401557786 0.057583370 0.976627077 -0.024068037 0.205660000
36612.137854000 475.663951520 -46.842680115 122.391835372 0.057415187 0.976780962 -0.024407203 0.204970000
36612.339574000 476.092779351 -46.915087701 121.373302974 0.058343698 0.976815657 -0.024833307 0.204480000
36612.541294000 476.526979335 -47.002492926 120.382150879 0.058451472 0.976871775 -0.025414113 0.204100000
36612.743014000 476.940303899 -47.086360698 119.376868398 0.059542806 0.976803669 -0.024991088 0.204150000
36612.944734000 477.402921199 -47.173342591 118.388130886 0.058967326 0.976737869 -0.025537250 0.204570000
36613.146453000 477.797568828 -47.256710345 117.430360093 0.059060054 0.976273841 -0.026317109 0.206670000
36613.348173000 478.221743805 -47.348985595 116.475992005 0.059096238 0.975782477 -0.026446541 0.208920000
36613.549893000 478.650260951 -47.438344676 115.554681639 0.058851184 0.974937921 -0.026853570 0.212880000
36613.751613000 479.079506282 -47.523230659 114.650349577 0.058598790 0.973803548 -0.027210075 0.218000000
36613.953333000 479.509067740 -47.608871815 113.781017487 0.058390187 0.972067717 -0.027615879 0.225650000
36614.155053000 479.934229871 -47.703738501 112.923499411 0.058221613 0.969861353 -0.027641161 0.234990000
36614.356772000 480.376554717 -47.785757053 112.119659857 0.057900228 0.967228464 -0.027894756 0.245630000
36614.558492000 480.844869003 -47.863433199 111.336724654 0.057422492 0.964098650 -0.028636529 0.257680000
36614.760212000 481.310049709 -47.931422180 110.581884558 0.057039227 0.960475457 -0.029768115 0.270820000
36614.961932000 481.782461775 -48.005572259 109.861368327 0.057005523 0.956462813 -0.030941335 0.284570000
36615.163652000 482.280775217 -48.081072053 109.171436582 0.056601400 0.952109483 -0.032311593 0.298730000
36615.365372000 482.793629445 -48.153266324 108.502875344 0.055659220 0.947741085 -0.033288318 0.312370000
36615.567091000 483.309807689 -48.248879058 107.882652019 0.054482563 0.943049935 -0.033622974 0.326430000
36615.768811000 483.840279647 -48.329829381 107.287312245 0.052509808 0.938030523 -0.033511906 0.340920000
36615.970532000 484.371779648 -48.426200755 106.692821118 0.051671790 0.931809595 -0.034006256 0.357640000
36616.172252000 484.947507184 -48.497347031 106.145422066 0.050727479 0.924700389 -0.034928468 0.375680000
36616.373972000 485.539589535 -48.576224640 105.600069408 0.050046163 0.916983727 -0.036011395 0.394120000
36616.575692000 486.165409409 -48.677211920 105.054673670 0.050175180 0.908217463 -0.035887842 0.413920000
36616.777411000 486.839974547 -48.767873998 104.542444776 0.049417505 0.898494007 -0.035926956 0.434710000
36616.979131000 487.521298892 -48.867128931 104.057156643 0.048367395 0.887927973 -0.035972786 0.456020000
36617.180851000 488.211965804 -48.951442164 103.634434643 0.047314578 0.876161321 -0.036166630 0.478320000
36617.382571000 488.916188800 -49.053010002 103.239183438 0.045386700 0.864260230 -0.034994533 0.499770000
36617.584291000 489.644627413 -49.129395396 102.912184976 0.042300035 0.851231762 -0.035163271 0.521907049
36617.786011000 490.379491321 -49.215935714 102.600901757 0.040697724 0.837315905 -0.034169786 0.544130201
36617.987730000 491.108888268 -49.299692058 102.305329870 0.043646396 0.822369810 -0.032154138 0.566354722
36618.189450000 491.872375312 -49.400457826 102.102266320 0.041638418 0.807882695 -0.034337281 0.586855816
36618.391170000 492.638895745 -49.462387792 101.917049702 0.041231394 0.791308772 -0.035718028 0.608985677
36618.592890000 493.434446007 -49.529165495 101.754642794 0.041656082 0.774661613 -0.033413225 0.630118896
36618.794610000 494.223814624 -49.643504622 101.653945538 0.038443284 0.758230408 -0.026755123 0.650300922
36618.996330000 495.043588755 -49.708092174 101.607230127 0.033021704 0.741181081 -0.026561981 0.669968269
36619.198049000 495.823738819 -49.778936625 101.592433349 0.031295003 0.723402044 -0.027481712 0.689175103
36619.399769000 496.621807740 -49.835560303 101.604917330 0.032546050 0.704496294 -0.027378586 0.708431089
36619.601489000 497.396069807 -49.921921325 101.663615961 0.033076877 0.686276122 -0.028552248 0.726028625
36619.803209000 498.191313899 -49.991781070 101.788582565 0.030854894 0.667291579 -0.031506655 0.743489954
36620.004929000 498.974322618 -50.052356256 101.923403708 0.029574124 0.649058126 -0.031208325 0.759521645
36620.206649000 499.773382146 -50.110649438 102.105387800 0.029322104 0.630921430 -0.030016928 0.774710683
36620.408369000 500.591338812 -50.187079279 102.309019274 0.026937368 0.612993121 -0.028432051 0.789118049
36620.610088000 501.399137212 -50.245607380 102.582668990 0.026032974 0.594023816 -0.030344932 0.803452118
36620.811808000 502.216824294 -50.316333569 102.910155641 0.023799017 0.574983778 -0.033389386 0.817137807
36621.013529000 503.053615178 -50.370660416 103.264441758 0.023845277 0.556485724 -0.034099400 0.829816283
36621.215249000 503.894732453 -50.458627620 103.655035779 0.023975022 0.540395248 -0.033283643 0.840410590
36621.416969000 504.727742577 -50.531289376 104.098458579 0.021493365 0.525042543 -0.034012221 0.850123195
36621.618689000 505.587599516 -50.581985269 104.573781476 0.020744203 0.510291535 -0.033833390 0.859086521
36621.820408000 506.450236993 -50.654166355 105.068882006 0.021447368 0.496158738 -0.031244459 0.867403270
36622.022128000 507.305706774 -50.726121483 105.622680090 0.019288355 0.483005050 -0.031309077 0.874846194
36622.223848000 508.133338989 -50.786959116 106.191771276 0.017719502 0.470029630 -0.030547327 0.881943026
36622.425568000 508.950403785 -50.852871262 106.787300098 0.016851936 0.457532707 -0.030051392 0.888526085
36622.627288000 509.754786661 -50.912978263 107.398202199 0.015061001 0.444922653 -0.029548788 0.894953743
36622.829008000 510.522584381 -50.966985948 108.025692546 0.012320878 0.433211589 -0.026361972 0.900823817
36623.030727000 511.259249857 -50.997962523 108.653217520 0.010680435 0.422173667 -0.022942902 0.906161360
36623.232447000 511.984857868 -51.045491731 109.292261821 0.011188941 0.411191472 -0.021588287 0.911225542
36623.434167000 512.690000826 -51.089638254 109.942623893 0.011387814 0.400180847 -0.020041259 0.916145248
36623.635887000 513.338895215 -51.125323406 110.577267466 0.010967152 0.389563631 -0.018451181 0.920749489
36623.837607000 513.943966530 -51.157467440 111.207190068 0.010700992 0.378019190 -0.017020467 0.925579513
36624.039327000 514.471984626 -51.186711025 111.788887844 0.010348082 0.366403801 -0.016339011 0.930254254
36624.241046000 514.961410181 -51.217830332 112.367699573 0.010330842 0.355452493 -0.015970975 0.934500690
36624.442766000 515.390613171 -51.236727033 112.894861659 0.009923167 0.345270664 -0.015701626 0.938319407
36624.644486000 515.789676302 -51.267060504 113.394727882 0.009647432 0.335985518 -0.015714631 0.941687012
36624.846206000 516.134771947 -51.285832498 113.839884807 0.009387132 0.328009007 -0.015599807 0.944499230
36625.047926000 516.422010470 -51.297095061 114.239464582 0.009277728 0.321306954 -0.015928008 0.946795094
36625.249646000 516.670202717 -51.313776786 114.589716032 0.009285149 0.315595901 -0.016168762 0.948710437
36625.451365000 516.871109075 -51.326972241 114.865537550 0.009354122 0.311431776 -0.016312349 0.950082209
36625.653085000 517.034399309 -51.339734056 115.091231819 0.009634457 0.308695101 -0.015909720 0.950979255
36625.854805000 517.166767654 -51.345619695 115.276304950 0.009726013 0.306800686 -0.015657112 0.951594792
36626.056526000 517.266538238 -51.349499951 115.424405916 0.009946954 0.305784138 -0.016006900 0.951913927
36626.258246000 517.342238130 -51.351520911 115.535189505 0.010153070 0.305229367 -0.015897361 0.952091835
36626.459966000 517.403035569 -51.357062016 115.611304992 0.010194503 0.304907399 -0.015907065 0.952194151
36626.661685000 517.443479424 -51.357071872 115.671573387 0.010337306 0.304623613 -0.015867528 0.952284103
36626.863405000 517.464504302 -51.358059369 115.698398902 0.010203201 0.304496870 -0.015976447 0.952324248
36627.065125000 517.460567550 -51.359630941 115.690076892 0.010362736 0.304462692 -0.015917425 0.952334423
36627.266845000 517.458002883 -51.357685146 115.683080217 0.011289577 0.304387914 -0.016153342 0.952343875
36627.468565000 517.453822111 -51.351257764 115.680106785 0.011271418 0.304440068 -0.016083386 0.952329093
36627.670285000 517.450794103 -51.347927939 115.679340990 0.011233418 0.304470271 -0.015893126 0.952322710
36627.872004000 517.452111706 -51.346800326 115.680470598 0.011332893 0.304456824 -0.015923713 0.952325076
36628.073724000 517.452318398 -51.350366780 115.680615111 0.011322568 0.304468450 -0.016023744 0.952320295
36628.275444000 517.454079576 -51.354533368 115.686920640 0.011381741 0.304456197 -0.016104083 0.952321979
36628.477164000 517.454854442 -51.354709740 115.683705819 0.011361022 0.304426806 -0.016093903 0.952331811
36628.678884000 517.453678082 -51.355169860 115.683124210 0.011272944 0.304488628 -0.016043399 0.952313747
36628.880604000 517.452060216 -51.352417373 115.676920073 0.011283383 0.304488127 -0.015973447 0.952314847
36629.082323000 517.449338401 -51.350093665 115.671923844 0.011112651 0.304462577 -0.015972292 0.952325024
36629.284043000 517.448305810 -51.351166248 115.666682201 0.011172964 0.304502361 -0.016092832 0.952310077
36629.485763000 517.447026910 -51.349325367 115.670227575 0.011253695 0.304499907 -0.015973323 0.952311751
36629.687483000 517.453905033 -51.346711993 115.683618863 0.011340979 0.304416151 -0.016053690 0.952335733
36629.889203000 517.450937924 -51.348679750 115.686101441 0.011319163 0.304349150 -0.016063564 0.952358030
36630.090923000 517.457343011 -51.348167885 115.692169090 0.011962885 0.304170231 -0.016337393 0.952402233
36630.292642000 517.486218654 -51.341293666 115.739121106 0.013075056 0.303892973 -0.016484303 0.952474391
36630.494362000 517.556955163 -51.347563109 115.845383840 0.013675110 0.303242939 -0.016936983 0.952664180
36630.696082000 517.666892564 -51.357483802 116.004758867 0.014043457 0.302534642 -0.017418366 0.952876130
36630.897802000 517.817385418 -51.371689966 116.212728320 0.014329338 0.301595421 -0.017318597 0.953170900
36631.099522000 518.033529197 -51.386378193 116.527464086 0.014571524 0.300128223 -0.017177731 0.953632608
36631.301242000 518.275309237 -51.409276927 116.875327381 0.014863336 0.298691147 -0.017227339 0.954078689
36631.502961000 518.574838550 -51.425835521 117.308406685 0.014870675 0.296999958 -0.016904549 0.954611848
36631.704681000 518.881137645 -51.446484898 117.757819052 0.014779410 0.296221489 -0.017002656 0.954853240
36631.906401000 519.227476679 -51.465090271 118.252308728 0.014243134 0.295176934 -0.016767516 0.955189343
36632.108122000 519.587646811 -51.491241473 118.764691259 0.014562970 0.294229443 -0.016028021 0.955489483
36632.309842000 519.953054078 -51.512118354 119.299641587 0.014588777 0.293307499 -0.015996622 0.955772721
36632.511562000 520.335939283 -51.533649750 119.849889688 0.014317202 0.292515554 -0.016083627 0.956018444
36632.713281000 520.735267271 -51.553128597 120.442328452 0.013865130 0.291657157 -0.015959262 0.956289330
36632.915001000 521.134890937 -51.579004597 121.030855707 0.013434212 0.290948668 -0.016275355 0.956506235
36633.116721000 521.554221006 -51.601355291 121.649719722 0.013549796 0.290074885 -0.016484676 0.956766358
36633.318441000 521.980983026 -51.630834702 122.285267488 0.013533817 0.289542833 -0.016773608 0.956922174
36633.520161000 522.414550037 -51.659347681 122.929629619 0.013950841 0.288612147 -0.016544801 0.957201356
36633.721881000 522.863337916 -51.694592006 123.586884119 0.013122191 0.288245475 -0.016338871 0.957327447
36633.923600000 523.287715134 -51.719925460 124.234270853 0.012990804 0.287508609 -0.016626839 0.957545971
36634.125320000 523.717120431 -51.756435252 124.881933245 0.012895388 0.286869374 -0.016385054 0.957742535
36634.327040000 524.126291946 -51.782077930 125.501148724 0.013253775 0.286449867 -0.016486714 0.957861542
36634.528760000 524.534762417 -51.809269761 126.121941340 0.013320932 0.286337242 -0.016466919 0.957894370
36634.730480000 524.931025839 -51.839942377 126.719428519 0.013066708 0.286924647 -0.016416251 0.957723073
36634.932200000 525.283668629 -51.869845299 127.254216657 0.013207913 0.287800720 -0.016728617 0.957452847
36635.133919000 525.603931888 -51.895097151 127.719226131 0.013271581 0.288972042 -0.016321047 0.957106696
36635.335639000 525.892604593 -51.912355763 128.148577092 0.013269944 0.290021462 -0.016222693 0.956790565
36635.537359000 526.145293270 -51.932988637 128.520396276 0.013081733 0.290846071 -0.016212786 0.956542776
36635.739079000 526.357687306 -51.947722572 128.832476439 0.013060555 0.291585804 -0.016323817 0.956315670
36635.940799000 526.529131976 -51.954648524 129.096438967 0.012645902 0.292246869 -0.016632235 0.956114248
36636.142519000 526.667108546 -51.957341503 129.303460885 0.011797139 0.292520187 -0.017517319 0.956026439
36636.344238000 526.771267477 -51.965809919 129.451260841 0.011941332 0.292986954 -0.017239010 0.955886737
36636.545958000 526.846541633 -51.970419723 129.562491458 0.012143412 0.293029985 -0.017100285 0.955872910
36636.747678000 526.893344343 -51.971485570 129.629640394 0.012178335 0.293169405 -0.016910734 0.955833071
36636.949398000 526.916096115 -51.966724280 129.663315399 0.012352878 0.293324622 -0.016852104 0.955784144
36637.151119000 526.916403318 -51.969430918 129.664657874 0.012342392 0.293317181 -0.016902157 0.955786411
36637.352839000 526.909891446 -51.964381884 129.656451744 0.013356762 0.293110644 -0.016988444 0.955834759
36637.554558000 526.907575050 -51.963833279 129.654895870 0.013727834 0.293207422 -0.017230852 0.955794553
36637.756278000 526.906059448 -51.966536393 129.648150010 0.013477682 0.293194599 -0.017189232 0.955802948
36637.957998000 526.908082227 -51.967042904 129.652087777 0.013506547 0.293194532 -0.017369481 0.955799618
36638.159718000 526.907963019 -51.961644017 129.648689614 0.013527939 0.293185242 -0.017119646 0.955806927
36638.361438000 526.908016113 -51.967251391 129.651998547 0.013506641 0.293164262 -0.017229400 0.955811280
36638.563158000 526.910117118 -51.969065265 129.653267892 0.013537409 0.293204397 -0.017279725 0.955797941
36638.764877000 526.906510725 -51.967013062 129.645627801 0.013576741 0.293173593 -0.017259942 0.955807254
36638.966597000 526.906330075 -51.965869693 129.650147201 0.013567406 0.293192536 -0.017229834 0.955801699
36639.168317000 526.904960230 -51.969204971 129.649971579 0.013557033 0.293193005 -0.017289786 0.955800713
36639.370037000 526.906038215 -51.969438111 129.647454895 0.013466683 0.293195440 -0.017349213 0.955800214
36639.571757000 526.906919358 -51.965910857 129.647073368 0.013487486 0.293205588 -0.017269394 0.955798422
36639.773477000 526.908294054 -51.967195357 129.648336566 0.013525577 0.293153280 -0.017349493 0.955812128
36639.975196000 526.905986335 -51.969047219 129.647114584 0.013495460 0.293154092 -0.017369302 0.955811961
36640.176916000 526.908358470 -51.968181657 129.651507837 0.013505958 0.293153547 -0.017289344 0.955813302
36640.378636000 526.907394210 -51.969221141 129.648965756 0.013346675 0.293190445 -0.017328526 0.955804358
36640.580356000 526.906579110 -51.967839484 129.648758784 0.013506323 0.293175573 -0.017329503 0.955806461
36640.782076000 526.907843585 -51.969465895 129.652943326 0.013496388 0.293175781 -0.017319434 0.955806698
36640.983796000 526.908919790 -51.970364778 129.652877802 0.013525671 0.293183441 -0.017459565 0.955800980
36641.185515000 526.906034058 -51.970034946 129.649255943 0.013487084 0.293224921 -0.017409402 0.955789825
36641.387235000 526.906358659 -51.971473324 129.649646202 0.013534568 0.293104329 -0.017309540 0.955828116
36641.588955000 526.906879635 -51.970237197 129.649350779 0.013515799 0.293183611 -0.017439494 0.955801394
36641.790675000 526.907941769 -51.971199211 129.647365407 0.013405663 0.293178444 -0.017438880 0.955805134
36641.992395000 526.906676109 -51.968464098 129.647749156 0.013486454 0.293175989 -0.017309366 0.955806934
36642.194115000 526.906245533 -51.968045792 129.645971229 0.013455534 0.293155037 -0.017359036 0.955812380
36642.395834000 526.908484574 -51.967796018 129.650866370 0.013506860 0.293194345 -0.017319466 0.955800496
36642.597554000 526.906429435 -51.970399771 129.646913918 0.013565998 0.293163161 -0.017329823 0.955809162
36642.799274000 526.910543489 -51.966813872 129.654301447 0.013606675 0.293161770 -0.017220054 0.955810836
36643.000995000 526.908607626 -51.971505875 129.647941594 0.013655513 0.293169200 -0.017430336 0.955803771
36643.202715000 526.909658860 -51.969825659 129.652032092 0.013655254 0.293131169 -0.017320372 0.955817985
36643.404435000 526.909488490 -51.968783002 129.650811461 0.013656259 0.293179875 -0.017360390 0.955801933
36643.606154000 526.909157079 -51.971411280 129.647437854 0.013725673 0.293189625 -0.017500966 0.955795950
36643.807874000 526.911334957 -51.970892115 129.651052922 0.013804279 0.293116932 -0.017421313 0.955818342
36644.009594000 526.909143743 -51.971732398 129.646688451 0.013782793 0.293096076 -0.017561076 0.955822132
36644.211314000 526.907542324 -51.971038017 129.642167623 0.013424474 0.293107107 -0.017328824 0.955828437
36644.413034000 526.909394901 -51.970981245 129.645325555 0.013653637 0.293109894 -0.017480271 0.955821307
36644.614754000 526.913176852 -51.977799333 129.653202332 0.013781945 0.293077496 -0.017621129 0.955827202
36644.816473000 526.914231784 -51.968498737 129.656080271 0.013991578 0.293061425 -0.017622435 0.955828900
36645.018193000 526.909358802 -51.972304217 129.654448166 0.013845303 0.293134425 -0.017331516 0.955813527
36645.219913000 526.906954023 -51.968391343 129.653307354 0.013766786 0.293127551 -0.017071022 0.955821636
36645.421633000 526.905243600 -51.969375951 129.648079974 0.013717019 0.293158852 -0.017160759 0.955811187
36645.623353000 526.905327172 -51.964830016 129.651692050 0.013956519 0.293142118 -0.017182269 0.955812355
36645.825073000 526.909870512 -51.967343105 129.656046731 0.013946401 0.293191738 -0.017402274 0.955793221
36646.026792000 526.907884772 -51.966963129 129.649068862 0.013764825 0.293136682 -0.017411013 0.955812636
36646.228512000 526.903811708 -51.965917677 129.647643598 0.014023253 0.293070796 -0.017402640 0.955829530
36646.430232000 526.904059873 -51.967527429 129.646194595 0.014072124 0.293108453 -0.017733000 0.955811049
36646.631952000 526.904088226 -51.967745524 129.642184678 0.013962118 0.293092058 -0.017662290 0.955819176
36646.833672000 526.904609509 -51.963506867 129.648224467 0.014203142 0.293066447 -0.017413828 0.955828135
36647.035392000 526.906581799 -51.960904513 129.650197415 0.014075232 0.293090633 -0.017183051 0.955826904
36647.237111000 526.904817400 -51.960240811 129.648447759 0.014064581 0.293049936 -0.017112852 0.955840462
36647.438831000 526.903224513 -51.961678830 129.643140357 0.014114322 0.293098161 -0.017353257 0.955820595
36647.640551000 526.903403578 -51.959532184 129.643485677 0.014116003 0.293119405 -0.017183355 0.955817425
36647.842271000 526.906902759 -51.964359207 129.647440937 0.014015158 0.293111239 -0.017272650 0.955819599
36648.043991000 526.903990620 -51.965118384 129.644191045 0.014003261 0.293060159 -0.017352420 0.955833611
36648.245711000 526.900038230 -51.965512607 129.639467286 0.013805377 0.293135366 -0.017321250 0.955813960
36648.447430000 526.901959607 -51.965467911 129.642484787 0.013925899 0.293154345 -0.017332189 0.955806864
36648.649150000 526.899175318 -51.950161197 129.641237738 0.014317603 0.293154893 -0.017094758 0.955805330
36648.850870000 526.909919678 -51.955606247 129.652757072 0.014184865 0.293096120 -0.017263692 0.955821695
36649.052591000 526.905416311 -51.952209249 129.650970738 0.014266186 0.293123588 -0.017174232 0.955813502
36649.254311000 526.908338428 -51.951834813 129.657341266 0.014356565 0.293102078 -0.017034818 0.955821435
36649.456031000 526.899077515 -51.946173731 129.637641748 0.014227845 0.293126753 -0.016934079 0.955817916
36649.657750000 526.902759165 -51.953057202 129.641099185 0.013967822 0.293163346 -0.017072450 0.955808054
36649.859470000 526.913943088 -51.953907237 129.655388181 0.014116003 0.293119405 -0.017183355 0.955817425
36650.061190000 526.919221726 -51.959761562 129.664913682 0.014144187 0.293108631 -0.017423550 0.955816091
36650.262910000 526.919235008 -51.965838543 129.662433515 0.013801135 0.293055246 -0.017651120 0.955832677
36650.464630000 526.919638696 -51.970371424 129.667608447 0.013992949 0.293071717 -0.017452458 0.955828848
36650.666350000 526.928557881 -51.958538522 129.686651457 0.014881907 0.293017232 -0.017438091 0.955832081
36650.868069000 526.965408098 -51.960689767 129.738296540 0.015093102 0.293060729 -0.017439482 0.955815121
36651.069789000 527.006526372 -51.959918651 129.786719002 0.018003326 0.293235090 -0.018298874 0.955696045
36651.271509000 527.165393709 -51.958382738 130.015608633 0.019131830 0.293533389 -0.018256578 0.955582716
36651.473229000 527.361505554 -51.969312976 130.295667704 0.019279119 0.294040053 -0.017658314 0.955434998
36651.674949000 527.593483688 -51.984421954 130.625831549 0.019192741 0.294493926 -0.017408549 0.955301824
36651.876669000 527.900013591 -52.021805199 131.074199859 0.018467127 0.294332458 -0.017573553 0.955362775
36652.078388000 528.184945065 -52.039464497 131.492825563 0.019063661 0.295095377 -0.018168666 0.955104386
36652.280108000 528.530193603 -52.067863214 131.982498297 0.019255578 0.295153563 -0.018140198 0.955084089
36652.481828000 528.900655329 -52.102658062 132.506708364 0.019528980 0.295797401 -0.017162952 0.954897106
36652.683548000 529.273165889 -52.133133244 133.037708170 0.019659449 0.297084096 -0.017725967 0.954484834
36652.885268000 529.677980650 -52.172737165 133.606443760 0.020264374 0.298388331 -0.017692023 0.954065796
36653.086988000 530.113699362 -52.218176378 134.210308772 0.020674356 0.299876433 -0.017607031 0.953591335
36653.288707000 530.573284153 -52.256095680 134.857287228 0.021341469 0.301358273 -0.017963786 0.953102585
36653.490427000 531.051622010 -52.287882180 135.518814006 0.021997222 0.303051702 -0.017850825 0.952552683
36653.692147000 531.556364857 -52.332899700 136.219851700 0.022369696 0.304713031 -0.018106040 0.952009380
36653.893867000 532.076440634 -52.378740982 136.943971566 0.023105058 0.306472887 -0.018323662 0.951422261
36654.095587000 532.629403756 -52.426025042 137.699580666 0.023919924 0.308232870 -0.018641942 0.950827682
36654.297307000 533.206187399 -52.476581466 138.487440976 0.024813042 0.309948781 -0.019040554 0.950238796
36654.499026000 533.824441387 -52.537347704 139.319439387 0.025520623 0.311020882 -0.019206962 0.949866573
36654.700746000 534.467248728 -52.598784059 140.195110228 0.026471576 0.311162574 -0.019673245 0.949783810
36654.902466000 535.141157693 -52.667607476 141.102601679 0.027385526 0.310619057 -0.019998390 0.949929475
36655.104186000 535.840985161 -52.743600355 142.053227340 0.027568523 0.309624649 -0.020128014 0.950246367
36655.305906000 536.577727899 -52.816988774 143.047639678 0.027301274 0.308540099 -0.019874385 0.950611561
36655.507626000 537.319091930 -52.890838135 144.059363113 0.026906449 0.307201142 -0.019769673 0.951058829
36655.709345000 538.063885257 -52.963331792 145.085362346 0.027214070 0.304541724 -0.020107332 0.951898010
36655.911065000 538.825293292 -53.040227417 146.149301624 0.027606711 0.300119514 -0.020192621 0.953288370
36656.112786000 539.564656753 -53.122832066 147.246474360 0.027691386 0.295142130 -0.020744853 0.954826077
36656.314506000 540.317409409 -53.199442023 148.369310773 0.027474650 0.291888353 -0.020858230 0.955830133
36656.516226000 541.094205820 -53.291840322 149.515747295 0.026790975 0.289265417 -0.019919339 0.956666040
36656.717946000 541.879021687 -53.375335425 150.696417827 0.026032410 0.286518295 -0.019270056 0.957527388
36656.919665000 542.674897939 -53.460068687 151.901719028 0.025966539 0.283326662 -0.019474269 0.958473716
36657.121385000 543.480046197 -53.534690862 153.169154741 0.026019822 0.280163854 -0.019959473 0.959391742
36657.323105000 544.291291163 -53.631565040 154.468018043 0.025628253 0.276942800 -0.020941770 0.960316552
36657.524825000 545.104082055 -53.709436124 155.787450564 0.021543893 0.274670207 -0.019801325 0.961092911
36657.726545000 545.944339833 -53.779213535 157.138271909 0.019800226 0.272404034 -0.020276233 0.961765083
36657.928265000 546.798168452 -53.850925061 158.519598873 0.020180105 0.270083518 -0.020104892 0.962415025
36658.129984000 547.673395338 -53.931536721 159.949822409 0.021586524 0.267746249 -0.020470309 0.963030074
36658.331704000 548.562158080 -54.025312145 161.412410267 0.021800377 0.265550623 -0.020188110 0.963639037
36658.533424000 549.465429723 -54.123546800 162.927882293 0.021656278 0.264613408 -0.020065565 0.963902368
36658.735144000 550.382169534 -54.220053006 164.478584700 0.022537924 0.264061644 -0.019150379 0.964052097
36658.936864000 551.290394178 -54.307821570 166.017967879 0.024458741 0.264362275 -0.018823404 0.963929514
36659.138584000 552.226860486 -54.410837451 167.587463128 0.027379297 0.265634692 -0.019474523 0.963488240
36659.340303000 553.177507048 -54.524522187 169.184394303 0.029546634 0.267344247 -0.020801352 0.962923095
36659.542023000 554.159270813 -54.656457940 170.785713202 0.031089919 0.269273134 -0.022104687 0.962308192
36659.743743000 555.208415136 -54.798856619 172.481863283 0.030945376 0.272432596 -0.020268975 0.961463977
36659.945463000 556.231002306 -54.934507982 174.124463765 0.031983044 0.275013652 -0.020389803 0.960691708
36660.147183000 557.291295523 -55.070748866 175.782190381 0.033111450 0.278675520 -0.020213155 0.959601370
36660.348903000 558.408155917 -55.226451114 177.467931758 0.033633571 0.282075025 -0.019922232 0.958595978
36660.550622000 559.526287329 -55.363652910 179.152324473 0.035114290 0.285926936 -0.020188201 0.957395429
36660.752342000 560.677806034 -55.520287926 180.856672442 0.035476722 0.288099277 -0.019434088 0.956746155
36660.954062000 561.841798085 -55.669972691 182.592758612 0.036409486 0.288971892 -0.019491397 0.956445838
36661.155782000 562.998601838 -55.843909424 184.354511907 0.036349734 0.290194680 -0.019833114 0.956071218
36661.357502000 564.195027223 -56.000194829 186.128678878 0.036407681 0.290834693 -0.019694608 0.955877711
36661.559221000 565.402409333 -56.174587031 187.896884193 0.038069324 0.291748203 -0.020146785 0.955524467
36661.760941000 566.640107161 -56.362780338 189.678945352 0.039260181 0.292919526 -0.020276629 0.955115909
36661.962662000 567.880391060 -56.546194188 191.480942300 0.040770454 0.292549834 -0.020365879 0.955164206
36662.164382000 569.098520698 -56.738175079 193.321738234 0.041947385 0.290704808 -0.021060384 0.955660744
36662.366102000 570.292514795 -56.933603657 195.209707824 0.041051243 0.289156048 -0.021801991 0.956152594
36662.567822000 571.533921707 -57.129374132 197.087499457 0.039039805 0.287608222 -0.021756331 0.956704390
36662.769541000 572.758848831 -57.330286976 198.956356485 0.039927598 0.285814999 -0.022589356 0.957186457
36662.971261000 573.998134229 -57.509706855 200.844505306 0.039112907 0.284515933 -0.022591916 0.957606915
36663.172981000 575.264298403 -57.701021179 202.754859378 0.037749939 0.283521702 -0.021981330 0.957970329
36663.374701000 576.559147061 -57.884936936 204.650994472 0.036662999 0.282782435 -0.019942907 0.958275178
36663.576421000 577.833092583 -58.078572199 206.564421827 0.038687315 0.282081045 -0.019645035 0.958409003
36663.778141000 579.067292744 -58.282690035 208.522235821 0.038781622 0.280957446 -0.020593897 0.958715567
36663.979860000 580.299130045 -58.480352327 210.474984468 0.044166226 0.279531788 -0.022096603 0.958865871
36664.181580000 581.541166813 -58.704505970 212.470521242 0.044292212 0.276792634 -0.023862836 0.959611560
36664.383300000 582.785290999 -58.939897660 214.466652903 0.045937982 0.273694693 -0.025868520 0.960370576
36664.585020000 584.028887054 -59.172840021 216.476304281 0.046560201 0.269322709 -0.027775377 0.961522521
36664.786740000 585.243236390 -59.415564525 218.523562732 0.043374018 0.264143545 -0.029036258 0.963069977
36664.988460000 586.413495768 -59.666808519 220.558691577 0.042520708 0.258096981 -0.032600799 0.964631972
36665.190179000 587.569297253 -59.897740994 222.617101616 0.039035690 0.252068532 -0.037938530 0.966177365
36665.391899000 588.673664015 -60.113480926 224.685201375 0.036904437 0.245852925 -0.043534680 0.967625799
36665.593619000 589.745551274 -60.337261729 226.738615194 0.036075700 0.239614628 -0.047138867 0.969051647
36665.795339000 590.788121686 -60.540407634 228.782475551 0.037751616 0.233385632 -0.048689632 0.970430435
36665.997059000 591.808038068 -60.773869590 230.835023169 0.036733749 0.227306350 -0.051293239 0.971777614
36666.198779000 592.779915421 -60.993917402 232.892841248 0.035998808 0.220958905 -0.053898129 0.973127199
36666.400498000 593.714180981 -61.204722062 234.931718290 0.035667318 0.214150867 -0.055624520 0.974562908
36666.602218000 594.618469944 -61.414172623 236.965747916 0.036602627 0.206992017 -0.056508860 0.976023055
36666.803938000 595.498621893 -61.631180443 239.009347107 0.034666079 0.199660290 -0.056814291 0.977602155
36667.005658000 596.309753884 -61.830394865 241.059926034 0.034174035 0.191737223 -0.058728174 0.979091344
36667.207378000 597.106446948 -62.033192568 243.102944557 0.032304917 0.184663935 -0.058944468 0.980500453
36667.409098000 597.887715863 -62.204408093 245.142301450 0.030181163 0.178417625 -0.058580099 0.981745494
36667.610817000 598.614257319 -62.380064227 247.139880544 0.031588056 0.172701339 -0.057430106 0.982791003
36667.812537000 599.346689699 -62.562861192 249.152573394 0.031617489 0.166392815 -0.054909853 0.984021630
36668.014258000 600.035363888 -62.744521266 251.154108655 0.032728537 0.160380303 -0.050337320 0.985227538
36668.215978000 600.671495760 -62.916983360 253.142310160 0.035583504 0.153057802 -0.052233574 0.986193975
36668.417698000 601.286513566 -63.127412835 255.134821373 0.036342011 0.146389318 -0.049967442 0.987295498
36668.619418000 601.868692661 -63.288023838 257.134454498 0.030196385 0.141170809 -0.044639192 0.988517298
36668.821137000 602.453299597 -63.425336232 259.131113526 0.031403908 0.136367568 -0.043978883 0.989183198
36669.022857000 602.996959674 -63.590094696 261.128413866 0.033556477 0.131790017 -0.043545409 0.989752024
36669.224577000 603.532646538 -63.757890288 263.116430827 0.035829274 0.127259594 -0.043303013 0.990275855
36669.426297000 604.059549537 -63.944865220 265.134897069 0.034800786 0.123501282 -0.040000020 0.990927063
36669.628017000 604.572644860 -64.099843564 267.153560576 0.035614705 0.119024297 -0.036587856 0.991577641
36669.829737000 605.064016548 -64.261526185 269.201917007 0.035432629 0.114223669 -0.032688467 0.992284638
36670.031456000 605.533180088 -64.425576743 271.225911181 0.036073182 0.108570616 -0.029633379 0.992991921
36670.233176000 605.997426858 -64.598424374 273.308403080 0.037104738 0.103340270 -0.025091529 0.993637015
36670.434896000 606.440487140 -64.751437458 275.395050275 0.037392410 0.098144864 -0.022764772 0.994208824
36670.636616000 606.852652720 -64.921485003 277.484366377 0.038564757 0.092719266 -0.018843435 0.994766752
36670.838336000 607.239841841 -65.092404818 279.605567030 0.039672083 0.087687984 -0.018832325 0.995179529
36671.040056000 607.603360306 -65.281734673 281.749222320 0.040516027 0.083872931 -0.019691605 0.995457716
36671.241775000 607.954211167 -65.455845835 283.892044978 0.041853029 0.079559049 -0.018053180 0.995787531
36671.443495000 608.303447428 -65.657182004 286.074513715 0.036248985 0.075939877 -0.015930772 0.996325959
36671.645215000 608.638060609 -65.802082538 288.278645386 0.039244844 0.072808597 -0.016285050 0.996440435
36671.846935000 608.951413821 -65.981578055 290.480112020 0.042984386 0.070443335 -0.019255497 0.996403161
36672.048655000 609.259851124 -66.193825928 292.725265362 0.041609145 0.069069706 -0.019014311 0.996562331
36672.250374000 609.578134662 -66.383376681 294.964587294 0.042230492 0.067781624 -0.019776301 0.996609822
36672.452094000 609.884765920 -66.565690193 297.224143568 0.040716766 0.066818903 -0.020944820 0.996713922
36672.653814000 610.187006253 -66.770241397 299.480414821 0.039656081 0.066063897 -0.022556760 0.996771852
36672.855534000 610.489759882 -66.950904054 301.766324191 0.040724652 0.065304844 -0.022822447 0.996772733
36673.057254000 610.798147480 -67.146292024 304.057081208 0.040702685 0.064405887 -0.022570932 0.996837877
36673.258974000 611.109179390 -67.334652861 306.361389800 0.041111016 0.063793139 -0.023422534 0.996840857
36673.460693000 611.409685822 -67.542530156 308.683439266 0.040699249 0.063184963 -0.022718800 0.996912761
36673.662413000 611.716123786 -67.724394717 311.005707470 0.041214599 0.062432875 -0.021981058 0.996955556
36673.864133000 612.018593730 -67.923628127 313.323759890 0.040394743 0.061736420 -0.020564402 0.997062663
36674.065853000 612.312516285 -68.126259586 315.645783555 0.040438205 0.061025706 -0.020223532 0.997111631
36674.267573000 612.595671836 -68.334778624 317.951186519 0.041517530 0.060276717 -0.020439389 0.997108450
36674.469292000 612.881141930 -68.530996559 320.260984342 0.042206502 0.059448231 -0.020322442 0.997131636
36674.671012000 613.170548751 -68.734368587 322.577668464 0.040754453 0.058927157 -0.019982173 0.997229853
36674.872732000 613.456015500 -68.936813859 324.884576465 0.041286761 0.057872723 -0.019983907 0.997269672
36675.074453000 613.735149689 -69.131030693 327.179431864 0.042994709 0.056438753 -0.019202728 0.997295057
36675.276173000 613.997319904 -69.345820835 329.493861777 0.043391183 0.054317812 -0.018771652 0.997403813
36675.477892000 614.249926006 -69.551619803 331.794608813 0.043692686 0.052029848 -0.018519969 0.997517359
36675.679612000 614.501186737 -69.757646121 334.104825182 0.043733081 0.049929604 -0.017586719 0.997639795
36675.881332000 614.730624686 -69.970150369 336.419164174 0.043062380 0.048036515 -0.017639231 0.997760980
36676.083052000 614.948847425 -70.179392216 338.741660919 0.041298406 0.046101867 -0.017974596 0.997920822
36676.284772000 615.159093779 -70.379900687 341.041794690 0.042956900 0.043988504 -0.017421981 0.997956023
36676.486491000 615.375226228 -70.572460039 343.359537537 0.042814665 0.042123421 -0.016277871 0.998061891
36676.688211000 615.572168734 -70.799639129 345.674601927 0.042168092 0.040680456 -0.015981258 0.998154057
36676.889931000 615.764320253 -70.990233420 347.987077359 0.044313751 0.039363225 -0.016033063 0.998113093
36677.091651000 615.949791643 -71.193466867 350.309867206 0.042214746 0.038261404 -0.014347581 0.998272563
36677.293371000 616.114309106 -71.416472883 352.588784769 0.043881817 0.037414094 -0.016117172 0.998205810
36677.495091000 616.278615777 -71.611286766 354.871377509 0.045256569 0.036953787 -0.018225421 0.998125308
36677.696810000 616.444109329 -71.827871516 357.141917997 0.043127109 0.037235497 -0.020681983 0.998161218
36677.898530000 616.616738866 -72.018738314 359.383529220 0.044059700 0.038682570 -0.020090483 0.998077549
36678.100250000 616.805414001 -72.234013584 361.627486228 0.044264297 0.039227385 -0.020072706 0.998047589
36678.301970000 616.979260058 -72.433102519 363.854152701 0.044190696 0.039737512 -0.021163080 0.998008142
36678.503690000 617.163541247 -72.623480832 366.071666819 0.045317755 0.040989143 -0.020612443 0.997918499
36678.705409000 617.367658448 -72.846315736 368.288715222 0.045472654 0.044076978 -0.020108474 0.997790111
36678.907129000 617.587471282 -73.068232972 370.484939594 0.045291692 0.049015730 -0.018765301 0.997594078
36679.108850000 617.829070664 -73.263810911 372.645838276 0.044639748 0.056141168 -0.015712755 0.997300639
36679.310570000 618.103234251 -73.461998679 374.802269401 0.046583230 0.064823605 -0.015209600 0.996692798
36679.512290000 618.397169398 -73.672024204 376.919560516 0.047713035 0.074396110 -0.015802694 0.995961314
36679.714010000 618.748554393 -73.909824114 379.028033470 0.048464562 0.085136436 -0.017785258 0.995030974
36679.915729000 619.155117383 -74.121962872 381.103814787 0.049356613 0.096668774 -0.016739963 0.993951115
36680.117449000 619.594680870 -74.349736706 383.153536604 0.049438962 0.108597415 -0.018800186 0.992677697
36680.319169000 620.096852196 -74.564513178 385.191009719 0.051182307 0.119704922 -0.018959751 0.991308074
36680.520889000 620.637808576 -74.799567119 387.181542873 0.051486441 0.130582722 -0.017989592 0.989936273
36680.722609000 621.203732688 -75.008005349 389.148009452 0.051578196 0.140043280 -0.017705602 0.988642487
36680.924328000 621.816130289 -75.234731676 391.123754075 0.052490393 0.148353445 -0.017425267 0.987386723
36681.126048000 622.464419213 -75.460907715 393.076803910 0.052315455 0.156139653 -0.017496799 0.986193278
36681.327768000 623.138409056 -75.687327867 395.021776851 0.053385381 0.163565391 -0.017035996 0.984939673
36681.529488000 623.839180873 -75.918113489 396.952422492 0.054522139 0.168977786 -0.016522224 0.983971918
36681.731208000 624.557884682 -76.156768081 398.892894672 0.054163081 0.173360199 -0.015717060 0.983242300
36681.932927000 625.282275739 -76.385971388 400.843464586 0.056142593 0.177459746 -0.015676691 0.982400260
36682.134647000 626.037769374 -76.642320737 402.786126643 0.056210163 0.181879880 -0.015584400 0.981589178
36682.336367000 626.812554561 -76.888787297 404.733907155 0.056525964 0.186202589 -0.015333472 0.980763981
36682.538087000 627.592338090 -77.133039482 406.662781107 0.056384235 0.190678327 -0.015359934 0.979911498
36682.739807000 628.380020878 -77.383884026 408.546843509 0.058002967 0.194406402 -0.015416555 0.979083177
36682.941527000 629.184730150 -77.640507914 410.415884350 0.058818048 0.197570422 -0.013757112 0.978426009
36683.143247000 629.993963764 -77.889954577 412.265233548 0.058642246 0.200679117 -0.011870995 0.977828313
36683.344967000 630.807696286 -78.139171870 414.091532598 0.060151456 0.203580390 -0.011555541 0.977140350
36683.546687000 631.608907778 -78.392101632 415.866998014 0.059729402 0.206654041 -0.010477793 0.976532871
36683.748407000 632.406406461 -78.639559550 417.621378115 0.058495266 0.209679575 -0.009504719 0.975972439
36683.950127000 633.189815155 -78.878292987 419.314504135 0.057651139 0.212753963 -0.008734246 0.975364233
36684.151847000 633.962683901 -79.092407845 420.947676931 0.058265236 0.215850285 -0.008463352 0.974649788
36684.353566000 634.716525253 -79.313171595 422.525943126 0.058238790 0.219052810 -0.008678481 0.973934970
36684.555286000 635.458288707 -79.520377328 424.051244409 0.057572263 0.222210669 -0.008609293 0.973259370
36684.757006000 636.161086401 -79.725892584 425.482684172 0.057498367 0.225533921 -0.008904298 0.972496524
36684.958726000 636.845127884 -79.914014517 426.832155499 0.058215886 0.228965182 -0.009444610 0.971646567
36685.160446000 637.507526334 -80.086236634 428.111079870 0.058623572 0.232525576 -0.008883052 0.970781173
36685.362166000 638.146382430 -80.264954338 429.326216546 0.058786862 0.235892896 -0.008209602 0.969964291
36685.563885000 638.762754749 -80.435159635 430.466923772 0.059096088 0.239077852 -0.007476847 0.969171474
36685.765605000 639.344986249 -80.586729713 431.539330865 0.059665028 0.242265584 -0.006805776 0.968349724
36685.967325000 639.905767248 -80.731401581 432.561404980 0.060034312 0.245167752 -0.006442938 0.967598734
36686.169045000 640.441287821 -80.872393460 433.523325951 0.060594305 0.247784291 -0.006360879 0.966897682
36686.370765000 640.956978995 -81.003989434 434.440249423 0.060671942 0.250411142 -0.006595664 0.966213821
36686.572485000 641.478877958 -81.147248117 435.354681619 0.060108558 0.253047364 -0.007086369 0.965558872
36686.774204000 641.986448739 -81.271427127 436.249375218 0.059922774 0.255641253 -0.007729414 0.964881762
36686.975924000 642.487749031 -81.393172352 437.120445063 0.059915691 0.258162787 -0.008363567 0.964205763
36687.177644000 642.997034583 -81.515651782 437.962353535 0.060180625 0.260774352 -0.008979554 0.963480331
36687.379364000 643.483251628 -81.627765420 438.783494522 0.060476895 0.263747340 -0.009376385 0.962648530
36687.581084000 643.972603058 -81.743880088 439.584351241 0.060795999 0.266838314 -0.009773511 0.961771975
36687.782804000 644.462110349 -81.859701781 440.372516179 0.060760057 0.270111267 -0.010208716 0.960856138
36687.984524000 644.936984541 -81.976179098 441.137396819 0.061032699 0.273402980 -0.010875871 0.959899772
36688.186244000 645.426850069 -82.090630677 441.880936176 0.061534499 0.277242121 -0.010895476 0.958766015
36688.387964000 645.909020695 -82.200163333 442.621047415 0.062334202 0.281210336 -0.011737191 0.957547812
36688.589684000 646.423405987 -82.306226762 443.382993984 0.063252917 0.286086758 -0.011801136 0.956040806
36688.791404000 646.962772583 -82.428611563 444.164095339 0.064006768 0.291167463 -0.011894343 0.954453992
36688.993124000 647.509577146 -82.554138941 444.948033552 0.065112119 0.296490486 -0.012860372 0.952727123
36689.194843000 648.084560101 -82.672390932 445.763807317 0.067030856 0.301559452 -0.013781173 0.950988507
36689.396563000 648.676699847 -82.807821845 446.601998226 0.067571232 0.306815090 -0.015163373 0.949246744
36689.598283000 649.280917784 -82.941505623 447.459938176 0.067585045 0.311650813 -0.017291363 0.947632096
36689.800003000 649.899896287 -83.079752034 448.306379379 0.069033459 0.316408190 -0.020038585 0.945895109
36690.001723000 650.551281787 -83.274936651 449.118862562 0.068747947 0.321416533 -0.032125250 0.943892250
36690.203443000 651.203648441 -83.415073124 449.961549685 0.069764827 0.325857182 -0.033789084 0.942235131
36690.405162000 651.880438191 -83.574580923 450.826900310 0.069694840 0.331139571 -0.035327481 0.940340878
36690.606882000 652.606316428 -83.733985912 451.747632826 0.068343719 0.336257047 -0.036297297 0.938586083
36690.808602000 653.392355994 -83.929105583 452.667362759 0.066842808 0.341697814 -0.035336184 0.936763138
36691.010322000 654.221306374 -84.102852655 453.647449950 0.066222413 0.346767363 -0.036060757 0.934915888
36691.212042000 655.135008665 -84.295557264 454.660347918 0.065616139 0.350923954 -0.035383411 0.933431564
36691.413762000 656.104612392 -84.500791984 455.718483987 0.063318835 0.353409700 -0.034222721 0.932696187
36691.615481000 657.119949469 -84.710862591 456.845432170 0.060379329 0.355308523 -0.032396423 0.932233677
36691.817201000 658.144845651 -84.888927005 457.949015136 0.059537269 0.356581475 -0.031662932 0.931826482
36692.018921000 659.194920708 -85.092429495 459.094767087 0.059833124 0.357677708 -0.030656792 0.931421676
36692.220641000 660.279978238 -85.292672878 460.275107000 0.059797773 0.359113981 -0.029689145 0.930903717
36692.422361000 661.393723887 -85.518769128 461.502093861 0.061299912 0.360350757 -0.029780643 0.930323472
36692.624081000 662.563461058 -85.731919266 462.752065918 0.061385196 0.362075561 -0.028374297 0.929693471
36692.825800000 663.806485361 -85.948453462 464.037577798 0.060918564 0.363646826 -0.026403422 0.929166722
36693.027521000 665.088564837 -86.171488948 465.374607560 0.062635673 0.364767873 -0.023826474 0.928683217
36693.229241000 666.393320539 -86.427573534 466.756835141 0.065097474 0.363311689 -0.019300065 0.929190180
36693.430961000 667.731571128 -86.673643646 468.186709563 0.065267183 0.360470923 -0.017026481 0.930328650
36693.632681000 669.100344051 -86.952022833 469.693320280 0.066949328 0.357515550 -0.017082579 0.931348036
36693.834401000 670.473897977 -87.227866364 471.228146382 0.064567113 0.355418220 -0.016423598 0.932330006
36694.036120000 671.855567684 -87.497470750 472.785859987 0.065216069 0.353881242 -0.016545339 0.932867549
36694.237840000 673.261828095 -87.785050226 474.366333714 0.065563353 0.352970621 -0.016316030 0.933191586
36694.439560000 674.683585259 -88.057646595 475.978522796 0.065838545 0.352992968 -0.017197930 0.933148395
36694.641280000 676.123477162 -88.348316128 477.608674031 0.066369356 0.354217730 -0.017443342 0.932641524
36694.843000000 677.603461952 -88.651162559 479.237284526 0.066835601 0.357436607 -0.017291646 0.931382034
36695.044720000 679.123328472 -88.948801622 480.865777149 0.067939994 0.360250479 -0.015793389 0.930243656
36695.246439000 680.657394788 -89.261096560 482.502341680 0.068574697 0.362416507 -0.014681052 0.929373558
36695.448159000 682.230041684 -89.575827777 484.185480396 0.067858548 0.364170045 -0.013529318 0.928758707
36695.649879000 683.822959872 -89.895247471 485.879115236 0.067586538 0.365668259 -0.013790048 0.928186261
36695.851599000 685.432742191 -90.201671599 487.576499173 0.069003350 0.366809679 -0.012760999 0.927644816
36696.053319000 687.057502124 -90.532064362 489.282545260 0.069846918 0.367416589 -0.013187480 0.927335388
36696.255039000 688.701193351 -90.865034093 491.007552908 0.068733203 0.368238533 -0.012441602 0.927103210
36696.456758000 690.340918168 -91.184892916 492.716814471 0.067381146 0.368824441 -0.011963737 0.926975470
36696.658478000 691.989611914 -91.520698331 494.434954091 0.067078307 0.369329934 -0.014502709 0.926760683
36696.860198000 693.622492715 -91.830301814 496.139153208 0.070085536 0.369582066 -0.014632744 0.926436259
36697.061918000 695.283620867 -92.171364942 497.847820394 0.068580327 0.369397278 -0.011492564 0.926666767
36697.263638000 696.918976223 -92.507700254 499.553657336 0.069829520 0.369601814 -0.012511029 0.926478435
36697.465358000 698.570323318 -92.836031860 501.272527452 0.069717320 0.369750988 -0.013400491 0.926414003
36697.667077000 700.225191419 -93.166815434 502.970418227 0.069551962 0.369916623 -0.013379726 0.926361088
36697.868797000 701.874237301 -93.492811257 504.675019151 0.069745484 0.370104535 -0.012081283 0.926289573
36698.070517000 703.532303909 -93.829337586 506.380528725 0.071120818 0.370318730 -0.012230604 0.926097717
36698.272237000 705.183950582 -94.160765894 508.084121633 0.072680319 0.370399474 -0.011180851 0.925957624
36698.473957000 706.853964153 -94.507918306 509.802571258 0.071251042 0.370745610 -0.010792052 0.925933773
36698.675677000 708.524423043 -94.845412329 511.530272342 0.070116701 0.371238664 -0.010375531 0.925828455
36698.877396000 710.192889465 -95.181075885 513.256403342 0.070083090 0.371776718 -0.011566200 0.925600599
36699.079117000 711.868937579 -95.515995436 514.979313751 0.069153490 0.372739020 -0.012261710 0.925273930
36699.280837000 713.553890684 -95.844269191 516.701595333 0.069236165 0.374437581 -0.014255204 0.924554659
36699.482557000 715.252296197 -96.190130858 518.414978115 0.069208958 0.376993601 -0.014889078 0.923505546
36699.684277000 716.944183350 -96.542057252 520.098072554 0.069308725 0.380295194 -0.014575230 0.922149449
36699.885997000 718.641262496 -96.859950165 521.774977230 0.069819832 0.383879795 -0.015124371 0.920614592
36700.087716000 720.342927184 -97.211875354 523.413757095 0.069984267 0.386920081 -0.014570511 0.919338491
36700.289436000 722.030893140 -97.550157005 525.028613099 0.069178889 0.389500344 -0.015059484 0.918300957
36700.491156000 723.709334841 -97.871576528 526.623852913 0.069641271 0.392338940 -0.015517183 0.917049433
36700.692876000 725.377872403 -98.213791535 528.169450145 0.070837464 0.394756730 -0.015188850 0.915924136
36700.894596000 727.055053662 -98.546446711 529.717785542 0.072095690 0.396874467 -0.014910494 0.914914684
36701.096316000 728.717948427 -98.883147375 531.237589833 0.072883761 0.398975481 -0.014579079 0.913943496
36701.298035000 730.380440071 -99.222510269 532.750800967 0.071810664 0.401194332 -0.014795751 0.913053250
36701.499755000 732.035793999 -99.554743877 534.246416414 0.071094931 0.403354399 -0.015224692 0.912150605
36701.701475000 733.678174738 -99.866950302 535.712912688 0.070793779 0.405233533 -0.015355847 0.911338919
36701.903195000 735.328312653 -100.179097494 537.159697982 0.072006466 0.407244467 -0.013946991 0.910369526
36702.104915000 736.968921721 -100.495845971 538.578042148 0.075655809 0.409080774 -0.012473686 0.909270724
36702.306635000 738.591550562 -100.849384018 539.962212846 0.076371265 0.411745662 -0.011782738 0.908017179
36702.508354000 740.213766527 -101.150266058 541.361060126 0.075748692 0.414903719 -0.011123840 0.906638735
36702.710074000 741.828323654 -101.473704836 542.715073224 0.075126576 0.418828118 -0.011956207 0.904872867
36702.911794000 743.452083343 -101.788629612 544.060412314 0.074054971 0.423830354 -0.010957439 0.902642102
36703.113514000 745.071532911 -102.098550016 545.349859958 0.075921291 0.427822707 -0.010956135 0.900601482
36703.315234000 746.683464509 -102.400238032 546.634212858 0.077786509 0.432472738 -0.012265925 0.898201301
36703.516954000 748.291977929 -102.720699787 547.881327963 0.078029999 0.436467156 -0.012614074 0.896241115
36703.718673000 749.907253033 -103.034175890 549.107447163 0.076238208 0.439873159 -0.012747957 0.894725794
36703.920393000 751.487950810 -103.335534069 550.300270554 0.076369314 0.442310021 -0.013282830 0.893504865
36704.122113000 753.054618908 -103.635473560 551.469552312 0.077132280 0.444792432 -0.013801950 0.892199541
36704.323833000 754.598979628 -103.944353414 552.607443086 0.077548996 0.447130019 -0.014598492 0.890981079
36704.525553000 756.132688634 -104.247195014 553.714752522 0.077358435 0.449503587 -0.015071115 0.889793922
36704.727273000 757.651521557 -104.541912581 554.793344705 0.080260067 0.451777042 -0.014983688 0.888385459
36704.928992000 759.191111929 -104.866591250 555.859870826 0.079004143 0.454545608 -0.013260072 0.887112951
36705.130713000 760.710198407 -105.128922724 556.911667597 0.079577942 0.456966112 -0.011827800 0.885838636
36705.332433000 762.209376551 -105.401922579 557.957451195 0.082082299 0.459210355 -0.012777825 0.884436002
36705.534153000 763.716334346 -105.704708516 558.997732975 0.082327379 0.461166301 -0.015282584 0.883353121
36705.735873000 765.218943469 -106.002989656 560.037055615 0.078788999 0.461839978 -0.016070740 0.883310576
36705.937593000 766.720856206 -106.278926174 561.064445838 0.078064187 0.461407407 -0.016535303 0.883591980
36706.139312000 768.230835976 -106.564828879 562.097660097 0.076430213 0.460655204 -0.015593522 0.884145944
36706.341032000 769.735398230 -106.858982975 563.118902856 0.076201774 0.459532750 -0.013810110 0.884778484
36706.542752000 771.314200482 -107.129662572 564.194615582 0.070680609 0.459848629 -0.008784619 0.885137124
36706.744472000 772.823705263 -107.357213927 565.254477748 0.073500266 0.457915214 -0.011869798 0.885872134
36706.946192000 774.297656729 -107.596284391 566.284059318 0.079107027 0.456191484 -0.016553639 0.886205224
36707.147912000 775.822477810 -107.925208071 567.370478888 0.079993278 0.454655792 -0.015456735 0.886932417
36707.349632000 777.324236985 -108.222930058 568.435446714 0.081511634 0.452998348 -0.015273974 0.887646686
36707.551351000 778.853175046 -108.526029982 569.523807169 0.082259135 0.452006687 -0.014677113 0.888091831
36707.753071000 780.393660700 -108.813454732 570.625917119 0.081779413 0.451063384 -0.012292398 0.888651789
36707.954791000 781.936515163 -109.117104596 571.735308462 0.081161874 0.450867000 -0.014188121 0.888780225
36708.156511000 783.491756003 -109.425649565 572.863477723 0.079093616 0.450747689 -0.014794406 0.889015808
36708.358231000 785.060548744 -109.731439443 573.998464497 0.078944273 0.450972320 -0.015653886 0.888901562
36708.559951000 786.643832162 -110.024570584 575.131986238 0.078551353 0.451515094 -0.015242258 0.888668715
36708.761671000 788.249805254 -110.330866987 576.287102540 0.079330394 0.451981946 -0.015758045 0.888352208
36708.963390000 789.877617620 -110.638348138 577.416278200 0.080520658 0.452813239 -0.016167263 0.887815943
36709.165110000 791.503475167 -110.952875764 578.564388562 0.081714044 0.454011405 -0.015946947 0.887098112
36709.366830000 793.152045082 -111.276461934 579.720786298 0.081934742 0.455055507 -0.015450042 0.886550699
36709.568550000 794.807524784 -111.605722284 580.882958549 0.081846069 0.456181746 -0.015281408 0.885984522
36709.770270000 796.468330434 -111.933519846 582.041303681 0.082306647 0.457375762 -0.015366240 0.885322393
36709.971990000 798.150703019 -112.248763962 583.199177964 0.082880109 0.458962213 -0.015182592 0.884451000
36710.173709000 799.839165867 -112.580512378 584.363939892 0.083042121 0.460990681 -0.015507062 0.883375983
36710.375429000 801.550303259 -112.918585485 585.521484604 0.081936987 0.463067149 -0.015363168 0.882393091
36710.577149000 803.256081109 -113.237401722 586.667132289 0.082942662 0.465345707 -0.017643437 0.881055945
36710.778869000 804.977500821 -113.574422575 587.804647965 0.080574805 0.468186740 -0.014932735 0.879821170
36710.980589000 806.703031994 -113.914653993 588.919681671 0.081193353 0.470656675 -0.012960815 0.878477734
36711.182309000 808.399403680 -114.233688712 590.000759424 0.086176685 0.473111724 -0.013417176 0.876673755
36711.384028000 810.106769203 -114.575534020 591.080753109 0.084231515 0.476097708 -0.012439453 0.875260532
36711.585748000 811.776363556 -114.909629286 592.132539037 0.083298128 0.478992496 -0.013968218 0.873747133
36711.787468000 813.445032116 -115.222245627 593.160555193 0.083739784 0.481782885 -0.014365728 0.872163903
36711.989189000 815.098228622 -115.539028276 594.164388248 0.082810231 0.484548631 -0.013134138 0.870737578
36712.190909000 816.721622843 -115.857849243 595.137657743 0.082848778 0.486966518 -0.012348262 0.869393581
36712.392629000 818.324642308 -116.165917587 596.089001576 0.082686509 0.489804626 -0.011971905 0.867819779
36712.594348000 819.883499663 -116.452748954 596.997386738 0.083114308 0.492918060 -0.011199824 0.866025843
36712.796068000 821.408794095 -116.734911194 597.861791482 0.083707095 0.496710880 -0.010769824 0.863802157
36712.997788000 822.890552218 -117.022581244 598.672837150 0.084294449 0.500759580 -0.009210257 0.861422172
36713.199508000 824.309045268 -117.277664589 599.452379986 0.085606506 0.504886909 -0.010445638 0.858867401
36713.401228000 825.688750839 -117.544269748 600.164022413 0.086317906 0.508955687 -0.009786843 0.856395872
36713.602948000 827.023059074 -117.790453118 600.861636189 0.085197152 0.513104387 -0.008356411 0.854047481
36713.804667000 828.315220413 -118.029728090 601.510621581 0.086135676 0.517047453 -0.007648910 0.851575367
36714.006387000 829.532500718 -118.248643652 602.100489120 0.086839725 0.520864210 -0.007279785 0.849179860
36714.208107000 830.706936254 -118.466514602 602.669213056 0.086959180 0.524540906 -0.006896566 0.846903289
36714.409827000 831.824984373 -118.665078817 603.193470947 0.087769940 0.527725741 -0.006007080 0.844847623
36714.611547000 832.895382229 -118.846026126 603.696279273 0.088421724 0.531427809 -0.006987417 0.842448002
36714.813267000 833.906787655 -119.028530195 604.157362799 0.089201573 0.534594175 -0.007567664 0.840352838
36715.014986000 834.877088882 -119.206823695 604.581225846 0.089604294 0.537877881 -0.006715673 0.838220246
36715.216706000 835.791118923 -119.367064500 604.971364392 0.090089943 0.541055670 -0.006474033 0.836121671
36715.418426000 836.668824044 -119.528442025 605.330310297 0.090984419 0.544096398 -0.004334793 0.834062532
36715.620146000 837.468332300 -119.668866556 605.671909873 0.091019346 0.547074152 -0.004899911 0.832104548
36715.821866000 838.229585623 -119.807971504 605.984755381 0.090356855 0.549458201 -0.005879593 0.830603265
36716.023587000 838.958504368 -119.926574812 606.264336735 0.090265820 0.551376115 -0.004432063 0.829344969
36716.225306000 839.621787783 -120.051707379 606.531785312 0.089829885 0.554077240 -0.005563687 0.827583887
36716.427026000 840.242664089 -120.162648302 606.785806034 0.088953795 0.556092861 -0.007061370 0.826317251
36716.628746000 840.832254859 -120.264707723 607.007484876 0.088747187 0.558268926 -0.007713626 0.824865763
36716.830466000 841.366410968 -120.360577055 607.214013667 0.088968014 0.560008062 -0.008437883 0.823652118
36717.032186000 841.867040153 -120.444174851 607.399009831 0.088595223 0.561659572 -0.009478233 0.822557788
36717.233906000 842.310498656 -120.524760963 607.567102410 0.088031574 0.563269403 -0.010327168 0.821503747
36717.435625000 842.721542527 -120.596474408 607.720130854 0.087693537 0.564646981 -0.010987232 0.820584667
36717.637345000 843.077662923 -120.656517304 607.848106704 0.087759877 0.565578956 -0.010789240 0.819940261
36717.839065000 843.392556716 -120.708635946 607.960457262 0.088288535 0.566687254 -0.010964537 0.819117090
36718.040785000 843.636941517 -120.751815115 608.046591023 0.088050553 0.567503113 -0.010864311 0.818578391
36718.242505000 843.837888416 -120.789302762 608.116877531 0.088114361 0.568097731 -0.011095649 0.818153392
36718.444225000 843.995771525 -120.812503884 608.172350266 0.088167600 0.568677574 -0.011456984 0.817740949
36718.645944000 844.097778323 -120.833971442 608.209013054 0.088085084 0.568949861 -0.011406891 0.817561064
36718.847664000 844.168731978 -120.846576361 608.233902945 0.088281853 0.569156226 -0.011238526 0.817399363
36719.049384000 844.199899501 -120.852782750 608.244760718 0.088405575 0.569331429 -0.011359598 0.817261320
36719.251104000 844.195460568 -120.849875560 608.244114795 0.088563180 0.569246211 -0.011370466 0.817302753
36719.452824000 844.183925399 -120.844472607 608.241980883 0.089761641 0.569125638 -0.012808162 0.817237380
36719.654544000 844.184140307 -120.841065763 608.242713909 0.090241088 0.569116147 -0.012741126 0.817187301
36719.856263000 844.183377088 -120.839161460 608.239105665 0.089873824 0.569199045 -0.012698934 0.817172889
36720.057983000 844.181503873 -120.843460317 608.240834941 0.089745113 0.569207575 -0.012628207 0.817185744
36720.259703000 844.182733203 -120.843271657 608.241436651 0.090033829 0.569166694 -0.012609953 0.817180417
36720.461423000 844.180032647 -120.845057167 608.237977064 0.089943654 0.569170915 -0.012689414 0.817187586
36720.663143000 844.181692262 -120.842698351 608.239002424 0.089585781 0.569231124 -0.012597194 0.817186785
36720.864863000 844.181980096 -120.843794460 608.240042375 0.089784684 0.569186063 -0.012598418 0.817196476
36721.066583000 844.183406942 -120.845142101 608.240345316 0.089714839 0.569198634 -0.012638001 0.817195343
36721.268303000 844.180967260 -120.846981104 608.238774163 0.089763874 0.569194082 -0.012708253 0.817189815
36721.470023000 844.180411913 -120.847176485 608.238778094 0.089794815 0.569194182 -0.012578465 0.817188840
36721.671743000 844.178417073 -120.844352420 608.238966434 0.089954018 0.569186464 -0.012609421 0.817173774
36721.873463000 844.179652747 -120.843923844 608.239567709 0.089654760 0.569195622 -0.012537510 0.817202181
36722.075183000 844.179921843 -120.847143731 608.238661224 0.089684433 0.569205497 -0.012647738 0.817190957
36722.276902000 844.182165001 -120.846237553 608.241505215 0.090003371 0.569150237 -0.012669785 0.817196338
36722.478622000 844.180890643 -120.845219353 608.238281758 0.089855164 0.569212380 -0.012598884 0.817169091
36722.680342000 844.181764219 -120.846920727 608.239558899 0.089685049 0.569228817 -0.012717850 0.817176016
36722.882062000 844.181052363 -120.846003232 608.238652001 0.089684464 0.569189852 -0.012667799 0.817204669
36723.083782000 844.181202286 -120.844499447 608.237118524 0.089594111 0.569209986 -0.012757206 0.817197671
36723.285502000 844.182878893 -120.846499171 608.240040970 0.089803395 0.569172648 -0.012688466 0.817200413
36723.487221000 844.180594353 -120.844889970 608.239073162 0.089694561 0.569190224 -0.012667878 0.817203755
36723.688941000 844.181855073 -120.845834964 608.238336499 0.089695780 0.569235993 -0.012577873 0.817170016
36723.890661000 844.180238047 -120.844462501 608.237914751 0.089713656 0.569184003 -0.012667880 0.817201927
36724.092381000 844.179703458 -120.844007208 608.238467492 0.089614340 0.569186390 -0.012557228 0.817212556
36724.294101000 844.183112271 -120.844487416 608.238506116 0.089714788 0.569198713 -0.012648003 0.817195207
36724.495821000 844.183883365 -120.845615210 608.240152990 0.089775388 0.569216516 -0.012618412 0.817176143
36724.697540000 844.182539477 -120.845342566 608.238511244 0.089644743 0.569211605 -0.012727594 0.817193518
36724.899260000 844.183185894 -120.843899703 608.238204666 0.089664374 0.569212342 -0.012607545 0.817186336
36725.100980000 844.183527094 -120.844837403 608.239114007 0.089824639 0.569203828 -0.012658687 0.817178015
36725.302700000 844.185251027 -120.847080222 608.241066523 0.089664656 0.569196305 -0.012577596 0.817200727
36725.504420000 844.183594675 -120.847319166 608.239607652 0.089783702 0.569171119 -0.012588290 0.817203604
36725.706140000 844.182425663 -120.844699549 608.238390926 0.089504926 0.569220489 -0.012626599 0.817200667
36725.907859000 844.183116263 -120.844426830 608.238875999 0.089604607 0.569209725 -0.012677269 0.817197855
36726.109579000 844.182438113 -120.844170129 608.238149971 0.089693030 0.569144063 -0.012587667 0.817232809
36726.311299000 844.182566340 -120.844253441 608.238209275 0.089763691 0.569154493 -0.012578187 0.817219552
36726.513019000 844.184975554 -120.845775256 608.239536137 0.089795082 0.569185969 -0.012538485 0.817196372
36726.714739000 844.184418108 -120.843809612 608.239656538 0.089713506 0.569184239 -0.012697886 0.817201517
36726.916459000 844.185530495 -120.847672024 608.238745625 0.089793433 0.569211958 -0.012828455 0.817171433
36727.118179000 844.186026409 -120.845214066 608.238858368 0.089674070 0.569213341 -0.012687638 0.817184333
36727.319899000 844.185468894 -120.847968740 608.239716534 0.089844733 0.569204732 -0.012678849 0.817175911
36727.521619000 844.187550535 -120.843180892 608.240375155 0.089864328 0.569229817 -0.012758936 0.817152004
36727.723339000 844.185811537 -120.844314862 608.240628329 0.089804079 0.569211456 -0.012718513 0.817172033
36727.925059000 844.187929056 -120.845369906 608.241346308 0.089956637 0.569270811 -0.012639663 0.817117423
36728.126779000 844.186418229 -120.847357216 608.243249437 0.090105261 0.569223619 -0.012600487 0.817132167
36728.328498000 844.186727987 -120.847206570 608.242577160 0.090044476 0.569221679 -0.012640022 0.817137136
36728.530218000 844.186484702 -120.847069200 608.243068528 0.090055825 0.569252179 -0.012570157 0.817116187
36728.731938000 844.187354985 -120.846930391 608.244042663 0.090123505 0.569163264 -0.012630511 0.817171877
36728.933658000 844.188083239 -120.844242376 608.242013470 0.089914614 0.569255392 -0.012759244 0.817126442
36729.135378000 844.188348617 -120.846158394 608.242934910 0.090045444 0.569244449 -0.012640120 0.817123150
36729.337098000 844.185447265 -120.847232600 608.242645532 0.090025249 0.569243698 -0.012639962 0.817124986
36729.538818000 844.190009489 -120.847285483 608.241395926 0.089886274 0.569291989 -0.012769235 0.817108073
36729.740537000 844.186786127 -120.844739243 608.241472708 0.089856916 0.569273802 -0.012609025 0.817126997
36729.942257000 844.188291744 -120.845319136 608.241533871 0.089896154 0.569268409 -0.012619187 0.817123196
36730.143977000 844.187419074 -120.843627462 608.240436744 0.089745200 0.569270719 -0.012738183 0.817135291
36730.345697000 844.188902593 -120.845861273 608.243850841 0.090137457 0.569285937 -0.012580858 0.817087718
36730.547417000 844.189390758 -120.845636335 608.242617270 0.090096316 0.569285611 -0.012730572 0.817089351
36730.749137000 844.187630259 -120.847331799 608.241841483 0.090033515 0.569207085 -0.012840038 0.817149294
36730.950856000 844.186038157 -120.845260749 608.240868414 0.089854731 0.569228653 -0.012658838 0.817154290
36731.152576000 844.187345230 -120.844731579 608.242819090 0.089995958 0.569249696 -0.012659884 0.817127467
36731.354296000 844.189837320 -120.845315803 608.243843868 0.089997410 0.569279510 -0.012549933 0.817107979
36731.556016000 844.186239377 -120.844594842 608.241416024 0.089964399 0.569226275 -0.012719561 0.817143386
36731.757736000 844.188950776 -120.843873088 608.243167249 0.090185626 0.569235078 -0.012671102 0.817116865
36731.959456000 844.185699943 -120.844220210 608.241548920 0.090045311 0.569236861 -0.012680155 0.817129598
36732.161175000 844.186342982 -120.845128420 608.241056218 0.089947259 0.569284921 -0.012469498 0.817106648
36732.362895000 844.187786258 -120.846633578 608.242999348 0.090214114 0.569198257 -0.012631107 0.817135629
36732.564615000 844.186552662 -120.844291571 608.242213507 0.089964649 0.569225881 -0.012669552 0.817144070
36732.766335000 844.186609506 -120.844743576 608.242023876 0.090026384 0.569258410 -0.012620085 0.817118264
36732.968056000 844.185269752 -120.845864064 608.238984358 0.089877911 0.569305380 -0.012629256 0.817103911
36733.169776000 844.183222199 -120.845436448 608.240827011 0.089735400 0.569246483 -0.012718186 0.817157459
36733.371496000 844.186015035 -120.846418438 608.242030490 0.089945272 0.569248138 -0.012699498 0.817131508
36733.573215000 844.186502522 -120.845992288 608.241416607 0.089935191 0.569239941 -0.012709450 0.817139282
36733.774935000 844.187007561 -120.845534705 608.241842582 0.089854614 0.569213244 -0.012708905 0.817167592
36733.976655000 844.185922629 -120.847027965 608.241062070 0.089824657 0.569219396 -0.012628625 0.817164438
36734.178375000 844.187138342 -120.845157815 608.241961115 0.089865462 0.569244526 -0.012739059 0.817145286
36734.380095000 844.185713912 -120.845990978 608.241671739 0.089894953 0.569238208 -0.012679129 0.817143359
36734.581815000 844.185070928 -120.847005995 608.240757565 0.089894202 0.569207301 -0.012649054 0.817164746
36734.783534000 844.186277689 -120.845088456 608.240076555 0.089766011 0.569294793 -0.012808452 0.817118509
36734.985254000 844.186322476 -120.848456934 608.242221842 0.090035064 0.569204643 -0.012529980 0.817153530
36735.186974000 844.186657346 -120.847356621 608.241547843 0.089985694 0.569257381 -0.012679781 0.817121119
36735.388694000 844.185211780 -120.846189653 608.240635306 0.089853381 0.569198693 -0.012748785 0.817174036
36735.590414000 844.186978244 -120.844075633 608.240620350 0.089705295 0.569252873 -0.012667912 0.817153893
36735.792134000 844.184384714 -120.845118840 608.239848909 0.089864764 0.569269029 -0.012838992 0.817122927
36735.993854000 844.176084299 -120.844701628 608.238552166 0.089693732 0.569230522 -0.012767753 0.817167423
36736.195573000 844.178283029 -120.844340085 608.238297270 0.089704210 0.569214695 -0.012717880 0.817181181
36736.397293000 844.187306068 -120.846151491 608.242571670 0.089844284 0.569228832 -0.012728773 0.817154248
36736.599013000 844.186845310 -120.847130970 608.241846257 0.089693582 0.569230761 -0.012797759 0.817167009
36736.800733000 844.186283783 -120.847486787 608.241550486 0.089805913 0.569257153 -0.012738713 0.817143787
36737.002453000 844.187718033 -120.846343323 608.242089295 0.089915213 0.569231054 -0.012679315 0.817148519
36737.204173000 844.186536834 -120.847135134 608.240568241 0.089826408 0.569280818 -0.012638766 0.817122343
36737.405892000 844.186407138 -120.847598330 608.242519888 0.089985894 0.569257067 -0.012639773 0.817121664
36737.607612000 844.179936733 -120.846683203 608.239080381 0.089705295 0.569252873 -0.012667912 0.817153893
36737.809332000 844.179807460 -120.842925267 608.240845093 0.089714873 0.569206379 -0.012617969 0.817188623
36738.011052000 844.182489787 -120.842379658 608.238816711 0.089736351 0.569277076 -0.012708254 0.817136617
36738.212772000 844.191718386 -120.845765054 608.244192382 0.089943596 0.569266429 -0.013009499 0.817113221
36738.414492000 844.214610846 -120.842521148 608.248558303 0.090447342 0.569244159 -0.013972817 0.817059217
36738.616211000 844.282948884 -120.860153549 608.276283518 0.093949887 0.569316016 -0.015565681 0.816583064
36738.817931000 844.427588258 -120.885347005 608.330805616 0.094118123 0.569745672 -0.016167620 0.816255865
36739.019651000 844.640393042 -120.928192915 608.404993903 0.094684967 0.570396133 -0.016152250 0.815732725
36739.221371000 844.930652936 -120.977934147 608.503770429 0.095156683 0.571390401 -0.016836900 0.814966085
36739.423091000 845.337189865 -121.051842141 608.638641372 0.095455008 0.572486806 -0.017050758 0.814159986
36739.624811000 845.833893414 -121.136638169 608.806214637 0.094571326 0.573973313 -0.015927442 0.813239154
36739.826531000 846.369824854 -121.229815852 608.983856816 0.093861557 0.575355427 -0.015355126 0.812356584
36740.028251000 846.953344750 -121.329109242 609.180480029 0.093969597 0.576901264 -0.015778350 0.811238115
36740.229971000 847.586300811 -121.441824948 609.382183942 0.094316469 0.578219668 -0.015412676 0.810263079
36740.431691000 848.254344220 -121.554744273 609.591590215 0.095076947 0.579079700 -0.015819054 0.809552279
36740.633411000 848.990084788 -121.677435880 609.828952974 0.095940471 0.579259469 -0.016125047 0.809317983
36740.835131000 849.779984942 -121.823961426 610.097263391 0.095967932 0.579315259 -0.016695267 0.809261419
36741.036851000 850.673461541 -121.989754655 610.391532539 0.095164981 0.579585540 -0.016640459 0.809163001
36741.238570000 851.639201166 -122.158983629 610.705487897 0.095339125 0.579834165 -0.017112115 0.808957446
36741.440290000 852.651209894 -122.342701614 611.046566794 0.094812216 0.579639955 -0.017408445 0.809154015
36741.642010000 853.723261895 -122.525633998 611.400074265 0.094874238 0.579795244 -0.017679038 0.809027680
36741.843730000 854.863837203 -122.730223060 611.776912253 0.094165342 0.579869422 -0.017674423 0.809054067
36742.045450000 856.050903470 -122.938435632 612.162974100 0.093771516 0.580390355 -0.017272700 0.808734602
36742.247170000 857.279393171 -123.162196409 612.561312399 0.092448078 0.582128635 -0.017157013 0.807641160
36742.448889000 858.552956338 -123.381415212 612.960680187 0.091201226 0.583895603 -0.016121822 0.806529075
36742.650609000 859.865808616 -123.588696612 613.383103432 0.090413158 0.586565393 -0.015821011 0.804682532
36742.852329000 861.198985077 -123.837361958 613.793302177 0.089582619 0.588288700 -0.016768522 0.803499167
36743.054049000 862.588797122 -124.036750759 614.195981610 0.090106698 0.591333568 -0.017786937 0.801179851
36743.255769000 864.049201739 -124.300610837 614.646888943 0.089359628 0.594000883 -0.018896444 0.799261672
36743.457489000 865.546587295 -124.556498118 615.052321707 0.088821509 0.597265406 -0.017958215 0.796905047
36743.659209000 867.090117181 -124.819167993 615.485106178 0.087908210 0.600870267 -0.019278269 0.794262569
36743.860928000 868.682169920 -125.080861003 615.889862907 0.087201466 0.605216454 -0.019430701 0.791027418
36744.062648000 870.270105364 -125.335041668 616.317164583 0.086158685 0.609706591 -0.025851481 0.787503939
36744.264368000 871.909903988 -125.621057411 616.709750507 0.082795198 0.614538394 -0.030497607 0.783934378
36744.466088000 873.580476134 -125.911067436 617.108183021 0.079454195 0.618929707 -0.034653642 0.780653028
36744.667808000 875.284202243 -126.198564516 617.467154948 0.078448766 0.623345189 -0.031713873 0.777353022
36744.869528000 877.003141883 -126.480689885 617.816188912 0.079389009 0.627678105 -0.030967314 0.773796969
36745.071247000 878.772565794 -126.750219581 618.140823391 0.079565808 0.631928737 -0.028745372 0.770397264
36745.272967000 880.593701225 -127.055874297 618.479041231 0.078747501 0.635531153 -0.027665836 0.767550224
36745.474687000 882.448352513 -127.326606100 618.787813156 0.080014913 0.639045237 -0.026969635 0.764516077
36745.676407000 884.370984470 -127.621445354 619.095502601 0.077200337 0.642187025 -0.021906643 0.762337620
36745.878127000 886.327196287 -127.919946743 619.406949797 0.077361638 0.644757370 -0.021441987 0.760164270
36746.079847000 888.325375033 -128.199621333 619.674022212 0.078232611 0.647596905 -0.020431982 0.757676294
36746.281566000 890.355793414 -128.518559898 619.931189224 0.080222949 0.650281657 -0.019159424 0.755201481
36746.483286000 892.438955648 -128.776657547 620.251134827 0.088160139 0.651831814 -0.010813327 0.753138040
36746.685006000 894.559410498 -129.097808605 620.485319514 0.089746945 0.653551760 -0.007696483 0.751501540
36746.886726000 896.708043365 -129.429112354 620.728187841 0.094104049 0.654575269 -0.007916487 0.750072989
36747.088447000 898.884900718 -129.759507840 620.978801328 0.095564850 0.655482887 -0.008437453 0.749086557
36747.290167000 901.095637487 -130.100922377 621.246182987 0.095866425 0.656488924 -0.009331138 0.748160548
36747.491886000 903.331996767 -130.440948473 621.494405332 0.096454101 0.657080199 -0.009165998 0.747573401
36747.693606000 905.607367290 -130.792339657 621.759253046 0.096257786 0.656751219 -0.008694115 0.747888966
36747.895326000 907.891062960 -131.139110899 622.028729147 0.096653909 0.656344319 -0.009095970 0.748185277
36748.097046000 910.201355066 -131.502349172 622.304719489 0.096684186 0.656064282 -0.009485731 0.748423499
36748.298766000 912.542655091 -131.878460940 622.575579224 0.095716419 0.656233641 -0.009859778 0.748398503
36748.500485000 914.904690664 -132.242722956 622.859524976 0.094772010 0.656419205 -0.009703941 0.748358218
36748.702205000 917.295295116 -132.613656802 623.141105864 0.094374171 0.656731675 -0.010691941 0.748124093
36748.903925000 919.694140691 -132.997240628 623.418443834 0.093803474 0.656860110 -0.011188373 0.748070673
36749.105645000 922.099593415 -133.374710847 623.710189132 0.092321671 0.656791901 -0.011148662 0.748317752
36749.307365000 924.488639309 -133.746850014 623.993922181 0.092452606 0.656676296 -0.012079341 0.748388225
36749.509085000 926.897564097 -134.130577379 624.261854638 0.092373709 0.656595598 -0.011688785 0.748480798
36749.710804000 929.298792226 -134.510446304 624.542821101 0.092540526 0.656592200 -0.012029744 0.748450306
36749.912524000 931.705799632 -134.886197053 624.823513219 0.092808610 0.656650389 -0.012511530 0.748354703
36750.114244000 934.110491671 -135.268005549 625.100440251 0.093997531 0.656331757 -0.011458735 0.748503569
36750.315964000 936.517562273 -135.650797461 625.371743305 0.094530367 0.655338356 -0.010050525 0.749325310
36750.517684000 938.925203720 -136.022151657 625.664444354 0.096469195 0.654126854 -0.010221282 0.750143345
36750.719403000 941.356987456 -136.424851591 625.959049919 0.096631946 0.652619354 -0.009759808 0.751437339
36750.921123000 943.756990618 -136.809975384 626.270133649 0.096605551 0.651345432 -0.008507446 0.752554747
36751.122843000 946.183183299 -137.191506410 626.594351487 0.096883477 0.651088026 -0.009368863 0.752732915
36751.324563000 948.566047257 -137.582514393 626.913606503 0.096585170 0.650754883 -0.010856429 0.753040860
36751.526283000 950.980165917 -137.982259239 627.239702788 0.095733844 0.650288970 -0.012090059 0.753527809
36751.728003000 953.410230311 -138.380628878 627.580273458 0.094728125 0.649643032 -0.013562666 0.754195825
36751.929722000 955.820607937 -138.782280018 627.920427513 0.095026112 0.649191326 -0.015123889 0.754516792
36752.131443000 958.261928850 -139.196893609 628.255101521 0.093331075 0.649055561 -0.013642546 0.754870511
36752.333163000 960.721288700 -139.584878402 628.598764729 0.093049429 0.648793436 -0.014390337 0.755118333
36752.534883000 963.133901027 -139.974040414 628.941023800 0.093501455 0.648482524 -0.015812665 0.755295615
36752.736603000 965.533592144 -140.380231701 629.291635030 0.093197709 0.648019932 -0.017630027 0.755692328
36752.938322000 967.947351613 -140.793203758 629.644175957 0.093103433 0.647302865 -0.018488312 0.756299714
36753.140042000 970.355553078 -141.197895788 629.991309310 0.092139103 0.646856831 -0.018811296 0.756790627
36753.341762000 972.752750053 -141.615485644 630.341645461 0.091775794 0.646325978 -0.018668046 0.757291247
36753.543482000 975.141723237 -142.020566957 630.690194512 0.091525225 0.647052311 -0.018607590 0.756702008
36753.745202000 977.499607745 -142.405688932 631.022482583 0.092599572 0.649070232 -0.018618035 0.754845471
36753.946921000 979.845041010 -142.805365438 631.339015150 0.093586700 0.651190961 -0.020037937 0.752857050
36754.148641000 982.190188313 -143.209873618 631.640357166 0.094468277 0.653768139 -0.020947666 0.750477107
36754.350361000 984.533005201 -143.626104718 631.913892952 0.097466201 0.655995007 -0.021381004 0.748140106
36754.552081000 986.884796360 -144.042491335 632.177370415 0.097361798 0.658026502 -0.018023632 0.746457917
36754.753801000 989.244620254 -144.448663654 632.431498670 0.097720722 0.660171407 -0.016159445 0.744557637
36754.955521000 991.607466091 -144.840803468 632.673193963 0.097196617 0.662129142 -0.016939147 0.742863678
36755.157240000 993.966884921 -145.250993842 632.901200860 0.096953407 0.663435573 -0.018159775 0.741701710
36755.358960000 996.348470876 -145.655321431 633.132904080 0.096897000 0.664084735 -0.018680443 0.741113500
36755.560680000 998.734377043 -146.055826957 633.367322997 0.096742782 0.664007669 -0.018999306 0.741194099
36755.762400000 1001.135163066 -146.466674100 633.593661954 0.096115464 0.663827529 -0.019435048 0.741429505
36755.964121000 1003.531454518 -146.890993408 633.822072297 0.095776201 0.663587077 -0.019892499 0.741677840
36756.165840000 1005.947028016 -147.300331906 634.053382738 0.096942162 0.663112374 -0.020129216 0.741941501
36756.367560000 1008.380620723 -147.735382250 634.286628262 0.097455711 0.662717998 -0.021111961 0.742200254
36756.569280000 1010.816524686 -148.164143491 634.529798658 0.097529502 0.662292776 -0.020441887 0.742593927
36756.771000000 1013.257815818 -148.585909019 634.776092611 0.098590793 0.661604894 -0.020597684 0.743063138
36756.972720000 1015.726902744 -149.010832621 635.037721359 0.099051768 0.661018854 -0.021119657 0.743506157
36757.174439000 1018.207826668 -149.454608571 635.308824297 0.099485938 0.660367351 -0.022331208 0.743984682
36757.376159000 1020.691726011 -149.900016036 635.584180662 0.099489891 0.659661710 -0.023610328 0.744576786
36757.577879000 1023.205056942 -150.353199996 635.872908721 0.098035754 0.658998770 -0.024559830 0.745326131
36757.779599000 1025.716292501 -150.835037737 636.162127448 0.094611279 0.658684662 -0.025256951 0.746019801
36757.981319000 1028.248907977 -151.258457256 636.469481676 0.094757923 0.657775920 -0.029876682 0.746635471
36758.183039000 1030.786095188 -151.731842847 636.761567851 0.091999598 0.657173365 -0.029997545 0.747501173
36758.384758000 1033.331765054 -152.188049906 637.068401003 0.091199157 0.656308657 -0.031241247 0.748313573
36758.586478000 1035.902313113 -152.631909584 637.375612132 0.091100734 0.655772793 -0.025549239 0.749003347
36758.788198000 1038.463543493 -153.091863483 637.669099956 0.093578366 0.655182960 -0.022084306 0.749323822
36758.989918000 1041.023118893 -153.532231792 637.965326454 0.095678386 0.654992993 -0.022917570 0.749197100
36759.191638000 1043.583226912 -153.990161924 638.282748792 0.098344804 0.655046019 -0.025545329 0.748727692
36759.393357000 1046.179805060 -154.457972980 638.598300169 0.098401977 0.654852607 -0.025145282 0.748900606
36759.595077000 1048.765048168 -154.929340364 638.911251029 0.095967896 0.654999040 -0.023109597 0.749152489
36759.796797000 1051.341617421 -155.405299849 639.224325828 0.096606846 0.654886089 -0.022913679 0.749178359
36759.998518000 1053.914040750 -155.862175584 639.535996229 0.096957717 0.654634805 -0.023295517 0.749339759
36760.200238000 1056.498649857 -156.340308714 639.854392439 0.096395418 0.654485516 -0.024521579 0.749501902
36760.401958000 1059.060087917 -156.807935727 640.172742066 0.095853879 0.654257433 -0.025327668 0.749742882
36760.603677000 1061.593877153 -157.259017771 640.490144295 0.095749187 0.653865062 -0.024506450 0.750128871
36760.805397000 1064.127641902 -157.723124977 640.801347923 0.095675662 0.653481679 -0.024945198 0.750453901
36761.007117000 1066.648921214 -158.183860945 641.112557201 0.095973658 0.653052128 -0.025036383 0.750785460
36761.208837000 1069.177933515 -158.647532987 641.423421009 0.095711338 0.652820161 -0.024624656 0.751043504
36761.410557000 1071.707542874 -159.118149078 641.742102508 0.095891369 0.652568917 -0.025045226 0.751219963
36761.612277000 1074.223243988 -159.580722277 642.067631395 0.095417317 0.652483831 -0.025352118 0.751346556
36761.813996000 1076.728540109 -160.040065517 642.395242682 0.095871642 0.652279273 -0.026784397 0.751407895
36762.015716000 1079.218704151 -160.502684588 642.736818053 0.095496113 0.651981335 -0.028031662 0.751672732
36762.217436000 1081.729852215 -160.957851244 643.064324432 0.095386325 0.651427229 -0.030319965 0.752075802
36762.419156000 1084.231906193 -161.435115809 643.397046333 0.095358798 0.651003447 -0.031439456 0.752406977
36762.620876000 1086.757271486 -161.918575019 643.715286499 0.093488474 0.651243700 -0.029207490 0.752520798
36762.822596000 1089.266062769 -162.356374735 644.041989678 0.094645599 0.651125625 -0.029284936 0.752477695
36763.024315000 1091.760858032 -162.825748775 644.372435773 0.094569375 0.651304247 -0.027764446 0.752384846
36763.226035000 1094.256727489 -163.270352523 644.691843977 0.095119350 0.651329766 -0.026498338 0.752345923
36763.427755000 1096.735409727 -163.717039022 645.024297648 0.098240912 0.651151382 -0.027168183 0.752071205
36763.629475000 1099.243850923 -164.195783061 645.351440320 0.098005684 0.651370619 -0.027377148 0.751907385
36763.831195000 1101.718936947 -164.666481315 645.679266685 0.098192456 0.651408264 -0.027918179 0.751824803
36764.032915000 1104.208683388 -165.127613188 646.007402028 0.098115741 0.651679677 -0.027118418 0.751635792
36764.234634000 1106.694491418 -165.591992049 646.324528062 0.099288091 0.651781580 -0.028706077 0.751330691
36764.436354000 1109.172942887 -166.085988583 646.646210648 0.098646305 0.651995374 -0.028192074 0.751245487
36764.638074000 1111.659722907 -166.546380003 646.964293838 0.097836268 0.652214090 -0.027617402 0.751188388
36764.839794000 1114.147822260 -167.029956688 647.281136479 0.098510574 0.652246654 -0.030322138 0.750972331
36765.041515000 1116.637857568 -167.513988282 647.596007234 0.098377817 0.652433525 -0.029811237 0.750841083
36765.243235000 1119.128611773 -167.986003195 647.917203732 0.099453492 0.652362171 -0.030208028 0.750743577
36765.444955000 1121.601118775 -168.468069008 648.233035255 0.099235775 0.652271918 -0.029526570 0.750880381
36765.646674000 1124.067125449 -168.937092017 648.546877592 0.099962223 0.652207208 -0.028351259 0.750887644
36765.848394000 1126.532110192 -169.402250515 648.858590182 0.101503063 0.651839869 -0.026820664 0.751056786
36766.050114000 1129.003242490 -169.877229530 649.178819110 0.100932105 0.651638811 -0.026166707 0.751333643
36766.251834000 1131.455622468 -170.346933930 649.502941400 0.100835011 0.651546938 -0.028425982 0.751344000
36766.453554000 1133.918277648 -170.820586893 649.829513415 0.100705702 0.651544579 -0.029785036 0.751307805
36766.655274000 1136.369301080 -171.292100828 650.139977189 0.101952862 0.651348741 -0.031032832 0.751258425
36766.856993000 1138.850829817 -171.803356855 650.460508071 0.100031513 0.651781533 -0.031200700 0.751127433
36767.058713000 1141.292820524 -172.285977848 650.780939033 0.099268733 0.652439459 -0.031337174 0.750658505
36767.260433000 1143.755790894 -172.754877306 651.096570950 0.098698780 0.652833266 -0.031334050 0.750390114
36767.462153000 1146.207193022 -173.222695685 651.414906373 0.099004570 0.653193121 -0.031906589 0.750011429
36767.663873000 1148.656639764 -173.704263993 651.712946623 0.099247356 0.653591329 -0.031649000 0.749646835
36767.865593000 1151.105836727 -174.197655855 652.002157706 0.099069761 0.654002471 -0.031318317 0.749321743
36768.067312000 1153.548699493 -174.684811908 652.305810066 0.099489703 0.654337789 -0.032701570 0.748913099
36768.269032000 1155.999701148 -175.138718359 652.616675089 0.099602306 0.654656002 -0.033662979 0.748579883
36768.470752000 1158.447777558 -175.637150598 652.923412126 0.097442357 0.655867564 -0.035340812 0.747723198
36768.672472000 1160.896081624 -176.110123980 653.216875595 0.097108372 0.657374991 -0.035901078 0.746414221
36768.874192000 1163.340196027 -176.597205088 653.486328924 0.096845132 0.659219928 -0.036352830 0.744805026
36769.075912000 1165.796332081 -177.074699240 653.745508117 0.095326742 0.661026855 -0.035575631 0.743430936
36769.277631000 1168.236772623 -177.561700995 653.994114735 0.095465981 0.662100470 -0.035578652 0.742463196
36769.479351000 1170.706099272 -178.018241991 654.261283946 0.094862969 0.662611653 -0.036495427 0.742036860
36769.681071000 1173.167924379 -178.503744964 654.506328976 0.094076835 0.663628730 -0.035442161 0.741282382
36769.882791000 1175.625308435 -178.969781731 654.741430706 0.094290465 0.664270337 -0.035934512 0.740654705
36770.084511000 1178.096139803 -179.426780747 654.960009793 0.094837866 0.666320336 -0.035341050 0.738762830
36770.286231000 1180.586421607 -179.914552064 655.157992455 0.094983994 0.668697142 -0.030205828 0.736822236
36770.487950000 1183.047572242 -180.376094541 655.333670981 0.096858753 0.671246872 -0.029112037 0.734296133
36770.689670000 1185.523137733 -180.830902153 655.500274519 0.098373116 0.673883039 -0.028556373 0.731701472
36770.891390000 1188.022252181 -181.293112831 655.656966864 0.099021058 0.676570560 -0.027565050 0.729169412
36771.093111000 1190.507456826 -181.748496107 655.806658291 0.100208570 0.679221160 -0.027876809 0.726518341
36771.294831000 1192.990392055 -182.205381711 655.933296421 0.098966473 0.681640512 -0.025873106 0.724505541
36771.496551000 1195.475280547 -182.655395958 656.049220331 0.097896874 0.683868047 -0.023939590 0.722610860
36771.698270000 1197.976159589 -183.113014505 656.138152141 0.100322106 0.685322021 -0.027757997 0.720766145
36771.899990000 1200.474454117 -183.576484530 656.211780017 0.101268144 0.686810393 -0.025196459 0.719308025
36772.101710000 1202.965453252 -184.052085797 656.263434749 0.102232332 0.687878730 -0.024174184 0.718176773
36772.303430000 1205.479524776 -184.508374050 656.329508080 0.102250316 0.689174246 -0.023686569 0.716951927
36772.505150000 1207.959967508 -184.982229660 656.384468661 0.101495241 0.690380642 -0.023273794 0.715916481
36772.706870000 1210.449089474 -185.414965050 656.442305375 0.101363084 0.691504095 -0.023364462 0.714837072
36772.908589000 1212.929994019 -185.852224557 656.494762826 0.101577540 0.692105325 -0.023737081 0.714219487
36773.110309000 1215.393083544 -186.318030293 656.515702263 0.101370258 0.692180691 -0.023605842 0.714179876
36773.312029000 1217.877897968 -186.775833233 656.538997357 0.102033738 0.692236711 -0.023200017 0.714037273
36773.513749000 1220.374089905 -187.219197757 656.581105193 0.102631385 0.692136393 -0.023293916 0.714051429
36773.715469000 1222.864976325 -187.683682435 656.627082283 0.102484433 0.692080726 -0.024172953 0.714099310
36773.917189000 1225.389493896 -188.149377588 656.666972544 0.101474212 0.692255325 -0.024846655 0.714050282
36774.118909000 1227.893962204 -188.608451148 656.711982416 0.101240670 0.692211556 -0.025024748 0.714110155
36774.320628000 1230.414263620 -189.073914625 656.740919465 0.100637700 0.692295067 -0.024361165 0.714143638
36774.522348000 1232.899114320 -189.501838247 656.780645647 0.102276117 0.692150523 -0.027281782 0.713949411
36774.724068000 1235.418836508 -189.996723659 656.838865415 0.101106254 0.692312020 -0.027884515 0.713937759
36774.925788000 1237.931786290 -190.467046543 656.883228590 0.099918973 0.692017212 -0.027616060 0.714394522
36775.127508000 1240.464848583 -190.925620128 656.931361787 0.100603817 0.691642350 -0.028560109 0.714629291
36775.329228000 1243.002693262 -191.406530411 656.978150521 0.100448739 0.691272319 -0.026308508 0.715097313
36775.530947000 1245.527523269 -191.824140252 657.038280277 0.101215026 0.690975717 -0.025572725 0.715295124
36775.732667000 1248.057764455 -192.304316845 657.097447525 0.102041754 0.690637087 -0.026377727 0.715480172
36775.934387000 1250.584182857 -192.784335120 657.149559212 0.101857901 0.690361360 -0.025806013 0.715791749
36776.136108000 1253.100391250 -193.247409990 657.194809321 0.102798122 0.690033032 -0.025971485 0.715964912
36776.337828000 1255.636544156 -193.735175459 657.254010588 0.102134714 0.689967107 -0.026327324 0.716117461
36776.539548000 1258.168023315 -194.215627908 657.317020326 0.101656893 0.689717968 -0.026463760 0.716418945
36776.741267000 1260.685543634 -194.679096194 657.379592940 0.101844788 0.689451331 -0.027254558 0.716619092
36776.942987000 1263.200043870 -195.168450583 657.438387596 0.101114754 0.689154236 -0.027439107 0.716995263
36777.144707000 1265.693738070 -195.628799463 657.505640118 0.100403586 0.689036569 -0.027154397 0.717222093
36777.346427000 1268.169328773 -196.099725486 657.571797691 0.099137695 0.688950153 -0.026246308 0.717523268
36777.548147000 1270.618759045 -196.549021234 657.622039503 0.099963162 0.688841833 -0.026441286 0.717499607
36777.749867000 1273.044721011 -196.992059002 657.680783830 0.100955264 0.688919120 -0.026557998 0.717285772
36777.951586000 1275.458125837 -197.453407957 657.741349905 0.099913192 0.689454301 -0.025841947 0.716939768
36778.153306000 1277.816521036 -197.894465366 657.785519991 0.100596792 0.689778870 -0.025126950 0.716558495
36778.355026000 1280.137854612 -198.357236992 657.815186376 0.101816232 0.689937942 -0.024385119 0.716258592
36778.556746000 1282.404301827 -198.792456901 657.856524685 0.102790028 0.690380531 -0.024072092 0.715701065
36778.758466000 1284.624956732 -199.240584089 657.874011397 0.104040962 0.691464823 -0.023922217 0.714484157
36778.960186000 1286.799476082 -199.660908268 657.876982130 0.105013892 0.693628290 -0.023031969 0.712267455
36779.161905000 1288.924483768 -200.060467040 657.879570707 0.106184896 0.696232918 -0.022653669 0.709553583
36779.363625000 1291.004013092 -200.442339313 657.859045444 0.107520992 0.699050497 -0.022517029 0.706581882
36779.565345000 1293.047439023 -200.821125016 657.833619759 0.106847860 0.702499866 -0.021578258 0.703283197
36779.767065000 1295.056602830 -201.197901535 657.787663094 0.106467916 0.706224920 -0.021381991 0.699609861
36779.968785000 1297.069160008 -201.557953700 657.707606146 0.106118350 0.710098443 -0.020136065 0.695769215
36780.170505000 1299.060012388 -201.940362398 657.609656623 0.106872899 0.713161322 -0.019646008 0.692528388
36780.372224000 1301.057431939 -202.290883284 657.473211191 0.109803424 0.715567396 -0.018769017 0.689607339
36780.573944000 1303.057168750 -202.680749568 657.364165890 0.115550379 0.717401210 -0.023869357 0.686592760
36780.775664000 1305.119860131 -203.044639005 657.234098131 0.115021455 0.719342522 -0.023808998 0.684646026
36780.977384000 1307.198866767 -203.444339312 657.111193229 0.111132946 0.721469473 -0.024417354 0.683031735
36781.179104000 1309.310556252 -203.856613224 656.957815768 0.110459018 0.722737943 -0.026984928 0.681696554
36781.380824000 1311.464826542 -204.251222740 656.801012364 0.107996422 0.723701626 -0.028300901 0.681026570
36781.582544000 1313.630642004 -204.686422940 656.632490254 0.107513048 0.723422761 -0.030807489 0.681293753
36781.784263000 1315.809762218 -205.088268497 656.477557189 0.106333109 0.722434296 -0.032768012 0.682429150
36781.985983000 1318.026206342 -205.542440776 656.321677304 0.104214984 0.720803119 -0.030301461 0.684590155
36782.187703000 1320.257887569 -205.969593526 656.183904401 0.102210418 0.717844942 -0.029593501 0.688021504
36782.389423000 1322.499956583 -206.389755336 656.075413136 0.101713194 0.714838012 -0.030815486 0.691168438
36782.591143000 1324.761987734 -206.802206622 655.980989733 0.101972462 0.710925109 -0.030490932 0.695173805
36782.792863000 1327.023063910 -207.237650466 655.908780780 0.102115547 0.707150850 -0.031465391 0.698941012
36782.994582000 1329.291266492 -207.676479956 655.877351963 0.101077039 0.705440515 -0.033395707 0.700724667
36783.196302000 1331.567992601 -208.112870333 655.831343393 0.100007414 0.704653145 -0.034827819 0.701607507
36783.398022000 1333.848258709 -208.548714825 655.801481271 0.098955497 0.704008792 -0.035509906 0.702368195
36783.599742000 1336.135311397 -208.989440775 655.765912906 0.098253080 0.703276451 -0.035944154 0.703178056
36783.801462000 1338.423382231 -209.436955205 655.725278950 0.098544737 0.702130377 -0.035684239 0.704296483
36784.003183000 1340.717545075 -209.876009512 655.705711969 0.099250692 0.700798000 -0.035476463 0.705530107
36784.204902000 1343.009595217 -210.310226576 655.697011030 0.100134149 0.699496856 -0.035920250 0.706676613
36784.406622000 1345.300096058 -210.772967969 655.679886796 0.100798476 0.698333398 -0.036642472 0.707690823
36784.608342000 1347.602564801 -211.242264880 655.670015667 0.099749834 0.697026598 -0.035743699 0.709176457
36784.810062000 1349.886595216 -211.695805877 655.672818852 0.099971761 0.695569622 -0.035672713 0.710577182
36785.011782000 1352.171076233 -212.143142707 655.699839467 0.100108708 0.694345967 -0.035611122 0.711747098
36785.213502000 1354.430346660 -212.599096734 655.715497897 0.100222558 0.692693557 -0.034619580 0.713397503
36785.415221000 1356.685951694 -213.046171124 655.753016077 0.100302727 0.691144327 -0.034317217 0.714894825
36785.616941000 1358.873235205 -213.486504675 655.808427838 0.100913940 0.689726564 -0.034538834 0.716165574
36785.818661000 1361.065708972 -213.923506121 655.879360730 0.099630771 0.689500245 -0.035800733 0.716513021
36786.020381000 1363.207400190 -214.362331196 655.980417494 0.099051613 0.689540040 -0.037296937 0.716475937
36786.222101000 1365.302632410 -214.799699501 656.047353187 0.096340824 0.689190875 -0.038788351 0.717094223
36786.423821000 1367.341946383 -215.217271411 656.109479873 0.092625951 0.689312695 -0.039754155 0.717409071
36786.625540000 1369.307277404 -215.567785016 656.165577406 0.094859376 0.688235744 -0.041397812 0.718073033
36786.827260000 1371.247342433 -216.004812669 656.237361585 0.093648843 0.687510150 -0.043008538 0.718827622
36787.028980000 1373.196085794 -216.369910507 656.300301068 0.091527289 0.686976457 -0.040883617 0.719731209
36787.230700000 1375.042868245 -216.738717713 656.377949947 0.090404179 0.688406285 -0.040958650 0.718501441
36787.432420000 1376.847043314 -217.096616923 656.432357441 0.090816988 0.690378262 -0.040914690 0.716559242
36787.634140000 1378.588064081 -217.434926366 656.477633220 0.089420744 0.693421762 -0.040400850 0.713824537
36787.835859000 1380.258679164 -217.760729688 656.501175778 0.089241741 0.696908017 -0.040585448 0.710433945
36788.037579000 1381.858230618 -218.070579202 656.496963598 0.090841598 0.701562977 -0.040962737 0.705597762
36788.239299000 1383.388587912 -218.376916504 656.466204973 0.091153301 0.707583552 -0.040694988 0.699541503
36788.441019000 1384.866973203 -218.667303027 656.397567250 0.090199857 0.714495946 -0.036929958 0.692813468
36788.642739000 1386.266054940 -218.917914633 656.309409451 0.091341463 0.721769218 -0.037129387 0.685072205
36788.844459000 1387.595511754 -219.176021978 656.191686009 0.093719517 0.728581645 -0.039246418 0.677385917
36789.046178000 1388.871248904 -219.437092822 656.050516204 0.094384155 0.735354545 -0.038211146 0.669978519
36789.247898000 1390.093875547 -219.661878866 655.875211410 0.095463196 0.739249518 -0.035914901 0.665661269
36789.449618000 1391.246880529 -219.884765893 655.709806418 0.096436358 0.740839477 -0.034283900 0.663839325
36789.651338000 1392.348476860 -220.092105376 655.573710837 0.096920155 0.740138576 -0.033975956 0.664567914
36789.853058000 1393.411223873 -220.301524573 655.445371453 0.097967371 0.736516852 -0.032086929 0.668524447
36790.054778000 1394.429391553 -220.483686606 655.355188051 0.097030408 0.730501643 -0.031560591 0.675242472
36790.256497000 1395.384997088 -220.672666674 655.303933511 0.096499873 0.721865139 -0.031913101 0.684529565
36790.458217000 1396.299520305 -220.847897169 655.285094258 0.094896300 0.710929002 -0.032434575 0.696073202
36790.659937000 1397.141971827 -221.010076871 655.321993465 0.092911587 0.699150982 -0.034492715 0.708075860
36790.861657000 1397.899828640 -221.157374281 655.359368311 0.091514622 0.686372796 -0.035842790 0.720583805
36791.063377000 1398.600517073 -221.291010679 655.432603262 0.090058866 0.673857298 -0.037952543 0.732369828
36791.265097000 1399.211276093 -221.409882467 655.512568872 0.088795151 0.662821244 -0.039676110 0.742432569
36791.466817000 1399.713659696 -221.511412840 655.587290584 0.088120652 0.653497267 -0.040926665 0.750668361
36791.668536000 1400.106156993 -221.591078677 655.652130693 0.087496119 0.646482159 -0.042170689 0.756716378
36791.870256000 1400.395392761 -221.645760897 655.697770794 0.087189870 0.641993958 -0.043451840 0.760497480
36792.071976000 1400.572642612 -221.677150394 655.740250750 0.087101963 0.639588305 -0.044006930 0.762494742
36792.273696000 1400.689484213 -221.695687868 655.755511788 0.087005267 0.638665532 -0.044455182 0.763257837
36792.475416000 1400.741640883 -221.701156733 655.762011775 0.087889117 0.638451263 -0.044570538 0.763328575
36792.677136000 1400.736136402 -221.701621431 655.761988329 0.088197973 0.638471216 -0.044822489 0.763260283
36792.878855000 1400.705491668 -221.694347263 655.751805419 0.090098066 0.638108586 -0.046544346 0.763239274
36793.080575000 1400.707434999 -221.686409476 655.755319833 0.090349415 0.638215901 -0.046685750 0.763106211
36793.282295000 1400.704666865 -221.692736884 655.750708114 0.089920635 0.638240231 -0.046623203 0.763142787
36793.484015000 1400.701765089 -221.687882598 655.753949087 0.089981876 0.638183306 -0.046273786 0.763207925
36793.685735000 1400.706904500 -221.683156090 655.754337920 0.090079119 0.638126994 -0.046414087 0.763232058
36793.887455000 1400.703903153 -221.685519751 655.753141288 0.089993530 0.638234521 -0.046254047 0.763166175
36794.089175000 1400.703881208 -221.687421874 655.757534652 0.090138446 0.638104102 -0.046404341 0.763243646
36794.290895000 1400.705201504 -221.682960314 655.754718681 0.089943120 0.638247711 -0.046223169 0.763155949
36794.492615000 1400.707998316 -221.683501603 655.756281419 0.089912227 0.638180346 -0.046112970 0.763223993
36794.694335000 1400.698806531 -221.685058387 655.756713751 0.089884515 0.638224886 -0.046003110 0.763199711
36794.896055000 1400.706418666 -221.683857069 655.757882309 0.089721697 0.638091898 -0.045932013 0.763336581
36795.097775000 1400.702455740 -221.684869596 655.754059653 0.089823621 0.638193826 -0.045962473 0.763232967
36795.299494000 1400.702225164 -221.689184003 655.754618247 0.089756988 0.638284367 -0.045962794 0.763172544
36795.501214000 1400.701527466 -221.691195879 655.749315967 0.089815013 0.638239544 -0.046032882 0.763196291
36795.702934000 1400.703985614 -221.691404542 655.752840405 0.089794536 0.638207820 -0.045932526 0.763229195
36795.904654000 1400.698607680 -221.691056510 655.750494750 0.089855740 0.638274894 -0.046002952 0.763160629
36796.106374000 1400.703642886 -221.691189312 655.756202356 0.089950998 0.638117828 -0.046203726 0.763273632
36796.308094000 1400.700845796 -221.690538866 655.754149429 0.089852763 0.638187363 -0.046152979 0.763227421
36796.509813000 1400.702590585 -221.689393505 655.754746218 0.089981353 0.638121971 -0.046073559 0.763269939
36796.711533000 1400.702248132 -221.692945249 655.754994280 0.089832335 0.638162220 -0.046193112 0.763252177
36796.913253000 1400.701870807 -221.688187258 655.752978878 0.089832901 0.638227975 -0.046302945 0.763187009
36797.114973000 1400.707971786 -221.688946332 655.754340485 0.089861542 0.638161766 -0.046142620 0.763243826
36797.316693000 1400.703954392 -221.688092219 655.753025175 0.089862862 0.638186487 -0.046122997 0.763228210
36797.518413000 1400.705097730 -221.686928625 655.754905873 0.089735362 0.638248035 -0.045942114 0.763200799
36797.720132000 1400.712147460 -221.687758343 655.753211358 0.090017626 0.638298477 -0.045954580 0.763131376
36797.921852000 1400.709329336 -221.684028528 655.755423610 0.089865607 0.638247129 -0.045953136 0.763187752
36798.123572000 1400.708430428 -221.690555921 655.756050183 0.089812548 0.638210694 -0.046142216 0.763206668
36798.325292000 1400.710167458 -221.688893383 655.754876133 0.089774621 0.638241820 -0.045942001 0.763196965
36798.527012000 1400.703335153 -221.684817850 655.756803912 0.089842533 0.638172056 -0.046022482 0.763244343
36798.728732000 1400.707265125 -221.688838977 655.759105010 0.089850935 0.638102742 -0.046002484 0.763303275
36798.930451000 1400.707283196 -221.687632914 655.756962865 0.089881803 0.638167257 -0.046052473 0.763238759
36799.132171000 1400.706697614 -221.686389315 655.755684603 0.089733754 0.638190581 -0.046002193 0.763247661
36799.333891000 1400.706602388 -221.686330250 655.759285206 0.089842622 0.638182587 -0.046062542 0.763233625
36799.535611000 1400.709169719 -221.685852512 655.756767672 0.089863892 0.638176331 -0.045912946 0.763248813
36799.737331000 1400.709073467 -221.684887310 655.758046742 0.089792971 0.638154330 -0.045892179 0.763273469
36799.939051000 1400.709757209 -221.687651696 655.760616891 0.089952039 0.638109534 -0.046033813 0.763291929
36800.140770000 1400.708636928 -221.687806564 655.758174375 0.089913040 0.638145178 -0.045923227 0.763268604
36800.342490000 1400.708176075 -221.686803248 655.758605734 0.089978519 0.638050355 -0.046193325 0.763321666
36800.544210000 1400.705043838 -221.684783806 655.756362736 0.089910413 0.638097610 -0.046002616 0.763297516
36800.745930000 1400.704564526 -221.685135596 655.759486500 0.089780032 0.638083091 -0.046031890 0.763325022
36800.947650000 1400.710016644 -221.685488427 655.754751522 0.089800009 0.638055870 -0.045982198 0.763351176
36801.149370000 1400.710242039 -221.682188163 655.757544702 0.089819880 0.638015324 -0.045832238 0.763391507
36801.351089000 1400.714336189 -221.683264879 655.753069747 0.089677986 0.637965046 -0.045840957 0.763446273
36801.552809000 1400.719550583 -221.680926110 655.756262075 0.090018206 0.637963860 -0.045963725 0.763406696
36801.754529000 1400.721465322 -221.677209424 655.754053474 0.089737342 0.637946821 -0.045931558 0.763452081
36801.956249000 1400.720103864 -221.687007392 655.753768403 0.090113089 0.637891594 -0.046303597 0.763427568
36802.157969000 1400.723337097 -221.689543999 655.753631541 0.090243325 0.637888248 -0.046445164 0.763415220
36802.359688000 1400.726473663 -221.691324033 655.755564111 0.089970771 0.637792247 -0.046373002 0.763529158
36802.561408000 1400.730557711 -221.689718599 655.757124956 0.089981024 0.637809604 -0.046362929 0.763512017
36802.763128000 1400.733979617 -221.689838031 655.757712915 0.090129703 0.637729460 -0.046314024 0.763567571
36802.964848000 1400.734194403 -221.689304584 655.751610505 0.090008672 0.637756495 -0.046472873 0.763544594
36803.166568000 1400.740236825 -221.692590668 655.754256669 0.090001259 0.637812573 -0.046403317 0.763507750
36803.368288000 1400.739016912 -221.690867650 655.748831651 0.090029112 0.637783508 -0.046472878 0.763517523
36803.570007000 1400.752683186 -221.695812895 655.747590879 0.090074114 0.637930832 -0.046454002 0.763397470
36803.771727000 1400.755097419 -221.696548992 655.746476364 0.090043745 0.637924363 -0.046533998 0.763404042
36803.973447000 1400.772251699 -221.697751378 655.741786691 0.089920345 0.638206577 -0.046643595 0.763175177
36804.175167000 1400.763896669 -221.692008341 655.747391717 0.090044114 0.637967602 -0.046533597 0.763362111
36804.376887000 1400.772614117 -221.693578948 655.742087493 0.090010990 0.638298674 -0.046833975 0.763071365
36804.578607000 1400.779173529 -221.694802954 655.741986849 0.089990258 0.638361372 -0.047254157 0.762997923
36804.780326000 1400.779022254 -221.695820522 655.741319487 0.090054875 0.638442088 -0.046904826 0.762945824
36804.982047000 1400.780299904 -221.693474836 655.740567313 0.090242194 0.638408853 -0.047236164 0.762933051
36805.183767000 1400.773153328 -221.696681188 655.743799117 0.090170890 0.638345883 -0.047085230 0.762999132
36805.385487000 1400.769573982 -221.688921942 655.744849678 0.090023054 0.638396518 -0.046884089 0.762983486
36805.587207000 1400.766916021 -221.691788629 655.741571593 0.090042201 0.638399332 -0.047094485 0.762969078
36805.788926000 1400.759145234 -221.685141914 655.741001197 0.089935954 0.638181843 -0.047163432 0.763159193
36805.990646000 1400.755770218 -221.684953854 655.745842943 0.089785897 0.638104471 -0.046812183 0.763261515
36806.192366000 1400.752621434 -221.683958567 655.746781804 0.089911012 0.638015875 -0.047313265 0.763294779
36806.394086000 1400.749826810 -221.679249703 655.748622288 0.089832829 0.638070049 -0.047102250 0.763264666
36806.595806000 1400.750969470 -221.676785482 655.745070733 0.089773675 0.638110306 -0.047292578 0.763233909
36806.797526000 1400.752139040 -221.678290036 655.743355559 0.089808928 0.638020485 -0.047512060 0.763283993
36806.999245000 1400.754986831 -221.676805503 655.742964597 0.089787178 0.637969267 -0.047541712 0.763326045
36807.200965000 1400.748534828 -221.676491446 655.744836076 0.089688379 0.637975277 -0.047431306 0.763342235
36807.402685000 1400.751510236 -221.679291544 655.744581320 0.089660655 0.638022502 -0.047200919 0.763316935
36807.604405000 1400.750992442 -221.675975372 655.745309259 0.089629550 0.637931521 -0.047141143 0.763407253
36807.806125000 1400.747594742 -221.674747627 655.743929306 0.089700150 0.638039463 -0.047501819 0.763286748
36808.007845000 1400.750037380 -221.675459482 655.745564628 0.089610946 0.637989732 -0.047120951 0.763360040
36808.209564000 1400.748451160 -221.676012413 655.748505916 0.089679348 0.637972512 -0.047391737 0.763353978
36808.411284000 1400.751603665 -221.676100366 655.745975505 0.089600772 0.637981513 -0.047140982 0.763368192
36808.613004000 1400.749635656 -221.676520224 655.745018969 0.089658773 0.637931526 -0.047281411 0.763396023
36808.814724000 1400.754884096 -221.677731379 655.749436930 0.089592313 0.638043639 -0.047191171 0.763315841
36809.016444000 1400.752333939 -221.676516724 655.747681479 0.089661764 0.638024596 -0.047071061 0.763324685
36809.218163000 1400.753014435 -221.678209515 655.745359780 0.089567231 0.637862322 -0.047200575 0.763468104
36809.419883000 1400.742210890 -221.675920341 655.746896305 0.089441365 0.637987759 -0.047100094 0.763385859
36809.621603000 1400.749846347 -221.677199241 655.743248674 0.089665103 0.637874415 -0.047500897 0.763423805
36809.823323000 1400.742683605 -221.675639725 655.743042684 0.089668820 0.637926269 -0.047161094 0.763402233
36810.025043000 1400.749954476 -221.678667862 655.745870441 0.089577605 0.637892658 -0.047280748 0.763437216
36810.226763000 1400.752118907 -221.676106906 655.749882254 0.089640283 0.638003651 -0.047190798 0.763336222
36810.428482000 1400.748932060 -221.675749590 655.745992301 0.089657625 0.637925587 -0.047330975 0.763393032
36810.630202000 1400.749989399 -221.677735579 655.747458719 0.089460104 0.637945396 -0.047090013 0.763418090
36810.831922000 1400.747895376 -221.681868401 655.743749035 0.089641292 0.637993265 -0.047161469 0.763354786
36811.033642000 1400.748963830 -221.678237605 655.742516101 0.089661951 0.638043857 -0.047291787 0.763303169
36811.235362000 1400.744581052 -221.674499211 655.748708601 0.089548492 0.637904679 -0.047210656 0.763435881
36811.437081000 1400.750963380 -221.677343086 655.746411718 0.089531422 0.638013039 -0.047160564 0.763348529
36811.638801000 1400.749619849 -221.673799795 655.750014719 0.089549807 0.637930790 -0.047040407 0.763420856
36811.840521000 1400.753996026 -221.678261939 655.747313528 0.089618292 0.637925040 -0.047190585 0.763405227
36812.042241000 1400.753207932 -221.675761333 655.746704534 0.089619686 0.637958857 -0.047180922 0.763380666
36812.243961000 1400.750275432 -221.676012435 655.747514032 0.089549117 0.637976273 -0.047260186 0.763365808
36812.445681000 1400.754672141 -221.680164362 655.745172206 0.089779075 0.637948830 -0.047322262 0.763365364
36812.647400000 1400.742685759 -221.675619321 655.743292642 0.089758550 0.637914088 -0.047161671 0.763401998
36812.849120000 1400.753001505 -221.678341866 655.743900049 0.089538494 0.637917583 -0.047130076 0.763424838
36813.050840000 1400.746851353 -221.675198468 655.743744875 0.089660495 0.638004239 -0.047181008 0.763334904
36813.252560000 1400.752611108 -221.678913191 655.743103507 0.089717597 0.637974356 -0.047551502 0.763332153
36813.454280000 1400.748335110 -221.674935840 655.744714818 0.089670549 0.637998056 -0.047221360 0.763339947
36813.656000000 1400.747422825 -221.676902398 655.744723978 0.089549910 0.637942323 -0.047100544 0.763408899
36813.857719000 1400.744918260 -221.675460566 655.747547961 0.089638340 0.637906887 -0.047150849 0.763422470
36814.059439000 1400.749905293 -221.676191385 655.748246749 0.089611959 0.637980790 -0.046940993 0.763379132
36814.261159000 1400.745414260 -221.675462034 655.748454758 0.089617864 0.637876508 -0.047080591 0.763453708
36814.462879000 1400.746757991 -221.675188581 655.747835558 0.089577499 0.637881114 -0.047220609 0.763449186
36814.664599000 1400.745927861 -221.678699826 655.746756695 0.089650396 0.638004669 -0.047200958 0.763334668
36814.866319000 1400.753324457 -221.676639191 655.749755286 0.089568664 0.637901409 -0.047120573 0.763439338
36815.068039000 1400.742260856 -221.674626789 655.749333911 0.089570188 0.637950596 -0.047070600 0.763400388
36815.269759000 1400.749774095 -221.676479012 655.747698062 0.089619566 0.637945874 -0.047090674 0.763394417
36815.471479000 1400.744916126 -221.674825600 655.744616866 0.089568949 0.637933137 -0.047240768 0.763407022
36815.673199000 1400.752223140 -221.676689974 655.749822532 0.089620837 0.637966239 -0.046980728 0.763384187
36815.874919000 1400.749387290 -221.673361824 655.750935533 0.089571478 0.637972884 -0.047000799 0.763387780
36816.076639000 1400.748129921 -221.673895175 655.747404505 0.089600857 0.637991125 -0.047160974 0.763358612
36816.278358000 1400.744262427 -221.673377076 655.750538872 0.089669796 0.637912517 -0.047061508 0.763424961
36816.480078000 1400.752649389 -221.678943246 655.749153444 0.089680607 0.637993770 -0.047121118 0.763344955
36816.681798000 1400.744435682 -221.674025825 655.742848638 0.089550360 0.637992795 -0.047250686 0.763358019
36816.883518000 1400.748182034 -221.675643253 655.744046960 0.089666485 0.637907255 -0.047471160 0.763400452
36817.085238000 1400.747526829 -221.678627446 655.749306237 0.089658737 0.637928145 -0.047211153 0.763400206
36817.286958000 1400.746311808 -221.674241140 655.750766970 0.089568939 0.637932171 -0.047220695 0.763408217
36817.488678000 1400.744679889 -221.675689357 655.750299948 0.089629859 0.637967076 -0.047160890 0.763372516
36817.690397000 1400.750751270 -221.677091406 655.749712759 0.089670090 0.637946626 -0.047051146 0.763392014
36817.892117000 1400.752401513 -221.678104810 655.744513575 0.089657774 0.637942882 -0.047330811 0.763376260
36818.093837000 1400.745497882 -221.676199252 655.745835366 0.089622344 0.638012553 -0.047051273 0.763346478
36818.295557000 1400.745940202 -221.673596291 655.747898263 0.089641177 0.637980764 -0.047081257 0.763367940
36818.497277000 1400.750163016 -221.675709465 655.747454264 0.089550130 0.637966368 -0.047240895 0.763383776
36818.698997000 1400.747235792 -221.676088322 655.749603968 0.089649952 0.637953262 -0.047211484 0.763384391
36818.900716000 1400.747205904 -221.676651933 655.747285035 0.089558580 0.637903284 -0.047170633 0.763437312
36819.102436000 1400.747109618 -221.676334962 655.749665195 0.089608104 0.637915376 -0.047180506 0.763415165
36819.304156000 1400.740425012 -221.673259382 655.742933460 0.089570447 0.637979909 -0.047140612 0.763371060
36819.505876000 1400.746694568 -221.676783424 655.744548515 0.089590734 0.637989145 -0.047130741 0.763361357
36819.707596000 1400.744052630 -221.674754171 655.743832346 0.089599139 0.637920306 -0.047120781 0.763419699
36819.909316000 1400.746860464 -221.674570594 655.742583759 0.089641487 0.638016320 -0.047101005 0.763333201
36820.111036000 1400.749218674 -221.674185175 655.746787888 0.089669315 0.637982499 -0.047250933 0.763346541
36820.312755000 1400.742317625 -221.675976501 655.745065662 0.089611091 0.638006548 -0.047110752 0.763343862
36820.514475000 1400.750310513 -221.678360597 655.743977579 0.089717098 0.637918096 -0.047461661 0.763387879
36820.716195000 1400.752817897 -221.671989596 655.746760880 0.089631791 0.638061001 -0.047321362 0.763287468
36820.917915000 1400.748253030 -221.673063453 655.744472273 0.089550686 0.638029807 -0.047300543 0.763321479
36821.119635000 1400.749678211 -221.675983204 655.749407910 0.089538683 0.637938734 -0.047210205 0.763403295
36821.321355000 1400.747495788 -221.674739151 655.747160008 0.089526903 0.637871729 -0.047260219 0.763459958
36821.523074000 1400.744270963 -221.676983089 655.748044680 0.089538250 0.637889717 -0.047090175 0.763452376
36821.724794000 1400.747778161 -221.677432197 655.744602535 0.089568725 0.637908612 -0.047090382 0.763432740
36821.926514000 1400.746764583 -221.679539817 655.748092663 0.089647175 0.637886596 -0.047250885 0.763432314
36822.128234000 1400.750334616 -221.678553108 655.748497840 0.089607387 0.637833223 -0.047090912 0.763495989
36822.329954000 1400.744205532 -221.679472117 655.748109192 0.089639958 0.637966647 -0.047140941 0.763372752
36822.531674000 1400.747878806 -221.678045961 655.744112877 0.089550405 0.637998547 -0.047190384 0.763353215
36822.733394000 1400.746840357 -221.679931475 655.742842696 0.089750271 0.637996402 -0.047271916 0.763329297
36822.935113000 1400.756836569 -221.677305513 655.747963503 0.089517446 0.637945207 -0.047359808 0.763387849
36823.136833000 1400.752972643 -221.674261568 655.742853515 0.089627931 0.637991898 -0.047661336 0.763325756
36823.338553000 1400.751087358 -221.672803678 655.747013474 0.089608364 0.637944696 -0.047250518 0.763385828
36823.540273000 1400.749705072 -221.669577993 655.745917143 0.089637729 0.637959187 -0.047511147 0.763358990
36823.741993000 1400.745643985 -221.675570250 655.747293416 0.089519369 0.637916700 -0.046959827 0.763436862
36823.943713000 1400.747191944 -221.677062577 655.746805789 0.089709644 0.637973097 -0.047191290 0.763354682
36824.145432000 1400.745225231 -221.677380023 655.747179107 0.089500772 0.637974435 -0.047110336 0.763387922
36824.347152000 1400.747515133 -221.675111599 655.751680595 0.089570277 0.637960687 -0.047100628 0.763390216
36824.548872000 1400.742062525 -221.677125840 655.747449261 0.089651074 0.637957757 -0.046951070 0.763391485
36824.750592000 1400.748169451 -221.675269098 655.740566349 0.089531206 0.637988058 -0.047180882 0.763372497
36824.952312000 1400.749013335 -221.677261921 655.746184260 0.089657936 0.637959286 -0.047491321 0.763358278
36825.154032000 1400.745564400 -221.674057492 655.747361452 0.089548542 0.637910915 -0.047160391 0.763430479
36825.355752000 1400.746333791 -221.676205349 655.743629891 0.089532847 0.638051177 -0.047060490 0.763320936
36825.557471000 1400.748042551 -221.677362857 655.748080780 0.089468407 0.637865034 -0.047019916 0.763488378
36825.759191000 1400.747192931 -221.676277878 655.743744426 0.089522367 0.638007880 -0.047070809 0.763363234
36825.960911000 1400.745731299 -221.676644148 655.746624596 0.089548368 0.637891213 -0.047110371 0.763450229
36826.162631000 1400.747011423 -221.678663455 655.743999528 0.089519780 0.637962353 -0.047190340 0.763389628
36826.364351000 1400.750292922 -221.679963729 655.747820411 0.089663119 0.638053142 -0.047131735 0.763304335
36826.566071000 1400.744500742 -221.672251834 655.745655366 0.089600688 0.637971901 -0.047120991 0.763377770
36826.767790000 1400.752048548 -221.678259565 655.747806198 0.089580052 0.637923265 -0.047030822 0.763426969
36826.969510000 1400.740229091 -221.676204664 655.743249576 0.089692275 0.638046872 -0.047141525 0.763300867
36827.171230000 1400.750649238 -221.670791718 655.746833017 0.089561138 0.638068811 -0.047380635 0.763282180
36827.372950000 1400.756274727 -221.675430346 655.747774074 0.089539050 0.637979607 -0.047340356 0.763361977
36827.574670000 1400.754215589 -221.674727622 655.746696285 0.089598003 0.637913923 -0.047341053 0.763414944
36827.776390000 1400.748478268 -221.678154064 655.742889129 0.089518637 0.637956892 -0.047249941 0.763386045
36827.978110000 1400.740686137 -221.673183724 655.744331669 0.089569349 0.637978791 -0.047290543 0.763362102
36828.179829000 1400.747471561 -221.679852829 655.745768528 0.089668786 0.637921481 -0.047241469 0.763405843
36828.381549000 1400.740616346 -221.669640035 655.739146190 0.089570392 0.637973189 -0.047180840 0.763377061
36828.583269000 1400.748036426 -221.675269224 655.738557169 0.089521233 0.638003374 -0.047150485 0.763358468
36828.784989000 1400.747130894 -221.674323780 655.744721644 0.089606858 0.637896970 -0.047330602 0.763422971
36828.986710000 1400.742951723 -221.675668740 655.747501088 0.089458694 0.637908716 -0.047220199 0.763443878
36829.188430000 1400.751065863 -221.678065612 655.746652243 0.089561857 0.638026668 -0.047231110 0.763333096
36829.390149000 1400.746059783 -221.677935387 655.745464554 0.089589396 0.637960631 -0.047250807 0.763379355
36829.591869000 1400.747410997 -221.672631922 655.743987029 0.089589742 0.637999576 -0.047340812 0.763340424
36829.793589000 1400.749660216 -221.675799082 655.745867645 0.089688440 0.637980619 -0.047541715 0.763335627
36829.995308000 1400.753827472 -221.675139495 655.745599460 0.089638988 0.637979018 -0.047391159 0.763349420
36830.197028000 1400.747965808 -221.675591207 655.747528359 0.089576612 0.637902636 -0.047480785 0.763416846
36830.398748000 1400.749591234 -221.678229427 655.745142067 0.089549383 0.638004226 -0.047480835 0.763335851
36830.600468000 1400.746466494 -221.676652143 655.747419847 0.089509686 0.637963267 -0.047220326 0.763388792
36830.802187000 1400.745924788 -221.678740321 655.746446775 0.089639823 0.637950797 -0.047171214 0.763387735
36831.003908000 1400.749080545 -221.678976398 655.745026611 0.089689337 0.637961931 -0.047161015 0.763366774
36831.205628000 1400.741117583 -221.674876829 655.743721629 0.089560414 0.637986615 -0.047291039 0.763363058
36831.407348000 1400.747924541 -221.676763407 655.745940515 0.089516760 0.637867817 -0.047189839 0.763465094
36831.609068000 1400.748004054 -221.678593935 655.747163031 0.089600797 0.637983923 -0.047191166 0.763365209
36831.810788000 1400.744427729 -221.679850336 655.746888341 0.089647096 0.637877467 -0.047240930 0.763441297
36832.012507000 1400.748455570 -221.680145745 655.747532650 0.089646658 0.637950879 -0.047500612 0.763358634
36832.214227000 1400.747021482 -221.678402742 655.744489046 0.089687935 0.637925742 -0.047301236 0.763391955
36832.415947000 1400.752261501 -221.678213139 655.743414638 0.089659779 0.638044997 -0.047481166 0.763283391
36832.617667000 1400.753669778 -221.680372567 655.742619008 0.089478889 0.638029837 -0.047549980 0.763313167
36832.819387000 1400.753513907 -221.677693759 655.744685671 0.089601927 0.638110403 -0.047481174 0.763238797
36833.021107000 1400.758908865 -221.681715170 655.746127225 0.089697500 0.637985827 -0.047631470 0.763320864
36833.222827000 1400.756969178 -221.679764596 655.739846494 0.089665740 0.637944682 -0.047701064 0.763353062
36833.424546000 1400.755055682 -221.678787670 655.743157407 0.089694575 0.637901879 -0.047671031 0.763385544
36833.626266000 1400.745806532 -221.673129881 655.743878277 0.089664332 0.637907109 -0.047811183 0.763379960
36833.827986000 1400.750749352 -221.675195307 655.741649477 0.089722081 0.637827862 -0.047881606 0.763437055
36834.029706000 1400.749136813 -221.677085470 655.745993163 0.089626520 0.637956620 -0.047640884 0.763352122
36834.231426000 1400.748967824 -221.678474911 655.744106500 0.089644582 0.637838273 -0.047490941 0.763459857
36834.433146000 1400.745670925 -221.678407026 655.744497834 0.089685224 0.637864898 -0.047461079 0.763432677
36834.634865000 1400.746701430 -221.676702253 655.745278353 0.089655016 0.637873504 -0.047671489 0.763422913
36834.836585000 1400.742630668 -221.673236491 655.743589095 0.089705945 0.637922709 -0.047561204 0.763374441
36835.038305000 1400.748415008 -221.676021540 655.742946041 0.089578827 0.638029253 -0.047600784 0.763300603
36835.240025000 1400.753766991 -221.681712069 655.744570618 0.089666532 0.637913477 -0.047420893 0.763395067
36835.441745000 1400.754473169 -221.682680646 655.744807622 0.089719853 0.637984695 -0.047241516 0.763342351
36835.643465000 1400.752571370 -221.680462335 655.743296313 0.089610217 0.638029499 -0.047401035 0.763309753
36835.845185000 1400.752053302 -221.677483844 655.745364839 0.089631791 0.638061001 -0.047321362 0.763287468
36836.046904000 1400.748886726 -221.676853307 655.743494352 0.089649860 0.638065163 -0.047551138 0.763263363
36836.248624000 1400.756479249 -221.675942115 655.744363507 0.089629671 0.638066526 -0.047601076 0.763262267
36836.450344000 1400.751135773 -221.675138545 655.745486958 0.089439429 0.638014391 -0.047459936 0.763339170
36836.652064000 1400.737958296 -221.664803851 655.741475587 0.089475712 0.637917507 -0.047539603 0.763406022
36836.853784000 1400.739056107 -221.670973647 655.747758718 0.089498316 0.637942881 -0.047340189 0.763399343
36837.055504000 1400.742201251 -221.676717155 655.748667715 0.089607404 0.637957582 -0.047510775 0.763361860
36837.257223000 1400.743102574 -221.675299501 655.749209540 0.089467033 0.637833144 -0.047069727 0.763510554
36837.458943000 1400.736294581 -221.674465739 655.751142482 0.089500391 0.637931676 -0.046940042 0.763431574
36837.660663000 1400.735413102 -221.679767373 655.749446878 0.089560200 0.637838369 -0.046730832 0.763522118
36837.862383000 1400.740497168 -221.677544418 655.753070252 0.089501665 0.637952059 -0.046830096 0.763421324
36838.064103000 1400.740519841 -221.682261784 655.755767909 0.089693658 0.637954662 -0.046491136 0.763414826
36838.265823000 1400.742849465 -221.681563041 655.755811615 0.089820521 0.637817413 -0.046532173 0.763517399
36838.467543000 1400.737683736 -221.682571655 655.753156800 0.089761324 0.637855234 -0.046491581 0.763491969
36838.669262000 1400.744839075 -221.684262127 655.752753040 0.089775176 0.638033842 -0.046611905 0.763333006
36838.870982000 1400.739004343 -221.683009053 655.751868902 0.089732521 0.637902368 -0.046431207 0.763456445
36839.072702000 1400.744480299 -221.683415444 655.751043944 0.089764793 0.638001655 -0.046491596 0.763366188
36839.274422000 1400.745994858 -221.685929038 655.749568189 0.090005983 0.637976466 -0.046413895 0.763373007
36839.476142000 1400.747992408 -221.685452074 655.754864537 0.090122147 0.637898003 -0.046604175 0.763408992
36839.677862000 1400.765223836 -221.690176432 655.756410283 0.090343939 0.637966465 -0.046515317 0.763325979
36839.879581000 1400.767136757 -221.689651323 655.748406803 0.090408545 0.638169452 -0.046726425 0.763140010
36840.081301000 1400.775515212 -221.686831593 655.748527698 0.090337950 0.638184352 -0.046936237 0.763125948
36840.283021000 1400.782145839 -221.695415621 655.750878727 0.090695133 0.638181272 -0.047328356 0.763059436
36840.484741000 1400.829217570 -221.703931830 655.756996772 0.091477973 0.638030972 -0.047893319 0.763057683
36840.686461000 1400.936457738 -221.726131456 655.775196318 0.093523521 0.637734243 -0.050435592 0.762887149
36840.888181000 1401.070225776 -221.751284449 655.792798207 0.093196452 0.637046560 -0.050312616 0.763512757
36841.089901000 1401.370300602 -221.819315960 655.850530013 0.093086382 0.636640922 -0.050231342 0.763871030
36841.291620000 1401.722397782 -221.883180378 655.908706727 0.092428538 0.635988544 -0.050296039 0.764490338
36841.493340000 1402.165132478 -221.982588432 655.986072867 0.091089698 0.634417268 -0.049854979 0.765986629
36841.695060000 1402.668311469 -222.106954782 656.090067550 0.089544801 0.632702671 -0.048001471 0.767696518
36841.896780000 1403.155934892 -222.210271550 656.194608839 0.088687733 0.630675043 -0.047093187 0.769525878
36842.098500000 1403.681418248 -222.311918391 656.310261462 0.087824157 0.628436179 -0.047723933 0.771415563
36842.300220000 1404.256902274 -222.429441978 656.426225036 0.088059047 0.626091675 -0.048281892 0.773261179
36842.501940000 1404.881272586 -222.542461602 656.566823900 0.089825153 0.623459406 -0.048988825 0.775135305
36842.703659000 1405.569707474 -222.685368383 656.727745715 0.090273546 0.620368119 -0.050436260 0.777462416
36842.905379000 1406.327374681 -222.837547123 656.905992974 0.089564607 0.617113686 -0.050816208 0.780104128
36843.107099000 1407.148531246 -223.000903646 657.092205935 0.091254080 0.613193332 -0.050521161 0.783017621
36843.308819000 1408.019893222 -223.201437377 657.318684378 0.089308330 0.610359129 -0.050443475 0.785453734
36843.510539000 1408.953518747 -223.385822644 657.572022065 0.088195587 0.606235005 -0.052529647 0.788631584
36843.712259000 1409.937750022 -223.593353673 657.814378445 0.087867904 0.602575891 -0.051121559 0.791560348
36843.913978000 1410.933892541 -223.812812926 658.095807835 0.086962940 0.600464087 -0.050831751 0.793277603
36844.115698000 1411.960886360 -224.021173607 658.382868530 0.086672751 0.597421467 -0.050784923 0.795606746
36844.317418000 1413.012662339 -224.241784893 658.680298427 0.085885000 0.594341347 -0.048735223 0.798128209
36844.519138000 1414.075674865 -224.465014022 658.988819808 0.084418235 0.591755607 -0.046720840 0.800317975
36844.720858000 1415.181818861 -224.681430456 659.330690304 0.084591695 0.588654763 -0.047547379 0.802539442
36844.922578000 1416.279695202 -224.914285993 659.688071892 0.083428244 0.585342190 -0.048374342 0.805030351
36845.124298000 1417.427506458 -225.139336671 660.068686501 0.082347392 0.583207302 -0.048963690 0.806652616
36845.326017000 1418.564561340 -225.374144849 660.450177087 0.081423293 0.581153264 -0.050514765 0.808135608
36845.527737000 1419.718740040 -225.597458208 660.844597752 0.081016846 0.579383262 -0.051848587 0.809356316
36845.729457000 1420.871023136 -225.844963317 661.253710783 0.079712162 0.577351614 -0.052007194 0.810929543
36845.931177000 1422.043183312 -226.078904435 661.659882238 0.078219054 0.575650878 -0.053224955 0.812205885
36846.132897000 1423.250474157 -226.321931824 662.096710867 0.076630681 0.573826154 -0.054641348 0.813550815
36846.334617000 1424.467159898 -226.561848286 662.538053405 0.075554671 0.572140413 -0.056341572 0.814721543
36846.536336000 1425.733503892 -226.812546129 662.998751183 0.075576519 0.570590623 -0.057509532 0.815726636
36846.738056000 1427.029082330 -227.096100747 663.469133023 0.075529194 0.568669191 -0.056915755 0.817111037
36846.939776000 1428.350667977 -227.347555451 663.959443515 0.074786773 0.567525914 -0.057178858 0.817953947
36847.141496000 1429.639859428 -227.615890158 664.455052469 0.075193570 0.565171361 -0.058897682 0.819423764
36847.343216000 1430.980349772 -227.882325082 664.964545058 0.073803559 0.563512613 -0.058286310 0.820738001
36847.544936000 1432.315339202 -228.153987299 665.495622481 0.072654377 0.561944899 -0.059325710 0.821836239
36847.746656000 1433.650648367 -228.446121374 666.006720980 0.071428729 0.560602019 -0.057765749 0.822972802
36847.948375000 1434.972662904 -228.702032900 666.544517066 0.071343261 0.559620107 -0.059213484 0.823544574
36848.150095000 1436.277606609 -228.974244778 667.057000339 0.071785093 0.558239287 -0.059524293 0.824421781
36848.351815000 1437.582662260 -229.221122450 667.596111897 0.070928749 0.558109242 -0.061488651 0.824440420
36848.553535000 1438.861161425 -229.508069419 668.120201567 0.068765082 0.557020457 -0.060613074 0.825426263
36848.755255000 1440.123536617 -229.759204279 668.629566963 0.068540800 0.556560082 -0.060840256 0.825734733
36848.956975000 1441.358078208 -230.004019695 669.134222862 0.068462731 0.555538081 -0.061098800 0.826414717
36849.158695000 1442.581117491 -230.257358824 669.630727360 0.067873390 0.554416675 -0.060912380 0.827225008
36849.360414000 1443.795521448 -230.489117633 670.140732887 0.067684794 0.553494005 -0.061610077 0.827809154
36849.562134000 1444.971017712 -230.730731798 670.639487326 0.067631160 0.552509851 -0.062737787 0.828383908
36849.763854000 1446.138394450 -230.971490442 671.127532915 0.067108642 0.551746919 -0.063133617 0.828907566
36849.965574000 1447.303810529 -231.213570697 671.619453510 0.067068098 0.551244844 -0.064242449 0.829159003
36850.167294000 1448.447550740 -231.450221723 672.097215816 0.067145606 0.550891617 -0.064732366 0.829349250
36850.369014000 1449.600987323 -231.686367821 672.581084382 0.067002702 0.550716209 -0.064461186 0.829498673
36850.570733000 1450.754159353 -231.925281407 673.074049416 0.067195520 0.550557423 -0.064891861 0.829552957
36850.772453000 1451.901413322 -232.154525257 673.555926809 0.067310497 0.550394365 -0.065012373 0.829642573
36850.974173000 1453.051926188 -232.391516025 674.044395876 0.067178259 0.550331484 -0.065151863 0.829686714
36851.175893000 1454.191492787 -232.616203665 674.527045793 0.067097966 0.550281471 -0.064950968 0.829740444
36851.377613000 1455.321588159 -232.846742254 675.004586783 0.066901569 0.550029408 -0.064939601 0.829926213
36851.579333000 1456.447238779 -233.079201863 675.483319854 0.066555324 0.549775874 -0.064806603 0.830130483
36851.781053000 1457.590668127 -233.319118627 675.965049631 0.066338182 0.549437418 -0.064595267 0.830392136
36851.982772000 1458.716785058 -233.548289641 676.443654269 0.066433207 0.548352215 -0.063973694 0.831147308
36852.184492000 1459.830454374 -233.772991950 676.926722610 0.066591427 0.546733626 -0.063761580 0.832213704
36852.386212000 1460.934351266 -234.006784292 677.406939350 0.066615438 0.545353629 -0.063699584 0.833122179
36852.587932000 1462.037829085 -234.230509429 677.894102447 0.066662967 0.543723536 -0.063627399 0.834189734
36852.789652000 1463.125265070 -234.446001444 678.379156290 0.066474227 0.542262130 -0.063694261 0.835153225
36852.991371000 1464.197058388 -234.659853485 678.856428979 0.065968312 0.541192113 -0.063238764 0.835919118
36853.193091000 1465.266794329 -234.875723110 679.344038589 0.065097571 0.540668814 -0.062752570 0.836364513
36853.394811000 1466.307445224 -235.087579097 679.811450275 0.064411556 0.540633462 -0.061877461 0.836502318
36853.596531000 1467.266582461 -235.282070780 680.236632532 0.064180521 0.540925210 -0.060156666 0.836458587
36853.798251000 1468.134514917 -235.469740939 680.616685613 0.064822863 0.541264473 -0.059600861 0.836226111
36853.999972000 1468.934594178 -235.622762996 680.975932552 0.064836154 0.541675326 -0.059231659 0.835985503
36854.201691000 1469.641343196 -235.774814993 681.286963671 0.065335341 0.541614764 -0.059175076 0.835991576
36854.403411000 1470.293965719 -235.906384622 681.567312423 0.066201587 0.541791078 -0.058960862 0.835823478
36854.605131000 1470.899994124 -236.031394050 681.829022955 0.066966522 0.542152173 -0.058166388 0.835583861
36854.806851000 1471.465038871 -236.147087839 682.079144421 0.067566698 0.542391114 -0.057661068 0.835418014
36855.008571000 1471.986671727 -236.250015461 682.303956639 0.067798965 0.542736770 -0.057203221 0.835206720
36855.210291000 1472.467671519 -236.346929723 682.510642784 0.067876080 0.543114861 -0.056074107 0.835029866
36855.412010000 1472.897598955 -236.434912793 682.694155833 0.068175988 0.543217599 -0.054956063 0.835012007
36855.613730000 1473.267808166 -236.508947440 682.858313855 0.068139250 0.543631890 -0.054636751 0.834768031
36855.815450000 1473.562339023 -236.568839594 682.987729961 0.067598406 0.543852825 -0.054023143 0.834704996
36856.017170000 1473.793696833 -236.616989501 683.083046793 0.068242314 0.543949732 -0.053907842 0.834599357
36856.218890000 1473.988645673 -236.649272473 683.166734059 0.068549950 0.544110578 -0.053369898 0.834502498
36856.420610000 1474.180309569 -236.689984605 683.248746483 0.068604257 0.544224469 -0.053250918 0.834434747
36856.622329000 1474.336280154 -236.719622608 683.317912528 0.068734405 0.544196802 -0.053051279 0.834451745
36856.824049000 1474.453545277 -236.740694673 683.370405810 0.068536647 0.544278484 -0.052969774 0.834417432
36857.025769000 1474.536036063 -236.756235804 683.406215749 0.068691220 0.544436636 -0.052951241 0.834304147
36857.227489000 1474.598282398 -236.772970562 683.431899054 0.068791363 0.544477000 -0.053152281 0.834259012
36857.429209000 1474.639129478 -236.779679172 683.450384884 0.068817809 0.544325618 -0.053072129 0.834360196
36857.630928000 1474.652844969 -236.784053138 683.455973007 0.068839478 0.544384284 -0.053042287 0.834321473
36857.832648000 1474.648882096 -236.781708516 683.455444915 0.069196214 0.544297697 -0.053264780 0.834336466
36858.034368000 1474.648329238 -236.784064824 683.455392376 0.069971033 0.544265804 -0.053979775 0.834246626
36858.236088000 1474.650243061 -236.789788971 683.454539308 0.069900163 0.544205702 -0.053828998 0.834300029
36858.437808000 1474.647939641 -236.788849830 683.453392719 0.069852128 0.544289111 -0.053899039 0.834246611
36858.639528000 1474.647780162 -236.790653920 683.454676746 0.069952601 0.544306319 -0.053899707 0.834226827
36858.841247000 1474.645251982 -236.784835360 683.454503630 0.069870993 0.544206988 -0.053708836 0.834309576
36859.042967000 1474.644910105 -236.784302163 683.456695027 0.069841648 0.544227694 -0.053688668 0.834299749
36859.244687000 1474.650330258 -236.786728453 683.455503740 0.069843036 0.544298477 -0.053778887 0.834248284
36859.446407000 1474.648274947 -236.786044621 683.455095972 0.069881683 0.544240843 -0.053809377 0.834282993
36859.648127000 1474.649755335 -236.790053517 683.456002947 0.069900691 0.544263807 -0.053958939 0.834252575
36859.849847000 1474.648743998 -236.787184885 683.456494825 0.069780448 0.544214759 -0.053747824 0.834306535
36860.051566000 1474.648481665 -236.787499162 683.455887033 0.069819745 0.544197374 -0.053848421 0.834310665
36860.253286000 1474.647795998 -236.790262662 683.455526020 0.069849977 0.544181616 -0.053829074 0.834323005
36860.455006000 1474.646388904 -236.788036215 683.454681495 0.069732536 0.544280322 -0.053758032 0.834269978
36860.656726000 1474.646635062 -236.788180002 683.456210165 0.069891060 0.544208511 -0.053739172 0.834306355
36860.858446000 1474.647252625 -236.787618241 683.455045201 0.069800527 0.544208933 -0.053788404 0.834309230
36861.060166000 1474.647621958 -236.787499073 683.454432590 0.069761707 0.544279037 -0.053878194 0.834260428
36861.261886000 1474.648349686 -236.787638041 683.454608091 0.069931120 0.544227832 -0.053819516 0.834285562
36861.463606000 1474.647308995 -236.789444682 683.452667779 0.069831199 0.544274896 -0.053908423 0.834253863
36861.665326000 1474.643305977 -236.788269188 683.452261869 0.069721560 0.544269428 -0.053847847 0.834271531
36861.867046000 1474.649041196 -236.788848635 683.453565558 0.069870522 0.544263686 -0.053968656 0.834253951
36862.068766000 1474.644901038 -236.788021847 683.451941085 0.069810431 0.544234694 -0.053848139 0.834285156
36862.270485000 1474.645384276 -236.788523025 683.452918787 0.069879885 0.544224785 -0.053928776 0.834281983
36862.472205000 1474.649687076 -236.787902396 683.455209842 0.069941000 0.544247431 -0.053919618 0.834265508
36862.673925000 1474.647045950 -236.790625817 683.453951457 0.069820360 0.544238810 -0.053948652 0.834278189
36862.875645000 1474.646370663 -236.788577027 683.454072488 0.069791076 0.544250588 -0.053898567 0.834276800
36863.077365000 1474.646144112 -236.787015477 683.451321336 0.069780065 0.544254794 -0.053977931 0.834265880
36863.279085000 1474.644840058 -236.785878818 683.452307972 0.069700731 0.544231200 -0.053837765 0.834299672
36863.480804000 1474.644623938 -236.784972787 683.452307890 0.069770210 0.544234403 -0.053857749 0.834287199
36863.682524000 1474.645083797 -236.785904058 683.452976443 0.069760256 0.544210217 -0.053838175 0.834308757
36863.884244000 1474.642929258 -236.783881233 683.450307072 0.069781160 0.544239128 -0.053808300 0.834289676
36864.085964000 1474.644692623 -236.786736541 683.451580322 0.069760932 0.544242727 -0.053908489 0.834284718
36864.287684000 1474.644815504 -236.782177551 683.451932048 0.069710858 0.544229008 -0.053777631 0.834302778
36864.489403000 1474.644993874 -236.784393910 683.451454515 0.069771735 0.544286951 -0.053878096 0.834253215
36864.691123000 1474.642390132 -236.785598570 683.449763385 0.069732412 0.544291214 -0.053838150 0.834258403
36864.892843000 1474.640780047 -236.785859634 683.447814238 0.069702268 0.544290308 -0.053827786 0.834261033
36865.094563000 1474.640292789 -236.786243219 683.449838082 0.069791163 0.544254783 -0.053807999 0.834275920
36865.296283000 1474.636891843 -236.785724094 683.449309332 0.069791076 0.544264496 -0.053857995 0.834266229
36865.498003000 1474.639528713 -236.783071255 683.450197852 0.069663047 0.544298385 -0.053687233 0.834265949
36865.699722000 1474.644464770 -236.786088857 683.452370758 0.069802151 0.544251375 -0.053748714 0.834285567
36865.901442000 1474.646403022 -236.786950308 683.452419570 0.069764354 0.544322101 -0.053688543 0.834246189
36866.103162000 1474.646625641 -236.788013574 683.454069905 0.069841673 0.544219952 -0.053688872 0.834306293
36866.304882000 1474.648948622 -236.788064028 683.454604895 0.069931282 0.544215762 -0.053709277 0.834299017
36866.506602000 1474.647868886 -236.787821401 683.456811567 0.070021040 0.544199910 -0.053629486 0.834304547
36866.708322000 1474.649265606 -236.790400796 683.455946700 0.069931870 0.544264931 -0.053809302 0.834260012
36866.910041000 1474.651279845 -236.792862492 683.457277674 0.070010516 0.544242511 -0.053929768 0.834260187
36867.111761000 1474.654514747 -236.790886902 683.457503402 0.070062575 0.544280302 -0.053750052 0.834241978
36867.313481000 1474.651519936 -236.788039266 683.456108169 0.069972229 0.544246988 -0.053729819 0.834275449
36867.515201000 1474.651851914 -236.789826111 683.457518975 0.069832897 0.544308018 -0.053828776 0.834239263
36867.716921000 1474.649075550 -236.787727830 683.454293511 0.069851576 0.544238753 -0.053768893 0.834287513
36867.918641000 1474.650292497 -236.788366465 683.456366693 0.070040945 0.544220454 -0.053749775 0.834282589
36868.120361000 1474.652126762 -236.784001134 683.457627629 0.069932731 0.544284579 -0.053749295 0.834250693
36868.322081000 1474.649433840 -236.783933773 683.455504981 0.069941172 0.544234959 -0.053799338 0.834279606
36868.523801000 1474.649914495 -236.783976046 683.455751931 0.069830771 0.544206694 -0.053718445 0.834311623
36868.725521000 1474.648143578 -236.781450327 683.454659275 0.070001635 0.544231276 -0.053679502 0.834283121
36868.927241000 1474.651780611 -236.782935597 683.455428082 0.069910141 0.544222146 -0.053848776 0.834285014
36869.128960000 1474.649845499 -236.786287238 683.454536146 0.069860593 0.544238707 -0.053929002 0.834276776
36869.330680000 1474.657416608 -236.782500943 683.457350765 0.070102011 0.544251638 -0.053760493 0.834258300
36869.532400000 1474.653270025 -236.786664182 683.456584543 0.069842986 0.544300053 -0.053819048 0.834245769
36869.734120000 1474.653270063 -236.786574804 683.456224388 0.069960315 0.544239675 -0.053879026 0.834266688
36869.935840000 1474.653449584 -236.784428043 683.456639706 0.069992497 0.544228314 -0.053640081 0.834292844
36870.137560000 1474.649778829 -236.784374029 683.454963448 0.069969682 0.544186871 -0.053879719 0.834305283
36870.339279000 1474.648942932 -236.788293849 683.454665311 0.070138715 0.544189645 -0.054010583 0.834279136
36870.540999000 1474.654051501 -236.784687260 683.454866178 0.070001240 0.544264742 -0.053939936 0.834247138
36870.742719000 1474.647613860 -236.787431609 683.452902498 0.069979683 0.544202528 -0.053879416 0.834291525
36870.944439000 1474.650148181 -236.789074454 683.455508774 0.070127898 0.544166674 -0.053990157 0.834294158
36871.146159000 1474.651711250 -236.785187302 683.453912194 0.069792713 0.544299589 -0.053828550 0.834248481
36871.347879000 1474.646989780 -236.783202418 683.453569629 0.069819820 0.544195011 -0.053788180 0.834314438
36871.549598000 1474.650501008 -236.785020815 683.456359846 0.069840575 0.544235602 -0.053858503 0.834282522
36871.751318000 1474.650005727 -236.785429073 683.455693721 0.069770923 0.544251825 -0.053938514 0.834275615
36871.953038000 1474.654523113 -236.780786036 683.456146737 0.069742676 0.544277740 -0.053687858 0.834273705
36872.154758000 1474.653513223 -236.786851222 683.456283262 0.069832209 0.544261993 -0.053809074 0.834273247
36872.356478000 1474.650226169 -236.785350967 683.452332084 0.069961854 0.544284876 -0.053909619 0.834238619
36872.558197000 1474.652947917 -236.789885896 683.457081937 0.070139698 0.544198384 -0.053870457 0.834281417
36872.759917000 1474.649787007 -236.783647092 683.453252163 0.070081820 0.544254047 -0.053830559 0.834255242
36872.961637000 1474.652344820 -236.784899534 683.456347657 0.069951237 0.544234738 -0.053789406 0.834279565
36873.163357000 1474.655945441 -236.788099127 683.460049580 0.070110354 0.544212128 -0.053870573 0.834276889
36873.365077000 1474.649719059 -236.786394928 683.453987132 0.069920181 0.544215759 -0.053879210 0.834289000
36873.566797000 1474.649510985 -236.785526585 683.455387091 0.069872517 0.544266488 -0.053708897 0.834270310
36873.768516000 1474.650252081 -236.785116042 683.455381598 0.069820644 0.544215837 -0.053758294 0.834303235
36873.970236000 1474.647872126 -236.777962931 683.454105303 0.069711882 0.544229638 -0.053627673 0.834312191
36874.171956000 1474.650770823 -236.783781181 683.454336011 0.069853200 0.544288153 -0.053708917 0.834258557
36874.373676000 1474.653245370 -236.787911625 683.457876780 0.069920404 0.544201718 -0.053718770 0.834305603
36874.575396000 1474.648769220 -236.785828070 683.454842397 0.069791399 0.544219488 -0.053698374 0.834309006
36874.777116000 1474.650117647 -236.781567934 683.457206690 0.069941260 0.544218294 -0.053769627 0.834294580
36874.978835000 1474.649989151 -236.781047781 683.455316629 0.069833208 0.544270361 -0.053658910 0.834276121
36875.180555000 1474.649919933 -236.783726429 683.455571481 0.069843235 0.544278275 -0.053658813 0.834268908
36875.382275000 1474.652581168 -236.785025938 683.456286327 0.069842473 0.544248524 -0.053658782 0.834288542
36875.583995000 1474.650602951 -236.785905142 683.455630618 0.069992171 0.544273315 -0.053799703 0.834250077
36875.785715000 1474.650489781 -236.785579716 683.456910848 0.069794574 0.544320651 -0.053638665 0.834247321
36875.987436000 1474.650975858 -236.785524110 683.456047577 0.069892647 0.544259089 -0.053709317 0.834275517
36876.189155000 1474.649400712 -236.785381951 683.456307592 0.069911852 0.544254876 -0.053759089 0.834271039
36876.390875000 1474.652465944 -236.789771660 683.457884902 0.069920280 0.544212607 -0.053798887 0.834294033
36876.592595000 1474.648075931 -236.783949843 683.454423813 0.069673886 0.544320564 -0.053687576 0.834252192
36876.794315000 1474.652707835 -236.785146574 683.457805735 0.069991534 0.544225719 -0.053739840 0.834286570
36876.996035000 1474.645931932 -236.791186224 683.454139625 0.069892262 0.544306074 -0.053919141 0.834229584
36877.197755000 1474.644271441 -236.789053344 683.453166899 0.069783460 0.544321034 -0.053818638 0.834236687
36877.399474000 1474.649796572 -236.788494065 683.456000119 0.069873317 0.544295061 -0.053678808 0.834252557
36877.601194000 1474.651153359 -236.788061228 683.455200568 0.070030757 0.544231566 -0.053839825 0.834271058
36877.802914000 1474.653366618 -236.787477563 683.456285244 0.069853900 0.544319872 -0.053759149 0.834235781
36878.004634000 1474.650861410 -236.789822797 683.455935375 0.069861417 0.544259532 -0.053899116 0.834265577
36878.206354000 1474.657506828 -236.788753965 683.458210461 0.069841449 0.544247898 -0.053808742 0.834279123
36878.408073000 1474.666490957 -236.791734186 683.462797039 0.070050777 0.544234672 -0.053910324 0.834265309
36878.609793000 1474.682835634 -236.789074565 683.468726530 0.070222235 0.544308465 -0.053971408 0.834197739
36878.811513000 1474.747174304 -236.805622707 683.495435947 0.073975312 0.543802073 -0.056234746 0.834052173
36879.013233000 1474.882901927 -236.834335256 683.564612097 0.078353977 0.543369238 -0.056532877 0.833916661
36879.214953000 1475.108236816 -236.869932291 683.659517478 0.078164022 0.543552810 -0.055661612 0.833871391
36879.416673000 1475.452494363 -236.948532546 683.812631490 0.077828224 0.543723293 -0.055719874 0.833788866
36879.618392000 1475.895210528 -237.032922704 683.995985483 0.077948700 0.543890808 -0.054770804 0.833730515
36879.820112000 1476.419353901 -237.145877299 684.216887747 0.078557166 0.544373411 -0.053865233 0.833415280
36880.021832000 1477.012583427 -237.252635475 684.482191622 0.077684447 0.544937905 -0.053460526 0.833154522
36880.223552000 1477.703953762 -237.392836312 684.765902670 0.077437877 0.545462843 -0.052070290 0.832925819
36880.425272000 1478.447281183 -237.547839841 685.080480872 0.076736784 0.545929314 -0.050936078 0.832752333
36880.626992000 1479.237797413 -237.698199029 685.422705238 0.076002853 0.547216620 -0.050523116 0.831997318
36880.828711000 1480.097070581 -237.858568235 685.787569469 0.075620173 0.549850964 -0.050935324 0.830271173
36881.030431000 1480.993449415 -238.037082600 686.148062116 0.075476379 0.553739204 -0.050440953 0.827727917
36881.232151000 1481.961294190 -238.221370699 686.518179768 0.075954177 0.558869648 -0.050152538 0.824246843
36881.433871000 1483.007501336 -238.427278689 686.915413984 0.076594331 0.566753002 -0.049879376 0.818801208
36881.635591000 1484.104322628 -238.639713295 687.270518861 0.078327479 0.576988619 -0.048127787 0.811564640
36881.837311000 1485.239758757 -238.858734570 687.601572925 0.078992950 0.588345159 -0.045750368 0.803440465
36882.039030000 1486.424598482 -239.088968913 687.914323749 0.080507387 0.599581379 -0.043118431 0.795083707
36882.240750000 1487.621052656 -239.310918840 688.193164691 0.081373579 0.611057759 -0.041232990 0.786311250
36882.442470000 1488.850320502 -239.537548453 688.449589449 0.081383611 0.622998475 -0.039072783 0.776997640
36882.644190000 1490.134272011 -239.761787969 688.692104403 0.082885693 0.634835285 -0.039352155 0.767184259
36882.845910000 1491.441091762 -239.981247638 688.880931609 0.088104491 0.646536726 -0.041285274 0.756655850
36883.047629000 1492.819871185 -240.247039607 689.040066300 0.090624647 0.659776930 -0.042893128 0.744741522
36883.249349000 1494.287234663 -240.540892008 689.150149951 0.090604113 0.673084083 -0.040295199 0.732893623
36883.451069000 1495.789774465 -240.821216239 689.206881471 0.090405281 0.687178381 -0.037406886 0.719875057
36883.652789000 1497.268772100 -241.090108063 689.200765890 0.090937357 0.701129777 -0.035353030 0.706328420
36883.854509000 1498.778658587 -241.359626592 689.139509250 0.092126544 0.715633522 -0.034364012 0.691509760
36884.056229000 1500.328408094 -241.630514103 688.998403862 0.094152577 0.729940092 -0.033340809 0.676166356
36884.257948000 1501.925278676 -241.901134793 688.797910308 0.093977227 0.744182530 -0.032103059 0.660545597
36884.459668000 1503.586434674 -242.187069965 688.514802035 0.093521852 0.758398907 -0.030843690 0.644309372
36884.661388000 1505.259744167 -242.468453999 688.149395415 0.095908520 0.772069038 -0.031731669 0.627459375
36884.863108000 1506.981324233 -242.761305198 687.702821925 0.097545941 0.784624740 -0.031043032 0.611466813
36885.064829000 1508.727114172 -243.057379850 687.161174169 0.099891745 0.796290343 -0.029917101 0.595853299
36885.266549000 1510.503570836 -243.366467442 686.543556663 0.103242347 0.806179026 -0.028725155 0.581882015
36885.468268000 1512.308230377 -243.679333533 685.864350591 0.103156771 0.814408962 -0.024848531 0.570529554
36885.669988000 1514.129439398 -243.997697993 685.141584957 0.102522593 0.820329834 -0.023053507 0.562144283
36885.871708000 1515.969380016 -244.303828804 684.377176507 0.102809863 0.824450996 -0.023302087 0.556015721
36886.073428000 1517.818078785 -244.607544568 683.577306349 0.104318931 0.827024586 -0.023586728 0.551920296
36886.275148000 1519.707960161 -244.921788085 682.730314631 0.107226899 0.828778792 -0.023358250 0.548716943
36886.476868000 1521.593011033 -245.243177232 681.866325670 0.109730075 0.831329741 -0.024128672 0.544308532
36886.678587000 1523.519739302 -245.582751938 680.948574354 0.112658124 0.833569804 -0.023011476 0.540325540
36886.880307000 1525.447018132 -245.917895596 680.022021986 0.114182205 0.836478616 -0.021926034 0.535528076
36887.082027000 1527.383188407 -246.262051445 679.054655679 0.114678050 0.839456981 -0.019584421 0.530857901
36887.283747000 1529.325577833 -246.576821988 678.059370072 0.114875626 0.842103532 -0.016449486 0.526673518
36887.485467000 1531.258403905 -246.915767661 677.042325840 0.114151619 0.844719577 -0.013999196 0.522716359
36887.687187000 1533.197427526 -247.228326693 676.009397642 0.115783636 0.846457737 -0.013142624 0.519556916
36887.888906000 1535.150011268 -247.549558090 674.953925000 0.116917285 0.847553628 -0.012561832 0.517534241
36888.090626000 1537.105082190 -247.876129051 673.891864803 0.116576693 0.847951529 -0.012520131 0.516941128
36888.292346000 1539.068085784 -248.194920240 672.833520338 0.116808850 0.848043209 -0.012892031 0.516759916
36888.494066000 1541.058928388 -248.515293012 671.761317142 0.116758668 0.848058583 -0.014121448 0.516674327
36888.695786000 1543.062032816 -248.840189222 670.679341422 0.116248595 0.848255932 -0.014828392 0.516437311
36888.897506000 1545.079709532 -249.176950236 669.594370357 0.115529813 0.848427391 -0.015534221 0.516319011
36889.099225000 1547.107891097 -249.499823032 668.509968203 0.114892483 0.848613280 -0.015490050 0.516121805
36889.300945000 1549.159839647 -249.841712579 667.402502206 0.113956761 0.848832403 -0.015754402 0.515968897
36889.502665000 1551.237621793 -250.196602655 666.282309287 0.112603877 0.848987306 -0.016946061 0.515992082
36889.704385000 1553.350381132 -250.535514939 665.143792298 0.111089955 0.849426612 -0.017726963 0.515571749
36889.906105000 1555.468251657 -250.884884366 664.006179260 0.110708091 0.849696955 -0.020574876 0.515094576
36890.107824000 1557.594194679 -251.257836345 662.834981686 0.108051633 0.850105410 -0.021548284 0.514944662
36890.309544000 1559.754186382 -251.618650769 661.649082466 0.107811867 0.850384076 -0.022707302 0.514492043
36890.511264000 1561.909550625 -251.991557211 660.457613058 0.108600358 0.850536878 -0.022262974 0.514114336
36890.712984000 1564.102354291 -252.376325793 659.250539330 0.109128695 0.850472376 -0.021955803 0.514087033
36890.914704000 1566.287249762 -252.753293374 658.054064456 0.109892087 0.850150691 -0.022000675 0.514485766
36891.116424000 1568.477649622 -253.137422523 656.850115378 0.110947305 0.849727017 -0.020946642 0.514990317
36891.318143000 1570.663095280 -253.517062593 655.655291350 0.112146257 0.849465051 -0.020244174 0.515205150
36891.519863000 1572.875243122 -253.901243485 654.453090986 0.112351573 0.849267472 -0.020135133 0.515486526
36891.721583000 1575.073659576 -254.288574916 653.255075172 0.111710119 0.848939400 -0.020290116 0.516135388
36891.923303000 1577.292081442 -254.677119962 652.060171340 0.111911044 0.848549290 -0.020361114 0.516756007
36892.125023000 1579.471822699 -255.053401525 650.874469097 0.112325414 0.848030007 -0.020382569 0.517487014
36892.326743000 1581.675748730 -255.447807324 649.689559365 0.112661074 0.847726458 -0.020074564 0.517947966
36892.528462000 1583.894236546 -255.833402777 648.511370638 0.113546416 0.847327766 -0.019099502 0.518432181
36892.730182000 1586.109037116 -256.226451799 647.339568266 0.112863817 0.847105786 -0.019964539 0.518897298
36892.931902000 1588.304905509 -256.604501226 646.164384297 0.112125981 0.847050870 -0.019439742 0.519174464
36893.133622000 1590.487674145 -256.977780529 645.001427952 0.111586435 0.846940943 -0.020566240 0.519439642
36893.335342000 1592.634084550 -257.356364116 643.864107301 0.110757846 0.846982424 -0.022221256 0.519501960
36893.537062000 1594.801037962 -257.765936743 642.707413504 0.110353837 0.846914532 -0.022408329 0.519676978
36893.738781000 1596.945277423 -258.138669448 641.570887383 0.110351739 0.846920399 -0.022698244 0.519649220
36893.940501000 1599.080935940 -258.514275597 640.440281906 0.110011634 0.846970381 -0.023086413 0.519642078
36894.142222000 1601.218949429 -258.907378232 639.310729860 0.109701422 0.846879057 -0.022724228 0.519872164
36894.343942000 1603.339863278 -259.278610411 638.187113235 0.110188901 0.846814970 -0.023966595 0.519769865
36894.545662000 1605.422877322 -259.659978380 637.077790002 0.110499564 0.846799507 -0.023858655 0.519738298
36894.747382000 1607.507648530 -260.050184603 635.974699992 0.109697739 0.846963681 -0.023414012 0.519680886
36894.949101000 1609.559728651 -260.419266114 634.884368159 0.108973168 0.847262562 -0.023759805 0.519330733
36895.150821000 1611.578083338 -260.783387452 633.808887809 0.108549161 0.847482124 -0.023677359 0.519061876
36895.352541000 1613.549163189 -261.142955986 632.750797770 0.108904842 0.847679440 -0.023569904 0.518664037
36895.554261000 1615.461816328 -261.492372554 631.716941518 0.109485079 0.847781117 -0.022513950 0.518430947
36895.755981000 1617.323652261 -261.819020565 630.720179152 0.110603064 0.847803207 -0.023021329 0.518139389
36895.957701000 1619.128577667 -262.161144741 629.748172793 0.110813393 0.847380925 -0.022852075 0.518797484
36896.159420000 1620.886098867 -262.480463163 628.811828036 0.110349489 0.847239666 -0.022958995 0.519133377
36896.361140000 1622.595193364 -262.802914904 627.896253771 0.109461969 0.847290637 -0.022683225 0.519245213
36896.562860000 1624.246195456 -263.110526545 627.018883738 0.109119189 0.847392190 -0.023411030 0.519109017
36896.764580000 1625.847036432 -263.393967709 626.161380638 0.109070646 0.847688054 -0.024170851 0.518577644
36896.966300000 1627.383747574 -263.681018925 625.334761145 0.108459727 0.847953012 -0.024107795 0.518306303
36897.168020000 1628.869345024 -263.954256422 624.534461925 0.108338530 0.848239564 -0.023957549 0.517874497
36897.369739000 1630.287630973 -264.211560674 623.760814826 0.108370204 0.848487664 -0.024397643 0.517406876
36897.571459000 1631.660024966 -264.468837579 623.028107004 0.108578644 0.848439679 -0.024739406 0.517455834
36897.773179000 1632.971801894 -264.712581902 622.325991805 0.108135905 0.848306306 -0.024506158 0.517769149
36897.974899000 1634.209261882 -264.945268147 621.662312546 0.108112758 0.848235022 -0.024675853 0.517880100
36898.176619000 1635.396687526 -265.164755153 621.027307602 0.108129981 0.848180559 -0.024825780 0.517952363
36898.378339000 1636.522938945 -265.373665546 620.423083759 0.108187909 0.848037962 -0.026135984 0.518111536
36898.580058000 1637.577570244 -265.567330635 619.861181536 0.107843382 0.848038569 -0.026863841 0.518149819
36898.781778000 1638.575156586 -265.756866980 619.337534316 0.107261992 0.847945235 -0.026519633 0.518425484
36898.983498000 1639.505049670 -265.927486281 618.842006837 0.106595573 0.848124461 -0.027006257 0.518281816
36899.185218000 1640.363642629 -266.091389858 618.378802672 0.106004755 0.848236176 -0.027352216 0.518179929
36899.386938000 1641.174587629 -266.239797938 617.943463517 0.105640567 0.848288002 -0.028250071 0.518127609
36899.588658000 1641.923326663 -266.388457340 617.538129929 0.105480902 0.848343705 -0.028288864 0.518052765
36899.790377000 1642.597442320 -266.519164950 617.172992998 0.105429599 0.848324497 -0.028248171 0.518079238
36899.992097000 1643.205216016 -266.631073679 616.856717680 0.105431078 0.848512866 -0.027498994 0.517838898
36900.193817000 1643.746869027 -266.732655798 616.565335905 0.105534361 0.848652681 -0.027609979 0.517587258
36900.395537000 1644.225922867 -266.825968211 616.302658237 0.105815520 0.848701440 -0.027431461 0.517435861
36900.597257000 1644.681439489 -266.907913309 616.057155340 0.105949429 0.848811021 -0.027482905 0.517247852
36900.798976000 1645.099851451 -266.984214748 615.828664827 0.106163099 0.848876180 -0.027354711 0.517121444
36901.000696000 1645.503333709 -267.060050725 615.611560882 0.106429791 0.848859342 -0.027515842 0.517053281
36901.202416000 1645.861427584 -267.126819164 615.419027733 0.106613451 0.848880498 -0.027127220 0.517010064
36901.404136000 1646.205177363 -267.188756110 615.237870178 0.107001772 0.848825913 -0.027119528 0.517012684
36901.605856000 1646.501181665 -267.246244398 615.076006207 0.106764594 0.848889335 -0.026877990 0.516964692
36901.807576000 1646.780126882 -267.296117768 614.925890924 0.106982906 0.848845592 -0.026849104 0.516979555
36902.009295000 1647.008845223 -267.339635245 614.801122366 0.106665203 0.848936989 -0.026897278 0.516897699
36902.211015000 1647.199973343 -267.379093721 614.700572110 0.106703798 0.848901198 -0.026897331 0.516940588
36902.412735000 1647.352869446 -267.408781802 614.614544738 0.106824040 0.848891641 -0.027198811 0.516955913
36902.614455000 1647.479703890 -267.430634296 614.547224385 0.106495674 0.848973047 -0.027146590 0.516880404
36902.816175000 1647.579491992 -267.449017616 614.492594484 0.106603825 0.848907884 -0.027137118 0.516961800
36903.017895000 1647.653075886 -267.464469705 614.453140500 0.106596840 0.848935514 -0.027047623 0.516951313
36903.219614000 1647.693669991 -267.470874775 614.431216567 0.106605922 0.848953648 -0.027087374 0.516898332
36903.421334000 1647.708937681 -267.473522756 614.423791472 0.106656740 0.848932799 -0.027037974 0.516942010
36903.623054000 1647.701706602 -267.470904411 614.427254270 0.106858559 0.848824178 -0.027528459 0.517015586
36903.824774000 1647.705845152 -267.470629402 614.424116839 0.106967470 0.848874936 -0.027979390 0.516892891
36904.026495000 1647.699163168 -267.469628479 614.426288692 0.106858117 0.848885156 -0.028028923 0.516908389
36904.228214000 1647.703050722 -267.470332968 614.425474553 0.106848881 0.848906758 -0.028018938 0.516877580
36904.429934000 1647.704576143 -267.472079229 614.422537434 0.106867948 0.848890974 -0.028018876 0.516890782
36904.631654000 1647.703715848 -267.472275095 614.423343368 0.106898913 0.848897435 -0.028009309 0.516886375
36904.833374000 1647.701224827 -267.470631249 614.427436959 0.106897117 0.848872777 -0.027958806 0.516905352
36905.035094000 1647.700063710 -267.468062076 614.426100262 0.106879678 0.848880787 -0.028019548 0.516938562
36905.236814000 1647.702531685 -267.471141625 614.424319229 0.106877817 0.848897601 -0.028018856 0.516872673
36905.438533000 1647.700765029 -267.469141108 614.426037471 0.106967664 0.848878970 -0.028029525 0.516890384
36905.640253000 1647.700316238 -267.471862072 614.425004832 0.106789292 0.848915937 -0.028108806 0.516882868
36905.841973000 1647.704555250 -267.473345582 614.424489693 0.106810905 0.848927676 -0.027939020 0.516871655
36906.043693000 1647.700095801 -267.471016709 614.424584869 0.106908163 0.848905043 -0.027969009 0.516853795
36906.245413000 1647.700579529 -267.471587271 614.425922690 0.106866927 0.848868570 -0.028048761 0.516922221
36906.447133000 1647.698662073 -267.470405607 614.426233225 0.106907141 0.848882628 -0.027998893 0.516885240
36906.648852000 1647.700494592 -267.470274459 614.425981089 0.106889043 0.848890808 -0.028009328 0.516904484
36906.850572000 1647.699895782 -267.469858369 614.426044301 0.106766867 0.848887232 -0.028068021 0.516904621
36907.052292000 1647.702148195 -267.472399148 614.425853821 0.106817609 0.848893850 -0.027948291 0.516885993
36907.254012000 1647.703413972 -267.470145827 614.423641842 0.106899083 0.848929877 -0.027999132 0.516820978
36907.455732000 1647.704243295 -267.471563612 614.426198835 0.106909094 0.848896633 -0.027969354 0.516886743
36907.657452000 1647.702190487 -267.470501817 614.424630404 0.106788286 0.848908828 -0.027968254 0.516873423
36907.859171000 1647.703037934 -267.470892262 614.425785561 0.106931964 0.848949545 -0.027949998 0.516818572
36908.060891000 1647.700855387 -267.469787257 614.424087900 0.106888656 0.848896627 -0.028029209 0.516887008
36908.262611000 1647.699903849 -267.469240688 614.424763206 0.106856399 0.848862111 -0.027998473 0.516926365
36908.464331000 1647.703388570 -267.471165074 614.423883686 0.106916144 0.848870081 -0.028068866 0.516896562
36908.666051000 1647.706350412 -267.469655416 614.422461917 0.106877663 0.848894374 -0.027978749 0.516874678
36908.867771000 1647.703625068 -267.470943899 614.422421752 0.106858908 0.848902730 -0.027938876 0.516879952
36909.069490000 1647.698638572 -267.471235709 614.425994735 0.106869125 0.848916616 -0.028029099 0.516857333
36909.271210000 1647.702315202 -267.470474000 614.425239561 0.106827114 0.848877893 -0.028028463 0.516913295
36909.472930000 1647.697799244 -267.470294290 614.425388634 0.106697657 0.848909943 -0.028047633 0.516884113
36909.674650000 1647.692464536 -267.469816189 614.429202622 0.106928176 0.848910071 -0.027919009 0.516836547
36909.876370000 1647.689548842 -267.469685717 614.431051408 0.106848881 0.848906758 -0.028018938 0.516877580
36910.078089000 1647.690994000 -267.470137846 614.428972707 0.106820023 0.848917533 -0.028039075 0.516881483
36910.279809000 1647.698807027 -267.469270477 614.425440401 0.107007492 0.848898869 -0.027999539 0.516835914
36910.481529000 1647.694117687 -267.466763922 614.426386800 0.107008384 0.848889651 -0.027989857 0.516869364
36910.683249000 1647.691682376 -267.471379021 614.427570237 0.106956346 0.848854951 -0.028069283 0.516922957
36910.884969000 1647.690866679 -267.470064236 614.429093417 0.106966384 0.848894010 -0.028059086 0.516839456
36911.086689000 1647.689724816 -267.471426053 614.428253058 0.107044915 0.848851384 -0.028109513 0.516889727
36911.288408000 1647.692289685 -267.466516598 614.425788266 0.107156343 0.848857640 -0.028060526 0.516874196
36911.490128000 1647.703508928 -267.471138357 614.423822858 0.107144992 0.848846749 -0.028210408 0.516884752
36911.691848000 1647.714545021 -267.472105149 614.415702503 0.107234356 0.848845582 -0.028331032 0.516863893
36911.893568000 1647.740690784 -267.477193174 614.401860537 0.107432088 0.848836997 -0.028932872 0.516833127
36912.095289000 1647.812088151 -267.489283541 614.369435410 0.110212813 0.848533261 -0.032160066 0.516531790
36912.297008000 1647.981892752 -267.523409909 614.272505135 0.110328365 0.848835692 -0.033910920 0.515878722
36912.498728000 1648.276286906 -267.577352514 614.111675837 0.110370099 0.849072154 -0.033492562 0.515552538
36912.700448000 1648.650334954 -267.641986700 613.905485139 0.110107231 0.849324263 -0.033321068 0.515195714
36912.902168000 1649.125172101 -267.729208825 613.646494975 0.109618740 0.849491016 -0.032057827 0.515090859
36913.103888000 1649.602604839 -267.824214968 613.386030677 0.109036566 0.849636914 -0.029804117 0.515103051
36913.305608000 1650.111604845 -267.914292030 613.115532805 0.109252206 0.849636597 -0.030435413 0.515015149
36913.507327000 1650.655675717 -268.015427690 612.818754454 0.108704599 0.849744990 -0.030542168 0.514952687
36913.709047000 1651.232382777 -268.124970902 612.504387300 0.108897212 0.849754611 -0.030253569 0.514920158
36913.910767000 1651.845735875 -268.238461599 612.169397879 0.108908869 0.849801081 -0.030133605 0.514842245
36914.112487000 1652.473379048 -268.358668576 611.825486365 0.108609968 0.849856328 -0.030292007 0.514817647
36914.314207000 1653.118754381 -268.480330506 611.472911745 0.108744204 0.849903885 -0.029842954 0.514737482
36914.515926000 1653.775818112 -268.597628677 611.115483852 0.108417515 0.849945640 -0.029360637 0.514752173
36914.717646000 1654.433967424 -268.724422725 610.755934440 0.108201664 0.850019071 -0.028959251 0.514694000
36914.919366000 1655.088065868 -268.843380370 610.400008586 0.108167187 0.850114396 -0.028869943 0.514589384
36915.121086000 1655.736636146 -268.968323375 610.044418509 0.108097038 0.850158433 -0.028949320 0.514514025
36915.322806000 1656.380373201 -269.088018412 609.693441349 0.108003482 0.850086052 -0.028807802 0.514619163
36915.524526000 1657.022758201 -269.207876988 609.342893259 0.107913532 0.850113324 -0.029147756 0.514599808
36915.726245000 1657.668945272 -269.331748381 608.991847022 0.107762789 0.850017514 -0.029016931 0.514813769
36915.927965000 1658.328107085 -269.453211385 608.635572349 0.107639751 0.850062694 -0.029395661 0.514714275
36916.129685000 1658.968278453 -269.568483793 608.282841075 0.107705088 0.850080600 -0.029097032 0.514736717
36916.331405000 1659.660922496 -269.696411657 607.900358715 0.107450470 0.850241258 -0.028484768 0.514513158
36916.533125000 1660.311940976 -269.813803363 607.552140490 0.107188317 0.850274953 -0.028903047 0.514484659
36916.734844000 1660.972549010 -269.934903988 607.190615701 0.107285921 0.850256273 -0.029273802 0.514481897
36916.936564000 1661.645695771 -270.060386041 606.824436469 0.107392489 0.850302419 -0.030004593 0.514341733
36917.138284000 1662.363392192 -270.197481504 606.424225861 0.107722177 0.850379825 -0.030497106 0.514127521
36917.340004000 1663.121094901 -270.339984459 606.003023526 0.107856216 0.850584630 -0.030377583 0.513730734
36917.541724000 1663.914755875 -270.486365282 605.567493425 0.108182183 0.850745812 -0.030600975 0.513432587
36917.743444000 1664.751997358 -270.641285992 605.107213414 0.108322071 0.850835657 -0.030901842 0.513226166
36917.945163000 1665.631803075 -270.806355613 604.624762799 0.108108362 0.851045709 -0.030840938 0.512933633
36918.146883000 1666.516201851 -270.964938807 604.145381741 0.107933707 0.851444324 -0.031560314 0.512256547
36918.348603000 1667.437697003 -271.144705413 603.635463558 0.107516010 0.851778048 -0.032297599 0.511716193
36918.550323000 1668.408061215 -271.323482344 603.087565138 0.107510270 0.852358045 -0.031028749 0.510841792
36918.752043000 1669.427794175 -271.521802468 602.511367152 0.107004717 0.853010037 -0.029826387 0.509924041
36918.953763000 1670.478036920 -271.707613437 601.919319894 0.107387213 0.853519364 -0.030150037 0.508988177
36919.155482000 1671.579972110 -271.897357577 601.291232165 0.107818529 0.853719889 -0.030522601 0.508508553
36919.357202000 1672.719803782 -272.127511938 600.627693557 0.107309568 0.854207403 -0.029731134 0.507899299
36919.558922000 1673.854444839 -272.350800254 599.984247881 0.107071875 0.854737431 -0.029729928 0.507029049
36919.760642000 1675.012870659 -272.564153453 599.313420627 0.107165473 0.855182201 -0.029711815 0.506288984
36919.962363000 1676.187774536 -272.776263294 598.636254046 0.106918141 0.855785918 -0.029860468 0.505272414
36920.164083000 1677.367673459 -272.986639351 597.950931956 0.107046455 0.856515288 -0.030062597 0.504000720
36920.365802000 1678.590841162 -273.213087570 597.242034373 0.106492916 0.857619462 -0.028860691 0.502302483
36920.567522000 1679.804513064 -273.448276239 596.517472528 0.106244026 0.858846438 -0.027621293 0.500337986
36920.769242000 1681.036768719 -273.655696585 595.776263893 0.106894747 0.860555143 -0.028298242 0.497210000
36920.970962000 1682.300296785 -273.885540586 594.996927867 0.107159516 0.862879856 -0.027803768 0.493140000
36921.172682000 1683.543385277 -274.120126222 594.211922400 0.107760296 0.865283971 -0.028271631 0.488750000
36921.374402000 1684.821144155 -274.337615402 593.392132652 0.108588750 0.867611929 -0.028800851 0.484380000
36921.576121000 1686.132537135 -274.586148419 592.537124371 0.107501153 0.870073706 -0.027607793 0.480260000
36921.777841000 1687.432282045 -274.823656419 591.667353400 0.107858327 0.872205202 -0.027503612 0.476310000
36921.979561000 1688.745301863 -275.075341049 590.775108877 0.107342648 0.874080870 -0.026743321 0.473020000
36922.181281000 1690.061076737 -275.306617320 589.885082991 0.107975358 0.875550063 -0.029279903 0.470000000
36922.383001000 1691.402371971 -275.547557168 588.958886214 0.107584678 0.876710454 -0.029469272 0.467910000
36922.584721000 1692.760663152 -275.801146065 588.013199249 0.106526809 0.877762912 -0.027194070 0.466320000
36922.786440000 1694.122720329 -276.064019848 587.044302515 0.105068796 0.878485475 -0.025115729 0.465390000
36922.988160000 1695.497709697 -276.317445665 586.073476142 0.103939013 0.878729409 -0.022918734 0.465290000
36923.189880000 1696.874508881 -276.541454621 585.110579893 0.104349824 0.878725951 -0.024351431 0.465150000
36923.391600000 1698.271637812 -276.796916171 584.134362782 0.107446982 0.877951591 -0.031090450 0.465490000
36923.593320000 1699.713988831 -277.039388602 583.130549685 0.105058503 0.877677345 -0.029594436 0.466660000
36923.795040000 1701.152088103 -277.322974772 582.109251327 0.103351557 0.877567089 -0.027023098 0.467400000
36923.996760000 1702.595825176 -277.585059893 581.116931669 0.106962164 0.876201447 -0.032384454 0.468800000
36924.198479000 1704.097630226 -277.863423955 580.086970313 0.106010597 0.874626172 -0.032315680 0.471960000
36924.400199000 1705.639221632 -278.167166647 579.063632062 0.103499928 0.873045373 -0.030446718 0.475550000
36924.601919000 1707.183756558 -278.446408517 578.034794332 0.103762576 0.870447867 -0.030254158 0.480250000
36924.803639000 1708.761506455 -278.747279420 577.020616462 0.105957885 0.866912416 -0.033662706 0.485900000
36925.005359000 1710.384652657 -279.050951904 576.011638129 0.105013854 0.864106532 -0.033581960 0.491080000
36925.207079000 1712.002225682 -279.366013845 575.001124696 0.106934711 0.861071993 -0.035069502 0.495880000
36925.408798000 1713.674664283 -279.699463918 573.956773934 0.107175033 0.859670008 -0.032388703 0.498430000
36925.610518000 1715.396208196 -280.021801975 572.926865963 0.109628451 0.858331262 -0.031072234 0.500273375
36925.812238000 1717.108217187 -280.355977633 571.904959600 0.112744078 0.856817113 -0.032090392 0.502127207
36926.013958000 1718.862773023 -280.703401010 570.889468477 0.112702000 0.855316510 -0.032618017 0.504671443
36926.215678000 1720.657602181 -281.053995428 569.882070874 0.111393605 0.854093902 -0.033226959 0.506960659
36926.417398000 1722.475602170 -281.403934779 568.867691376 0.109426966 0.853030728 -0.034392350 0.509092254
36926.619117000 1724.299753292 -281.793461817 567.852656848 0.106971559 0.852118290 -0.035934747 0.511024793
36926.820837000 1726.146787414 -282.158493264 566.838663344 0.104402417 0.851077623 -0.037816994 0.513175684
36927.022557000 1728.049940190 -282.533045653 565.816870396 0.101016159 0.850750358 -0.038724251 0.514318697
36927.224277000 1729.943653823 -282.896387642 564.782360136 0.099888106 0.850771342 -0.038597416 0.514532106
36927.425997000 1731.854488709 -283.251956521 563.738455578 0.098415530 0.850809774 -0.038787042 0.514704269
36927.627717000 1733.780720839 -283.606734770 562.693099574 0.097922649 0.850564731 -0.039803620 0.515131944
36927.829436000 1735.716437557 -284.004628514 561.647942675 0.096462359 0.850255407 -0.040083743 0.515900320
36928.031156000 1737.666597478 -284.359521576 560.601341246 0.096383995 0.849592843 -0.040151956 0.516992918
36928.232876000 1739.632064630 -284.765466389 559.544153847 0.097186504 0.848945032 -0.040306289 0.517900546
36928.434596000 1741.608343241 -285.154205883 558.484247846 0.097010651 0.848661127 -0.040054722 0.518419883
36928.636316000 1743.596395457 -285.536673454 557.424865007 0.097113510 0.848467747 -0.040234617 0.518686142
36928.838036000 1745.609983615 -285.950848586 556.364708155 0.097469947 0.848450943 -0.041068023 0.518621429
36929.039756000 1747.547424516 -286.329806977 555.299848520 0.097702097 0.848988589 -0.041179674 0.517661303
36929.241476000 1749.517068366 -286.737790713 554.254907585 0.096894981 0.849099473 -0.040994109 0.517627885
36929.443196000 1751.454062309 -287.129770430 553.212902744 0.096237765 0.849154992 -0.040860285 0.517683092
36929.644916000 1753.401559614 -287.507534620 552.169896251 0.096121406 0.849284659 -0.040910045 0.517499059
36929.846636000 1755.316571650 -287.870319379 551.140926713 0.096453926 0.849126022 -0.041592496 0.517662099
36930.048356000 1757.220577835 -288.239378625 550.115699122 0.096586520 0.849024485 -0.041961923 0.517728715
36930.250075000 1759.105025276 -288.621968552 549.105391251 0.096502795 0.849000440 -0.042361080 0.517742077
36930.451795000 1760.993631830 -289.013212464 548.094530530 0.095984100 0.849016428 -0.042498804 0.517838380
36930.653515000 1762.863079313 -289.390280368 547.102741545 0.095500143 0.848963346 -0.042795323 0.517981616
36930.855235000 1764.720721552 -289.763495285 546.099682743 0.095544242 0.849268912 -0.043657017 0.517430563
36931.056955000 1766.598838383 -290.146061929 545.092646071 0.094867609 0.849332111 -0.043282445 0.517473838
36931.258675000 1768.454027363 -290.522261542 544.101448387 0.094891617 0.849341971 -0.044282766 0.517372439
36931.460395000 1770.320811979 -290.897285617 543.105643272 0.094271454 0.849360598 -0.044378887 0.517450978
36931.662114000 1772.218218317 -291.288483447 542.094055240 0.093674538 0.849152437 -0.044514489 0.517883171
36931.863834000 1774.106457146 -291.659203685 541.092433429 0.094189591 0.848680503 -0.046145815 0.518378510
36932.065554000 1776.045314841 -292.055705091 540.055484005 0.094135085 0.848539722 -0.046506198 0.518617250
36932.267274000 1778.014746278 -292.439554899 539.010454835 0.094254110 0.848148475 -0.046505913 0.519222108
36932.468994000 1779.998643903 -292.847305918 537.959680705 0.093805996 0.847928991 -0.046963154 0.519636257
36932.670714000 1782.006913988 -293.259658232 536.900405460 0.092886110 0.847805235 -0.046397002 0.520055675
36932.872433000 1784.022446652 -293.696259140 535.836662695 0.092199307 0.847580002 -0.048032198 0.520395883
36933.074153000 1786.041923624 -294.110501984 534.780907763 0.091789942 0.847220600 -0.049699724 0.520917950
36933.275873000 1788.094650297 -294.541913087 533.706784401 0.091413083 0.846707117 -0.049895147 0.521762005
36933.477593000 1790.162730489 -294.970783364 532.635857107 0.091550599 0.845568831 -0.050485146 0.523551628
36933.679313000 1792.245586757 -295.395982653 531.587158210 0.090852863 0.844171072 -0.051947601 0.525759692
36933.881033000 1794.383742334 -295.821501125 530.517899805 0.088824033 0.843121201 -0.052083111 0.527785249
36934.082752000 1796.524240858 -296.255572216 529.449920232 0.087740519 0.842239238 -0.052044595 0.529375459
36934.284472000 1798.672801422 -296.699385159 528.384524287 0.088939095 0.841393669 -0.055091218 0.530214232
36934.486192000 1800.895766850 -297.140100082 527.293628884 0.088982654 0.840998299 -0.055990725 0.530735764
36934.687912000 1803.149344161 -297.606312688 526.186445922 0.088697213 0.840804257 -0.056129116 0.531090259
36934.889632000 1805.468070378 -298.092698039 525.038721546 0.088493426 0.840604539 -0.057025317 0.531291316
36935.091352000 1807.840571941 -298.595534241 523.872484096 0.088524716 0.840370593 -0.054596543 0.531947089
36935.293071000 1810.247509518 -299.090961351 522.693440284 0.087989059 0.840026720 -0.053921913 0.532632862
36935.494791000 1812.671097944 -299.591437736 521.504826278 0.089177276 0.839574994 -0.054089529 0.533146440
36935.696511000 1815.114598580 -300.088906714 520.323228019 0.089844279 0.838830953 -0.052992119 0.534301598
36935.898231000 1817.592118471 -300.611801356 519.143030324 0.088808789 0.837759178 -0.053953210 0.536046092
36936.099951000 1820.088338556 -301.122896189 517.973861915 0.086626905 0.836755818 -0.054667421 0.537895729
36936.301671000 1822.581542589 -301.649307867 516.798518120 0.085598174 0.835406506 -0.055138828 0.540112652
36936.503390000 1825.057374322 -302.167593984 515.641644362 0.087958331 0.833687188 -0.052971909 0.542616342
36936.705110000 1827.545494402 -302.701269240 514.501926348 0.089281798 0.831793679 -0.052517474 0.545345454
36936.906830000 1830.063508126 -303.226200388 513.379449992 0.088033204 0.830430350 -0.052897426 0.547592249
36937.108550000 1832.561411759 -303.746333201 512.281827081 0.087345532 0.829200720 -0.053329309 0.549479789
36937.310270000 1835.080347372 -304.272718346 511.176387501 0.087705248 0.828422085 -0.053441073 0.550602293
36937.511990000 1837.616592791 -304.804208918 510.067603674 0.088430807 0.827824602 -0.053164274 0.551398009
36937.713710000 1840.144061178 -305.324461344 508.971058745 0.089490446 0.827463910 -0.053451069 0.551752720
36937.915429000 1842.698701013 -305.855135649 507.891084621 0.088262117 0.827516814 -0.055054050 0.551733861
36938.117149000 1845.267174453 -306.391225828 506.817569582 0.083456488 0.828183755 -0.056622798 0.551295479
36938.318869000 1847.816674955 -306.909725105 505.723748578 0.081714287 0.828971693 -0.058603143 0.550172022
36938.520589000 1850.343519104 -307.438389151 504.640901824 0.080456594 0.830734376 -0.060778095 0.547460193
36938.722309000 1852.866252514 -308.007033681 503.522136617 0.078267719 0.833119598 -0.061028277 0.544125645
36938.924029000 1855.392837956 -308.508101138 502.362094510 0.080240477 0.835345675 -0.055874478 0.540966909
36939.125748000 1857.884212848 -309.013974550 501.177208682 0.085986634 0.836782496 -0.055024597 0.537952653
36939.327468000 1860.366399202 -309.556842771 499.989723266 0.085461387 0.838277285 -0.055633111 0.535628127
36939.529188000 1862.823082555 -310.077140612 498.806816732 0.084586344 0.839696514 -0.054590581 0.533669445
36939.730908000 1865.247096528 -310.592425516 497.611544116 0.086832549 0.840578362 -0.050995573 0.532249339
36939.932628000 1867.640566163 -311.076270409 496.417128520 0.088821262 0.841657047 -0.049510137 0.530350483
36940.134349000 1869.988427530 -311.560503965 495.253520810 0.088116434 0.842824426 -0.050226894 0.528526963
36940.336068000 1872.296324657 -312.049916413 494.087981416 0.088037571 0.843851399 -0.052939264 0.526664825
36940.537788000 1874.589809705 -312.549378878 492.923842260 0.088605081 0.844930297 -0.054513930 0.524653290
36940.739508000 1876.832909752 -313.031132077 491.771371914 0.088634019 0.845931051 -0.055846646 0.522914900
36940.941228000 1879.089545658 -313.532411606 490.601435213 0.086629043 0.847196468 -0.056844670 0.521064875
36941.142948000 1881.331025612 -314.032025184 489.423074136 0.085867026 0.848305186 -0.056991437 0.519365799
36941.344668000 1883.559775270 -314.517789130 488.238232955 0.086379366 0.849294644 -0.057777326 0.517597214
36941.546387000 1885.751581092 -314.996046287 487.052049641 0.087500279 0.850240522 -0.059774784 0.515590053
36941.748107000 1887.962868367 -315.495031527 485.846103232 0.086169224 0.851745540 -0.055319289 0.513843245
36941.949827000 1890.174604536 -315.966953895 484.637529424 0.085960743 0.852902816 -0.053479082 0.512130404
36942.151547000 1892.348651004 -316.414041941 483.428569910 0.087221645 0.853943493 -0.054880612 0.510074748
36942.353267000 1894.514249700 -316.877773434 482.208072386 0.088653486 0.855002604 -0.055901595 0.507935702
36942.554987000 1896.674489407 -317.360871082 480.975981235 0.089468592 0.856547847 -0.056568019 0.505068994
36942.756707000 1898.801535000 -317.835290167 479.748331776 0.089739804 0.858133278 -0.057094502 0.502319661
36942.958426000 1900.935944059 -318.320632766 478.495841808 0.090529810 0.859615740 -0.056800932 0.499650000
36943.160146000 1903.045444637 -318.799598135 477.235933167 0.091321880 0.861016622 -0.056068365 0.497160000
36943.361866000 1905.134789333 -319.272757628 475.971075944 0.092775364 0.862209015 -0.055849768 0.494840000
36943.563586000 1907.232084273 -319.751334296 474.692365607 0.093536246 0.863428864 -0.056106724 0.492530000
36943.765306000 1909.322666155 -320.228255380 473.406786047 0.091976534 0.864884082 -0.054188928 0.490480000
36943.967026000 1911.397261955 -320.684251565 472.112915900 0.091510218 0.866146980 -0.054117967 0.488350000
36944.168745000 1913.476533973 -321.155349618 470.811899975 0.091031119 0.867280353 -0.053946708 0.486450000
36944.370465000 1915.540117793 -321.606874173 469.495393581 0.092013217 0.868335836 -0.053354813 0.484440000
36944.572185000 1917.622351642 -322.064185724 468.161255023 0.091285991 0.869647864 -0.052062209 0.482360000
36944.773905000 1919.692124244 -322.526934958 466.829776476 0.090556320 0.870906837 -0.052479541 0.480160000
36944.975625000 1921.766284992 -322.974494044 465.471163853 0.091478080 0.872070255 -0.053927476 0.477730000
36945.177345000 1923.827877671 -323.444373312 464.093479158 0.092086014 0.873263523 -0.054523401 0.475340000
36945.379064000 1925.887488104 -323.907076102 462.700105221 0.093942614 0.874400867 -0.056717390 0.472620000
36945.580784000 1927.954491536 -324.387957270 461.297592845 0.093728085 0.875796646 -0.056928291 0.470060000
36945.782504000 1929.998297735 -324.865558056 459.881855621 0.094380039 0.877148751 -0.057554763 0.467310000
36945.984224000 1932.045810100 -325.341757839 458.448731609 0.094100758 0.878709363 -0.056075476 0.464610000
36946.185944000 1934.071719803 -325.812384492 456.993608420 0.094999645 0.880056894 -0.055623522 0.461940000
36946.387664000 1936.095063917 -326.300515571 455.535120569 0.094098310 0.881576535 -0.052710090 0.459540000
36946.589383000 1938.122954348 -326.752844524 454.065454139 0.093560706 0.882811164 -0.052718621 0.457280000
36946.791103000 1940.135634242 -327.212402174 452.596758499 0.092821299 0.884033537 -0.051395790 0.455210000
36946.992823000 1942.134267072 -327.653644697 451.110063729 0.092351075 0.884940767 -0.048924166 0.453830000
36947.194543000 1944.167573695 -328.095170836 449.602993508 0.091168283 0.885515728 -0.046997376 0.453140000
36947.396263000 1946.186044774 -328.533494130 448.112224861 0.090281601 0.885800980 -0.046052058 0.452850000
36947.597983000 1948.203357384 -328.956245675 446.624578257 0.088925443 0.885887437 -0.045733374 0.453000000
36947.799703000 1950.212493201 -329.372587280 445.148814566 0.084697223 0.886458913 -0.046006826 0.452660000
36948.001422000 1952.231123657 -329.769851851 443.646197221 0.078478946 0.887313986 -0.045787791 0.452130000
36948.203142000 1954.254843902 -330.161396748 442.133767172 0.076598470 0.888081138 -0.047346858 0.450780000
36948.404862000 1956.301647886 -330.561193099 440.600180094 0.073268626 0.889031253 -0.046376745 0.449570000
36948.606582000 1958.348144450 -330.953277390 439.061752249 0.069784393 0.890195525 -0.045405978 0.447900000
36948.808302000 1960.413689704 -331.323660890 437.471863766 0.067450758 0.891028962 -0.044602155 0.446680000
36949.010022000 1962.474252758 -331.714202153 435.891690984 0.066678709 0.891861410 -0.043638479 0.445230000
36949.211741000 1964.543644922 -332.059683843 434.304426672 0.067217759 0.892299355 -0.042512678 0.444380000
36949.413461000 1966.584697623 -332.424257741 432.736668407 0.064828641 0.892772467 -0.042627922 0.443770000
36949.615181000 1968.614401919 -332.751071980 431.166931908 0.062862656 0.893016847 -0.041345511 0.443690000
36949.816901000 1970.637806923 -333.106457657 429.609373540 0.062716109 0.893061391 -0.040984623 0.443650000
36950.018621000 1972.676299999 -333.466409716 428.043024364 0.062648849 0.893061139 -0.042104211 0.443550000
36950.220341000 1974.704048377 -333.829756739 426.488920901 0.059909739 0.893563336 -0.042317230 0.442910000
36950.422060000 1976.713174407 -334.155286617 424.924666221 0.061140076 0.893177891 -0.043854631 0.443360000
36950.623780000 1978.747056525 -334.477856557 423.378786127 0.060746876 0.892968906 -0.043471723 0.443870000
36950.825500000 1980.825103389 -334.831150652 421.802068600 0.059782967 0.892903849 -0.043755355 0.444110000
36951.027220000 1982.768677021 -335.173813161 420.309829901 0.059426309 0.892319960 -0.045472116 0.445150000
36951.228940000 1984.756185615 -335.538862452 418.791371682 0.056834442 0.891935325 -0.047134669 0.446100000
36951.430660000 1986.775798398 -335.910940226 417.263336035 0.054189966 0.891603786 -0.047866946 0.447010000
36951.632380000 1988.790124160 -336.271826179 415.739786496 0.053259263 0.890927457 -0.048249793 0.448430000
36951.834099000 1990.777999168 -336.644225095 414.233818240 0.052534455 0.890366503 -0.048204159 0.449630000
36952.035819000 1992.848749103 -337.004440106 412.689440247 0.050804105 0.889691485 -0.048491806 0.451130000
36952.237539000 1994.970266309 -337.343438482 411.129166970 0.048731503 0.888823475 -0.049866935 0.452920000
36952.439259000 1996.999691638 -337.707265509 409.649255059 0.048683596 0.887592809 -0.050694623 0.455230000
36952.640979000 1999.175593641 -338.079220993 408.079102032 0.050482821 0.885925408 -0.050283575 0.458320000
36952.842699000 2001.266910383 -338.452175745 406.594522565 0.049415124 0.884137384 -0.053383768 0.461530000
36953.044419000 2003.336330036 -338.806026287 405.158855220 0.048036498 0.882161488 -0.054291581 0.465340000
36953.246138000 2005.403551573 -339.174491963 403.746296677 0.047816302 0.880187204 -0.053966901 0.469120000
36953.447858000 2007.498792459 -339.523596754 402.336364225 0.049732692 0.878339976 -0.051716279 0.472630000
36953.649578000 2009.592083706 -339.877324196 400.947082501 0.051436315 0.876303343 -0.052204024 0.476150000
36953.851298000 2011.716208714 -340.250250968 399.570202083 0.051399674 0.874051534 -0.053300115 0.480150000
36954.053018000 2014.197587340 -340.700306128 397.990570754 0.051569414 0.871760700 -0.056357527 0.483930000
36954.254738000 2016.353280003 -341.085131183 396.652505477 0.051337687 0.869733857 -0.057602721 0.487450000
36954.456458000 2018.766392040 -341.515151314 395.179567548 0.050704508 0.867393860 -0.060864836 0.491270000
36954.658177000 2021.185439674 -341.981412832 393.733241110 0.049387326 0.865384169 -0.062963020 0.494680000
36954.859897000 2023.549812316 -342.434977697 392.334850420 0.050060582 0.863566040 -0.062794410 0.497810000
36955.061617000 2026.018956926 -342.900768846 390.890997522 0.052778427 0.861753138 -0.060590119 0.500950954
36955.263337000 2028.348593756 -343.345646847 389.561889992 0.052028766 0.860045128 -0.062772300 0.503682799
36955.465057000 2028.363918308 -343.320408983 389.580699344 0.052693234 0.860130982 -0.063996489 0.503305372
36955.666777000 2028.375875540 -343.320929711 389.600302891 0.050122500 0.860486656 -0.062391340 0.503186799
36955.868497000 2028.226974770 -343.285745199 389.713975884 0.051355205 0.860606011 -0.064059265 0.502639778
36956.070216000 2028.625832971 -343.362249258 389.502343226 0.051302019 0.860495814 -0.064037898 0.502816544
36956.271936000 2027.417191352 -343.134301744 390.223794178 0.050269577 0.861840097 -0.062032136 0.500836496
36956.473656000 2027.906313492 -343.227161876 389.949130031 0.050899308 0.861915955 -0.062487296 0.500608777
36956.675376000 2026.620620496 -342.967374740 390.710100616 0.049835762 0.863474111 -0.061602770 0.498130000
36956.877096000 2027.197589539 -343.066369659 390.374503967 0.050985740 0.863361574 -0.062760089 0.498060000
36957.078816000 2025.928682989 -342.830332803 391.108883789 0.051646390 0.864564140 -0.062976363 0.495890000
36957.280536000 2026.485447510 -342.939885151 390.768975746 0.051453853 0.864399701 -0.062684835 0.496220000
36957.482255000 2025.220254263 -342.718700694 391.514926064 0.050690903 0.865681285 -0.062151966 0.494130000
36957.683975000 2025.638949113 -342.775703043 391.269771658 0.048514749 0.865736915 -0.063207931 0.494110000
36957.885695000 2024.555939657 -342.567022241 391.914575620 0.047294606 0.866998752 -0.063682079 0.491950000
36958.087313000 2023.220796240 -342.319704181 392.668988064 0.049558823 0.867852233 -0.062008165 0.490450000
36958.289033000 2023.699484740 -342.416595045 392.347367319 0.050630486 0.867354970 -0.061324302 0.491300000
36958.490753000 2022.375372081 -342.180314776 393.117046500 0.049743610 0.868060011 -0.060579675 0.490230000
36958.692473000 2023.009979268 -342.294730101 392.731049251 0.049943024 0.867122762 -0.061489454 0.491760000
36958.894192000 2021.600952386 -342.037688017 393.577888221 0.049139544 0.867664888 -0.061105111 0.490920000
36959.095912000 2022.226978269 -342.166006241 393.205759902 0.048120486 0.866690665 -0.061556896 0.492700000
36959.297632000 2020.911773584 -341.934565021 394.013019949 0.048363051 0.867075037 -0.061199096 0.492040000
36959.499352000 2021.530200844 -342.043614663 393.652449670 0.048529751 0.866418714 -0.062129123 0.493060000
36959.701072000 2020.344592646 -341.830506714 394.387425515 0.048761149 0.867334907 -0.061032107 0.491550000
36959.902792000 2020.809341457 -341.935243972 394.114279380 0.048113961 0.867283238 -0.060347799 0.491800000
36960.104511000 2019.375977440 -341.670952956 395.001415603 0.048020941 0.868507429 -0.059629187 0.489730000
36960.306231000 2020.105515815 -341.817420607 394.564872563 0.047687541 0.868187585 -0.058826476 0.490420000
36960.507951000 2018.693955423 -341.560059607 395.434788002 0.048015982 0.869381218 -0.057780548 0.488400000
36960.709671000 2019.166003004 -341.643224357 395.143918599 0.047666265 0.869291215 -0.057348116 0.488650000
36960.911391000 2018.249386880 -341.481831224 395.710076482 0.047328323 0.869941774 -0.056576969 0.487600000
36961.113111000 2018.609297304 -341.539307382 395.477295363 0.049768799 0.869609492 -0.055282263 0.488100000
36961.314831000 2018.459571356 -341.522674918 395.559333462 0.050976425 0.869711670 -0.053040233 0.488050000
36961.516550000 2018.807095121 -341.575560543 395.338405616 0.050976772 0.869612460 -0.052580062 0.488270000
36961.718270000 2019.405544956 -341.664668056 394.959652093 0.053141025 0.869246003 -0.052093522 0.488750000
36961.919990000 2020.507353999 -341.862680544 394.271557406 0.055438810 0.868355088 -0.052016999 0.490080000
36962.121710000 2021.403860520 -342.029506724 393.714929414 0.056997889 0.867854190 -0.051746308 0.490820000
36962.323430000 2023.419706097 -342.406158465 392.472672197 0.058948826 0.866781841 -0.051967238 0.492450000
36962.525150000 2025.160722614 -342.740001903 391.422576041 0.058357088 0.865984276 -0.053582118 0.493760000
36962.726869000 2028.040420300 -343.263759165 389.706732656 0.058682828 0.864774569 -0.053952259 0.495790000
36962.928589000 2030.466309644 -343.735020097 388.262169978 0.058192136 0.864037000 -0.054107861 0.497110000
36963.130309000 2034.802446390 -344.533498360 385.699818363 0.057989669 0.863080027 -0.055204998 0.498680000
36963.332029000 2038.767930110 -345.274518783 383.368987720 0.057764325 0.862483114 -0.056672586 0.499570000
36963.533749000 2043.935064364 -346.289288263 380.349657505 0.056665173 0.861727696 -0.059523658 0.500655244
36963.735469000 2049.305569202 -347.366782376 377.216335317 0.056327616 0.861139861 -0.059840773 0.501672918
36963.937189000 2053.171332645 -348.193534496 374.980585942 0.055152101 0.860782586 -0.060793483 0.502325055
36964.138908000 2057.215391039 -349.518987728 372.632903319 0.043599996 0.860712981 -0.077209207 0.501332266
36964.340628000 2061.748357124 -351.581002835 370.042875267 0.012433054 0.859524743 -0.114944285 0.497850000
36964.542348000 2064.590295307 -352.054195615 368.436576869 0.023187749 0.858918180 -0.107702416 0.500113017
36964.744068000 2068.131297861 -352.793924193 366.420461266 0.026870251 0.858634128 -0.103266455 0.501359903
36964.945788000 2072.158217472 -355.084157816 364.235667374 -0.000699523 0.857089572 -0.143335535 0.494820000
36965.147508000 2073.454337104 -355.406426304 363.549833241 0.002098246 0.857646374 -0.143024634 0.493940000
36965.349227000 2075.066263658 -355.706618673 362.624874039 0.009982508 0.858955917 -0.138887956 0.492760000
36965.550947000 2075.430447455 -356.568886277 362.532249301 -0.005297096 0.859084118 -0.158609258 0.486610000
36965.752667000 2076.197076758 -356.137772654 361.973774280 0.011162335 0.861518889 -0.137089794 0.488740000
36965.954387000 2075.754516833 -356.121701725 362.209050827 0.008861674 0.862108397 -0.137925821 0.487510000
